state_name,dist_code_name,block_name,farmer_uid,land_holding_hectares,subsidy_disbursed_inr,disbursal_date
Maharashtra,Nashik,NIPHAD,B-003649,1.8,6000.0,2023-02-04
Maharashtra,Nashik,Nashik,B-000820,4.44,,2023-09-21
Maharashtra,Pune,Khed,B-009013,1.09,2000.0,2023-06-14
Gujarat,SURAT,KAMREJ,B-008025,4.26,6000.0,2023-09-21
Gujarat,Ahmedabad,Daskroi,B-007315,1.97,6000.0,2023-10-22
Gujarat,Vadodara,Savli,B-004573,1.09,,2023-05-06
Maharashtra,Thane,Kalyan,B-003359,4.3,2000.0,2023-03-12
Maharashtra,THANE,Ulhasnagar,B-017871,1.78,2000.0,2023-03-27
maharashtra,Nagpur ,Umred,B-002849,2.48,6000.0,2023-06-06
Maharashtra,Nashik ,Sinnar,B-019350,1.17,4000.0,2023-08-18
Maharashtra,nashik,Nashik,B-013826,2.75,6000.0,2023-03-15
Gujaaraat,Ahmedabad,City,B-001042,3.67,6000.0,2023-08-10
Maharashtra,Nagpur,Umred,B-000977,2.02,6000.0,2023-02-24
Gujarat,Vaadodaaraa,City,B-003071,0.61,6000.0,2023-10-27
Maharashtra,nashik,Igatpuri,B-007165,1.38,,2023-09-08
maharashtra,Thane,Bhiwandi,B-007624,3.52,2000.0,2023-02-17
Gujarat ,Surat,City,B-016560,0.75,,2023-11-12
 Gujarat,Surat,City,B-019727,1.78,,2023-06-10
Gujarat, Surat,Kamrej,B-000870,2.37,,2023-08-10
Maharashtra,Nashik,Nashik,B-018391,4.53,6000.0,2023-03-27
Maharashtra ,Nagpur,Nagpur Rural,B-006516,4.94,4000.0,2023-02-19
 Gujarat,Ahmedabad,Dholka,B-017857,1.29,2000.0,2023-08-23
 Maharashtra, Nagpur,Ramtek ,B-013747,4.26,4000.0,2023-05-16
Gujarat,Surat,Mangrol,B-007224,1.85,,2023-11-27
Gujarat ,Vadodara,City,B-014720,3.6,,2023-04-01
Maharashtra,Nagpur,Kamptee,B-019310,3.2,4000.0,2023-06-19
Gujarat,Vadodara,City,B-009116,2.64,4000.0,2023-12-27
Maharashtra,Nagpur,Kamptee ,B-000213,1.23,4000.0,2023-01-05
Gujarat,Ahmedabad,City,B-005232,0.74,,2023-06-14
Gujarat ,Ahmedabad,Sanand,B-013849,2.81,,2023-11-06
Maharashtra,Nagpur ,Hingna,B-011150,4.22,2000.0,2023-11-26
Maharashtra,Thane,Ambernath,B-009106,2.9,2000.0,2023-06-27
Maahaaraashtraa, Nagpur,Umred,B-005095,4.64,,2023-03-04
MAHARASHTRA,Nashik,Sinnar,B-007056,3.01,4000.0,2023-12-27
Gujarat,Vadodara,Savli,B-011030,4.11,4000.0,2023-07-15
MAHARASHTRA,Pune,Shirur,B-003350,1.9,2000.0,2023-06-05
Gujarat,Surat,Kamrej,B-003040,2.04,,2023-12-10
Maharashtra,PUNE,Khed,B-012450,1.14,2000.0,2023-04-10
Maharashtra,Nagpur,Ramtek,B-003170,3.93,2000.0,2023-02-03
Maharashtra,Pune,khed,B-011764,0.65,6000.0,2023-11-17
Maharashtra,Pune,Junnar ,B-011271,3.5,6000.0,2023-02-26
Maharashtra,NAGPUR,Kamptee,B-019783,2.08,6000.0,2023-02-05
Maharashtra,Thane,Bhiwandi,B-008668,2.75,4000.0,2023-12-20
Maharashtra,Thaane,Thane,B-001424,2.88,,2023-12-07
Maahaaraashtraa,thane,Ulhasnagar,B-015055,4.64,,2023-12-16
Gujarat,ahmedabad,Bavla,B-017572,2.1,,2023-07-14
Maharashtra,Nashik,Sinnar,B-004091,1.91,,2023-08-04
Gujarat ,Vadodara,Savli,B-012404,0.68,6000.0,2023-06-16
Maharashtra,Nagpur,Kamptee,B-002583,3.59,4000.0,2023-08-08
Gujarat,Surat,Choryasi,B-018090,0.81,4000.0,2023-08-22
 Gujarat,Ahmedabad,Bavla,B-009607,2.85,6000.0,2023-11-03
 Maharashtra,Nagpur,Kamptee,B-011851,3.84,4000.0,2023-03-03
Gujarat,Ahmedabad,Bavla,B-018919,4.96,6000.0,2023-02-08
Gujarat,Suraat,Olpad,B-006301,3.9,,2023-11-13
Gujarat,Ahmedabad,Sanand,B-002280,2.68,6000.0,2023-05-05
Gujarat ,Surat,Mangrol,B-001502,4.74,,2023-01-04
Maharashtra,Pune,JUNNAR,B-007468,2.22,,2023-11-11
Maharashtra,Nagpur,Umred,B-009483,3.47,2000.0,2023-09-25
Gujarat, Vadodara,Padra,B-002615,1.68,6000.0,2023-06-26
Gujarat,Vadodara, Karjan,B-007629,4.46,2000.0,2023-02-13
Gujarat,Surat,Kamrej,B-003310,0.65,6000.0,2023-09-22
Maharashtra, Thane,Ambernath,B-012456,3.72,6000.0,2023-08-25
Maharashtra,Nagpur,Kamptee,B-009109,2.93,2000.0,2023-08-16
Maharashtra,Nashik,Nashik,B-014858,4.87,2000.0,2023-10-22
Gujarat,ahmedabad,sanand,B-011955,1.08,6000.0,2023-06-12
Maharashtra,Pune,Khed,B-005330,2.43,4000.0,2023-06-14
GUJARAT,Ahmedabad ,Sanand,B-012131,4.6,,2023-02-28
MAHARASHTRA,Thane , Ambernath,B-011642,3.06,2000.0,2023-07-09
Maharashtra,Pune,Khed,B-006866,2.2,,2023-07-11
Maharashtra,NAGPUR,Hingna,B-008749,2.76,4000.0,2023-11-11
Maharashtra,Nashik,Nashik,B-002340,2.74,4000.0,2023-02-27
Gujarat,Vadodara ,Karjan,B-005608,2.31,4000.0,2023-04-20
Maharashtra,Nagpur,Nagpur Rural,B-017503,1.73,2000.0,2023-10-26
Gujarat,vadodara,Savli,B-008022,1.86,4000.0,2023-05-14
Gujarat,Vadodara,Karjan,B-005355,2.82,2000.0,2023-11-25
Maharashtra,Nashik,Malegaon,B-015148,1.34,4000.0,2023-08-07
Gujarat,Surat,Mangrol,B-012434,4.34,,2023-07-19
Maharashtra,Pune,Junnar,B-008846,1.18,,2023-11-25
Maharashtra,Thane,Ambernath,B-018251,4.6,6000.0,2023-11-07
Gujarat,SURAT,Choryasi,B-007197,3.21,,2023-07-08
maharashtra,Nagpur ,Kamptee,B-010627,3.02,6000.0,2023-07-14
Maharashtra,pune,Baramati,B-001833,4.12,,2023-11-18
Maharashtra, Nashik,Malegaon,B-007506,0.75,2000.0,2023-02-11
Maharashtra,Thane,Ambernath,B-001052,2.14,,2023-11-03
Gujarat,Surat,City,B-010337,1.0,6000.0,2023-12-17
Maharashtra,Nagpur,Kamptee,B-013146,4.69,6000.0,2023-05-16
Maharashtra,Nagpur ,Nagpur Rural,B-008774,3.13,4000.0,2023-07-26
Maharashtra,thane,Thane,B-002169,4.86,2000.0,2023-08-14
Maharashtra,Thaane,Kalyan,B-006914,4.77,,2023-06-18
Gujarat,Surat ,Olpad,B-018586,4.72,4000.0,2023-06-16
Gujarat,Ahmedaabaad,bavla,B-010312,3.61,,2023-11-08
Maharashtra,Thane,Kalyan,B-006968,2.13,,2023-11-04
Gujarat,Vadodara,Karjan,B-016359,4.59,4000.0,2023-07-09
MAHARASHTRA,THANE,Ambernath,B-012965,3.34,4000.0,2023-11-14
Maharashtra, Pune,Baramati,B-015036,2.36,4000.0,2023-06-23
Gujarat,Surat,Olpad,B-004682,3.64,4000.0,2023-09-03
Gujarat,Ahmedabad,Sanand,B-008680,1.97,4000.0,2023-12-01
Maharashtra, Pune,Junnar,B-004576,1.11,,2023-07-07
Maharashtra,THANE,Ambernath,B-008082,3.71,4000.0,2023-11-25
Maharashtra,Nagpur,Ramtek,B-018395,1.94,2000.0,2023-08-28
Maharashtra,Nagpur,Ramtek,B-017662,4.1,6000.0,2023-04-03
Gujarat,Surat,Choryasi,B-008610,4.26,4000.0,2023-10-08
Maharashtra,Pune,Khed,B-019156,3.32,4000.0,2023-02-15
Maharashtra,Nashik,Niphaad,B-014039,2.43,,2023-05-05
Maharashtra,Naagpur,Nagpur Rural,B-019122,3.73,4000.0,2023-07-25
Gujarat,Surat,Mangrol,B-013088,1.41,4000.0,2023-05-10
Gujarat,Vadodara,Padra,B-011862,1.47,4000.0,2023-05-24
Maharashtra,Nashik,Niphad,B-007187,1.81,,2023-05-08
Gujarat,Surat,Kamrej,B-004533,2.56,4000.0,2023-01-16
Maharashtra,Nagpur,Ramtek,B-016697,1.45,6000.0,2023-07-23
Gujarat,surat,Olpad,B-016172,0.73,,2023-04-16
Gujarat,Ahmedabad,Sanand,B-002979,3.19,6000.0,2023-12-26
Maahaaraashtraa,Pune,Baramati,B-001544,2.28,,2023-06-05
Maharashtra,Pune,Baramati,B-003593,2.03,4000.0,2023-08-05
Maharashtra,Nagpur,Nagpur Rural,B-005009,1.03,6000.0,2023-01-05
Gujarat,Vadodara,Padra,B-005243,4.67,,2023-05-09
Maharashtra,Thane,Kalyan,B-013834,3.82,2000.0,2023-08-25
Maharashtra,Nagpur,Umred,B-019544,2.48,4000.0,2023-04-05
Maharashtra,Pune ,Junnar,B-002082,2.6,,2023-02-16
Maharashtra,Pune,Baramati,B-012609,2.56,2000.0,2023-02-28
maharashtra,Nagpur ,Umred,B-012505,1.26,,2023-09-27
Maharashtra,Thane,Bhiwandi,B-019527,4.99,2000.0,2023-01-17
Maharashtra, Nashik,Malegaon,B-015338,4.49,4000.0,2023-01-10
Maharashtra,Nagpur,Kamptee,B-017339,4.27,6000.0,2023-03-01
Maharashtra,Nagpur,Nagpur Rural,B-008239,3.33,2000.0,2023-05-20
Maharashtra,Pune,Haveli,B-018129,1.96,,2023-12-24
Maharashtra,Nagpur ,Ramtek,B-000377,0.75,4000.0,2023-02-18
Gujarat , Ahmedabad,DHOLKA,B-003754,1.23,2000.0,2023-07-10
 Maharashtra,Nagpur,Umred,B-017596,4.65,,2023-11-20
Maharashtra,Nagpur ,Ramtek,B-008744,2.7,,2023-07-16
Maharashtra,Thane,Bhiwandi,B-011147,4.15,,2023-10-06
Gujarat,Suraat,Olpad,B-003656,2.59,2000.0,2023-04-21
Maharashtra,Nagpur,Umred,B-009618,0.88,2000.0,2023-08-14
Maharashtra,Nagpur,Nagpur Rural,B-014247,1.08,2000.0,2023-05-27
Maharashtra,thane,Thane,B-005183,4.63,6000.0,2023-09-04
Gujarat,Vaadodaaraa,Vaghodia,B-014868,2.1,2000.0,2023-10-03
 Gujarat,VADODARA,Vaghodia,B-000107,0.7,2000.0,2023-07-23
Maharashtra,Thane,Ambernath,B-008631,2.52,2000.0,2023-05-11
Maharashtra,Naashik,Malegaon,B-016404,3.53,6000.0,2023-07-18
maharashtra, Pune,Khed,B-005855,2.32,2000.0,2023-11-24
Gujarat,Vadodara,Padra,B-016636,3.61,,2023-12-22
Gujarat,SURAT,city,B-003487,4.17,2000.0,2023-12-07
Maharashtra,Pune,Khed,B-009780,2.46,,2023-11-28
Gujarat ,Vadodara,Karjan,B-019860,2.4,,2023-02-06
Maharashtra,Nagpur,Umred,B-006518,0.59,,2023-08-19
Maharashtra,Thane,Thane,B-019886,0.73,6000.0,2023-01-04
Gujarat,Surat,Olpad,B-012253,3.18,6000.0,2023-09-10
Maharashtra,Pune,Baramati,B-005294,3.25,6000.0,2023-11-27
Gujarat,vadodara,Padra,B-017675,1.92,2000.0,2023-02-09
Gujarat,Suraat,Choryasi,B-017379,2.06,,2023-12-14
MAHARASHTRA,Pune,Khed,B-000019,2.78,6000.0,2023-10-22
Gujarat,Ahmedabad,Daskroi,B-019627,2.61,6000.0,2023-05-24
Gujarat,Ahmedabad,Dholka,B-010622,3.81,2000.0,2023-08-26
Maharashtra,nashik,Nashik,B-016011,1.08,6000.0,2023-04-06
 Gujarat,Vadodara,Padra,B-000639,1.56,2000.0,2023-09-02
Maharashtra,PUNE,Khed,B-003666,4.37,4000.0,2023-09-02
Maharashtra,PUNE,Shirur,B-011895,1.51,6000.0,2023-05-11
Gujarat,Ahmedabad,Sanand,B-010077,4.53,4000.0,2023-12-28
Gujarat,vadodara,Vaghodia,B-007847,2.47,2000.0,2023-08-27
Maharashtra,Nagpur,Kamptee,B-001899,4.36,,2023-02-27
Maharashtra,pune,Baramati,B-007893,4.6,6000.0,2023-03-24
Maharashtra,Thane,Ulhasnagar,B-018592,4.42,2000.0,2023-03-21
Gujarat,AHMEDABAD,Bavla,B-002581,2.37,,2023-01-08
Gujarat,Vadodara,City ,B-002807,3.72,,2023-07-12
Maahaaraashtraa,Thane,Thane,B-015925,4.11,4000.0,2023-07-14
Gujarat,Surat,Mangrol,B-002268,4.75,2000.0,2023-08-05
Maharashtra,Pune,Haveli ,B-017456,1.92,,2023-03-14
Maharashtra,PUNE,Junnar,B-004121,0.76,6000.0,2023-11-23
Gujarat,Vadodara,Savli,B-004208,3.65,6000.0,2023-05-24
Gujarat,Ahmedabad ,City,B-015575,3.25,4000.0,2023-03-23
Gujarat,Suraat,City,B-018016,3.28,,2023-08-23
Gujarat,Ahmedabad,Sanand,B-005411,1.39,2000.0,2023-05-03
Maharashtra,Pune,Baramati,B-008686,4.46,6000.0,2023-09-18
Maharashtra,Thane,Ulhasnagar,B-017291,2.03,,2023-11-06
Maahaaraashtraa,Pune,Khed,B-013866,3.98,,2023-12-14
gujarat,Vadodara,Vaghodia,B-006941,2.78,4000.0,2023-02-02
Maharashtra,Nagpur,Kamptee ,B-017672,4.92,6000.0,2023-12-19
Gujarat,Vadodara ,Karjan,B-006592,4.03,6000.0,2023-12-19
Maharashtra,Nagpur,Ramtek,B-010215,1.98,2000.0,2023-10-07
Gujarat, Ahmedabad,Bavla,B-013075,0.87,6000.0,2023-01-14
Maharashtra,Nagpur,Ramtek,B-012237,2.87,2000.0,2023-10-18
Gujarat,Vadodara,Savli,B-014356,3.36,6000.0,2023-08-23
Gujarat,Vadodara,Padra,B-016960,2.78,4000.0,2023-08-23
Gujaaraat,Surat,Mangrol,B-014795,1.46,6000.0,2023-08-02
Maharashtra,Nashik,Nashik,B-003966,3.21,2000.0,2023-07-04
Maharashtra,Naagpur,Kamptee,B-008124,2.17,2000.0,2023-06-10
Maharashtra,Thane,Ulhasnagar,B-007363,3.15,4000.0,2023-01-10
Maharashtra,Thane,Ulhasnagar,B-002099,1.05,6000.0,2023-06-03
Maharashtra,Pune,Baramati,B-011079,4.55,6000.0,2023-07-16
Maharashtra,Nagpur,Ramtek,B-000690,2.52,4000.0,2023-08-05
Gujaaraat,Ahmedabad,City,B-019278,1.55,6000.0,2023-07-11
 Gujarat,Vadodara,Karjan,B-018151,4.4,6000.0,2023-12-01
Maharashtra,Thaane,Ambernaath,B-007541,2.94,2000.0,2023-01-19
 Gujarat,Vadodara,Saavli,B-019283,1.31,6000.0,2023-01-09
Maharashtra,Nashik,Sinnar,B-007217,2.5,6000.0,2023-09-20
Gujarat,ahmedabad,City,B-000236,1.31,4000.0,2023-01-28
Gujarat,vadodara,Savli,B-002327,2.94,4000.0,2023-05-05
Maharashtra,Nashik ,Malegaon,B-001930,3.55,,2023-01-20
gujarat,ahmedabad,City,B-007502,2.36,2000.0,2023-06-09
Gujarat,Ahmedabad,DHOLKA,B-002209,3.88,6000.0,2023-10-08
Gujarat,Vadodara,Padra,B-001030,1.71,6000.0,2023-06-15
gujarat,Surat,Choryasi,B-010828,4.49,,2023-05-18
Maharashtra,Nagpur,Hingna,B-002322,1.87,6000.0,2023-07-15
Maharashtra,Nagpur,Nagpur Rural,B-016848,1.14,2000.0,2023-09-06
Maharashtra,Thane,Thane,B-007799,2.53,,2023-01-27
Gujarat,Surat,Mangrol,B-009126,1.25,2000.0,2023-01-16
Maharashtra,Thane,Bhiwandi,B-015907,2.08,,2023-11-07
Gujarat,Vaadodaaraa,Vaghodia,B-007021,1.85,,2023-07-23
Maharashtra,Nagpur,Kamptee,B-017670,4.45,4000.0,2023-04-20
Gujarat,Vadodara,Vaghodia,B-004336,2.04,2000.0,2023-05-25
Gujarat,Surat,Kamrej,B-018712,1.45,6000.0,2023-10-11
Maharashtra,pune,Khed,B-018882,0.52,6000.0,2023-01-22
Maharashtra,Nashik,Malegaon,B-015489,3.93,2000.0,2023-09-03
Maharashtra,Pune,Shirur,B-007963,2.5,6000.0,2023-02-12
Gujarat,Ahmedabad,Dholka,B-015499,3.96,6000.0,2023-12-01
Maharashtra,Nagpur,Kamptee,B-013339,1.5,2000.0,2023-01-25
Maharashtra,Thane,Bhiwandi,B-006240,4.17,,2023-11-10
Maharashtra,Nashik,Igatpuri,B-003091,1.76,2000.0,2023-12-23
 Maharashtra,Nashik ,Sinnar,B-003177,2.72,,2023-09-07
MAHARASHTRA,Nashik,Malegaon,B-014125,4.7,6000.0,2023-04-17
maharashtra,Thane,Bhiwandi,B-011610,2.9,6000.0,2023-05-22
 Gujarat,Surat,Mangrol,B-013880,0.73,6000.0,2023-06-14
Gujarat,Surat,Choryasi,B-013471,2.13,4000.0,2023-01-24
 Maharashtra,Nashik,Igatpuri,B-015304,2.26,,2023-06-03
Maharashtra, Pune,Khed,B-001776,4.63,4000.0,2023-04-06
Gujarat,Ahmedabad, Daskroi,B-003225,2.44,4000.0,2023-01-19
Gujarat, Ahmedabad,Daskroi,B-001987,2.03,2000.0,2023-01-27
Gujarat,ahmedabad,Daskroi,B-013194,3.29,4000.0,2023-02-21
Gujarat,surat,Kamrej,B-011119,2.2,2000.0,2023-12-03
 Maharashtra,Naagpur,Ramtek,B-003581,0.8,2000.0,2023-11-02
Maharashtra,Pune, Junnar,B-008148,1.55,4000.0,2023-10-26
Maharashtra,Pune,Haveli,B-006279,3.29,,2023-02-11
Maharashtra,Pune,Khed,B-006233,0.96,,2023-10-23
Maharashtra,Pune,Shirur,B-017574,1.07,,2023-09-09
Gujarat,Ahmedabad,Sanand,B-014701,1.59,,2023-01-02
Maharashtra,Nagpur,Ramtek,B-004594,3.89,,2023-05-19
Gujarat,Vadodara ,Karjan,B-013825,1.81,4000.0,2023-01-17
Maahaaraashtraa,Nagpur,Umred,B-006013,0.75,4000.0,2023-06-07
Maharashtra,nashik,Niphad,B-009128,3.51,6000.0,2023-12-23
Gujarat,Surat,Mangrol,B-015160,4.83,,2023-10-10
Gujarat,surat,Choryasi,B-008186,4.64,4000.0,2023-11-08
Maharashtra, Nashik,Igatpuri,B-002471,4.79,6000.0,2023-06-26
Gujarat,ahmedabad,Dholka,B-014521,0.83,,2023-01-18
 Maharashtra,Naagpur,Kamptee,B-018034,2.12,2000.0,2023-01-07
Maharashtra,Nashik ,Niphad,B-003209,2.03,6000.0,2023-09-08
MAHARASHTRA,Nashik,Malegaon,B-001658,0.59,4000.0,2023-11-05
Gujarat,Ahmedabad,Dholka,B-017714,1.45,2000.0,2023-08-08
Gujarat,Ahmedabad,Bavla,B-000484,4.9,2000.0,2023-10-14
MAHARASHTRA,Pune,Shirur,B-003057,2.2,2000.0,2023-06-11
Gujarat,surat,Olpad,B-007746,3.14,6000.0,2023-09-10
Maharashtra,Nagpur ,Umred,B-005450,4.33,4000.0,2023-10-16
Maharashtra,Nashik,Sinnar,B-013318,3.27,2000.0,2023-03-17
Gujarat,Ahmedabad,Dholka,B-015914,2.74,,2023-08-06
Gujarat,Ahmedabad,City,B-015774,4.8,2000.0,2023-08-09
Gujarat,Surat,City,B-007005,1.43,2000.0,2023-04-15
Maharashtra,Thane,Thane,B-013142,3.07,6000.0,2023-06-09
maharashtra,Naagpur,Nagpur Rural,B-001922,3.13,6000.0,2023-08-17
Gujarat,Ahmedabad,Daskroi,B-005395,4.12,4000.0,2023-06-09
 Gujarat,ahmedabad,Dholka,B-012419,0.87,,2023-09-17
Gujarat,Vadodara,Karjan,B-000071,0.94,6000.0,2023-02-12
Maharashtra,Pune,Baramati,B-012794,1.63,2000.0,2023-12-27
Maahaaraashtraa,Thane,Bhiwandi,B-008691,3.89,4000.0,2023-12-18
Maharashtra ,Thane ,Kalyan,B-014910,2.32,2000.0,2023-07-27
Maharashtra,Pune,Haveli,B-009348,1.17,2000.0,2023-07-08
Maharashtra,NASHIK,Igatpuri,B-013862,4.04,6000.0,2023-08-24
Gujarat,SURAT,Mangrol,B-018212,4.74,4000.0,2023-07-07
Gujarat,Surat,Kamrej,B-015948,3.1,,2023-03-10
Maharashtra,Pune,Haveli,B-005073,1.51,,2023-07-22
Gujarat,Surat,City,B-006223,3.14,6000.0,2023-10-26
Maharashtra,Pune ,Baramati,B-009723,4.1,6000.0,2023-10-19
Gujarat, Surat, City,B-007134,1.35,4000.0,2023-02-11
Gujarat,Surat,Kamrej,B-001917,3.54,,2023-03-02
GUJARAT, Vadodara,Padra,B-018979,1.55,,2023-11-17
Maharashtra,Pune,Shirur ,B-017767,4.37,,2023-07-13
Maharashtra, Nashik,Nashik,B-001998,0.81,2000.0,2023-04-05
Maharashtra,Nashik,Sinnar,B-010277,1.21,,2023-10-10
Maharashtra,Nashik,Niphad,B-001874,0.53,2000.0,2023-03-15
Maharashtra,Pune,Shirur,B-001644,1.98,4000.0,2023-10-16
Gujarat,surat,Mangrol,B-019143,4.46,2000.0,2023-08-12
Maharashtra,Thane,Ambernath,B-015624,2.37,4000.0,2023-03-20
Gujarat,Surat,Olpad,B-016478,3.06,,2023-07-23
Maharashtra,Pune,Baramati,B-017404,3.33,,2023-05-22
Maharashtra,Pune,Shirur,B-005159,2.72,4000.0,2023-09-04
gujarat,Ahmedabad,Bavla,B-001864,2.35,6000.0,2023-03-09
Maharashtra,Nashik, Sinnar,B-016641,2.22,4000.0,2023-12-13
Maharashtra,nashik,Niphad,B-002626,1.11,6000.0,2023-11-24
Gujarat,Suraat,Mangrol,B-006090,3.71,2000.0,2023-08-05
Gujarat,Vadodara,City,B-002246,0.58,2000.0,2023-02-06
 Maharashtra,thane,Ulhasnagar,B-019499,1.19,2000.0,2023-06-06
Maharashtra,Nashik,Sinnar,B-002227,2.49,,2023-01-27
Gujarat,Vadodara,Savli,B-007708,2.26,2000.0,2023-05-15
Maharashtra, Pune,Junnar,B-013231,4.68,6000.0,2023-06-08
 Maharashtra,nashik,Niphad,B-003929,1.36,2000.0,2023-11-03
Maharashtra,NASHIK,Igatpuri,B-018668,0.7,4000.0,2023-09-04
Gujarat,Ahmedabad,City,B-008068,4.7,4000.0,2023-07-14
Maharashtra,Nagpur ,Kamptee,B-018971,2.31,,2023-06-01
Gujarat,Ahmedabad ,Dholka,B-019482,2.16,4000.0,2023-02-07
Gujarat,Surat,Choryasi,B-001303,0.96,6000.0,2023-09-26
Maharashtra,Nashik ,Nashik,B-002687,3.63,2000.0,2023-11-25
Maharashtra,Nagpur,Ramtek,B-013738,1.93,,2023-11-16
Maharashtra,Pune,Shirur,B-019126,2.22,2000.0,2023-11-24
Maharashtra,Nashik,igatpuri,B-018522,3.27,2000.0,2023-02-10
Maharashtra,Thane,Thane,B-017131,0.77,6000.0,2023-06-16
Maharashtra,Thane,Ulhasnagar,B-010367,1.57,4000.0,2023-12-20
Gujarat,Surat,Kamrej,B-008545,3.4,4000.0,2023-01-17
Gujarat,surat,Choryasi,B-006694,3.8,2000.0,2023-06-08
Maharashtra,Nashik,Sinnar,B-010296,1.62,,2023-11-23
Maharashtra,Nashik,Igatpuri,B-007822,2.49,4000.0,2023-01-03
GUJARAT,VADODARA,Padra,B-008704,1.07,,2023-03-19
Maharashtra, Nashik,Sinnar,B-012970,3.75,4000.0,2023-04-14
Maharashtra,Nashik,Malegaon,B-004289,4.85,,2023-04-09
Gujarat ,Vadodara,City,B-009831,2.49,6000.0,2023-09-20
Gujarat,Surat,Olpad,B-014983,0.59,,2023-07-14
Maharashtra,Nagpur,Nagpur Rural,B-010361,1.19,6000.0,2023-12-06
Maharashtra,Thane,Kalyan,B-002378,3.03,6000.0,2023-08-03
 Gujarat,AHMEDABAD,Daaskroi,B-000306,3.79,,2023-06-16
Gujarat,Surat,City,B-015018,2.18,6000.0,2023-08-10
Maharashtra,pune,Shirur,B-018449,3.05,2000.0,2023-04-25
Gujarat,Surat,Olpad,B-003277,2.07,6000.0,2023-12-16
Gujarat,Ahmedabad,Bavla,B-002401,3.81,4000.0,2023-04-16
Maharashtra,Pune,Baramati,B-017618,0.63,,2023-11-21
Maharashtra,Nagpur,Umred,B-006985,1.64,2000.0,2023-10-19
maharashtra,Nashik,Nashik,B-016577,2.29,,2023-10-03
Gujarat,Vadodara,Savli,B-019739,2.42,4000.0,2023-12-10
Gujarat,Vadodara,Vaghodia,B-004341,1.89,4000.0,2023-07-25
Maahaaraashtraa,Nagpur,Nagpur Rural,B-011437,1.14,4000.0,2023-12-07
Gujarat,SURAT,City,B-002255,0.51,6000.0,2023-02-25
Gujarat,Surat,Choryasi,B-008005,1.27,6000.0,2023-06-06
MAHARASHTRA,Nagpur,Ramtek,B-012109,3.05,,2023-04-06
MAHARASHTRA,Nashik,Niphad,B-009339,4.92,,2023-07-15
Maharashtra,Nagpur ,hingna,B-005170,1.75,2000.0,2023-06-01
Maharashtra,Thane,Thane,B-014359,0.77,2000.0,2023-01-22
Maahaaraashtraa,Pune,Baramati,B-017801,2.84,,2023-05-16
Gujarat,Vadodara,City,B-009913,3.57,6000.0,2023-06-11
Maharashtra,Thane,Thane,B-017333,0.76,4000.0,2023-06-28
Gujarat, Ahmedabad,Daskroi,B-000257,4.5,,2023-03-01
Maharashtra,NAGPUR,Kamptee,B-018174,3.28,2000.0,2023-11-28
Gujarat,Vadodara,City ,B-009811,0.57,6000.0,2023-06-28
Maharashtra,Pune,Baramati,B-003395,1.55,,2023-08-13
Maharashtra,Nagpur,Nagpur Rural,B-004401,2.64,,2023-11-28
Maharashtra,NAGPUR,Hingna,B-008667,4.41,6000.0,2023-10-26
 Gujarat,Vadodara,Vaghodia,B-003783,3.53,,2023-09-28
 Gujarat,Surat,Mangrol,B-003508,2.93,6000.0,2023-04-07
Maharashtra,Nashik, Nashik,B-019875,4.97,4000.0,2023-01-06
Gujarat,Ahmedabad,City,B-005094,1.66,6000.0,2023-08-22
Maharashtra,Nagpur,Kamptee,B-008925,2.71,6000.0,2023-12-11
Maharashtra,Nashik,Igatpuri,B-009233,3.4,6000.0,2023-07-23
Gujarat,Ahmedabad,Dholka,B-006902,2.47,,2023-04-08
maharashtra,Thane ,Kalyan,B-011236,4.72,,2023-12-04
Gujarat ,Ahmedabad,Bavla,B-006672,0.51,6000.0,2023-01-19
 Gujarat,Vadodara,Karjan,B-008651,2.14,,2023-11-26
Maharashtra,Nagpur,Ramtek,B-016562,2.28,2000.0,2023-09-28
Gujarat,Surat,Mangrol,B-016009,1.49,2000.0,2023-11-15
Maharashtra,nagpur,Umred,B-008229,1.89,,2023-12-04
Maharashtra,Thane,Bhiwandi,B-001665,4.23,,2023-08-10
Gujarat ,AHMEDABAD,Dholka,B-003025,4.7,6000.0,2023-04-23
Maharashtra,Pune,Junnar,B-019779,3.77,4000.0,2023-05-27
Maharashtra,Nashik,Nashik,B-009067,3.55,,2023-06-25
Gujarat,Surat,City,B-001445,3.63,2000.0,2023-04-23
Gujarat ,Surat,City,B-000117,4.12,6000.0,2023-12-10
Gujarat,Surat,Mangrol,B-010930,2.67,,2023-03-07
Maharashtra,nashik,Sinnar,B-004287,4.35,2000.0,2023-02-22
Maharashtra,Nagpur,Umred,B-008584,1.26,2000.0,2023-01-04
Gujarat,ahmedabad,Sanand,B-005295,2.82,4000.0,2023-06-19
Gujarat,Surat,Olpad,B-014479,0.65,6000.0,2023-04-13
Gujarat,Vadodara,Padra,B-018078,3.85,6000.0,2023-12-26
Maharashtra,Nagpur,Nagpur Rural,B-014015,1.74,4000.0,2023-11-15
gujarat, Ahmedabad,Bavla,B-018380,4.59,4000.0,2023-04-01
Gujarat,Vadodara,City,B-000317,1.31,6000.0,2023-08-21
Gujarat,Surat ,Olpaad,B-019845,1.33,6000.0,2023-12-01
Gujarat,Surat,City,B-002466,2.7,,2023-09-27
Gujarat,Vadodara,Karjan,B-004885,3.89,,2023-11-04
Maharashtra,Nashik, Malegaon,B-017878,4.1,4000.0,2023-02-02
Maharashtra,Nagpur,Ramtek ,B-001181,4.33,,2023-01-03
Maharashtra,Nagpur,Kamptee,B-012099,2.4,2000.0,2023-11-01
Maharashtra,Thane,Thane,B-019088,4.02,,2023-11-18
 Gujarat,Surat,Kamrej,B-018106,4.94,,2023-06-20
Gujarat,Vadodara,Karjan,B-004853,0.7,2000.0,2023-01-07
Maharashtra,Nagpur,Umred,B-014084,3.21,4000.0,2023-04-19
Gujarat,Ahmedabad,Sanand,B-004177,2.97,2000.0,2023-05-13
Maharashtra,Nashik ,Nashik,B-001371,4.73,,2023-03-18
Maharashtra ,Nashik,Sinnar,B-010102,1.37,4000.0,2023-06-19
Gujarat,Vadodara,Vaghodia,B-011949,4.97,,2023-07-13
Maharashtra,Pune ,Khed,B-001308,0.99,2000.0,2023-09-14
Maharashtra,Pune ,Shirur,B-011725,1.16,2000.0,2023-04-09
MAHARASHTRA,Pune,Haveli,B-006884,4.67,,2023-03-17
Maharashtra,Thane,Ambernath ,B-008177,3.65,6000.0,2023-05-18
Maharashtra,Thane,Bhiwandi,B-003369,4.76,6000.0,2023-07-06
Gujarat,Ahmedabad,Sanand,B-011590,2.98,2000.0,2023-07-16
Maharashtra,Nagpur,Ramtek,B-018347,3.46,2000.0,2023-03-13
Maharashtra ,Thane,Bhiwandi,B-013317,3.24,6000.0,2023-12-15
Maharashtra,Nashik,Malegaon,B-005065,1.79,6000.0,2023-07-17
Maharashtra,Nashik,Igatpuri,B-007758,2.33,,2023-06-28
Maharashtra,NAGPUR,Nagpur Rural,B-005325,1.24,,2023-01-03
Maharashtra,Thane,Ulhasnagar,B-005802,4.83,6000.0,2023-07-22
Gujarat, Vadodara,Vaghodia,B-013511,4.99,,2023-09-23
Maharashtra,Nagpur,Kamptee,B-000813,3.86,,2023-12-14
Gujarat,Vaadodaaraa,Karjan,B-005878,0.69,4000.0,2023-08-06
Gujarat,Vadodara ,Savli,B-010886,2.81,,2023-01-14
Gujarat,Vadodara,Padra,B-013492,4.61,2000.0,2023-04-27
Gujarat,Vadodara,Karjan,B-008132,2.67,,2023-05-07
Maharashtra,Pune,Haveli,B-008743,1.87,,2023-11-17
Maharashtra,Pune,Baramati,B-005217,0.76,6000.0,2023-01-20
Gujarat,Surat,MANGROL,B-003543,2.31,2000.0,2023-01-04
Gujarat,Suraat,Olpad,B-012536,2.35,,2023-08-01
Maharashtra, Nagpur,Umred,B-001269,1.85,,2023-07-06
Gujarat, Vadodara,Karjan,B-015424,2.48,4000.0,2023-03-12
GUJARAT,Surat , Olpad,B-007289,2.39,,2023-06-02
Maharashtra,Nashik,Nashik,B-006540,4.92,,2023-02-14
Gujarat,Vadodara,Padra,B-015084,1.96,4000.0,2023-07-17
gujarat,Ahmedabad,Dholka,B-011458,2.05,6000.0,2023-01-25
Maharashtra ,Thane,Thane,B-010001,0.54,,2023-08-10
Maharashtra,Thane,Ulhasnagar,B-007458,1.19,4000.0,2023-09-06
Maharashtra,Thane ,Thane,B-007305,1.61,2000.0,2023-07-07
Gujarat,Vadodara,City,B-000776,2.76,6000.0,2023-03-07
Maharashtra,nagpur,Umred,B-006329,1.36,2000.0,2023-03-14
Maharashtra,pune,Khed,B-013057,2.86,2000.0,2023-12-21
Maharashtra,Nashik, Igatpuri,B-010757,3.4,4000.0,2023-05-04
Maharashtra,Thane,Bhiwandi,B-009130,1.61,,2023-01-06
Maharashtra , Pune,Baramati,B-002275,3.23,4000.0,2023-07-06
Maharashtra,Thane,Kalyan,B-009147,0.94,4000.0,2023-01-22
Maharashtra,Nagpur,Ramtek,B-011507,4.0,4000.0,2023-09-20
Gujarat,Ahmedaabaad,Bavla,B-016693,4.49,4000.0,2023-03-21
MAHARASHTRA, Nagpur,Kamptee,B-013097,0.84,6000.0,2023-09-20
Gujarat,Ahmedabad,Daskroi,B-017571,2.9,,2023-03-02
Maahaaraashtraa,Nagpur,Ramtek,B-010852,3.92,2000.0,2023-09-12
Gujarat,Ahmedabad,Bavla,B-000905,0.8,2000.0,2023-07-17
Gujarat,Vadodara ,Vaghodia,B-003780,1.08,,2023-01-19
Maharashtra,Pune,Junnar,B-008560,2.29,2000.0,2023-11-18
Gujarat,Vaadodaaraa,Vaghodia,B-005852,4.01,,2023-07-20
Maharashtra,Thaane,Bhiwandi,B-019025,3.64,2000.0,2023-09-15
Gujarat,Vadodara,Vaghodia,B-008699,1.49,4000.0,2023-12-09
maharashtra,Nagpur,Kamptee,B-001254,3.38,2000.0,2023-05-05
Maharashtra,THANE,Bhiwandi,B-003553,1.44,,2023-02-01
Gujarat,Ahmedabad,Sanand,B-019549,4.76,,2023-09-09
Maharashtra,Nagpur,Ramtek,B-014240,0.76,,2023-01-27
Gujarat,Ahmedabad,Sanand,B-011328,4.87,,2023-09-22
Maharashtra,Nagpur,Hingna,B-010279,1.66,,2023-11-21
Maharashtra,Nashik ,Sinnar,B-014300,3.33,6000.0,2023-07-05
Gujarat,Surat,Kamrej,B-016759,4.56,6000.0,2023-02-16
Maharashtra,Nashik,Malegaon,B-003790,3.06,2000.0,2023-12-06
MAHARASHTRA,Thane,Ulhasnagar,B-012623,3.59,,2023-04-03
MAHARASHTRA,Nagpur,Umred,B-018894,2.31,2000.0,2023-12-17
Maharashtra,Nagpur,Ramtek,B-006229,2.2,,2023-01-04
Maharashtra,Pune,HAVELI,B-008347,3.97,,2023-05-05
Maharashtra,pune,Haveli,B-001455,4.18,6000.0,2023-12-03
Maahaaraashtraa,Nashik,Niphad,B-014289,1.88,6000.0,2023-08-05
Maharashtra ,Thane,Thane,B-000056,4.21,4000.0,2023-02-18
 Maharashtra,THANE, Ulhasnagar,B-017037,2.23,6000.0,2023-06-21
Maharashtra,Thane,Ulhasnagar,B-017644,4.48,4000.0,2023-02-16
Maharashtra,Nashik ,Nashik,B-006457,3.27,4000.0,2023-02-12
Maharashtra,Nagpur,Nagpur Rural,B-011935,2.89,4000.0,2023-10-06
Gujarat ,Surat,Olpad,B-014133,4.44,4000.0,2023-05-16
Gujarat,Ahmedabad,Bavla,B-002293,0.84,4000.0,2023-01-28
Maharashtra,NAGPUR,Umred,B-010820,3.75,2000.0,2023-08-27
 Maharashtra,Pune,Shirur,B-010287,0.91,6000.0,2023-03-06
Gujarat,Ahmedabad,Dholka,B-004084,4.88,4000.0,2023-10-26
GUJARAT,Ahmedabad,Daskroi,B-009841,2.92,,2023-08-18
Gujarat,Vadodara,Karjan,B-016618,2.4,6000.0,2023-10-25
Maharashtra,nashik,Igatpuri,B-010135,4.33,6000.0,2023-06-18
Gujarat,Vadodara,City ,B-013383,2.12,4000.0,2023-03-10
Gujaaraat,Surat,Mangrol,B-010689,1.59,2000.0,2023-04-02
MAHARASHTRA,Nagpur, Ramtek,B-013186,2.17,4000.0,2023-12-04
Maharashtra,Pune,Shirur,B-009689,1.16,2000.0,2023-03-03
Maahaaraashtraa,Thane,Thane,B-018167,3.94,,2023-08-24
Maharashtra,Nagpur,Ramtek,B-004171,2.35,6000.0,2023-06-15
Maharashtra,pune,Haveli,B-006287,1.28,,2023-03-01
Gujarat,Surat,City,B-013778,2.99,2000.0,2023-05-19
Gujarat,VADODARA,Vaghodia,B-012424,0.91,2000.0,2023-07-05
Maharashtra, Nashik,Sinnar,B-005703,3.86,,2023-09-20
Maharashtra,Pune,Shirur,B-018649,3.39,2000.0,2023-07-06
Maharashtra,Pune,Junnar,B-009862,0.99,,2023-02-12
Gujarat ,ahmedabad,Daaskroi,B-013307,0.55,6000.0,2023-05-07
Maharashtra,Nashik ,Niphaad,B-017955,3.04,,2023-10-26
Gujarat ,Vadodara ,City ,B-000014,3.88,6000.0,2023-07-17
Maharashtra,Nashik,Niphad,B-009958,1.08,,2023-11-04
Gujarat,Ahmedabad,Daskroi,B-009402,4.13,2000.0,2023-03-01
Gujarat,Ahmedabad,DHOLKA,B-006888,1.18,,2023-08-03
Maharashtra,NAGPUR,Nagpur Rural,B-014087,3.44,2000.0,2023-12-06
Gujarat,Vadodara,Vaghodia,B-019005,4.69,,2023-06-15
Maharashtra,Nagpur,Ramtek,B-010560,2.44,,2023-12-25
Gujarat,Ahmedabad,Dholka,B-015237,4.81,4000.0,2023-10-21
gujarat,Vadodara ,Padra,B-014477,4.86,2000.0,2023-02-16
Maharashtra,Nagpur ,Hingna,B-014489,1.76,4000.0,2023-06-12
 Maharashtra, Nagpur,Nagpur Rural,B-007003,3.93,2000.0,2023-08-21
Maharashtra,Nagpur,Ramtek,B-016751,2.14,4000.0,2023-05-13
Gujarat,Surat,Choryasi,B-015506,2.15,6000.0,2023-10-11
 Gujarat,Ahmedabad,Bavla,B-005561,4.44,,2023-11-02
Maharashtra,Pune,junnar,B-002779,1.81,2000.0,2023-03-19
Gujarat, Surat,City,B-009300,2.07,2000.0,2023-08-21
Gujarat,Vadodara,karjan,B-016891,4.63,,2023-07-25
Gujarat ,Surat ,Olpad,B-010984,2.69,2000.0,2023-12-24
 Gujarat,VADODARA,City,B-003061,1.15,2000.0,2023-04-11
Maharashtra,Pune,Baramati ,B-007697,4.05,4000.0,2023-08-07
Maharashtra, Pune,Junnar,B-010172,3.36,2000.0,2023-02-05
Maharashtra, Pune,Shirur,B-007362,2.86,6000.0,2023-11-09
Maharashtra, Nashik,Malegaon,B-006526,3.89,6000.0,2023-03-07
Gujarat,Ahmedabad,Sanand,B-004829,4.03,,2023-12-14
Gujarat,Ahmedabad,Sanand,B-000801,3.02,2000.0,2023-10-07
Maharashtra,Pune,Shirur,B-001515,3.49,,2023-12-24
 Gujarat,Ahmedabad,City,B-008024,1.92,6000.0,2023-11-14
Maharashtra, Thane,Kalyan,B-015570,4.36,2000.0,2023-11-15
MAHARASHTRA,Nagpur,Hingna,B-002387,1.25,2000.0,2023-07-07
Gujarat,Ahmedaabaad,Sanand,B-014924,2.17,,2023-06-01
Maharashtra,Thane,Ambernath,B-013581,3.65,6000.0,2023-11-15
Gujarat,Surat,Choryasi,B-018864,2.85,2000.0,2023-06-04
Maharashtra,Nashik,Malegaon,B-006372,1.23,,2023-07-13
Maharashtra,Thane,Ulhasnagar,B-012583,1.77,6000.0,2023-10-28
Maharashtra,Nagpur,Hingna,B-016200,3.42,,2023-10-14
Maharashtra,Nagpur,Hingna,B-013096,0.95,4000.0,2023-08-17
Maharashtra,Pune,Baramati,B-007995,4.0,2000.0,2023-09-13
 Maharashtra,Nagpur,Kamptee,B-004836,4.07,4000.0,2023-08-14
Gujarat ,Surat,City,B-000182,1.7,6000.0,2023-11-09
Maharashtra,Thane,Ambernath,B-003493,1.59,4000.0,2023-07-02
Maharashtra ,Pune,Haveli,B-013932,3.84,4000.0,2023-06-11
Maharashtra,Nashik,Nashik,B-007171,4.88,6000.0,2023-04-20
Gujarat,Surat,City,B-005764,1.08,,2023-11-13
Maharashtra,Nashik,Malegaon,B-016973,1.54,4000.0,2023-12-26
Maharashtra,Nagpur,Ramtek,B-015223,4.29,,2023-11-09
Maharashtra,nashik,nashik,B-001646,3.33,4000.0,2023-10-05
Maharashtra,Pune,Khed,B-018266,3.07,,2023-01-24
Maharashtra,Nagpur,Ramtek,B-008166,1.34,6000.0,2023-11-08
MAHARASHTRA,Thane,Ambernath,B-003977,2.2,4000.0,2023-05-22
Maharashtra,Pune,Junnar,B-014958,3.37,6000.0,2023-10-28
Maahaaraashtraa,NAGPUR,Hingna,B-004370,4.53,4000.0,2023-02-03
Gujarat,Vadodara,Padra,B-015226,0.95,6000.0,2023-01-14
Maharashtra,Pune,Shirur,B-017405,2.39,6000.0,2023-06-21
Gujarat,surat,Kamrej,B-018315,3.47,4000.0,2023-11-20
Maharashtra ,Pune,Baramati,B-010398,3.26,4000.0,2023-09-01
Maharashtra,nashik,Nashik,B-014503,0.63,4000.0,2023-01-17
Gujarat,Vadodara ,Vaghodia,B-016541,1.48,2000.0,2023-06-05
MAHARASHTRA, Nashik,Igatpuri,B-013984,0.91,,2023-12-18
Maharashtra,Thane,Ulhasnagar,B-017953,4.76,2000.0,2023-04-09
Maharashtra ,Nashik,Malegaon,B-014612,4.07,2000.0,2023-10-10
Maharashtra,Nashik,Nashik,B-005216,4.47,6000.0,2023-07-20
Maharashtra,Thane,Bhiwandi,B-015555,2.43,4000.0,2023-10-12
Gujarat,Ahmedabad,Bavla,B-014748,4.5,,2023-09-09
Gujarat,Surat,Choryasi,B-008494,4.84,6000.0,2023-06-13
Maharashtra ,Pune,Khed,B-008102,1.6,2000.0,2023-04-22
Gujarat,Ahmedabad,Bavla,B-009087,1.93,4000.0,2023-01-23
Gujarat,Ahmedabad,Daskroi,B-017082,1.55,6000.0,2023-02-13
Maharashtra,Thane,Ulhasnagar,B-015880,1.75,4000.0,2023-10-26
Maharashtra,Pune,Shirur,B-007840,2.46,6000.0,2023-06-07
 Maharashtra,Nashik,Niphad,B-008999,2.4,4000.0,2023-02-15
Maharashtra,Nashik,Nashik,B-014414,0.6,2000.0,2023-01-21
Maharashtra, Pune,Haaveli,B-002539,4.63,,2023-01-11
maharashtra,Pune,Khed,B-009363,1.85,2000.0,2023-06-25
Gujarat,Ahmedabad,Sanand,B-007684,3.26,,2023-07-10
Gujarat,Surat,Mangrol,B-008904,4.29,4000.0,2023-10-04
Maharashtra,Pune,Khed,B-011006,4.97,6000.0,2023-12-24
Gujarat,Surat ,Olpad,B-010477,2.92,2000.0,2023-01-23
Maharashtra,Pune,Junnar,B-017700,4.76,,2023-02-09
Gujarat,Ahmedabad,Daskroi,B-002641,3.64,2000.0,2023-03-19
Gujarat ,Surat,Mangrol,B-004535,4.5,,2023-07-21
Gujarat,Surat,Kamrej,B-004943,2.65,2000.0,2023-08-09
Gujarat,Ahmedabad,City ,B-007578,3.7,,2023-06-18
Maharashtra,Thane,Thane,B-012552,0.85,,2023-08-02
MAHARASHTRA,Nashik,Sinnar,B-005008,2.69,4000.0,2023-06-07
Gujarat,Vadodara,Savli,B-007011,3.69,,2023-11-05
GUJARAT,Vadodara ,Vaghodia,B-002105,2.54,4000.0,2023-10-17
Maharashtra,Nashik ,Niphad,B-013595,3.59,,2023-10-21
maharashtra,Nagpur,Hingna,B-013357,4.52,6000.0,2023-03-09
Maharashtra,Pune,Khed,B-010843,1.03,6000.0,2023-09-03
Gujarat,Ahmedaabaad,Sanand,B-017781,2.0,6000.0,2023-08-09
 Gujarat,Ahmedabad,Bavla,B-015268,1.82,,2023-07-06
Maharashtra,Thane,Bhiwandi,B-013625,3.57,4000.0,2023-11-08
Maharashtra,nagpur,Kamptee,B-002041,1.57,4000.0,2023-09-04
Maharashtra,Thane,Bhiwandi,B-006778,2.26,,2023-02-08
Maharashtra,THANE,Bhiwandi,B-013768,1.8,6000.0,2023-10-10
Maahaaraashtraa,Pune,Haveli,B-012763,3.83,6000.0,2023-12-08
Maharashtra,NASHIK,Nashik,B-019140,2.55,4000.0,2023-01-22
Gujarat,Vadodara ,City,B-000641,1.27,6000.0,2023-01-20
Gujarat,Ahmedabad,Sanand,B-018865,1.61,2000.0,2023-02-02
Maharashtra,Pune,Khed,B-012465,2.86,4000.0,2023-03-25
Maharashtra,Nagpur ,Umred,B-015630,3.81,6000.0,2023-09-09
Gujarat,Vadodara,Padra,B-000194,1.86,4000.0,2023-06-17
Gujaaraat,Vadodara, City,B-011527,4.35,2000.0,2023-11-05
Gujarat, Ahmedabad,Sanand,B-009785,3.85,4000.0,2023-04-13
Maharashtra,Nagpur,Hingna,B-012780,4.55,4000.0,2023-08-17
Maharashtra,Nashik,Malegaon,B-013731,2.26,4000.0,2023-07-09
Maahaaraashtraa,Thane,Ambernath,B-017637,3.26,4000.0,2023-07-26
Gujarat,Surat,Mangrol,B-017896,1.0,2000.0,2023-01-16
Maharashtra,Nagpur ,Umred,B-007227,3.49,,2023-05-16
Maharashtra ,thane,Ulhasnagar,B-015999,4.21,4000.0,2023-02-02
Gujarat,Vadodara,Padra,B-007191,0.5,4000.0,2023-05-05
Gujarat,Ahmedabad,Sanand,B-008944,4.81,6000.0,2023-09-05
Maharashtra,NAGPUR,Nagpur Rural,B-014282,4.63,4000.0,2023-05-08
Maharashtra,Pune,Baramati,B-019748,3.37,6000.0,2023-07-13
Maharashtra,Nagpur,Hingna,B-000952,1.28,,2023-07-22
Gujarat,AHMEDABAD,City,B-012743,2.37,2000.0,2023-04-10
Maahaaraashtraa,Thane,Ambernath,B-011015,1.33,2000.0,2023-07-04
Maharashtra,Nagpur,Ramtek,B-013249,3.58,,2023-06-15
Gujarat,Ahmedabad,Sanand,B-005409,0.62,2000.0,2023-09-01
GUJARAT,Surat,Choryasi,B-015316,1.59,,2023-09-12
Maharashtra,Nagpur,Ramtek,B-004183,0.74,,2023-07-05
Gujarat,Surat,City,B-019928,2.83,,2023-01-03
Maharashtra,Pune,Junnar,B-000884,3.17,2000.0,2023-05-19
Gujarat,Vadodara,City,B-012912,3.13,6000.0,2023-09-24
Maharashtra,Pune,Junnar,B-019396,4.85,,2023-03-08
Maharashtra,Nagpur,Umred,B-018494,0.53,4000.0,2023-08-20
maharashtra,nashik,Niphad,B-000889,1.61,2000.0,2023-02-16
Maharashtra,Pune,khed,B-002751,1.85,,2023-08-06
Maharashtra,Thane,Thane,B-014045,3.57,,2023-11-20
Maharashtra,Nagpur,Kamptee,B-004447,4.18,4000.0,2023-11-08
Maharashtra,Nashik,Nashik,B-015129,2.66,6000.0,2023-05-22
Maharashtra,Nagpur,Hingna,B-005955,2.26,6000.0,2023-12-26
Maharashtra,Nagpur,Hingna,B-001648,1.78,6000.0,2023-02-19
Gujarat ,Ahmedaabaad,Dholka,B-008525,4.59,,2023-06-05
Gujarat,Surat,MANGROL,B-012423,2.11,,2023-09-07
Gujarat,Ahmedabad,Sanand,B-010727,1.29,,2023-03-12
Gujarat,Ahmedabad,Daskroi,B-006936,4.03,2000.0,2023-11-10
 Gujarat,Surat,City,B-014900,3.47,4000.0,2023-10-23
Gujarat,Vadodara,Vaghodia,B-010711,1.96,,2023-10-12
gujarat,Surat,City,B-011060,0.93,4000.0,2023-02-16
Gujarat,VADODARA,City,B-019532,4.46,4000.0,2023-12-13
Gujarat,Surat ,Choryasi,B-009118,4.31,6000.0,2023-02-15
Gujarat,Ahmedabad,Bavla,B-013814,1.95,2000.0,2023-12-15
Gujaaraat,Ahmedabad,Dholka,B-008267,2.71,,2023-11-10
Maharashtra,Naashik,Igatpuri,B-002684,1.37,6000.0,2023-10-01
Maharashtra,Nagpur,Hingna,B-015412,2.12,6000.0,2023-07-19
Gujarat,Vadodara,Karjan,B-000636,4.81,,2023-12-21
Gujarat,Vadodara,Savli,B-017676,2.63,4000.0,2023-06-12
Maharashtra,Nagpur,Ramtek,B-001707,4.43,6000.0,2023-10-03
Maharashtra,nagpur,Ramtek,B-011468,0.73,4000.0,2023-09-11
Maharashtra,Pune,Khed,B-007348,1.63,2000.0,2023-12-12
Maharashtra,Pune ,Shirur,B-002249,1.59,4000.0,2023-09-20
Gujarat,Vadodara,Vaghodia,B-001320,4.51,2000.0,2023-10-16
Maharashtra, Thane,Kalyan,B-001017,2.01,4000.0,2023-01-05
Maharashtra,Nashik,Sinnar,B-008103,3.49,6000.0,2023-01-08
Gujaaraat,Vadodara,Padra,B-006533,3.95,6000.0,2023-01-12
Maharashtra,Pune,Shirur,B-000668,0.86,2000.0,2023-09-16
Maharashtra,nagpur,Ramtek,B-004994,1.51,,2023-06-14
Gujarat,Vadodara,City,B-007817,0.6,2000.0,2023-01-01
Maharashtra,Nashik,Niphad,B-004137,3.82,2000.0,2023-09-16
Maharashtra,Pune,Junnar,B-015518,3.66,4000.0,2023-09-05
Maharashtra,Nagpur,Kamptee,B-003749,2.15,4000.0,2023-04-11
Gujarat,surat,Olpad,B-018481,1.52,2000.0,2023-12-25
Gujarat,Vadodara,KARJAN,B-007143,4.16,6000.0,2023-02-02
Maharashtra,Nagpur ,Ramtek,B-015239,3.45,4000.0,2023-04-10
Maharashtra,Nagpur,Ramtek,B-008397,0.85,,2023-05-18
Maharashtra,Nashik,Sinnar,B-012088,4.62,4000.0,2023-04-15
Maharashtra,Thane,Ambernath,B-005499,3.44,4000.0,2023-09-09
Gujarat,Ahmedabad, City,B-019873,3.67,,2023-10-16
MAHARASHTRA,Thane,Bhiwandi,B-005367,1.87,2000.0,2023-09-07
Maharashtra,Nagpur,Kamptee,B-010193,4.9,,2023-12-15
Gujarat,surat,Mangrol,B-019597,3.15,2000.0,2023-05-27
Maahaaraashtraa,Nagpur, Nagpur Rural,B-018963,2.23,2000.0,2023-01-08
Maharashtra,Nashik,Sinnar,B-000842,3.47,2000.0,2023-01-18
Gujarat,Ahmedabad,Sanand,B-010223,2.01,,2023-05-26
Maharashtra,Nashik,Sinnar,B-018868,2.45,2000.0,2023-07-26
Maharashtra,Pune,Junnar,B-012299,4.7,6000.0,2023-05-28
Gujarat,Vadodara,Karjan,B-012998,2.84,,2023-03-13
Gujarat,Surat,Mangrol,B-006499,0.57,6000.0,2023-11-09
Maharashtra,Nagpur,Nagpur Rural,B-002491,3.07,2000.0,2023-01-20
Maharashtra,Thane,Bhiwandi,B-007958,4.15,4000.0,2023-10-01
Maharashtra,Nagpur,Kamptee,B-003340,4.31,2000.0,2023-08-15
Maharashtra,Pune,Khed,B-009883,2.66,6000.0,2023-09-07
gujarat,Suraat,Choryasi,B-003967,4.79,6000.0,2023-08-06
Maharashtra, Thane,Kalyan,B-018545,3.34,,2023-03-28
Maharashtra,Pune,Junnar,B-001346,2.78,4000.0,2023-08-19
GUJARAT,Ahmedabad ,City,B-011378,0.57,,2023-06-18
Maharashtra,Pune, Baramati,B-017457,1.01,6000.0,2023-02-08
Maharashtra,Nashik,Sinnar,B-014038,2.37,2000.0,2023-11-14
Maharashtra ,Thane,Ulhasnagar,B-012143,4.89,4000.0,2023-11-12
Gujarat,vadodara,City,B-002260,0.7,2000.0,2023-03-19
MAHARASHTRA,Pune,Khed,B-016580,4.01,2000.0,2023-09-26
Gujarat,Ahmedabad,Sanand,B-011182,3.46,4000.0,2023-03-13
Maharashtra,Nagpur,Nagpur Rural,B-000415,3.04,,2023-10-21
Gujarat,Suraat,Choryasi,B-013765,3.23,2000.0,2023-11-17
Gujarat,Vaadodaaraa,Savli,B-016063,1.6,6000.0,2023-04-26
Gujarat,Ahmedabad,Bavla,B-003459,3.62,2000.0,2023-08-24
Gujarat,Surat,Choryasi,B-014206,4.62,4000.0,2023-11-16
Maharashtra,Nashik,Igatpuri,B-011869,4.22,4000.0,2023-03-18
Maharashtra,Thane,Thane,B-015065,1.12,4000.0,2023-05-26
Maharashtra, Thane,Ulhasnagar,B-005014,4.92,,2023-10-16
Maharashtra,Nashik,niphad,B-014271,2.38,2000.0,2023-09-23
Gujarat,vadodara,City,B-005772,0.61,,2023-03-03
Maharashtra,Nagpur,Ramtek,B-017097,2.4,,2023-03-13
Maharashtra,Thane ,Thane,B-008851,3.27,4000.0,2023-12-02
Maharashtra,Pune,Shirur,B-017635,2.34,4000.0,2023-08-24
Gujarat,Surat,Olpad,B-015844,1.33,,2023-10-27
gujarat,Vadodara,Vaghodia,B-015233,3.42,2000.0,2023-07-11
Gujaaraat,surat,Kamrej,B-014273,2.72,6000.0,2023-01-19
Gujarat,Vadodara,Savli,B-008795,2.42,,2023-06-13
Gujarat,Ahmedabad,CITY,B-010562,2.44,2000.0,2023-05-19
Gujarat ,Ahmedabad ,City,B-008045,2.48,4000.0,2023-03-10
Maharashtra,Thane,Kalyan,B-002840,3.5,4000.0,2023-03-04
Maharashtra,Nashik,Sinnar,B-009140,3.19,2000.0,2023-01-18
Gujarat,vadodara,Karjan,B-014772,1.77,6000.0,2023-10-14
Gujarat,Surat,Kamrej,B-007991,0.99,4000.0,2023-12-28
Maharashtra,Nagpur,Kamptee,B-015228,4.39,4000.0,2023-05-24
Maharashtra,Nagpur,Kamptee,B-018673,1.5,4000.0,2023-02-11
Maharashtra,Naashik,Nashik,B-019742,0.83,2000.0,2023-12-11
Maharashtra,Pune,Baramati,B-011024,1.93,,2023-09-22
Maharashtra,Pune,Baramati,B-000941,3.14,4000.0,2023-04-22
Maharashtra,NASHIK,Niphad,B-016198,1.77,,2023-04-21
Maharashtra,Nagpur,Nagpur Rural,B-010651,0.51,6000.0,2023-02-16
Maharashtra,Nashik ,Sinnar,B-005959,3.34,4000.0,2023-04-21
Gujarat,Ahmedabad,Sanand,B-015977,1.85,4000.0,2023-04-10
Gujarat,Vadodara,Padra,B-006951,2.95,6000.0,2023-05-04
Maharashtra ,Nashik,Igatpuri,B-011627,1.61,4000.0,2023-07-04
Maharashtra,Nashik,Malegaon,B-008466,3.64,,2023-12-05
Gujarat,Vadodara,City,B-011153,3.59,2000.0,2023-01-10
Maharashtra,Thane,Bhiwandi,B-009164,0.77,,2023-06-09
Gujarat,Ahmedabad,City,B-009053,1.67,2000.0,2023-01-09
Gujarat,Vadodara,Padra,B-018213,1.89,2000.0,2023-07-08
Maharashtra,Nashik,Nashik,B-000333,4.86,,2023-10-11
Maharashtra,nagpur,Ramtek,B-016929,0.91,,2023-12-11
Gujarat,Ahmedabad,Sanand,B-006261,2.83,,2023-06-18
Maharashtra,Nashik,Niphad,B-002806,3.73,,2023-05-26
Maharashtra,Nashik,Nashik,B-007909,3.8,6000.0,2023-01-02
Maharashtra,Pune,Khed,B-019749,4.06,4000.0,2023-01-06
Maharashtra,THANE,ulhasnagar,B-016010,4.16,2000.0,2023-07-21
Gujarat ,Surat,City,B-018193,3.75,,2023-12-14
Maahaaraashtraa,Pune,Khed,B-007875,3.81,,2023-07-07
Maharashtra,Thane,Ambernath,B-015601,1.86,,2023-08-07
Maharashtra,Nagpur,Hingna,B-016084,1.81,6000.0,2023-02-08
Gujarat,Surat,Choryasi,B-014686,2.9,,2023-04-13
Maharashtra,Pune,Khed,B-000566,3.93,,2023-12-04
Gujarat,Surat,Kamrej,B-003050,1.54,,2023-06-16
Maharashtra,Nagpur,Hingna,B-009642,4.89,4000.0,2023-02-18
Maharashtra,Nashik,Nashik,B-007262,0.88,6000.0,2023-07-20
Gujarat,Vadodara,City,B-013252,0.77,,2023-08-09
Gujarat,Surat,Choryasi,B-007973,1.95,2000.0,2023-10-20
Gujarat,SURAT,Choryasi,B-010034,4.08,2000.0,2023-09-16
Gujarat, Ahmedabad,City,B-019057,2.81,2000.0,2023-12-24
Maharashtra,Nagpur,NAGPUR RURAL,B-012093,3.91,6000.0,2023-03-17
 Maharashtra,Nagpur,Kamptee,B-015508,4.48,6000.0,2023-08-06
Gujarat,Vadodara,Savli,B-018137,2.3,2000.0,2023-05-04
Gujarat,Surat,Olpad,B-017398,1.72,,2023-06-20
Gujarat,Ahmedabad ,Bavla,B-011265,1.42,6000.0,2023-10-23
Gujarat, Ahmedabad,Bavla,B-013943,1.99,2000.0,2023-12-24
 Maharashtra, Nagpur,Ramtek,B-018036,2.62,2000.0,2023-01-10
maharashtra,Nashik,Niphad,B-010840,0.77,,2023-08-20
Maahaaraashtraa,Nashik,Nashik,B-011529,0.56,4000.0,2023-04-09
Maharashtra,Thane,Ulhasnagar,B-014869,1.88,6000.0,2023-10-25
Gujarat,Surat,City,B-008878,1.41,,2023-10-05
Maharashtra,Nagpur ,Hingna,B-010048,1.07,2000.0,2023-09-19
Gujarat,Ahmedabad,Dholka,B-008238,1.75,2000.0,2023-12-28
Gujarat,VADODARA,City,B-007555,0.91,,2023-10-05
maharashtra,Nagpur,Umred,B-003954,0.73,6000.0,2023-09-26
Gujarat,Surat,Kamrej,B-006311,3.92,4000.0,2023-04-18
Gujarat,Surat,City,B-010340,1.9,4000.0,2023-09-11
Gujaaraat,Vadodara,Savli,B-003918,4.75,2000.0,2023-05-23
Maharashtra,Nagpur,Umred,B-017560,4.05,6000.0,2023-11-04
Gujarat,Surat ,Olpad,B-006067,3.97,4000.0,2023-06-24
Gujarat,Surat,Olpad,B-006277,4.73,6000.0,2023-07-12
Maharashtra,Nashik,Malegaon,B-007091,2.12,6000.0,2023-04-01
Maharashtra,Thane,Ambernath,B-015867,2.76,2000.0,2023-01-20
Maharashtra ,Thane,Bhiwandi,B-009061,4.98,4000.0,2023-12-09
Maharashtra,Thane,Bhiwandi,B-017192,4.38,,2023-08-20
Gujarat,Surat,Mangrol,B-009274,3.88,2000.0,2023-02-02
GUJARAT,Ahmedabad,Bavla,B-003295,4.33,4000.0,2023-02-14
maharashtra,Nagpur,Kamptee,B-006361,1.75,4000.0,2023-04-21
Maharashtra,Pune,Khed,B-009708,4.54,4000.0,2023-03-19
Gujarat,Ahmedabad,Bavla,B-007455,4.27,4000.0,2023-11-02
Maahaaraashtraa,Pune , Shirur,B-011826,0.7,4000.0,2023-10-07
Gujarat,Vadodara,Vaghodia,B-005880,4.73,6000.0,2023-05-09
 Gujarat,Ahmedabad,Sanand,B-009905,3.05,2000.0,2023-08-03
Maharashtra,nagpur,Kamptee,B-000464,3.16,6000.0,2023-01-25
Maharashtra,Nashik ,Nashik,B-019405,4.45,,2023-04-10
Maharashtra,Nashik,Niphad,B-004148,2.21,4000.0,2023-05-06
Maharashtra ,Thane,Bhiwandi,B-008989,1.73,2000.0,2023-04-06
Maharashtra,Thane,Ulhasnagar ,B-001492,3.1,4000.0,2023-06-25
Gujarat,Vadodara,Savli,B-001787,0.67,2000.0,2023-10-13
Maharashtra, Nagpur,Umred,B-018133,4.15,6000.0,2023-05-07
Gujarat,Ahmedabad,Daskroi,B-009573,4.07,2000.0,2023-02-17
Maharashtra,Nashik,sinnar,B-004138,2.83,,2023-11-06
Gujaaraat,Vadodara,City,B-016086,3.46,,2023-01-11
Maharashtra,Nagpur, Hingna,B-003362,2.64,2000.0,2023-06-21
Maharashtra ,Nagpur,Hingna,B-000402,1.34,2000.0,2023-01-15
Gujarat,Surat,Mangrol,B-018811,2.63,2000.0,2023-04-09
Gujarat,Ahmedabad,Bavla,B-009318,0.68,2000.0,2023-04-25
 Gujarat,Vadodara,Vaghodia,B-015382,2.3,,2023-01-06
Gujarat ,Vadodara,Vaghodia,B-015687,4.74,4000.0,2023-04-19
Maharashtra ,Nagpur,ramtek,B-014434,1.89,2000.0,2023-03-26
Gujarat,ahmedabad,Sanand,B-011165,1.4,2000.0,2023-03-10
MAHARASHTRA,Thane,Ambernath,B-006042,3.76,,2023-03-22
GUJARAT,Ahmedabad,Bavla,B-001684,3.59,,2023-12-07
Gujarat,Vadodara,City,B-008274,3.93,6000.0,2023-02-13
Maharashtra,Nagpur,Ramtek,B-015655,1.97,2000.0,2023-05-27
Gujarat,Surat,Olpad,B-003739,3.51,6000.0,2023-10-01
Maharashtra,NASHIK,Igatpuri,B-002142,2.03,,2023-01-20
Gujarat,Surat,City,B-013131,1.35,,2023-04-10
 Gujarat,Surat,Olpad,B-016114,1.78,4000.0,2023-07-22
 Gujarat, Vadodara,City,B-002428,4.25,2000.0,2023-08-26
Maharashtra,Nagpur,Nagpur Rural,B-018908,2.32,6000.0,2023-01-06
Gujaaraat,Ahmedabad,City,B-001757,2.69,,2023-11-13
Gujarat,Surat,Olpad,B-004972,3.35,,2023-10-26
Gujarat,Surat,Kamrej,B-004889,4.3,6000.0,2023-06-04
Maharashtra,Nashik,Malegaon,B-018444,3.54,4000.0,2023-03-01
Gujarat,Ahmedabad,Daskroi,B-009957,2.82,,2023-10-24
Gujarat,Surat, Mangrol,B-002792,2.57,2000.0,2023-01-20
Gujarat,Ahmedabad,Bavla,B-008133,4.19,,2023-09-09
Maharashtra,Nashik,Malegaon,B-003882,1.84,2000.0,2023-01-20
Maharashtra, Nagpur,Kamptee,B-018287,0.88,6000.0,2023-02-05
Maharashtra,Nagpur,Umred,B-013638,4.87,2000.0,2023-12-20
Maharashtra,Thane,Thane,B-007396,4.19,6000.0,2023-10-15
Maharashtra ,Pune,Baramati,B-017124,3.37,2000.0,2023-02-13
Gujarat,Vadodara ,Vaghodia,B-019427,0.6,6000.0,2023-12-09
Maharashtra,Nagpur,Nagpur Rural,B-014763,1.36,2000.0,2023-05-10
Gujarat,Vadodara,Vaghodia,B-014508,0.72,4000.0,2023-10-16
Maharashtra,Nashik,Sinnar,B-009744,4.0,2000.0,2023-05-17
Maharashtra,Pune,Baramati,B-014052,1.73,2000.0,2023-07-07
Maharashtra,Pune,Khed,B-010007,2.58,4000.0,2023-11-11
Maharashtra,Nagpur ,Hingna,B-018633,3.25,,2023-12-23
Gujarat,Surat,Mangrol,B-001974,2.25,,2023-09-01
Gujarat,Ahmedabad,Daskroi,B-003252,2.58,2000.0,2023-12-16
Maharashtra, Nashik,Sinnar,B-006809,0.65,4000.0,2023-10-03
Gujarat,Vadodara,Padra,B-006915,4.93,2000.0,2023-06-10
Maharashtra,Thane,Ulhasnagar,B-008672,1.2,6000.0,2023-10-06
Gujarat,Ahmedabad,Sanand,B-002661,3.88,6000.0,2023-05-18
Gujarat,Vadodara,Padra,B-005147,2.2,2000.0,2023-02-04
Gujarat,Surat,City,B-007860,1.3,,2023-03-25
Gujarat,Surat,City,B-005696,4.55,,2023-05-11
Gujarat,Ahmedabad,Bavla,B-018088,3.35,2000.0,2023-11-11
Gujarat,Vadodara,Vaghodia,B-002460,2.73,2000.0,2023-08-10
GUJARAT,Surat,Kamrej ,B-005130,3.93,6000.0,2023-11-06
Maharashtra,Nagpur,Hingna,B-000088,2.35,,2023-11-01
Maahaaraashtraa,Nashik,Igaatpuri,B-013387,3.79,2000.0,2023-01-11
 Maharashtra,Thane,Thane,B-019200,0.6,6000.0,2023-10-26
Gujarat,Ahmedabad,Dholka,B-015399,1.23,,2023-06-24
MAHARASHTRA,Thane,Thane,B-009544,4.53,4000.0,2023-04-19
Gujarat,Surat,Mangrol,B-001070,1.59,6000.0,2023-03-15
Gujarat,Vadodara,Vaghodia,B-007586,4.42,,2023-03-08
Gujarat,surat,Mangrol,B-009441,2.33,,2023-09-16
 Gujarat,Ahmedabad,Dholka,B-009265,2.92,6000.0,2023-12-25
Gujarat,Vadodara,Karjan,B-014878,0.77,4000.0,2023-07-27
Maharashtra,Pune,Baramati,B-002333,3.42,6000.0,2023-07-26
Maharashtra ,Nagpur,Kamptee,B-007649,4.06,,2023-12-06
Gujarat,Ahmedabad,Bavla,B-008669,4.08,2000.0,2023-04-09
Maharashtra,Nagpur,Hingna,B-006483,3.69,2000.0,2023-04-25
Maharashtra,Thane,Kalyan,B-013931,2.53,6000.0,2023-05-19
Maharashtra,Thane,Bhiwandi,B-003761,1.8,,2023-04-12
Gujarat,Ahmedabad,Bavla,B-017845,3.05,2000.0,2023-05-16
Gujarat,SURAT,Kamrej,B-007367,1.82,,2023-07-09
MAHARASHTRA,Nashik,Igatpuri,B-004883,0.55,6000.0,2023-06-24
Gujarat,Vadodara,Vaghodia,B-008705,3.28,2000.0,2023-03-12
Maharashtra,Nagpur,Umred,B-004661,2.2,,2023-08-21
Maharashtra,Nashik,Nashik,B-019930,2.21,2000.0,2023-11-03
Gujarat,AHMEDABAD,Daskroi,B-001955,4.0,6000.0,2023-02-21
Maharashtra,Nashik,Niphad,B-005437,4.58,,2023-12-28
Gujarat,Vadodara,Savli,B-010080,0.65,2000.0,2023-11-04
Gujarat,Ahmedaabaad,Daskroi,B-018652,2.92,6000.0,2023-02-26
Maharashtra,Pune,Junnar,B-009458,4.09,2000.0,2023-03-23
Maharashtra,Thane,Thane,B-014391,4.91,2000.0,2023-05-18
MAHARASHTRA,Thane,Bhiwandi,B-004075,4.58,4000.0,2023-03-17
MAHARASHTRA,Thaane,Ambernath,B-015359,0.94,4000.0,2023-01-11
maharashtra,Pune,Shirur,B-009965,0.95,6000.0,2023-10-07
Gujarat, Vadodara,Padra,B-013190,1.0,4000.0,2023-08-25
Maharashtra,Nashik,Niphad,B-008921,4.97,6000.0,2023-05-25
Gujarat,Surat,Choryasi,B-016400,2.78,4000.0,2023-09-10
Maharashtra,Thane,Ambernath,B-017695,3.55,2000.0,2023-09-10
GUJARAT,Surat,Kamrej,B-016181,4.88,6000.0,2023-08-16
 Maharashtra,Nashik, Nashik,B-014345,2.04,6000.0,2023-11-18
maharashtra,Nashik,Malegaon,B-002636,2.76,2000.0,2023-06-25
Gujarat,Vadodara,Savli,B-001307,1.45,6000.0,2023-11-05
 Gujarat,Ahmedabad,City,B-014157,3.25,6000.0,2023-03-11
Gujarat,Vadodara,Savli,B-019316,4.01,4000.0,2023-05-08
Maharashtra,Thane,Kalyan,B-008205,1.15,6000.0,2023-06-24
Gujarat,Ahmedabad,Sanand,B-000848,3.03,,2023-07-01
 Gujarat,Surat,City,B-002993,4.89,2000.0,2023-05-01
Maharashtra,Nashik,Niphad,B-019802,2.18,4000.0,2023-06-14
Gujarat,Ahmedabad,Dholka,B-018849,1.47,4000.0,2023-09-15
MAHARASHTRA, Thane,Bhiwandi,B-000680,3.17,,2023-01-25
Gujarat,Ahmedabad,Dholka,B-008832,1.76,2000.0,2023-10-19
gujarat,Ahmedabad,Dholka,B-018883,2.16,2000.0,2023-05-04
gujarat,Vadodara,City,B-001319,2.36,4000.0,2023-03-28
Maharashtra,Nagpur,Umred,B-005741,2.47,6000.0,2023-06-19
Gujarat,Vaadodaaraa,Karjan,B-015418,3.6,4000.0,2023-03-25
Maharashtra,Pune,Shirur,B-017006,4.81,2000.0,2023-06-25
Gujarat,Surat ,Kamrej,B-014491,2.57,,2023-06-07
Maharashtra,Thane,kalyan,B-009115,3.39,4000.0,2023-07-13
Gujarat,Vadodara,Paadraa,B-005948,2.18,2000.0,2023-10-14
Maharashtra,Pune,Baramati,B-014284,2.92,4000.0,2023-05-19
Gujarat,Ahmedabad,Daskroi,B-016113,4.88,6000.0,2023-02-18
Maharashtra,Nashik, Nashik,B-002990,3.25,4000.0,2023-04-25
Maharashtra,Pune,Shirur,B-015402,2.53,4000.0,2023-12-05
Gujaaraat,Ahmedabad,Daskroi,B-011402,3.62,2000.0,2023-07-01
Gujarat, Surat,CITY,B-013381,1.95,2000.0,2023-03-09
Maharashtra,Nashik,Igatpuri,B-010922,3.44,2000.0,2023-04-25
Gujarat,Ahmedabad,Sanand,B-010521,1.35,4000.0,2023-03-07
maharashtra,Thane,Ambernath,B-003428,0.68,6000.0,2023-03-18
Gujarat,Ahmedabad,Sanand,B-005270,1.54,,2023-04-07
Maharashtra ,THANE,Ambernath,B-010808,0.62,,2023-08-04
GUJARAT,Ahmedabad,Dholka,B-013489,2.3,2000.0,2023-04-25
Gujarat,AHMEDABAD,Dholka,B-016236,3.1,2000.0,2023-09-04
Maharashtra, Nashik,Nashik,B-009445,2.11,4000.0,2023-06-14
Maharashtra,Naashik,Niphad,B-013123,1.65,,2023-02-15
 Maharashtra,Pune,Khed,B-018026,2.1,2000.0,2023-05-27
Maharashtra,Pune,Shirur,B-001203,5.0,6000.0,2023-02-21
Gujarat,Ahmedabad ,Dholka,B-014904,4.54,6000.0,2023-01-05
maharashtra,THANE,Thane,B-002886,2.61,2000.0,2023-01-02
Maharashtra,Nashik,Sinnar,B-010307,2.37,2000.0,2023-03-14
Maahaaraashtraa,Nashik,Malegaon,B-008271,4.15,,2023-03-12
Maharashtra,NAGPUR,Kamptee,B-010594,3.31,,2023-05-20
gujarat,Ahmedabad,City,B-003799,0.65,4000.0,2023-03-14
Maharashtra,Pune,Baramati,B-013245,1.26,,2023-02-01
Gujarat,ahmedabad,Sanand,B-016863,2.64,6000.0,2023-07-28
Gujarat,Vadodara,Karjan,B-000038,0.5,6000.0,2023-08-16
Maahaaraashtraa,Thane,Kalyan,B-017780,3.72,2000.0,2023-08-16
Maahaaraashtraa,NASHIK,Niphad,B-015139,0.87,,2023-02-23
Gujarat,Surat,City,B-013542,1.63,4000.0,2023-12-22
Maharashtra,Thane,Ambernath,B-001777,2.84,6000.0,2023-10-09
Maharashtra,Nagpur,Ramtek,B-006147,3.81,6000.0,2023-01-24
Gujarat,Ahmedabad,Dholka,B-016989,0.56,4000.0,2023-11-02
Maharashtra , Thane,Thane,B-011855,2.05,4000.0,2023-11-28
Gujarat,Suraat,City,B-016335,2.48,6000.0,2023-12-09
Gujarat,Vadodara,Vaghodia,B-014485,1.65,6000.0,2023-08-25
Gujarat,Surat,Mangrol,B-001692,2.84,4000.0,2023-02-26
Gujarat,Ahmedaabaad,Bavla,B-006671,1.52,6000.0,2023-08-27
Maharashtra ,Nagpur ,Kamptee,B-008751,2.46,2000.0,2023-02-28
Gujaaraat,VADODARA,Vaghodia,B-017997,1.39,2000.0,2023-12-12
Gujarat,Vaadodaaraa,Savli,B-004294,4.1,4000.0,2023-06-18
Maharashtra,Nashik,Igatpuri,B-009439,1.21,,2023-11-06
Maharashtra,Nashik,Igatpuri,B-014357,4.74,4000.0,2023-10-14
Maharashtra,Nashik,Niphad,B-015884,1.83,4000.0,2023-09-14
Gujarat,Vadodara ,City ,B-003979,3.69,,2023-11-10
Maharashtra,Nashik,Sinnar,B-000946,0.77,,2023-07-05
Maharashtra,NAGPUR,Umred,B-007842,1.22,,2023-07-13
Maharashtra,Nashik,Niphad,B-005190,4.77,2000.0,2023-03-13
Maharashtra,Nagpur,Kamptee,B-010183,1.43,6000.0,2023-03-22
Maharashtra,thane,Bhiwandi,B-018050,2.86,2000.0,2023-11-20
Gujarat,Vadodara,City,B-000449,2.94,6000.0,2023-10-15
Maharashtra ,Nagpur,Umred,B-018097,0.68,2000.0,2023-05-04
Gujarat, Surat,Mangrol,B-013370,1.51,6000.0,2023-02-03
Gujarat,Ahmedabad,Bavla,B-003055,3.66,2000.0,2023-07-14
Maharashtra,Pune,Junnar,B-019814,3.76,,2023-05-09
Gujarat,Vadodara,Vaghodia,B-003718,2.1,4000.0,2023-01-04
Gujarat,Vadodara,Padra,B-015121,3.5,2000.0,2023-02-25
Gujarat,Vadodara,Padra,B-003850,2.84,6000.0,2023-11-13
Maharashtra,Pune,Baramati,B-005046,4.79,,2023-10-04
Maharashtra,Naagpur,Kamptee,B-016331,4.57,2000.0,2023-07-27
Gujarat, Surat,City,B-009564,3.08,2000.0,2023-09-02
Gujarat,Surat,City,B-016675,3.51,,2023-01-07
Maharashtra , Nashik,Malegaon,B-008960,3.78,2000.0,2023-05-12
Gujarat,Ahmedabad,Sanand,B-013615,4.03,4000.0,2023-06-15
Maharashtra,Thaane,Kalyan,B-015811,2.96,2000.0,2023-06-24
Gujarat,Surat,City,B-015474,2.75,4000.0,2023-02-11
Gujarat,Ahmedabad,Sanand,B-007987,1.52,4000.0,2023-05-04
Maharashtra,Nagpur,Nagpur Rural,B-014968,1.34,,2023-07-07
Maharashtra,Thane,Kalyan,B-018064,2.47,2000.0,2023-06-25
Maharashtra,Nashik,Nashik,B-004740,3.12,,2023-09-23
Maharashtra,Thane,Ulhasnagar,B-012570,3.63,2000.0,2023-04-03
Maharashtra,Nagpur,Nagpur Rural,B-006246,4.33,2000.0,2023-03-23
Gujarat,Ahmedabad,Daskroi,B-016655,0.97,6000.0,2023-12-27
Maharashtra,Thane,Ulhasnagar,B-004474,1.51,2000.0,2023-01-08
Maharashtra, Nagpur,Umred,B-002288,3.63,,2023-04-08
Maharashtra,Nashik,Igatpuri,B-019296,1.84,4000.0,2023-01-28
Gujarat,Vadodara,City,B-013597,3.06,2000.0,2023-07-06
Gujarat,Vadodara,Savli,B-011138,4.91,6000.0,2023-12-09
Gujarat,Ahmedabad ,Bavla,B-016638,4.66,,2023-04-11
Gujarat,Vadodara,Karjan,B-008755,4.37,2000.0,2023-12-08
Gujarat,Vaadodaaraa,Karjan,B-000085,2.91,,2023-02-26
Maharashtra,Nashik,Igatpuri,B-009269,2.99,6000.0,2023-04-15
Maharashtra,Thaane,Bhiwandi,B-009784,3.16,6000.0,2023-02-06
Maharashtra,Pune,Khed ,B-019003,2.64,,2023-12-05
Maharashtra,Pune ,Shirur,B-016045,4.76,2000.0,2023-12-01
Gujarat,Vadodara,Padra,B-004870,2.28,4000.0,2023-11-15
Maharashtra,Thane,Ambernath,B-014633,3.06,6000.0,2023-09-14
Maharashtra,Nagpur,Umred,B-017649,4.38,2000.0,2023-10-02
Gujarat,Ahmedabad,sanand,B-015871,2.88,2000.0,2023-12-06
Maharashtra,Nashik,Niphad,B-011310,1.31,4000.0,2023-03-01
Gujarat,Vadodara, Padra,B-010894,3.08,6000.0,2023-11-13
Gujarat,Surat,Choryasi,B-018086,1.32,6000.0,2023-05-12
Maharashtra,Nashik,Malegaon,B-017808,1.33,2000.0,2023-07-07
Maharashtra,Nashik, Igatpuri,B-012361,3.88,2000.0,2023-09-09
Maharashtra,Pune,Khed ,B-014921,0.93,4000.0,2023-01-17
 Maharashtra,Pune,Haveli,B-010545,3.06,4000.0,2023-06-28
Maharashtra,Pune,Shirur,B-006182,2.91,6000.0,2023-06-04
Maharashtra,Nagpur,Umred,B-007826,3.68,,2023-03-17
Maharashtra,Nagpur,Umred,B-018737,4.71,6000.0,2023-02-26
Maharashtra,THANE,Ambernath,B-012550,1.25,2000.0,2023-02-16
Maharashtra,Nashik,Niphad,B-007654,4.72,6000.0,2023-11-18
Gujarat,Ahmedabad,Dholka,B-013461,0.79,,2023-04-12
Maharashtra,Nagpur,Umred,B-001431,2.32,4000.0,2023-06-02
Gujarat,Vadodara,City,B-010427,4.28,,2023-02-28
Gujarat ,Vadodara,Savli,B-019786,3.66,,2023-09-13
Gujarat,VADODARA,Karjan,B-012493,1.39,,2023-11-14
Gujarat,surat,City,B-012652,1.95,4000.0,2023-08-20
Gujarat,Ahmedabad,Dholka,B-004985,3.97,,2023-12-02
Gujarat,vadodara,Savli,B-016231,3.14,,2023-10-18
Maharashtra,Nashik,Malegaon,B-001214,0.71,,2023-05-13
Maharashtra,Nashik,Niphad,B-019367,3.58,2000.0,2023-07-24
Gujarat,Vadodara ,Vaghodia,B-016460,0.7,,2023-04-04
Gujarat,Surat,Mangrol,B-010879,0.83,4000.0,2023-04-16
Maharashtra,Nashik, Sinnar,B-003289,1.43,,2023-12-04
MAHARASHTRA,Thane,Ulhasnagar,B-014428,1.99,,2023-03-13
Maharashtra,Nashik,IGATPURI,B-003268,3.19,4000.0,2023-10-22
Maharashtra,Thane,Kalyan,B-017235,4.39,,2023-11-10
Maharashtra,Nashik,Sinnar,B-014973,2.34,4000.0,2023-01-14
Gujarat,Surat,Choryasi,B-000503,4.01,,2023-05-20
Maharashtra,Pune,Haveli,B-004724,2.52,4000.0,2023-11-23
maharashtra, Nashik,Igaatpuri,B-013435,1.97,,2023-12-09
Gujarat,Suraat,City,B-005059,3.92,,2023-07-27
Maharashtra,Nashik,Niphad,B-002452,1.07,2000.0,2023-01-16
GUJARAT, Vadodara,City,B-015385,3.93,2000.0,2023-02-08
Gujarat,Surat,Olpad,B-008685,3.19,,2023-01-22
Gujarat,VADODARA,Vaghodia,B-011094,0.7,,2023-01-05
Gujarat,AHMEDABAD,Daskroi,B-013025,1.4,6000.0,2023-11-02
Gujarat,Surat,City,B-002632,1.51,4000.0,2023-11-07
Gujarat,Ahmedabad,Daskroi,B-010767,0.81,6000.0,2023-04-20
Gujarat,Vaadodaaraa,Savli,B-017486,0.76,2000.0,2023-11-03
Gujarat,SURAT,Choryasi,B-012453,1.95,2000.0,2023-01-05
Maharashtra,nagpur,Hingna,B-010377,4.16,2000.0,2023-10-04
Maharashtra,Naashik, Igatpuri,B-015990,4.72,2000.0,2023-11-13
Maharashtra,Thane,Ulhasnagar,B-017729,1.57,,2023-08-20
Maharashtra,Thane,Kalyan,B-001177,4.64,2000.0,2023-03-15
Gujarat,Vadodara ,Karjan,B-002243,1.28,,2023-07-09
Maharashtra,Nashik ,Nashik,B-007693,2.57,,2023-12-18
Maharashtra,Nashik ,Igatpuri,B-009417,2.33,2000.0,2023-07-15
Gujarat,Surat,Kamrej,B-019245,1.97,2000.0,2023-07-05
Gujarat,VADODARA,Savli,B-002962,4.77,4000.0,2023-12-22
Gujarat,Ahmedabad,Bavla,B-014221,2.34,6000.0,2023-11-10
Maharashtra,Nashik,Sinnar,B-003226,2.54,2000.0,2023-10-14
Maharashtra ,Pune,Junnar,B-003294,2.23,4000.0,2023-09-14
Maharashtra,NASHIK,Malegaon,B-014539,3.5,4000.0,2023-05-24
Maharashtra,Nagpur,Umred,B-005452,1.18,6000.0,2023-06-15
Maharashtra, Thane,Thane,B-009813,4.7,,2023-10-17
Maharashtra,Pune,baramati,B-000949,4.64,2000.0,2023-01-11
Maharashtra,Nagpur,Nagpur Rural,B-001508,1.18,6000.0,2023-04-10
Maharashtra,Pune,Shirur,B-010630,4.23,2000.0,2023-08-11
Maharashtra,Naashik,Malegaon,B-001839,4.46,4000.0,2023-03-14
Maharashtra,Nagpur,Kamptee,B-009614,2.99,4000.0,2023-08-23
Maharashtra,Thane,Bhiwandi,B-011747,3.49,,2023-03-15
Maharashtra, Nagpur,Hingna,B-012283,2.65,4000.0,2023-01-19
Gujarat,Ahmedabad,Bavla,B-014113,4.52,4000.0,2023-08-22
Gujarat,Ahmedabad,Sanand,B-004771,0.81,6000.0,2023-03-20
Maharashtra,Thane,Ambernath,B-008002,4.71,2000.0,2023-11-07
Gujarat,Ahmedabad,City,B-017406,2.1,2000.0,2023-08-01
Gujarat,Surat,Choryasi,B-013503,2.81,6000.0,2023-09-01
Gujarat,VADODARA,Padra,B-019342,1.68,,2023-07-11
Maharashtra,Pune,Baramati,B-005901,3.47,2000.0,2023-06-18
Maahaaraashtraa,Pune, Baramati,B-005571,1.4,4000.0,2023-08-13
Gujarat ,Ahmedabad,Dholka,B-005737,4.11,2000.0,2023-07-14
Gujarat ,Ahmedabad,Daskroi,B-002588,2.7,4000.0,2023-05-03
Gujarat,Surat ,Kamrej,B-019596,4.53,,2023-01-26
Maharashtra,nagpur,Ramtek,B-007892,0.79,6000.0,2023-10-26
Maharashtra,Thane,thane,B-016308,3.81,2000.0,2023-06-28
 Maharashtra,Pune,Shirur,B-004690,3.49,6000.0,2023-10-04
Maharashtra,pune,Junnar,B-007609,3.73,2000.0,2023-02-01
Gujarat,surat,Olpad,B-015111,2.24,4000.0,2023-11-17
Maharashtra, Nashik,Niphad,B-008323,1.34,6000.0,2023-05-24
Maharashtra,Pune,JUNNAR,B-015060,1.68,2000.0,2023-09-19
Maharashtra,Nashik,NIPHAD,B-008367,4.32,4000.0,2023-04-06
Gujarat,Surat,City,B-000308,2.78,6000.0,2023-05-07
Gujarat,Surat,Olpad,B-015246,0.53,6000.0,2023-11-09
Maharashtra,thane,Ulhasnagar,B-009426,4.56,2000.0,2023-01-20
 Gujarat,surat,Olpad,B-017911,3.97,2000.0,2023-06-23
Maharashtra,Pune,Shirur,B-005177,2.11,2000.0,2023-08-12
Gujarat,Vadodara,Padra,B-002421,3.85,4000.0,2023-04-19
Maharashtra ,Nashik,Nashik,B-014475,1.96,2000.0,2023-07-15
Gujarat, Surat,Mangrol,B-011324,0.61,6000.0,2023-03-26
Gujarat,Ahmedabad,City,B-009803,2.15,6000.0,2023-07-26
MAHARASHTRA,nashik,Malegaon,B-013904,1.17,2000.0,2023-06-07
Maharashtra,Pune,Khed,B-008196,1.35,2000.0,2023-10-24
Gujarat,Vadodara,Padra,B-014970,4.86,,2023-01-12
Maharashtra ,Nagpur,Hingna,B-009900,1.14,6000.0,2023-09-16
Maharashtra,Nashik ,Sinnar,B-006528,2.02,4000.0,2023-05-22
Gujarat,Surat,Olpad,B-012606,2.03,,2023-06-26
Maharashtra,Nagpur, Ramtek,B-015834,2.17,2000.0,2023-04-07
Gujarat,Ahmedabad,City,B-003495,3.35,2000.0,2023-08-26
Maharashtra,Thane,Bhiwandi,B-007773,1.37,6000.0,2023-03-11
Maharashtra,Nashik,Igatpuri,B-012497,1.62,2000.0,2023-10-16
Maharashtra,Pune,Khed,B-018741,1.17,4000.0,2023-06-03
Gujarat,Vadodara,Savli,B-011763,4.81,6000.0,2023-05-03
Gujarat,Surat ,Kamrej,B-018836,2.14,2000.0,2023-01-16
Maharashtra,Thane ,Thane,B-009696,2.67,6000.0,2023-03-26
Maharashtra,Thane,Bhiwandi,B-009675,4.47,2000.0,2023-04-27
Maharashtra,Nashik,Niphad,B-000719,3.8,2000.0,2023-12-07
Gujarat, Vadodara,Savli,B-019691,4.18,2000.0,2023-01-10
Maharashtra,thane,Kalyan,B-008995,3.93,4000.0,2023-02-12
Gujarat,Surat,Mangrol,B-000266,2.22,4000.0,2023-03-20
Gujarat,Surat ,Kamrej,B-018969,1.39,6000.0,2023-10-15
MAHARASHTRA,Thane,ulhasnagar,B-001608,4.4,2000.0,2023-09-16
 Gujarat,Ahmedabad,Bavla,B-016277,3.41,2000.0,2023-07-06
Gujarat,Ahmedabad,City,B-009379,1.96,4000.0,2023-10-02
GUJARAT,Vadodara,Vaghodia,B-019808,1.13,2000.0,2023-02-17
Maharashtra,Nashik ,Nashik,B-011545,2.02,4000.0,2023-07-11
Maharashtra,Pune,Shirur,B-007177,3.39,2000.0,2023-07-23
Maharashtra,NAGPUR,Umred,B-006231,1.02,6000.0,2023-05-08
Maahaaraashtraa,THANE,Thane,B-008213,0.69,2000.0,2023-04-05
Maharashtra,Nagpur,Ramtek,B-004482,3.52,2000.0,2023-01-17
Maharashtra,Thane,Ulhasnagar,B-003184,2.98,,2023-01-07
Maharashtra,Pune,baramati,B-001292,3.12,4000.0,2023-06-17
Maharashtra,nashik,Nashik,B-010124,3.85,2000.0,2023-05-09
Gujarat,AHMEDABAD,Bavla,B-014445,1.65,2000.0,2023-04-11
Maharashtra,Thane,Kalyan,B-001094,2.5,,2023-11-22
Gujarat,vadodara,vaghodia,B-011956,3.84,,2023-04-07
Maharashtra,Thane,Ambernath,B-004307,4.18,4000.0,2023-06-15
Maharashtra,Pune ,Junnar,B-002954,0.61,,2023-01-07
Maharashtra, Nashik,Malegaon,B-009671,2.56,6000.0,2023-07-20
Maharashtra,Nashik,Nashik,B-010706,4.08,,2023-11-28
maharashtra,Thane,Thane,B-013616,3.29,6000.0,2023-01-09
Maharashtra,Pune,Haveli,B-005756,1.22,4000.0,2023-01-12
Maharashtra,Nashik,Sinnar,B-006580,2.18,4000.0,2023-05-14
Maharashtra,pune,Khed,B-004331,1.68,4000.0,2023-04-04
Maharashtra,Pune,Khed,B-019379,1.01,4000.0,2023-12-08
Gujarat,Surat,Mangrol,B-011989,1.72,4000.0,2023-12-19
GUJARAT, Vadodara,City,B-017395,0.63,6000.0,2023-08-14
Gujarat,Surat,Mangrol,B-016443,0.7,6000.0,2023-02-25
Maharashtra,Thane,Bhiwandi,B-008931,1.7,4000.0,2023-11-09
Maharashtra,Nashik,niphad,B-005392,4.43,,2023-07-18
Gujarat,Vadodara,Padra,B-008421,1.79,2000.0,2023-02-20
Gujarat,Ahmedabad,Bavla,B-015790,3.46,4000.0,2023-06-24
Gujarat ,Vadodara,Karjan,B-009672,2.17,,2023-06-25
 Maharashtra,Thane,Ulhasnagar,B-011100,4.83,2000.0,2023-02-20
Maharashtra,Thane,Kalyan,B-003774,2.6,4000.0,2023-09-28
Maharashtra,Nashik,Nashik,B-015347,4.92,4000.0,2023-03-20
Gujarat,Ahmedabad,Daskroi,B-002468,4.09,6000.0,2023-03-27
Maharashtra,Nashik,Sinnar,B-004613,4.46,2000.0,2023-09-18
Maharashtra,Pune,Baramati,B-007393,2.98,2000.0,2023-03-24
Maharashtra,Nashik,Igatpuri,B-013023,1.96,,2023-06-18
Gujarat,Surat,City,B-018263,2.08,6000.0,2023-07-23
Maharashtra,Nagpur,Hingna,B-011986,3.62,6000.0,2023-04-23
Maharashtra,Pune,Haveli,B-002960,2.73,6000.0,2023-02-23
Maharashtra,Thane,Ambernath,B-012930,2.94,6000.0,2023-02-27
maharashtra,NASHIK,Niphad,B-000457,3.99,2000.0,2023-02-03
Maharashtra,Thane ,Kalyan,B-008666,0.55,2000.0,2023-10-10
Gujarat, Ahmedabad,Daskroi,B-017583,4.64,4000.0,2023-11-20
Maharashtra,Pune,Baramati,B-004050,2.08,4000.0,2023-05-23
Gujarat,Vadodara,City,B-014903,0.94,6000.0,2023-12-19
Gujarat,Ahmedabad,Sanand,B-012078,2.21,6000.0,2023-08-25
Maharashtra,Nagpur,nagpur rural,B-008591,2.55,6000.0,2023-12-11
Maharashtra,Thane,Thane,B-012486,2.99,4000.0,2023-12-28
Gujarat,Surat,KAMREJ,B-012173,3.17,,2023-11-25
Maharashtra,Pune,Khed,B-003551,2.58,,2023-12-19
Gujarat,Ahmedabad,Dholka,B-007662,1.64,4000.0,2023-02-23
Gujarat,Vadodara,Savli,B-015450,1.23,4000.0,2023-05-20
Gujarat,Ahmedabad,Daskroi,B-000821,0.85,4000.0,2023-08-16
MAHARASHTRA,Thane,THANE,B-018397,1.51,4000.0,2023-11-19
Gujarat,Vadodara,Padra,B-010749,4.6,4000.0,2023-02-06
Maahaaraashtraa,Nagpur,Ramtek,B-007254,2.15,4000.0,2023-12-14
Maharashtra,Pune,Khed,B-002072,2.95,6000.0,2023-07-16
Maharashtra,Pune,Baramati,B-015214,0.79,6000.0,2023-05-22
Gujarat,Ahmedabad,Sanand,B-009903,4.68,6000.0,2023-03-04
Maahaaraashtraa,PUNE,Khed,B-013380,4.98,6000.0,2023-06-18
Maharashtra,Thane,Kalyan,B-003824,3.12,4000.0,2023-02-18
Maharashtra,PUNE,Baramati,B-004581,2.26,,2023-06-02
Gujarat,Vadodara ,Vaghodia,B-001486,0.54,2000.0,2023-03-11
Maharashtra,Thane,Thane,B-001220,2.64,4000.0,2023-08-07
Maahaaraashtraa,Nagpur,Hingna,B-009974,4.12,2000.0,2023-03-22
Maharashtra,nagpur,Ramtek,B-016143,4.95,,2023-02-19
Maharashtra,Nashik,Nashik,B-003806,2.13,6000.0,2023-04-27
Maharashtra,Thane,Kalyan ,B-003185,4.01,,2023-01-07
Gujarat,Ahmedabad,Bavla,B-007694,3.87,4000.0,2023-03-16
Gujarat,Vadodara,Vaghodia,B-017615,1.21,6000.0,2023-10-17
Maharashtra,Thaane,ulhasnagar,B-004446,3.03,4000.0,2023-12-25
Maharashtra,Nagpur ,Umred,B-012736,2.59,6000.0,2023-06-10
Gujarat,Vadodara,Karjan,B-014865,2.61,2000.0,2023-08-13
Maharashtra, Nagpur,Ramtek,B-012158,2.9,2000.0,2023-10-21
Maharashtra,Pune ,Shirur,B-017702,3.17,2000.0,2023-04-11
Gujarat,Ahmedabad,City,B-013734,1.88,,2023-06-17
Gujarat,Surat,Choryasi,B-005064,1.35,4000.0,2023-10-26
Maharashtra,Nagpur,Ramtek,B-019440,3.59,,2023-12-18
Gujarat,Ahmedabad,City,B-003245,1.03,2000.0,2023-12-10
Maharashtra,Thane,Thane,B-016035,1.32,4000.0,2023-11-26
Gujarat,Vadodara,Padra,B-013374,4.7,2000.0,2023-08-18
Gujaaraat,ahmedabad,Daskroi,B-009167,4.16,,2023-07-01
Maharashtra ,Pune,Shirur,B-001073,4.96,,2023-10-27
Maharashtra,Thane,Bhiwandi,B-012142,4.92,,2023-11-16
Maharashtra,Nagpur,Hingna,B-007120,1.31,2000.0,2023-06-25
maharashtra,Pune,Junnar,B-014529,1.07,4000.0,2023-02-24
Gujarat,Surat,Olpad,B-014572,0.54,4000.0,2023-06-20
Maharashtra,THANE,Bhiwandi,B-007737,3.07,2000.0,2023-05-18
Gujarat,Ahmedaabaad,Sanand,B-011885,3.93,4000.0,2023-03-26
Gujarat,Ahmedabad,Dholka,B-003256,0.91,2000.0,2023-12-20
Maharashtra,THANE,Bhiwandi,B-012037,1.49,4000.0,2023-08-20
Maharashtra,Nashik,Nashik,B-017842,0.51,6000.0,2023-11-10
Gujarat,Surat,Olpad,B-011754,1.46,6000.0,2023-02-28
Maharashtra,Nagpur,Nagpur Rural,B-001985,4.5,,2023-10-25
Gujarat , Ahmedabad,Dholka,B-013047,4.44,6000.0,2023-06-11
Maharashtra,Pune,Khed,B-009041,3.23,6000.0,2023-06-05
Maharashtra,Pune,Shirur,B-006220,4.05,6000.0,2023-04-07
Gujarat,Ahmedabad ,City,B-004003,2.21,2000.0,2023-08-01
Maharashtra,thane,Thane,B-014901,2.05,6000.0,2023-07-01
Gujarat,Vadodara,Padra,B-003004,2.47,6000.0,2023-06-08
Maharashtra,Thane,Bhiwandi,B-019301,1.26,,2023-10-21
Gujarat,Vadodara,Savli,B-000700,4.91,6000.0,2023-06-02
MAHARASHTRA,Naashik,igatpuri,B-019755,2.86,6000.0,2023-05-15
Maharashtra,Nagpur,Umred,B-010929,4.62,4000.0,2023-04-14
maharashtra,thane,Ambernath,B-007982,3.08,,2023-12-06
Maharashtra,Thane,Ulhasnagar,B-004127,1.56,,2023-04-20
maharashtra,PUNE,Shirur,B-018501,4.01,,2023-09-25
Gujarat,AHMEDABAD,Bavla,B-006725,0.54,,2023-03-25
Maharashtra,Thaane,Bhiwandi,B-019375,2.27,,2023-03-02
GUJARAT,Vaadodaaraa,City,B-018161,3.08,,2023-05-15
Maharashtra,Thane,Thane,B-006789,1.23,2000.0,2023-10-25
 Maharashtra,Pune ,Baramati,B-007077,4.09,6000.0,2023-11-25
Gujarat,Surat,City,B-007635,2.6,,2023-11-17
Gujarat,Ahmedabad,Sanand,B-018999,2.32,6000.0,2023-05-17
 Gujarat,surat,Choryasi,B-019489,3.2,6000.0,2023-06-27
 Maharashtra,Thane,Ambernath,B-000093,0.61,2000.0,2023-08-07
Maharashtra,Pune,Khed,B-009086,2.52,,2023-10-26
Maharashtra,Nagpur,Ramtek,B-004742,0.57,4000.0,2023-04-15
Maharashtra,Thane,Kalyan,B-004260,4.47,2000.0,2023-08-05
Gujarat,SURAT,Choryasi,B-019137,4.65,4000.0,2023-05-12
Maharashtra,Pune,Junnar,B-008214,4.42,6000.0,2023-02-20
Maharashtra,Thane,Ulhasnagar,B-005718,4.7,6000.0,2023-08-03
Gujarat,Ahmedabad,Sanand,B-003603,0.55,2000.0,2023-02-05
Maahaaraashtraa,Thaane,Bhiwandi,B-000845,2.52,2000.0,2023-06-26
Gujarat,Surat,Mangrol,B-004319,4.11,4000.0,2023-10-04
Gujarat,Surat,Kamrej,B-000487,3.5,,2023-09-24
GUJARAT,Vadodara,Vaghodia,B-011739,3.47,4000.0,2023-08-24
MAHARASHTRA, Thane,Bhiwandi,B-007797,1.49,2000.0,2023-01-10
Maharashtra,Pune,Haveli,B-010610,4.1,4000.0,2023-03-14
Maharashtra,thane,Kalyan,B-000518,0.67,2000.0,2023-12-16
Maharashtra,Pune,Shirur,B-005710,3.53,4000.0,2023-02-03
Gujarat,Surat,Mangrol,B-008696,2.17,2000.0,2023-08-09
Gujarat,Ahmedabad,Daskroi,B-001718,3.57,2000.0,2023-12-19
Gujarat,Vadodara,Savli,B-004154,1.6,2000.0,2023-01-14
Gujarat,Vadodara,City,B-013795,4.88,,2023-07-02
Maharashtra,THANE,Ambernath,B-017239,4.3,4000.0,2023-04-08
Gujarat,Surat,Mangrol,B-003725,2.78,4000.0,2023-07-24
Gujarat,Surat,CITY,B-002083,3.3,4000.0,2023-11-03
Gujarat, Ahmedabad,City,B-015606,1.19,2000.0,2023-08-01
Gujarat,AHMEDABAD,Daskroi,B-014690,4.99,4000.0,2023-07-19
Maharashtra,Nashik,Sinnar,B-011864,3.25,4000.0,2023-03-11
Maharashtra,Nashik,Nashik,B-016818,0.95,2000.0,2023-02-26
 Maharashtra,Pune,HAVELI,B-003574,4.96,6000.0,2023-01-16
Maharashtra ,Nashik,Malegaon,B-014812,3.59,2000.0,2023-12-12
Maharashtra ,Nagpur,Naagpur Ruraal,B-016510,0.87,4000.0,2023-01-20
Maharashtra,PUNE,Haveli,B-007260,4.21,2000.0,2023-08-04
Maharashtra,Thane,Bhiwandi,B-001421,4.24,6000.0,2023-05-05
Maharashtra,Pune,Shirur,B-017087,3.99,2000.0,2023-09-04
Gujarat,Vadodara,Padra ,B-009884,3.49,4000.0,2023-12-16
Gujarat,Surat,Kamrej,B-015010,3.68,6000.0,2023-07-14
Maharashtra,Thane,Thane,B-001021,1.45,,2023-08-05
maharashtra,Nagpur,Umred,B-001994,0.98,4000.0,2023-08-05
Maharashtra,Nagpur ,Umred,B-015696,3.11,6000.0,2023-12-16
Gujarat,Surat,Olpad,B-013161,3.52,6000.0,2023-12-19
Maharashtra, Thane,Ambernath,B-013969,2.14,,2023-07-07
gujarat,Ahmedabad,Sanand,B-003538,2.25,2000.0,2023-08-15
Gujarat,Surat,City,B-016066,4.17,2000.0,2023-12-23
Gujarat,Surat,Olpad,B-014535,4.41,4000.0,2023-03-01
Maharashtra,Nashik,Nashik,B-002409,4.95,,2023-03-02
Maharashtra,Nagpur,Ramtek,B-002648,4.58,2000.0,2023-12-06
gujarat,Surat,Choryasi,B-010555,4.1,,2023-06-11
Maahaaraashtraa,PUNE,Haveli,B-004861,3.46,2000.0,2023-12-24
Gujarat,Vadodara,Vaghodia,B-002153,3.16,6000.0,2023-10-07
Gujarat,Surat,Olpaad,B-004136,2.96,2000.0,2023-09-25
Gujarat ,Suraat,Mangrol,B-009012,4.06,,2023-08-27
Gujarat,Surat,Choryasi,B-017969,1.54,6000.0,2023-06-27
Maharashtra,Nashik,Igatpuri,B-010656,0.67,6000.0,2023-04-22
Maharashtra,THANE, Kalyan,B-012482,1.58,6000.0,2023-01-14
Maharashtra,Pune,Junnar,B-017386,4.16,,2023-09-14
Maharashtra,Pune,Khed,B-009664,3.38,4000.0,2023-05-25
Maharashtra,Pune,Junnar,B-019865,2.99,4000.0,2023-02-28
Maharashtra,Thane,Thane,B-016566,1.3,4000.0,2023-11-07
Maharashtra,PUNE,Haveli,B-014097,0.59,,2023-03-24
Maharashtra ,Thane,Kalyan,B-003250,4.58,6000.0,2023-04-24
Maharashtra,Nashik,Nashik,B-003750,4.99,4000.0,2023-12-18
MAHARASHTRA,Pune,Shirur,B-018067,0.51,,2023-04-03
Maharashtra, Thane,Bhiwandi,B-007046,2.75,4000.0,2023-09-15
Gujaaraat,vadodara,Vaghodia,B-014093,0.91,2000.0,2023-03-13
Maharashtra,nashik,Niphad,B-014797,3.29,4000.0,2023-02-03
MAHARASHTRA,Nashik,Nashik,B-007488,1.37,4000.0,2023-11-12
Maharashtra,Pune,Khed,B-013560,0.97,6000.0,2023-09-25
Gujarat, Surat,City,B-011107,3.86,,2023-02-24
Maharashtra,Nashik,Igatpuri,B-014861,3.01,6000.0,2023-08-13
Gujarat,ahmedabad,CITY,B-013066,0.52,6000.0,2023-06-01
Gujarat,Ahmedabad,Bavla,B-013632,4.86,6000.0,2023-08-03
Maharashtra,Nagpur,Ramtek,B-003116,1.02,6000.0,2023-03-16
Gujarat,Vadodara,Padra,B-010242,1.04,6000.0,2023-01-26
Gujarat,Ahmedabad,City,B-013985,0.68,4000.0,2023-02-02
Maharashtra,Thane,Ambernath,B-010241,4.17,6000.0,2023-03-09
Gujarat,Ahmedabad,Daskroi,B-008353,2.14,6000.0,2023-08-10
Maharashtra,Thane ,Ambernath,B-012266,3.7,,2023-03-17
Maharashtra,Nagpur ,Hingna,B-005002,1.93,2000.0,2023-02-06
Maharashtra,nashik,Sinnar,B-015541,4.29,4000.0,2023-09-25
Gujarat,Vaadodaaraa,Karjan,B-002200,4.42,4000.0,2023-09-10
 Maharashtra,Thane, Ambernath,B-019124,0.92,4000.0,2023-06-09
maharashtra,Pune,Junnar,B-002798,0.98,6000.0,2023-08-02
Gujarat,Vadodara,City,B-019074,1.21,6000.0,2023-09-26
MAHARASHTRA,Thaane,Thane,B-014152,0.97,6000.0,2023-01-16
Maharashtra,Naashik,Sinnar,B-003165,2.34,,2023-11-17
Maharashtra,Thane,Bhiwandi,B-012211,2.72,2000.0,2023-04-02
Gujarat,Surat,Olpad,B-004264,2.88,6000.0,2023-06-05
Gujarat,Surat,City,B-018232,1.71,2000.0,2023-10-28
Maharashtra,Naagpur,Kamptee,B-001966,4.9,,2023-07-19
Maharashtra,Nashik,Niphad,B-018403,4.17,4000.0,2023-10-04
maharashtra,THANE,Thane,B-018406,3.79,6000.0,2023-11-13
Maharashtra,nagpur,Ramtek,B-010802,3.43,2000.0,2023-12-04
Maharashtra,Pune,Haveli,B-004006,1.16,2000.0,2023-11-26
Maharashtra,Nagpur,Kamptee,B-013462,3.47,6000.0,2023-11-09
Gujarat,Surat,Kamrej,B-011587,2.25,4000.0,2023-04-28
Maharashtra,Thane,Thane,B-013859,1.63,4000.0,2023-07-15
maharashtra,Nashik,Nashik,B-001686,1.42,4000.0,2023-02-10
Maharashtra,nagpur,Umred,B-018953,3.93,,2023-02-19
Gujarat,Surat,Mangrol,B-010239,3.6,2000.0,2023-05-27
Gujarat, Vadodara,City,B-011523,4.57,2000.0,2023-01-25
Maharashtra,Thane,Thane,B-019662,2.98,2000.0,2023-11-05
Maharashtra,Nagpur,Kamptee,B-016627,0.94,,2023-11-17
Maharashtra,Thaane,Ambernath,B-006972,0.98,2000.0,2023-05-09
Maharashtra,Thane,Thane,B-005071,3.26,,2023-09-06
Gujarat,vadodara,Padra,B-015801,3.6,4000.0,2023-09-14
GUJARAT,Ahmedabad ,Daskroi,B-007349,2.41,6000.0,2023-12-26
Maharashtra,Thane,Bhiwandi,B-003547,4.82,2000.0,2023-10-19
 Gujarat,Ahmedabad,Sanand,B-011473,1.96,2000.0,2023-06-12
Gujarat,Vadodara,City,B-018228,2.44,4000.0,2023-09-01
MAHARASHTRA,pune,Shirur,B-012045,2.36,6000.0,2023-12-03
Maharashtra,Nagpur,Hingna,B-003765,1.11,,2023-12-07
Maharashtra,nashik,Sinnar,B-009129,2.34,6000.0,2023-05-21
Gujarat,SURAT,Kamrej,B-007411,0.92,4000.0,2023-05-26
Gujarat,Vadodara,Karjan,B-014062,2.64,4000.0,2023-05-18
Maharashtra,Nashik, Nashik,B-018382,4.18,6000.0,2023-04-26
Gujarat,Suraat,Choryasi,B-018244,4.66,,2023-05-01
Gujarat,Surat,Olpad,B-000861,3.0,,2023-03-01
Maharashtra,Nagpur,Hingna,B-008764,1.37,2000.0,2023-03-08
Maharashtra,PUNE,Baramati,B-018981,1.83,,2023-01-22
Gujarat,surat,Kamrej,B-005912,3.76,6000.0,2023-06-21
Maharashtra,Thane,Ambernath,B-008955,4.25,4000.0,2023-03-16
Gujarat ,AHMEDABAD,Dholka,B-010125,4.52,2000.0,2023-02-03
Maharashtra,nashik,Nashik,B-011136,3.65,2000.0,2023-03-09
Gujarat,Vadodara,Savli,B-011503,4.55,4000.0,2023-10-19
Gujarat,Ahmedaabaad,Daskroi,B-000201,3.05,,2023-08-14
Maharashtra,Nashik,Malegaon,B-005945,1.67,4000.0,2023-04-24
Maharashtra ,Pune,Khed,B-004695,4.67,,2023-10-04
Maharashtra,Naagpur,Ramtek,B-018558,1.01,4000.0,2023-08-13
MAHARASHTRA,Nagpur,Ramtek,B-013133,1.07,6000.0,2023-01-17
Gujarat,Vaadodaaraa,Kaarjaan,B-002281,2.92,,2023-05-09
Gujarat,Ahmedabad, Daskroi,B-004649,4.33,6000.0,2023-04-05
Maharashtra,NASHIK,Igatpuri,B-001005,0.82,2000.0,2023-12-21
Gujarat ,Vadodara,Karjan,B-003007,4.97,4000.0,2023-06-01
Maharashtra,Pune,Baramati,B-017383,3.61,2000.0,2023-12-01
Maharashtra,Nagpur,Nagpur Rural,B-007050,3.14,2000.0,2023-02-23
Maharashtra,Nashik,Niphad,B-012328,4.52,2000.0,2023-11-12
Maharashtra,Pune,Junnar,B-013758,3.74,2000.0,2023-06-11
Gujarat,Ahmedabad,Dholka,B-014866,1.8,4000.0,2023-05-09
MAHARASHTRA,Nashik,Nashik,B-011171,2.65,2000.0,2023-08-17
Maharashtra ,Pune,Shirur,B-005158,1.91,4000.0,2023-08-02
Gujarat,Vaadodaaraa,Vaghodia ,B-012126,4.49,4000.0,2023-07-12
Gujaaraat,AHMEDABAD,Daskroi,B-010212,3.03,6000.0,2023-04-14
Maharashtra,Nagpur,Umred,B-019728,2.16,,2023-01-12
Maharashtra,Thane,Ambernath,B-018599,0.69,,2023-12-02
GUJARAT,Vaadodaaraa,City,B-002784,3.01,4000.0,2023-10-12
Maharashtra,Pune,Khed,B-001724,4.35,6000.0,2023-09-06
Maharashtra ,Nagpur,Ramtek,B-005099,4.39,4000.0,2023-05-27
Gujaaraat,Vadodara,Savli,B-019718,1.68,4000.0,2023-12-09
Maharashtra,Nashik,Malegaon,B-001631,1.62,4000.0,2023-04-13
Maharashtra,Nashik ,Niphad,B-002674,3.53,6000.0,2023-03-23
Gujarat,SURAT,City,B-008917,3.4,,2023-11-24
Maharashtra,THANE,Ambernath,B-014520,3.9,6000.0,2023-03-12
Gujarat,Vadodara ,savli,B-013895,4.2,2000.0,2023-05-21
Gujarat ,Ahmedabad,Dholka,B-015915,0.69,6000.0,2023-07-26
Maharashtra,Nashik,Igatpuri,B-019092,1.34,6000.0,2023-04-28
Maharashtra,Pune,Khed,B-013572,4.06,6000.0,2023-05-17
Gujarat,Vadodara,Savli,B-008952,3.79,6000.0,2023-06-08
Gujarat,Vadodara,Vaghodia,B-007064,3.76,,2023-03-15
Maharashtra,Pune,Junnar,B-016789,3.38,2000.0,2023-05-08
Maharashtra,Nashik ,Sinnar,B-003730,2.87,,2023-10-11
Maharashtra,NAGPUR,Kamptee,B-011311,0.91,,2023-12-20
Gujarat,Surat,Mangrol,B-014088,2.95,6000.0,2023-10-07
Maharashtra,Thane,Thane,B-003634,1.48,4000.0,2023-07-21
Gujarat, Ahmedabad,City,B-009282,3.76,4000.0,2023-02-25
Gujarat,Vadodara,Vaghodia,B-015946,0.93,,2023-09-28
Gujarat,Surat,Choryasi,B-017267,0.54,,2023-03-07
Maharashtra,pune,Khed,B-010107,2.37,6000.0,2023-09-05
Gujarat, Vadodara,Savli,B-001489,3.37,,2023-08-09
Maharashtra,Thane,Ulhasnagar,B-007226,4.59,6000.0,2023-01-20
Maharashtra,Nashik,Sinnar,B-012952,4.49,4000.0,2023-02-10
Maharashtra,Pune,Shirur,B-001796,3.09,4000.0,2023-02-18
Maharashtra,Thane,Ulhasnagar,B-000252,4.27,2000.0,2023-10-05
GUJARAT,Surat,Choryasi,B-006699,2.78,4000.0,2023-02-08
Gujarat,Surat,Kamrej ,B-009877,4.7,,2023-12-24
Maahaaraashtraa,Thane,Ulhasnagar,B-006922,4.23,4000.0,2023-11-01
Gujarat,Ahmedabad,Daskroi,B-004497,4.85,6000.0,2023-12-02
Gujarat,VADODARA,Savli,B-008373,4.31,4000.0,2023-01-07
Maharashtra, Pune,Junnar,B-009485,3.23,2000.0,2023-01-13
Maharashtra,NAGPUR,UMRED,B-010752,3.95,4000.0,2023-05-11
 Gujarat,Ahmedabad,Sanand,B-003932,3.07,6000.0,2023-08-21
Gujarat,Vadodara,Padra,B-000254,3.3,6000.0,2023-09-27
Maharashtra,Thane,Kalyan,B-016299,1.87,,2023-09-01
Gujarat,Vadodara,Savli,B-014112,1.57,4000.0,2023-11-18
gujarat,Vadodara ,Savli,B-005758,1.06,6000.0,2023-02-22
Gujarat,Ahmedabad,Bavla,B-004234,0.71,2000.0,2023-06-19
Maharashtra,PUNE,Shirur,B-012459,3.72,,2023-08-09
Maharashtra,Nashik,Nashik,B-017452,4.74,2000.0,2023-07-25
Gujarat,Ahmedabad,Dholka,B-018923,3.39,4000.0,2023-10-24
Gujaaraat,Suraat,Mangrol,B-016393,3.11,4000.0,2023-11-19
Maahaaraashtraa,thane,Thane,B-018309,4.49,4000.0,2023-10-20
Maharashtra,Nashik,Niphad,B-011606,4.28,,2023-04-10
Maharashtra,Nagpur,Umred,B-002362,4.82,6000.0,2023-01-14
Maharashtra,Pune,Khed,B-013012,1.03,,2023-07-01
GUJARAT,Surat,Kamrej,B-001387,3.76,2000.0,2023-09-20
Maharashtra,Nashik,Igatpuri,B-014295,3.43,,2023-09-05
Maharashtra,Pune,Khed,B-000615,4.54,2000.0,2023-07-22
Maharashtra,Nagpur,Kamptee,B-015066,2.45,,2023-01-18
Maharashtra,Nagpur,Umred,B-002552,1.16,6000.0,2023-11-09
Maharashtra,Nagpur,Nagpur Rural,B-010259,2.33,2000.0,2023-02-27
 Maharashtra,Nashik,SINNAR,B-014067,3.95,4000.0,2023-09-11
Gujarat,Ahmedabad,Daskroi,B-013253,1.36,4000.0,2023-05-13
Gujaaraat,Vadodara,Karjan,B-013687,2.79,,2023-11-02
Maharashtra,PUNE,Khed,B-009487,2.45,4000.0,2023-07-13
Maharashtra, Pune,Shirur,B-003775,0.84,2000.0,2023-11-07
Gujarat,Ahmedabad,daskroi,B-013273,2.19,4000.0,2023-01-20
Maahaaraashtraa,Thane , Bhiwandi,B-000684,3.98,6000.0,2023-11-17
Maharashtra,Nashik,Niphad,B-010643,3.32,6000.0,2023-01-24
Gujarat,ahmedabad,Bavla,B-005632,2.48,,2023-10-10
 Gujarat,Surat,City,B-015077,3.93,2000.0,2023-07-22
Maharashtra,Nagpur,Ramtek,B-011858,0.91,6000.0,2023-08-24
Gujarat,Vadodara,City,B-002888,3.04,6000.0,2023-10-03
Maahaaraashtraa,Thane,Kalyan,B-014311,4.87,2000.0,2023-04-07
Gujarat,Surat,Mangrol,B-003469,1.91,4000.0,2023-12-06
Maharashtra,Nashik,Niphad,B-019277,2.95,4000.0,2023-02-15
Maharashtra,Pune,Haveli,B-014277,3.55,,2023-02-20
maharashtra, Nashik,Nashik,B-013122,2.81,4000.0,2023-11-11
Maharashtra,Nagpur,Ramtek,B-017170,2.19,2000.0,2023-04-07
Gujaaraat,Surat ,Kamrej,B-002578,3.77,6000.0,2023-03-28
 Gujarat,ahmedabad,City,B-012969,0.93,4000.0,2023-05-10
Maharashtra,Pune ,Junnar,B-010168,2.29,,2023-09-04
Maharashtra,Nagpur,Umred,B-011126,2.81,4000.0,2023-03-03
Maharashtra,Pune,Haveli,B-007261,4.52,2000.0,2023-10-18
MAHARASHTRA, Nashik,Malegaon,B-010914,2.96,,2023-12-27
Gujarat,Vadodara,Padra,B-005510,3.91,4000.0,2023-04-28
Gujarat,Vaadodaaraa,Karjan,B-002503,3.57,,2023-06-14
Maharashtra,Pune,Khed,B-016728,3.82,2000.0,2023-08-26
Gujarat,Vadodara,Karjan,B-003737,4.98,6000.0,2023-08-16
Maharashtra,Pune,Junnar,B-017387,2.32,2000.0,2023-03-28
Maharashtra,Pune,Haveli,B-016711,3.47,2000.0,2023-03-06
Maharashtra,Nashik,Igatpuri,B-006354,4.96,2000.0,2023-11-28
Gujarat ,Ahmedabad,Bavla,B-011449,0.97,2000.0,2023-05-13
Maharashtra,Nagpur,Umred,B-011505,1.28,6000.0,2023-10-05
Gujarat,Ahmedabad,City,B-004840,4.8,6000.0,2023-09-19
Gujarat, Vadodara,Karjan,B-007743,2.94,,2023-09-28
Maharashtra,pune,Khed,B-019613,4.09,4000.0,2023-10-23
Maharashtra,Nashik,Igatpuri,B-004799,3.19,6000.0,2023-12-09
Gujarat,Vadodara,Vaghodia,B-008388,3.23,6000.0,2023-12-20
Gujarat,vadodara,Vaghodia,B-006465,2.53,4000.0,2023-09-17
Gujarat,Surat, Mangrol,B-005686,0.91,6000.0,2023-03-08
Gujarat,Vadodara,Karjan,B-005010,3.96,2000.0,2023-11-06
Maharashtra,Pune,Khed,B-002470,0.85,2000.0,2023-10-03
Gujarat,Surat,Mangrol,B-005805,1.17,4000.0,2023-10-19
Gujarat,Surat,Olpad,B-016192,4.25,,2023-06-17
Maharashtra,Nashik,Niphad,B-015203,2.89,,2023-11-17
Maharashtra,PUNE,Haveli,B-018473,3.63,4000.0,2023-01-22
Gujarat,Ahmedabad,Bavla,B-014710,1.99,4000.0,2023-08-19
maharashtra,Pune,Baramati,B-018498,3.86,2000.0,2023-06-09
Maahaaraashtraa,Thane,Kalyan,B-010591,1.38,,2023-06-27
MAHARASHTRA,Thane,Ulhasnagar,B-010360,2.9,6000.0,2023-10-28
Maharashtra,Thane,Bhiwandi,B-004947,4.73,2000.0,2023-09-19
Maharashtra,nagpur,Hingna,B-014411,4.62,4000.0,2023-03-18
Gujarat,Ahmedabad,Daskroi,B-002238,4.75,,2023-07-06
Maharashtra,Nashik,Nashik,B-015366,1.5,6000.0,2023-09-20
Gujaaraat, Ahmedabad,Bavla,B-019129,0.62,6000.0,2023-11-16
Gujarat,Vadodara,Savli,B-009923,1.96,2000.0,2023-10-11
Gujarat,Vadodara ,Padra,B-009001,1.37,,2023-11-20
Maharashtra,Nagpur,Kamptee,B-001841,0.84,,2023-02-16
GUJARAT,Vadodara,City,B-011533,3.12,4000.0,2023-05-26
Maharashtra ,Pune ,Baramati ,B-016625,2.54,,2023-06-27
Gujarat,AHMEDABAD,City,B-002432,4.49,,2023-07-16
 Gujarat,Vadodara,Savli,B-019506,0.57,2000.0,2023-10-09
Maharashtra,Nagpur,Umred,B-015131,4.78,,2023-02-02
 Gujarat,Ahmedabad,Sanand,B-014809,1.05,6000.0,2023-10-17
Gujarat,Vadodara,City,B-001233,3.91,2000.0,2023-01-09
Gujaaraat,Ahmedabad,Bavla,B-001865,2.07,2000.0,2023-03-05
Gujarat,Ahmedabad,Daskroi,B-012083,2.37,4000.0,2023-06-28
Gujarat,Vadodara,Vaghodia,B-009407,1.76,,2023-03-05
Gujarat,Vadodara,Padra,B-002515,4.52,4000.0,2023-05-18
Gujarat,Ahmedabad,Daskroi,B-002959,4.4,6000.0,2023-12-27
MAHARASHTRA,Thane,Ulhasnagar,B-016616,1.03,2000.0,2023-02-26
Gujarat,surat,Olpad,B-012599,0.69,2000.0,2023-05-12
Maharashtra,Nashik,IGATPURI,B-015163,1.09,2000.0,2023-02-26
Gujarat,ahmedabad,City,B-018164,2.66,6000.0,2023-09-07
Gujarat,surat,Olpad,B-001345,1.78,6000.0,2023-09-17
Gujarat,Ahmedabad,Dholka,B-014737,1.15,4000.0,2023-12-08
Gujarat,Surat,Olpad,B-006169,4.77,4000.0,2023-11-14
Maharashtra,Naagpur,Umred,B-010536,3.67,4000.0,2023-06-10
Maharashtra,NASHIK,Sinnar,B-015586,1.28,,2023-09-26
Maharashtra,nagpur,Hingna,B-016429,3.23,2000.0,2023-11-01
Maharashtra,thane,Ambernath,B-004944,2.84,2000.0,2023-07-09
Gujaaraat,Vadodara,PADRA,B-002028,3.95,4000.0,2023-07-17
Maharashtra,NAGPUR,Nagpur Rural,B-019180,2.66,2000.0,2023-06-09
Gujarat,AHMEDABAD,Bavla,B-003392,4.38,4000.0,2023-01-11
Maharashtra,Nagpur,Umred,B-011254,3.51,,2023-08-13
Maharashtra,Thane,Thane,B-002764,1.32,,2023-08-04
 Gujarat,Vadodara,City,B-016534,4.04,6000.0,2023-12-07
Maharashtra,Nashik,Malegaon,B-005655,1.28,,2023-10-19
Maharashtra,Nashik,Sinnar,B-001283,3.8,4000.0,2023-06-22
Maharashtra,Pune,Shirur,B-008119,4.54,,2023-06-21
Gujarat,Ahmedaabaad,Bavla,B-019146,2.93,6000.0,2023-06-18
Maharashtra, Thane,Ambernath,B-014399,4.47,2000.0,2023-04-06
Gujarat,Surat,City,B-017173,1.67,4000.0,2023-05-19
Gujarat,Vadodara,Padra,B-017130,2.51,2000.0,2023-10-15
MAHARASHTRA,Pune,Haveli,B-005202,1.99,6000.0,2023-11-20
Gujarat,Surat,Mangrol,B-011925,1.46,6000.0,2023-12-27
Gujaaraat,Ahmedabad,City,B-012218,1.09,6000.0,2023-01-26
Maharashtra ,Nagpur,Hingna,B-009270,4.38,2000.0,2023-09-07
maharashtra,Naashik,Malegaon,B-012695,4.15,2000.0,2023-11-15
Gujarat,Vadodara,Savli,B-013395,3.58,2000.0,2023-12-24
Gujarat,Ahmedabad,Bavla,B-011088,2.91,2000.0,2023-01-26
Maharashtra,Pune ,Baramati,B-001716,2.25,6000.0,2023-02-27
gujarat,Ahmedabad,City,B-010966,4.79,6000.0,2023-12-19
MAHARASHTRA,Nagpur,Nagpur Rural,B-002160,4.67,4000.0,2023-10-24
Gujarat,AHMEDABAD,Sanand,B-010804,3.44,4000.0,2023-12-17
MAHARASHTRA,Nashik,Niphad,B-003097,4.96,2000.0,2023-02-07
gujarat,vadodara,Padra,B-018284,3.79,,2023-02-07
 Maharashtra,Nashik,Nashik,B-012667,1.13,,2023-02-20
 Maharashtra,Nagpur,Nagpur Rural,B-009311,1.31,6000.0,2023-02-20
Maharashtra,Pune,Baramati,B-008258,4.66,6000.0,2023-08-08
Maharashtra,Nashik,Niphad,B-004928,1.82,6000.0,2023-04-14
Gujarat,Ahmedabad,Dholka,B-010924,2.55,4000.0,2023-11-26
Maharashtra,Thane ,Ambernath,B-002671,0.91,4000.0,2023-01-26
Gujarat,Surat ,City,B-004635,3.09,6000.0,2023-06-05
Maharashtra,Nagpur,Umred,B-011463,1.37,6000.0,2023-06-12
Gujarat,ahmedabad,Dholka,B-010166,1.47,6000.0,2023-11-19
Gujaaraat,Ahmedabad,sanand,B-012844,1.53,,2023-08-04
Maharashtra,Nagpur,Umred,B-004226,1.97,4000.0,2023-06-13
Maharashtra,thane,Ambernath,B-002777,0.84,,2023-12-25
 Maharashtra,Nagpur,Umred,B-010145,2.13,,2023-03-16
Maharashtra,NASHIK,Igatpuri,B-019473,0.78,6000.0,2023-12-24
Maharashtra,Nagpur,NAGPUR RURAL,B-012344,1.08,6000.0,2023-05-17
Maharashtra,NAGPUR,Hingna,B-010764,3.58,2000.0,2023-11-01
Maharashtra,Nashik,igatpuri,B-004188,1.06,2000.0,2023-10-12
Gujarat,Surat,City,B-017249,2.53,,2023-07-26
Maharashtra,Thane,Ambernath,B-003063,4.0,4000.0,2023-06-12
Maharashtra,THANE,Ulhasnagar,B-013875,4.29,6000.0,2023-03-27
Maharashtra,thane,Kalyan,B-016663,3.96,6000.0,2023-09-04
Maharashtra,Pune,Baramati,B-011857,2.36,,2023-04-04
Gujarat,Surat,KAMREJ,B-000598,2.41,2000.0,2023-01-18
Maharashtra,Pune,Haveli,B-011882,2.51,4000.0,2023-03-19
Maharashtra,Pune ,Khed,B-010121,2.59,2000.0,2023-04-17
Maharashtra,pune,Baramati,B-005907,1.53,2000.0,2023-02-02
Maharashtra,Thane,Ulhasnagar,B-007019,1.85,2000.0,2023-07-06
Maharashtra,Naagpur,Kamptee,B-011198,2.07,2000.0,2023-09-22
Gujarat,Ahmedabad,Sanand,B-015935,2.73,6000.0,2023-04-04
Maharashtra,Pune,Haveli,B-006292,4.0,6000.0,2023-10-13
Maharashtra,Nashik,Nashik,B-007424,1.64,2000.0,2023-07-13
Gujarat,Suraat,OLPAD,B-004508,4.24,4000.0,2023-12-28
gujarat,Vadodara,City,B-005078,2.42,,2023-05-11
Maharashtra,Pune,Khed,B-002529,2.69,4000.0,2023-08-04
Maharashtra ,Thane,Kalyan,B-009693,4.74,4000.0,2023-02-27
Maharashtra,Thane,Bhiwandi,B-003315,3.68,4000.0,2023-06-26
Maahaaraashtraa,Nashik,Maalegaaon,B-019857,1.84,2000.0,2023-10-27
Gujarat,Vadodara,Padra,B-017688,4.95,6000.0,2023-11-08
Maahaaraashtraa,Pune,Shirur,B-017254,2.37,4000.0,2023-10-18
 Maharashtra,Thane,Ulhasnagar,B-001237,2.68,2000.0,2023-01-16
Gujarat,VADODARA,City,B-011036,2.47,4000.0,2023-04-24
Gujarat,Vadodara,Vaghodia,B-004295,4.6,4000.0,2023-10-15
Maharashtra , Pune,Haveli,B-012345,4.8,2000.0,2023-03-01
Maharashtra,Nashik,Sinnar,B-005055,2.93,6000.0,2023-03-04
Maharashtra,Nagpur,Nagpur Rural,B-005317,3.47,6000.0,2023-11-26
Maahaaraashtraa,Thane,Kalyan,B-005926,1.56,,2023-11-23
Gujarat,Vadodara,Vaghodia,B-005425,2.52,2000.0,2023-03-04
Maharashtra,Nagpur,Nagpur Rural,B-014342,2.92,,2023-11-19
Maharashtra,Thane,Ulhasnagar,B-001432,4.33,,2023-09-13
Maharashtra,thane,Kalyan,B-013464,4.46,,2023-06-17
Gujarat, Vadodara,Vaghodia,B-011938,2.18,6000.0,2023-01-18
maharashtra,nashik,Malegaon,B-007784,1.94,2000.0,2023-11-03
Maharashtra,Nashik,Maalegaaon,B-014556,2.31,,2023-11-22
Maharashtra,Nagpur,Nagpur Rural,B-009337,4.18,2000.0,2023-05-26
Maharashtra,Nashik,Nashik,B-014711,1.18,2000.0,2023-12-25
Gujarat,Surat,City,B-007668,2.65,6000.0,2023-11-02
Maharashtra ,thane,Bhiwandi,B-017499,4.06,,2023-10-14
Maharashtra,Naagpur,Kamptee,B-007838,1.3,,2023-05-22
Maharashtra,Nashik,Igatpuri,B-010141,4.69,2000.0,2023-10-26
gujarat,Surat,City,B-015369,3.66,4000.0,2023-05-27
Gujarat,Ahmedabad ,Dholka,B-006358,2.43,6000.0,2023-05-15
Gujarat,vadodara,Vaghodia,B-012054,2.02,6000.0,2023-07-05
Maharashtra,Nashik,Nashik,B-014438,4.21,6000.0,2023-07-09
Gujarat,Vaadodaaraa,Karjan,B-019402,4.0,6000.0,2023-05-18
Gujarat,Surat,City,B-009234,4.46,,2023-03-09
Gujarat,Surat,City,B-012514,2.5,,2023-10-03
gujarat,surat,Olpad,B-016480,4.23,4000.0,2023-10-25
Maharashtra,Thane,Thane,B-017284,4.17,6000.0,2023-04-23
GUJARAT,Surat,Choryasi,B-013719,0.5,6000.0,2023-03-08
Maharashtra,Pune,Baramati,B-005311,2.3,2000.0,2023-12-01
Maharashtra,Nashik,Nashik,B-006544,2.73,,2023-05-04
Maharashtra,Nagpur,Hingna,B-004536,3.64,6000.0,2023-05-01
Gujarat, Surat,Choryasi,B-008193,4.69,4000.0,2023-02-25
Gujarat ,Vadodara,Savli,B-001710,2.96,4000.0,2023-01-18
Gujarat,Vadodara,Karjan,B-015748,2.58,,2023-09-05
Maharashtra,Nagpur,Hingna,B-012164,4.32,4000.0,2023-02-26
Maharashtra,Nashik,Igatpuri,B-018172,3.32,4000.0,2023-05-18
Gujarat,Surat,Olpad,B-019231,1.62,,2023-10-13
Gujarat,Surat,Kamrej,B-016906,3.6,6000.0,2023-02-11
Gujarat,Ahmedabad,Daskroi,B-004086,0.72,6000.0,2023-02-20
Maharashtra,Nagpur, Ramtek,B-009341,4.98,4000.0,2023-04-23
Gujarat,ahmedabad,dholka,B-002749,2.4,4000.0,2023-12-02
Maharashtra,Nashik,Igatpuri,B-005254,4.13,6000.0,2023-04-14
Gujarat,Ahmedabad,City,B-008939,0.95,,2023-10-09
Gujarat, Ahmedabad,city,B-014724,3.17,4000.0,2023-11-19
Maharashtra,Thaane,Ambernath,B-016822,0.71,2000.0,2023-07-13
Maharashtra,Thane,Bhiwandi,B-019503,2.46,,2023-08-14
Maharashtra,Pune,Junnar,B-014336,4.19,4000.0,2023-05-11
Gujarat,Surat,Olpad,B-003006,2.92,4000.0,2023-01-19
Gujarat,Surat,Kamrej,B-007276,1.49,2000.0,2023-09-26
Maharashtra,Pune ,Khed,B-014783,2.32,2000.0,2023-07-26
Maharashtra, Nagpur,Ramtek,B-011456,1.8,6000.0,2023-02-13
Gujarat,Ahmedabad,Daskroi,B-000874,0.54,,2023-11-14
Maharashtra,NASHIK,Nashik,B-013596,4.83,,2023-08-14
Gujarat,Vadodara,City,B-001746,3.94,6000.0,2023-10-03
gujarat,ahmedabad,Dholkaa,B-012992,4.17,,2023-05-18
Gujarat,Vadodara,Saavli,B-016450,0.57,,2023-08-19
Gujarat,Vadodara,Savli,B-012254,3.01,,2023-04-28
Maahaaraashtraa,Nagpur,Nagpur Rural,B-007726,4.69,,2023-01-26
Maharashtra,Thane,Bhiwandi,B-012654,1.68,,2023-03-21
gujarat,Surat,Olpaad,B-002675,1.63,2000.0,2023-12-25
Gujarat,Vadodara,City,B-012286,3.78,,2023-09-02
Gujarat,Surat,Mangrol,B-007358,2.16,2000.0,2023-05-17
Maharashtra,Naashik,Malegaon,B-000924,1.55,,2023-06-09
Gujarat,Ahmedabad,Bavla,B-010443,0.64,6000.0,2023-07-09
Maharashtra, Thane,Ambernath,B-003247,1.16,4000.0,2023-04-28
MAHARASHTRA, Pune,Shirur,B-010987,2.92,2000.0,2023-12-24
Gujarat,Vadodara,Padra,B-004786,0.88,,2023-08-25
Gujarat,Surat ,City,B-004509,3.55,6000.0,2023-03-16
Maahaaraashtraa,Nashik,Nashik,B-001256,4.19,4000.0,2023-08-12
Maharashtra,pune,Haveli,B-009401,2.24,2000.0,2023-04-27
Maharashtra,Pune,Baramati,B-015482,2.24,4000.0,2023-04-11
Gujarat,Vaadodaaraa,Karjan,B-004548,1.99,6000.0,2023-04-10
maharashtra,Pune,Haveli,B-015372,2.28,2000.0,2023-08-17
Maharashtra, Thane,Ulhasnagar,B-014700,1.28,4000.0,2023-05-09
Gujarat,Ahmedabad,Bavla,B-000173,1.45,,2023-09-12
Maharashtra,Pune,Shirur,B-002597,4.03,2000.0,2023-02-01
Gujarat,Ahmedabad,City,B-000623,2.55,4000.0,2023-09-17
Maharashtra,Thane,Kalyan,B-008387,3.06,6000.0,2023-07-19
Gujarat,Vaadodaaraa,Savli ,B-007067,2.67,6000.0,2023-12-05
 Gujarat,Vadodara,City,B-004900,1.55,2000.0,2023-02-28
Gujarat,Vadodara,Karjan,B-017984,1.71,4000.0,2023-04-27
Maharashtra,NASHIK,Igatpuri,B-017295,4.07,2000.0,2023-03-04
GUJARAT,Vadodara,Padra,B-013870,4.93,2000.0,2023-09-28
Gujarat,Vadodara,Vaghodia,B-003644,1.45,4000.0,2023-03-04
Maharashtra,PUNE,Baramati,B-019175,0.51,4000.0,2023-02-23
Gujarat,Vadodara,Savli,B-007787,4.6,,2023-09-27
Gujarat,Vaadodaaraa,City ,B-009869,1.35,4000.0,2023-07-26
Maharashtra,Nagpur,Nagpur Rural,B-003993,2.99,6000.0,2023-06-21
Maharashtra,Thaane,Thane,B-001565,4.04,2000.0,2023-05-14
Maharashtra ,Nagpur,Ramtek,B-007814,1.92,2000.0,2023-11-26
MAHARASHTRA,Nagpur,Hingna,B-013757,2.56,6000.0,2023-07-06
Maharashtra,Pune,Haveli,B-014979,4.79,4000.0,2023-10-13
Gujarat,Surat,Kamrej,B-002059,0.71,6000.0,2023-07-22
Gujarat,ahmedabad,Dholka,B-003633,2.27,6000.0,2023-06-10
Maharashtra,Nagpur,Nagpur Rural,B-016379,4.74,,2023-05-01
Gujarat,Suraat,Kamrej,B-017566,4.62,6000.0,2023-05-25
Gujaaraat,Vaadodaaraa,City,B-000539,2.43,2000.0,2023-09-07
Maharashtra,Thane,Ulhasnagar,B-016888,3.04,6000.0,2023-07-06
Gujarat,Ahmedabad,Dholka,B-007928,2.93,2000.0,2023-09-18
Gujarat,Vadodara,Savli,B-004705,4.98,2000.0,2023-11-21
Gujarat,vadodara,Padra,B-009545,3.16,2000.0,2023-03-12
Gujarat,Surat,Mangrol,B-014066,0.61,4000.0,2023-10-08
maharashtra,Nagpur ,Ramtek,B-000052,4.84,,2023-09-19
Maharashtra,Nashik,malegaon,B-011562,3.92,2000.0,2023-10-12
Maharashtra,Nagpur,Ramtek,B-007883,2.8,2000.0,2023-02-15
Gujarat,Vadodara,Padra,B-013651,1.12,4000.0,2023-05-13
Maharashtra,Naashik,Malegaon,B-006138,0.91,2000.0,2023-12-19
Gujarat,Surat,City,B-019291,1.13,6000.0,2023-08-11
Gujarat,Vadodara,Vaghodia,B-017154,4.47,6000.0,2023-05-24
Gujarat,Ahmedaabaad,Bavla,B-011817,1.82,,2023-08-27
Maharashtra,Pune,Baramati,B-002218,4.3,2000.0,2023-03-05
Gujarat,Ahmedaabaad,bavla,B-017238,0.79,4000.0,2023-07-08
Gujarat,Ahmedabad,Daskroi,B-017829,1.45,6000.0,2023-03-09
Gujarat,Vadodara,City,B-018551,3.25,4000.0,2023-12-26
maharashtra,Thane,Bhiwandi,B-016634,4.61,4000.0,2023-09-06
Maharashtra,Nashik,Nashik,B-018159,1.11,6000.0,2023-07-03
Gujarat,Ahmedabad,Dholka,B-000667,3.98,4000.0,2023-01-16
Maharashtra ,Pune,Shirur,B-012795,3.89,6000.0,2023-01-03
Maharashtra,Nagpur,Kamptee,B-015406,4.3,4000.0,2023-02-27
Maharashtra,Nagpur,Nagpur Rural,B-001427,0.7,6000.0,2023-06-08
Gujaaraat,surat,kamrej,B-012678,4.14,2000.0,2023-10-11
 Maharashtra,pune,Haveli,B-012233,3.08,,2023-05-18
Gujarat,AHMEDABAD,City,B-008312,2.85,6000.0,2023-07-19
Maharashtra,Nashik,Sinnar,B-000533,1.66,6000.0,2023-08-25
Maharashtra,Nagpur,Kamptee,B-011702,4.07,,2023-09-05
Gujarat,Vadodara,City,B-002214,1.46,6000.0,2023-12-25
Maharashtra ,Pune ,Shirur,B-011299,3.49,6000.0,2023-07-08
Maharashtra ,Nashik ,Malegaon,B-007902,2.86,4000.0,2023-04-11
Maharashtra,Nagpur ,Umred,B-003397,2.46,,2023-12-14
Gujaaraat,Surat ,Kamrej,B-010896,4.69,2000.0,2023-09-07
Maharashtra,Thane,Ambernath,B-004372,4.65,6000.0,2023-11-28
Maharashtra,thane,Ambernath,B-001453,0.74,,2023-08-09
Maharashtra,Pune,Junnar,B-018922,0.86,4000.0,2023-07-06
Maharashtra,Nashik,sinnar,B-017892,2.93,2000.0,2023-06-25
 Gujarat,Ahmedabad,City,B-019002,0.62,,2023-10-04
maharashtra,Nashik,Igatpuri,B-005738,2.78,2000.0,2023-07-04
Maharashtra ,Pune,Khed,B-015225,2.25,2000.0,2023-11-23
maharashtra,Nashik,Malegaon,B-015681,4.64,2000.0,2023-06-27
Maharashtra,THANE,Bhiwandi,B-005973,4.52,6000.0,2023-11-05
Maharashtra,Nashik,Malegaon,B-004419,3.05,6000.0,2023-01-01
Maharashtra,Nashik,Nashik,B-002068,0.73,4000.0,2023-06-04
Gujarat,Ahmedabad,Daskroi,B-014998,4.45,4000.0,2023-11-22
Maharashtra,Thane,Kalyan,B-001212,2.47,,2023-01-27
 Gujarat,Vadodara,Padra,B-009616,2.59,4000.0,2023-09-02
Gujarat,Ahmedabad,Sanand,B-006606,0.63,2000.0,2023-04-22
 Maharashtra,Pune,Shirur,B-001436,1.87,2000.0,2023-12-01
Maharashtra,Nashik,Sinnar ,B-006537,1.07,6000.0,2023-01-07
Gujaaraat,Surat,Olpad,B-001374,0.79,2000.0,2023-09-10
Maharashtra,Nagpur,Hingna,B-010342,3.27,,2023-03-18
Gujarat,Ahmedabad,Sanand,B-010161,3.59,2000.0,2023-06-05
Maharashtra,pune,Baramati,B-016889,2.69,2000.0,2023-10-01
Maharashtra,Pune,Khed,B-013050,4.21,,2023-01-03
Gujarat,Vadodara,Karjan,B-017795,4.0,4000.0,2023-04-16
Gujarat,Vadodara,Vaghodia,B-015513,4.8,4000.0,2023-11-07
Maharashtra,Thane,Ulhasnagar,B-008301,4.38,,2023-01-01
Gujarat,Surat,City,B-001200,1.21,6000.0,2023-06-01
Maharashtra ,Nashik,SINNAR,B-006263,4.93,2000.0,2023-06-09
Maharashtra,nagpur,Ramtek,B-009376,1.65,,2023-10-02
Maharashtra,Nashik,Malegaon,B-011698,1.48,2000.0,2023-04-10
Gujarat,ahmedabad,Daskroi,B-001567,3.39,6000.0,2023-07-27
Maharashtra,Pune,Baramati,B-010877,2.36,2000.0,2023-05-08
maharashtra, Pune,Haveli,B-008953,4.08,,2023-10-01
Maharashtra,Thane,Ulhasnagar,B-004079,4.6,2000.0,2023-06-25
Gujarat,Vadodara,Karjan,B-012060,0.89,4000.0,2023-10-24
Gujarat,Surat,Olpad,B-014319,4.29,6000.0,2023-07-22
Maharashtra,Nashik,Malegaon,B-013108,2.17,6000.0,2023-09-06
Maharashtra,Pune,Shirur,B-014410,3.63,6000.0,2023-03-01
Gujarat ,Surat,Kamrej,B-012670,3.88,,2023-01-06
Maharashtra,Nashik,Niphaad,B-011110,3.77,6000.0,2023-03-03
Gujarat,Ahmedabad,Sanand,B-006122,3.08,4000.0,2023-08-24
Maharashtra,Pune,Haveli,B-016260,3.98,,2023-09-14
Maharashtra,Nashik,Sinnar,B-016303,3.79,4000.0,2023-06-19
Gujarat,Surat,Mangrol,B-012038,0.92,2000.0,2023-09-17
Maharashtra,Pune,Baramati,B-017016,4.63,2000.0,2023-08-18
 Maharashtra,Nashik,Sinnar,B-008740,4.59,2000.0,2023-08-06
Gujarat,Vadodara,Vaghodia,B-002708,0.74,2000.0,2023-02-17
 Maharashtra,nagpur,Ramtek,B-013911,1.46,4000.0,2023-05-18
Maharashtra,Nagpur,Ramtek,B-002587,3.48,,2023-03-02
Maharashtra ,Thane,Kalyan,B-014111,1.45,,2023-03-24
Gujarat,Vadodara ,Savli,B-005914,3.7,6000.0,2023-12-01
Maharashtra,Nagpur,Ramtek,B-017875,3.35,4000.0,2023-01-09
Maharashtra, Nagpur,Umred,B-009627,4.33,2000.0,2023-03-23
Maharashtra,Nagpur,HINGNA,B-010526,2.77,4000.0,2023-07-11
Maharashtra,Pune,junnar,B-018426,2.05,6000.0,2023-10-08
Gujarat,Surat,Kamrej,B-002624,0.93,6000.0,2023-09-08
Maharashtra,Nagpur,Ramtek,B-010746,4.96,4000.0,2023-02-14
Maharashtra,Pune,Shirur,B-009688,4.37,4000.0,2023-03-19
Gujarat,Vadodara,SAVLI,B-010044,4.29,4000.0,2023-12-18
 Maharashtra,Thane,Bhiwandi,B-019467,0.87,,2023-04-04
Gujarat,Surat,Choryasi,B-013963,3.01,2000.0,2023-06-27
Gujarat,Surat,Choryasi,B-005461,3.89,4000.0,2023-01-13
Maharashtra,Nashik,Igaatpuri,B-014546,4.12,4000.0,2023-06-12
Maharashtra,Pune ,Junnar,B-011520,0.66,4000.0,2023-07-13
Maharashtra,Nashik,Niphad,B-014652,1.51,6000.0,2023-07-12
Maharashtra,Pune,Haveli,B-001388,1.35,6000.0,2023-03-13
Maharashtra,Nagpur,RAMTEK,B-011553,1.65,,2023-07-22
Maharashtra,Nagpur,Ramtek,B-014253,3.0,2000.0,2023-06-09
Maahaaraashtraa,Nagpur,Umred,B-008997,4.8,,2023-09-24
Gujarat,Vadodara,Padra,B-001880,0.94,2000.0,2023-10-14
Maharashtra,Nagpur,Umred,B-002459,3.7,6000.0,2023-11-20
Gujarat,Ahmedabad ,Dholka,B-013311,4.49,6000.0,2023-12-10
Gujarat,Surat ,Mangrol,B-011905,2.14,6000.0,2023-04-08
Maharashtra,thane,Thane,B-016813,1.58,,2023-02-23
Gujarat,Ahmedabad,Bavla,B-019885,2.18,4000.0,2023-12-09
Gujarat,Ahmedabad,Bavla,B-018773,3.6,4000.0,2023-11-09
Gujarat,Vadodara,Padra,B-004679,4.53,6000.0,2023-05-24
Gujarat,Ahmedabad,Daskroi,B-019669,2.17,4000.0,2023-08-28
Maharashtra,Thane,Bhiwandi,B-001141,2.76,4000.0,2023-02-14
Maharashtra,NASHIK,Sinnar,B-019017,2.16,,2023-09-23
Maharashtra,Pune,Haveli,B-002204,4.63,2000.0,2023-05-17
Maharashtra, Nagpur,Nagpur Rural,B-007734,1.95,6000.0,2023-06-19
Gujarat,Ahmedabad,Dholka,B-012004,4.34,6000.0,2023-04-01
Gujarat,SURAT,Mangrol,B-011867,3.73,,2023-02-09
Maharashtra,Nashik,Malegaon,B-012546,4.99,,2023-05-21
Gujarat,VADODARA,Karjan,B-001062,4.17,4000.0,2023-05-25
Gujarat,ahmedabad,City,B-005028,2.36,6000.0,2023-11-25
Gujarat,Surat,Mangrol,B-014744,0.58,2000.0,2023-09-21
Maharashtra,Nagpur,Kamptee,B-012156,1.25,,2023-02-03
Gujarat,Ahmedabad,Bavla,B-012191,3.01,2000.0,2023-06-06
Maharashtra,Nashik,Sinnar,B-014548,4.53,2000.0,2023-07-17
Gujarat,Surat,Mangrol,B-002520,3.55,6000.0,2023-01-04
GUJARAT,Vadodara,Padra,B-004512,3.55,6000.0,2023-12-17
Gujarat,Surat,Choryasi,B-017350,1.5,,2023-08-15
 Gujarat,Surat,Kamrej,B-012025,1.35,6000.0,2023-08-01
Maharashtra,nagpur,Kamptee,B-013043,3.33,6000.0,2023-06-27
Maharashtra,Nagpur,Umred ,B-010302,1.96,6000.0,2023-09-22
MAHARASHTRA,Pune,Baramati,B-009133,3.78,2000.0,2023-02-10
Maharashtra,Nashik,Malegaon,B-008180,1.04,,2023-01-20
Maharashtra,Thane,Ambernath,B-019072,3.96,4000.0,2023-04-25
Gujarat,Surat,CITY,B-000850,4.59,2000.0,2023-04-04
Maharashtra,Nashik,Niphad,B-006097,2.83,6000.0,2023-07-06
Maharashtra, Pune,Khed,B-016353,2.05,2000.0,2023-12-12
Gujarat,Ahmedabad,Sanand,B-016966,4.59,6000.0,2023-03-06
Maharashtra,Nagpur,Umred,B-012681,3.65,6000.0,2023-04-17
Maharashtra ,Nashik,Malegaon,B-003859,4.23,2000.0,2023-04-26
Gujarat, Ahmedabad,Sanand ,B-008578,4.87,,2023-08-13
Maharashtra,Nagpur,Nagpur Rural,B-008530,2.8,6000.0,2023-07-20
Gujarat,Vaadodaaraa,Padra,B-014624,4.23,,2023-04-13
 Maharashtra, Pune,Baaraamaati,B-007032,1.5,4000.0,2023-09-22
Maharashtra,Nashik,Malegaon,B-009358,4.07,6000.0,2023-11-14
Maharashtra, Thane,Kalyan,B-016096,1.96,,2023-05-05
Maharashtra,Nagpur,Umred,B-006560,3.61,,2023-03-05
Maharashtra,Nashik,Nashik,B-004019,3.89,4000.0,2023-05-09
Maharashtra,Nagpur,Umred,B-004448,3.05,,2023-12-27
Maharashtra ,Nashik,Malegaon,B-002427,4.19,,2023-10-11
Maharashtra, Nashik,Sinnar,B-014813,4.54,4000.0,2023-12-16
maharashtra,Thane,Thane,B-005658,3.58,6000.0,2023-08-09
Maharashtra,Nagpur ,Hingna,B-014586,3.02,,2023-05-25
Maharashtra,Nagpur,kamptee,B-002877,1.49,,2023-07-06
Gujarat,Surat,City,B-010473,2.3,,2023-10-27
Gujarat,Vadodara,City,B-011385,1.75,2000.0,2023-08-02
Gujarat,Ahmedabad,Bavla,B-002128,4.72,4000.0,2023-11-03
Gujarat ,Ahmedaabaad,Bavla,B-018023,3.53,2000.0,2023-06-14
maharashtra,Thane,Bhiwandi,B-017766,4.93,4000.0,2023-10-11
Gujarat,Surat,Kamrej,B-009515,2.65,6000.0,2023-01-26
MAHARASHTRA,Nagpur,Ramtek,B-009829,0.57,6000.0,2023-10-28
gujarat,vadodara,Padra,B-005162,3.07,,2023-12-14
Gujarat,Surat,City,B-005705,0.66,4000.0,2023-09-16
 Maharashtra,Nashik,Sinnar,B-011846,0.86,6000.0,2023-10-25
 Maharashtra,Nashik,Malegaon ,B-016671,3.63,4000.0,2023-09-18
Gujarat,Vadodara,City,B-019376,3.37,6000.0,2023-04-21
Maharashtra,Thane,Ambernath,B-019478,2.22,2000.0,2023-05-07
Maharashtra,Pune,Khed,B-006586,3.37,6000.0,2023-03-08
MAHARASHTRA,nagpur,Kamptee,B-004551,0.61,2000.0,2023-06-16
Gujarat, Ahmedabad,Dholka,B-019608,1.78,6000.0,2023-01-23
 Maharashtra,Pune,Junnar,B-016189,1.88,,2023-09-22
Gujarat, Surat,Olpad,B-000862,4.66,2000.0,2023-02-14
Maharashtra,Nashik,Niphad,B-019244,0.65,6000.0,2023-06-02
Maharashtra,Pune,Khed,B-018155,2.62,,2023-01-19
Gujarat,Ahmedabad,Dholka,B-012089,4.83,2000.0,2023-08-03
Maharashtra,Nagpur,Kamptee,B-019407,3.06,,2023-07-08
Gujarat,Ahmedabad,City,B-018077,3.74,4000.0,2023-03-12
Gujaaraat, Ahmedabad,Sanand,B-004253,2.42,4000.0,2023-04-03
Gujarat,Ahmedabad,City,B-002826,3.02,2000.0,2023-10-25
Gujarat,Ahmedabad,Daskroi,B-002155,3.46,6000.0,2023-04-10
Gujarat,Ahmedabad,Daskroi,B-019541,1.81,2000.0,2023-04-10
Maharashtra,Thane,Kalyan,B-018829,1.05,,2023-10-20
Maharashtra,Thane ,Thane,B-015685,2.53,6000.0,2023-04-19
Maharashtra,Thaane,Bhiwandi,B-017226,4.27,4000.0,2023-12-18
maharashtra,Nashik,Nashik,B-019026,1.08,6000.0,2023-12-16
Maharashtra,Nashik,Sinnar,B-013417,3.97,4000.0,2023-09-19
MAHARASHTRA,thane,Bhiwandi,B-002417,3.92,6000.0,2023-08-05
Maharashtra, Pune,Junnar,B-004107,2.66,6000.0,2023-05-28
Gujarat, Vadodara,Savli,B-010389,2.63,6000.0,2023-10-05
maharashtra,Nagpur ,Ramtek,B-002431,4.32,,2023-07-03
Maharashtra,nagpur,Umred,B-014745,1.14,,2023-12-28
gujarat, Ahmedabad,Sanand,B-015265,2.27,2000.0,2023-06-17
Gujaaraat,Surat,City,B-016953,2.62,2000.0,2023-01-18
Gujarat,Suraat,Olpad,B-011290,4.75,4000.0,2023-05-23
Gujarat,Ahmedabad ,Bavla,B-004206,1.5,,2023-02-08
Gujarat,VADODARA,Karjan,B-018066,1.33,4000.0,2023-07-06
MAHARASHTRA, Nagpur,Ramtek,B-005963,1.69,2000.0,2023-04-21
MAHARASHTRA,Nagpur,Hingna,B-004229,2.37,4000.0,2023-12-23
Gujarat,Surat,City,B-014177,4.06,2000.0,2023-11-11
Maharashtra,Naagpur,Umred,B-019720,1.19,,2023-11-03
Gujarat, Vadodara,Padra,B-001816,4.97,6000.0,2023-05-07
GUJARAT,Ahmedabad,City,B-004069,2.15,,2023-01-06
Maharashtra,Nashik,Nashik,B-016978,2.26,4000.0,2023-03-15
Gujarat,Ahmedabad,Daskroi,B-005015,1.4,4000.0,2023-03-17
Maharashtra,NAGPUR,Umred ,B-009966,2.31,,2023-02-07
Maharashtra,NASHIK,Sinnar,B-005396,2.34,,2023-08-03
Maharashtra,Nagpur,Kamptee,B-005308,4.7,2000.0,2023-01-15
 Gujarat,Surat,Olpad,B-010573,4.16,4000.0,2023-04-24
Maharashtra ,pune,Junnar,B-007389,1.28,4000.0,2023-04-24
Maharashtra,thane,Kalyan,B-011339,3.73,,2023-03-02
Maharashtra,Nagpur,Ramtek,B-017004,4.1,6000.0,2023-12-26
MAHARASHTRA,Pune,Khed,B-009308,1.1,4000.0,2023-01-12
Maharashtra,Pune,Junnar,B-002585,4.24,6000.0,2023-11-18
Gujarat,Surat,Mangrol,B-008212,2.64,,2023-11-23
Gujarat,vadodara,Padra,B-006433,4.25,,2023-03-09
Maharashtra,Pune,Junnar,B-019078,4.43,2000.0,2023-08-05
Gujarat,Vadodara,City,B-008994,0.79,4000.0,2023-03-11
Maharashtra,Pune,Baramati,B-004102,2.23,6000.0,2023-09-10
Maharashtra,Thane,Kalyan,B-018555,1.61,2000.0,2023-04-21
Maharashtra,Nashik,NIPHAD,B-017482,0.95,4000.0,2023-02-03
 Maharashtra,Pune,Junnar ,B-003062,4.92,2000.0,2023-09-14
Maharashtra,Pune,Junnar,B-016469,2.54,,2023-01-28
Gujarat,VADODARA,Padra,B-005526,2.09,4000.0,2023-10-20
Maharashtra,Thane ,Kalyan,B-005053,4.54,2000.0,2023-02-16
MAHARASHTRA,Nagpur,Hingna,B-005610,3.87,2000.0,2023-04-08
gujarat,Surat,Mangrol,B-011064,1.15,6000.0,2023-07-06
Gujarat,Ahmedabad,Dholka,B-001350,4.46,2000.0,2023-07-28
Maharashtra,Nashik,Niphaad,B-000930,4.17,4000.0,2023-04-10
Maharashtra,Thane,Ulhasnagar,B-002662,1.87,4000.0,2023-09-16
Gujarat,Vadodara, Vaghodia,B-001490,0.59,6000.0,2023-03-01
Gujarat,Ahmedabad,Bavla,B-008673,2.07,4000.0,2023-10-25
 Gujarat,Ahmedabad,City,B-006908,4.57,,2023-07-14
Maahaaraashtraa,Nashik,Sinnar,B-018357,1.71,4000.0,2023-08-16
Gujarat,Vadodara ,City,B-000993,0.58,4000.0,2023-02-13
Gujarat,Ahmedaabaad,Sanand,B-016320,3.44,2000.0,2023-10-24
Maharashtra ,Nashik ,Nashik,B-019628,4.8,2000.0,2023-07-07
Maharashtra ,Pune,Baramati,B-009492,3.12,4000.0,2023-04-14
Maharashtra,Thane,Thane,B-018943,2.34,6000.0,2023-10-24
Maharashtra,Thane, Ulhasnagar,B-015826,0.84,2000.0,2023-11-09
Gujaaraat,Vadodara,Vaghodia,B-019997,3.76,6000.0,2023-04-21
Gujarat,Vadodara ,Karjan,B-019528,4.33,4000.0,2023-04-23
maharashtra,NASHIK,NASHIK,B-009747,4.02,4000.0,2023-06-24
Maharashtra,Thane,Ulhasnagar,B-014862,2.18,,2023-03-28
Gujarat,Surat,Olpad,B-002392,1.84,2000.0,2023-01-04
Maharashtra,Naagpur,Kamptee ,B-001964,4.95,4000.0,2023-03-27
 Maharashtra,Pune,Haveli,B-005180,2.74,,2023-11-17
Gujarat,Vadodara,City,B-014405,3.82,2000.0,2023-07-21
Gujarat,Surat,City,B-013620,3.99,4000.0,2023-02-20
Gujarat,SURAT,Olpad,B-015868,1.13,4000.0,2023-07-26
MAHARASHTRA,Nagpur ,Umred,B-015219,0.7,2000.0,2023-03-20
Maharashtra,Thane,Kalyan,B-006686,3.8,2000.0,2023-09-19
Maahaaraashtraa,Nagpur,Kamptee,B-011148,2.33,2000.0,2023-10-20
Maharashtra,Thane,Bhiwandi,B-004708,2.81,4000.0,2023-04-04
 Maharashtra,Pune,KHED,B-010243,3.68,4000.0,2023-01-01
Gujarat,Ahmedabad,Sanand,B-010464,1.37,,2023-07-07
maharashtra,Nagpur,Hingna,B-011318,1.6,6000.0,2023-09-08
Maharashtra,Pune,Haveli,B-018740,2.38,2000.0,2023-10-06
 Maharashtra,Pune,Junnar,B-004285,4.2,4000.0,2023-07-08
Maahaaraashtraa,Nashik,Igatpuri,B-018840,4.42,4000.0,2023-10-13
Maharashtra,Nashik,Sinnar,B-016875,0.87,2000.0,2023-06-21
Maharashtra,Nagpur,Kamptee,B-003480,3.88,6000.0,2023-07-06
Gujarat,Suraat,City,B-010457,4.0,2000.0,2023-01-03
Maahaaraashtraa,Nashik,Niphad,B-007922,1.52,6000.0,2023-10-05
Maharashtra,Nagpur,Hingna,B-015286,1.51,4000.0,2023-03-15
Maharashtra,Pune,Shirur,B-004015,3.81,6000.0,2023-12-01
Gujarat,Surat,City,B-008765,3.43,,2023-07-25
Gujarat,Ahmedaabaad,Bavla,B-014733,4.35,4000.0,2023-05-08
Maharashtra,Pune,Shirur,B-019815,2.34,,2023-08-17
Maharashtra,Nagpur,Kamptee,B-004617,2.9,2000.0,2023-04-18
Maharashtra,Thane,Ambernath,B-003173,0.57,2000.0,2023-12-27
Maharashtra,Nagpur,Umred,B-001659,4.2,2000.0,2023-09-13
Maharashtra,Nashik,Nashik,B-009510,1.12,6000.0,2023-08-07
Maharashtra,Thane,Ambernath,B-012588,1.23,4000.0,2023-06-08
Maharashtra,Thane, Bhiwandi,B-013702,3.82,2000.0,2023-03-19
Maharashtra,Pune,Khed,B-008136,3.28,2000.0,2023-07-19
 Maharashtra,Thane,Ambernath,B-005234,0.6,4000.0,2023-01-18
Gujarat,Surat,Mangrol,B-010730,2.08,2000.0,2023-10-28
Maharashtra,Thaane,Ulhasnagar,B-010248,3.24,,2023-09-28
 Maharashtra, Thane,Ambernath,B-006221,3.33,4000.0,2023-04-13
Gujarat, Vadodara,Karjan,B-005222,3.13,4000.0,2023-01-09
Maharashtra,Thane,Ulhasnagar,B-016328,3.38,4000.0,2023-07-01
Gujarat,ahmedabad,City,B-016867,1.13,,2023-08-02
Gujarat,Surat,City,B-015297,0.58,4000.0,2023-09-06
Maharashtra,Thaane,Bhiwandi,B-016344,1.5,,2023-09-18
Maharashtra,Nashik,Niphad,B-010111,1.87,4000.0,2023-09-18
Maharashtra,Thane,Thane,B-016298,4.35,6000.0,2023-02-18
Gujarat,Ahmedabad, Sanand,B-000760,4.05,2000.0,2023-01-02
Maharashtra,Pune,Haveli,B-002951,3.92,6000.0,2023-07-04
Gujarat,Ahmedabad ,Sanand,B-012886,0.94,2000.0,2023-05-25
Maharashtra,Nashik,Niphad,B-016563,4.54,,2023-05-14
Gujarat,Surat,Kamrej,B-019688,3.74,6000.0,2023-01-21
Maharashtra,nagpur,KAMPTEE,B-007889,2.42,4000.0,2023-12-04
Maharashtra,Pune,Junnar,B-018675,4.86,2000.0,2023-03-20
Maharashtra,Pune ,Baramati,B-011564,3.01,2000.0,2023-07-27
gujarat,Ahmedabad,Bavla,B-001595,1.07,6000.0,2023-06-12
Gujarat, Surat,Olpad,B-001657,1.33,,2023-03-04
Maharashtra,Pune ,Haveli,B-009220,0.63,6000.0,2023-08-10
Gujarat,Vadodara,City,B-016217,4.03,,2023-06-20
Maharashtra,Nashik,IGATPURI,B-015421,2.9,,2023-06-01
Gujarat,Vadodara,Padra,B-009364,3.78,2000.0,2023-04-04
Maharashtra,Nashik,Nashik,B-017587,0.51,6000.0,2023-04-13
Maharashtra,Nagpur,Ramtek,B-000268,0.81,6000.0,2023-12-25
Gujarat,Vadodara,City,B-003523,4.86,,2023-08-06
Gujarat,Surat,Olpad,B-014121,1.61,6000.0,2023-06-18
Gujarat,Ahmedabad,City,B-004389,1.31,4000.0,2023-11-10
Maharashtra,Nashik,Nashik,B-019660,1.91,4000.0,2023-07-04
Gujarat,Vadodara,vaghodia,B-018886,0.75,6000.0,2023-01-17
Maharashtra,Pune,Junnar,B-013214,2.54,6000.0,2023-05-16
Maharashtra,Nashik,Igatpuri,B-011992,1.14,,2023-08-28
Gujarat,Vadodara,Savli,B-001483,4.25,4000.0,2023-08-04
Gujarat,Ahmedabad,Sanand,B-013127,2.57,4000.0,2023-05-10
MAHARASHTRA,Nashik,Sinnar,B-001677,1.5,2000.0,2023-02-17
Maharashtra,Nashik,SINNAR,B-006379,1.58,,2023-11-17
Maharashtra, Nashik,Malegaon,B-011880,4.5,2000.0,2023-09-03
Gujarat,Ahmedabad,Sanand,B-009457,0.54,4000.0,2023-09-14
Maharashtra,NASHIK,Malegaon,B-002410,3.61,,2023-07-11
Maharashtra,Nashik,Sinnar,B-012660,4.13,6000.0,2023-09-02
Maharashtra,Nagpur,Hingna,B-016524,3.59,,2023-04-10
Maharashtra,Thane,Bhiwandi,B-014758,2.49,6000.0,2023-07-06
Gujarat,Surat ,City,B-018018,4.16,6000.0,2023-03-19
Maharashtra,Thane,Kalyan,B-009166,4.87,,2023-06-02
Maharashtra,Pune,Khed,B-003894,2.03,6000.0,2023-04-19
Maharashtra,Pune ,Khed,B-004217,3.67,2000.0,2023-09-20
Gujarat,Surat ,Choryasi,B-003169,1.83,4000.0,2023-05-24
Gujarat,Vaadodaaraa,Vaghodia,B-012908,3.12,6000.0,2023-08-06
Gujarat,Ahmedabad,Bavla,B-012229,3.69,2000.0,2023-06-25
Gujaaraat,Vadodara,Savli,B-011112,0.73,6000.0,2023-03-03
Gujarat,Surat,Kamrej,B-011981,3.47,4000.0,2023-11-28
Maharashtra,Pune,Shirur,B-004728,3.24,2000.0,2023-08-03
Gujarat ,Surat,Mangrol,B-006523,4.62,4000.0,2023-05-11
Maharashtra,Nagpur,Hingna,B-016683,2.73,4000.0,2023-03-17
Gujarat,SURAT,City,B-013153,3.37,2000.0,2023-04-17
Gujarat,Vadodara,Vaghodia,B-016387,3.99,2000.0,2023-10-08
Gujarat,Vadodara ,Padra,B-019374,4.49,2000.0,2023-01-24
Maharashtra,Nashik,Nashik,B-001485,2.17,,2023-03-18
Gujarat,Surat,Olpad,B-001276,4.05,2000.0,2023-02-21
Gujarat,Ahmedabad, City,B-004491,4.83,2000.0,2023-01-25
 Gujarat,ahmedabad,City,B-018587,1.59,2000.0,2023-10-03
Maharashtra,Pune,Haveli,B-015524,3.08,2000.0,2023-08-10
Maharashtra,Nagpur,Ramtek,B-017018,3.76,6000.0,2023-01-19
Maharashtra,Pune,Junnar,B-014975,0.95,,2023-09-23
Maharashtra ,NAGPUR,Kamptee,B-004881,3.72,4000.0,2023-04-13
Maharashtra,Pune,Shirur,B-016893,2.89,2000.0,2023-04-13
 Gujarat,Surat ,City,B-018862,3.2,6000.0,2023-10-08
Maharashtra,Nashik,sinnar,B-010747,3.32,6000.0,2023-09-11
Gujarat ,Surat,Olpad,B-010438,3.43,6000.0,2023-07-27
Gujarat,Ahmedabad,Dholka,B-019607,2.06,4000.0,2023-02-04
Gujarat,Ahmedabad,Dholka,B-012877,0.69,2000.0,2023-03-27
Gujarat,Vadodara,Vaghodia,B-009806,0.63,,2023-03-18
Gujarat,Surat,Choryasi,B-011023,2.04,,2023-04-10
Maharashtra,Nashik,Malegaon,B-016624,0.81,6000.0,2023-12-22
gujarat,Surat,Choryasi,B-016703,4.82,4000.0,2023-06-21
Maharashtra,Nashik,Sinnar,B-017444,1.85,4000.0,2023-05-02
Gujarat,Ahmedaabaad,Bavla,B-016052,1.11,4000.0,2023-04-01
 Maharashtra,THANE,Kalyan,B-009824,2.79,,2023-02-09
Maharashtra,Thane,Kalyan,B-015562,3.11,6000.0,2023-10-11
Maharashtra,Nashik,Sinnar,B-000546,0.7,2000.0,2023-08-13
Maharashtra,Thane,Kalyan,B-012071,3.23,,2023-12-01
Maahaaraashtraa,Nashik,Malegaon,B-010855,3.26,6000.0,2023-08-25
Maharashtra,Thane,Bhiwandi,B-003592,4.35,6000.0,2023-04-27
Gujarat,Ahmedabad,Daskroi,B-013650,2.71,2000.0,2023-08-09
 Maharashtra,Nashik,Niphad,B-010082,4.93,2000.0,2023-02-25
Gujarat,Ahmedabad,Dholka,B-018411,3.95,2000.0,2023-01-07
Maharashtra,Thane,Ambernath,B-015552,4.56,4000.0,2023-09-16
Maharashtra,Nashik,Sinnar,B-008701,4.83,2000.0,2023-04-24
Maharashtra, Nashik,Igatpuri,B-007457,4.23,6000.0,2023-02-08
Maharashtra,Pune,Haveli,B-001683,4.78,2000.0,2023-04-17
Gujarat,SURAT,Choryasi,B-015744,2.07,6000.0,2023-03-02
MAHARASHTRA,Thane,Kalyan,B-005588,0.88,,2023-01-24
Gujarat,Ahmedabad ,Sanand,B-017179,0.8,4000.0,2023-01-23
Gujarat,Vadodara,Padra,B-018624,3.04,,2023-03-09
Gujarat,Ahmedaabaad,Bavla,B-004843,0.77,,2023-08-23
MAHARASHTRA,Thane ,Ambernath,B-007937,2.6,6000.0,2023-10-24
 Gujarat,Vadodara,City,B-001035,3.08,,2023-04-06
Maharashtra,Nashik,Malegaon,B-003602,4.07,6000.0,2023-03-10
Maharashtra,Pune,Haveli,B-006252,1.46,2000.0,2023-07-04
Maharashtra,Nagpur,Hingna ,B-000621,2.22,2000.0,2023-07-04
Gujarat,Ahmedabad,Dholka,B-014452,2.3,6000.0,2023-12-21
MAHARASHTRA,Nashik,Nashik ,B-010280,4.01,2000.0,2023-04-13
Gujarat,Surat ,Choryasi,B-013723,4.81,4000.0,2023-10-01
Maharashtra,Pune,Haveli,B-004963,0.77,,2023-08-08
Maharashtra,Nagpur,Ramtek,B-013532,0.62,4000.0,2023-08-07
gujarat,Surat,Mangrol,B-006682,0.92,,2023-04-18
Gujarat,Ahmedabad,Dholka,B-013448,0.84,2000.0,2023-07-16
maharashtra,Nagpur,Umred,B-016444,4.42,4000.0,2023-12-25
Maharashtra,Thane,Bhiwandi,B-015454,1.0,2000.0,2023-03-18
Maharashtra,Pune ,Shirur,B-019434,2.33,,2023-03-27
Maharashtra,NASHIK,Igatpuri,B-004525,1.15,6000.0,2023-11-13
MAHARASHTRA,Pune,Haveli,B-016997,0.87,6000.0,2023-12-22
Maharashtra,Pune,Khed,B-006795,4.09,4000.0,2023-08-06
Gujarat,AHMEDABAD,Dholka,B-010652,3.31,2000.0,2023-06-04
Maharashtra,Nashik, Igatpuri,B-015676,3.21,2000.0,2023-05-24
Maharashtra,Pune,Khed,B-017219,2.05,4000.0,2023-12-12
Gujarat,Vadodara,Karjan,B-012348,0.98,6000.0,2023-11-04
Gujarat,Ahmedabad,City,B-010282,0.91,,2023-07-18
Gujarat,Surat,City,B-005675,4.11,4000.0,2023-07-09
Gujarat,Vadodara,City,B-015063,2.81,,2023-07-05
Maharashtra,Nashik,Sinnar,B-017470,2.75,6000.0,2023-05-10
Gujarat,Surat,Mangrol,B-011218,4.19,2000.0,2023-09-03
Maharashtra,Nagpur,Kamptee,B-017901,3.05,6000.0,2023-02-14
 Maharashtra,Thane,Ambernath,B-019780,2.88,4000.0,2023-04-13
Maharashtra,Nagpur,Ramtek,B-008663,1.75,2000.0,2023-05-17
Gujarat,Surat,OLPAD,B-015866,1.03,4000.0,2023-10-17
Gujarat,Surat,Choryasi,B-019947,4.35,4000.0,2023-03-03
 Maharashtra,Nashik,Nashik,B-008078,4.4,6000.0,2023-06-11
Maharashtra,Pune,haveli,B-009143,0.58,4000.0,2023-09-13
Maharashtra,Thane,Thane,B-009782,2.54,6000.0,2023-10-04
Maahaaraashtraa,Pune,Haveli,B-007369,5.0,2000.0,2023-02-09
Maharashtra,Naagpur,Kamptee,B-009753,4.33,6000.0,2023-07-19
Maharashtra, Nagpur,Umred,B-009471,2.56,2000.0,2023-10-22
Gujarat,Vadodara,Karjan,B-006793,3.72,6000.0,2023-01-13
Maharashtra,Pune,Haveli,B-016024,4.95,,2023-02-28
Gujarat,SURAT,olpad,B-018179,4.65,,2023-10-17
Maharashtra,thane,Bhiwandi,B-015723,3.75,4000.0,2023-04-15
Maharashtra,Nagpur,nagpur rural,B-011430,3.48,6000.0,2023-09-21
Gujarat,Ahmedabad,Bavla,B-008961,3.08,6000.0,2023-05-05
Maharashtra ,Pune,Khed,B-009431,0.81,2000.0,2023-04-11
Maharashtra,Thane,Thane,B-003994,2.19,4000.0,2023-10-20
Maharashtra,Thane,Kalyan,B-017800,2.32,6000.0,2023-08-05
Maahaaraashtraa,pune,Junnar,B-012442,3.68,4000.0,2023-09-03
GUJARAT,Vadodara,Vaghodia,B-012929,3.18,,2023-05-01
Maharashtra,Nagpur,Umred ,B-019038,2.75,6000.0,2023-02-16
Maharashtra,Thane,Kalyan,B-004800,4.05,6000.0,2023-06-21
Maharashtra,NASHIK,Niphad,B-009518,2.54,4000.0,2023-01-10
maharashtra,Nagpur,Nagpur Rural,B-001379,1.13,6000.0,2023-12-11
Maharashtra,Nagpur,Hingna,B-019790,3.33,4000.0,2023-11-11
Gujarat, Ahmedabad,Sanand,B-002590,0.64,6000.0,2023-08-20
Maharashtra, Nashik,malegaon,B-011350,1.08,2000.0,2023-04-17
Maharashtra,NAGPUR,Umred,B-014496,4.57,4000.0,2023-10-24
gujarat,Surat ,Olpad,B-008404,3.72,6000.0,2023-01-16
Gujarat,Surat,Olpad,B-015699,3.97,,2023-12-25
Maharashtra,Thane,Kalyan,B-007012,1.87,6000.0,2023-03-05
Gujarat,Surat ,Kamrej,B-006622,4.85,,2023-02-20
Maharashtra, Nagpur,Nagpur Rural,B-019040,4.09,,2023-04-24
Maharashtra,THANE,Ambernath,B-008885,4.82,2000.0,2023-02-16
Gujarat,Surat ,Choryasi,B-008901,3.87,4000.0,2023-03-27
Gujarat, Surat,Mangrol,B-004499,2.79,6000.0,2023-07-23
Gujarat,Ahmedabad,Dholka,B-003580,4.79,2000.0,2023-03-09
Maharashtra,Pune,Shirur,B-007841,4.99,6000.0,2023-09-15
Gujarat,Vaadodaaraa,Vaghodia,B-007945,2.6,,2023-02-22
Maharashtra,Nashik,Nashik,B-001664,0.66,4000.0,2023-02-26
Gujarat,Vadodara,Vaghodia,B-017402,4.88,6000.0,2023-03-08
Gujarat,Ahmedabad,City,B-007395,1.88,6000.0,2023-07-24
Gujarat,Ahmedabad,Dholka,B-007630,2.01,,2023-11-14
Maharashtra,Thane,Kalyan,B-001721,1.66,6000.0,2023-03-01
Gujarat,Surat ,City,B-003284,0.9,6000.0,2023-02-04
Gujarat,Vadodara,PADRA,B-013544,2.59,,2023-01-28
Gujarat,Suraat,Olpad,B-010824,2.75,2000.0,2023-09-26
Maharashtra,Nashik,Malegaon,B-015480,4.11,,2023-09-01
Gujarat,Surat,city,B-019248,4.17,2000.0,2023-01-06
Maharashtra ,Nagpur,Nagpur Rural,B-004505,1.76,4000.0,2023-12-06
Maharashtra, Thane,Thaane,B-000170,3.85,2000.0,2023-09-14
Maharashtra,PUNE,Haveli,B-005176,3.78,2000.0,2023-09-13
Maharashtra,pune,Junnar,B-013334,1.41,4000.0,2023-10-15
Maharashtra ,pune,Junnar,B-015588,4.64,2000.0,2023-08-27
Maharashtra,Nagpur,Kamptee,B-015646,0.95,,2023-08-25
gujarat,Surat,Choryasi,B-006536,4.48,2000.0,2023-03-25
Gujarat,Ahmedabad,Sanand,B-009413,0.73,4000.0,2023-09-09
Maharashtra, Nagpur,Hingna,B-010525,1.98,,2023-06-01
 Maharashtra,Nagpur,Kamptee,B-009353,1.25,4000.0,2023-02-01
Gujarat,Vadodara,City,B-001939,4.27,4000.0,2023-09-24
Maharashtra,Pune,Haveli,B-002932,0.75,6000.0,2023-04-15
Maharashtra,nagpur,Kamptee,B-007610,2.8,6000.0,2023-10-16
MAHARASHTRA,Nagpur,Umred,B-017536,3.15,4000.0,2023-07-09
Gujarat,VADODARA,City,B-001223,4.27,4000.0,2023-01-15
Gujarat,surat,Choryasi,B-018966,1.79,4000.0,2023-01-22
Gujarat,Ahmedabad,Bavla,B-013694,0.64,6000.0,2023-03-21
Maharashtra,THANE,Kalyan,B-005761,2.28,6000.0,2023-03-06
Maharashtra, Nagpur,Kamptee,B-001191,3.94,2000.0,2023-09-12
Gujarat,Surat, Mangrol,B-013009,3.57,2000.0,2023-06-03
Gujarat,Suraat,Olpad,B-016233,4.61,4000.0,2023-06-23
maharashtra,Nagpur,Umred,B-006106,4.53,,2023-03-13
maharashtra,Pune ,Shirur,B-009486,3.95,,2023-03-10
Maharashtra,Nashik,Sinnar,B-001228,4.4,6000.0,2023-10-05
Maharashtra,thane,Ulhasnagar,B-000304,0.55,6000.0,2023-02-24
Gujarat,Surat,Olpad,B-009778,1.92,6000.0,2023-04-02
maharashtra,Nagpur,Umred,B-003517,3.94,4000.0,2023-12-18
Gujarat,Ahmedabad,Dholka,B-010979,1.54,,2023-10-28
Gujarat,Ahmedabad,Daskroi ,B-009325,0.58,2000.0,2023-02-25
Maharashtra,Thane,Bhiwandi,B-014889,1.2,4000.0,2023-09-27
Gujarat, Surat,Olpad,B-017803,2.02,2000.0,2023-12-25
maharashtra,Nagpur,Kamptee,B-017181,1.98,2000.0,2023-02-05
Maharashtra,Nashik,Igatpuri,B-016185,0.94,4000.0,2023-06-09
Maharashtra,Nagpur,Umred,B-004398,2.58,2000.0,2023-04-24
Gujarat ,Ahmedabad,Dholka,B-016523,3.82,,2023-06-25
Maharashtra,Thane,Bhiwandi,B-015337,2.11,2000.0,2023-08-04
Maharashtra,Pune,Khed,B-008941,2.13,,2023-05-25
Gujarat,Vadodara,City,B-006319,3.49,,2023-01-07
Maharashtra,Nagpur,Hingna,B-003692,0.57,,2023-03-15
Maharashtra,Thane,Ulhasnagar,B-010836,1.96,6000.0,2023-08-22
Maharashtra,NASHIK,Malegaon,B-018021,3.97,2000.0,2023-07-22
Gujarat, Vadodara,Savli,B-015038,2.82,4000.0,2023-05-02
Gujarat,surat,Kamrej,B-008431,4.52,4000.0,2023-11-07
Maharashtra,NAGPUR,Umred,B-006102,1.44,2000.0,2023-09-13
Gujarat,Vaadodaaraa,City,B-000462,4.52,6000.0,2023-07-24
Gujarat,Vadodara,Vaghodia,B-011047,3.52,6000.0,2023-01-26
Maharashtra,Thane,Kalyan,B-009668,3.16,,2023-04-06
Maharashtra,Pune,Junnar,B-006330,1.67,2000.0,2023-06-26
Maharashtra,Pune,Khed,B-005751,1.15,2000.0,2023-04-19
Gujarat,Surat,Choryasi,B-013288,4.34,4000.0,2023-07-09
Maharashtra,Pune,Haveli,B-019634,2.35,2000.0,2023-01-24
Gujarat,Vadodara,City,B-016885,2.03,6000.0,2023-05-06
Gujarat,Surat,Olpad,B-018277,1.59,2000.0,2023-09-09
Maharashtra,Nagpur,Umred,B-002843,3.87,4000.0,2023-03-15
MAHARASHTRA,NASHIK,Sinnar,B-013135,0.98,,2023-02-27
Gujarat,Surat,Mangrol,B-003126,3.23,4000.0,2023-08-04
Gujarat ,Suraat,Olpad,B-006055,1.8,4000.0,2023-09-13
MAHARASHTRA,Nashik,Igatpuri,B-004608,4.8,,2023-01-07
MAHARASHTRA,Nashik,Malegaon,B-017912,4.93,4000.0,2023-09-01
Maharashtra,Nagpur,Hingna,B-010604,2.29,4000.0,2023-08-27
Maahaaraashtraa,pune,Shirur,B-008129,4.48,2000.0,2023-01-07
Maharashtra,nagpur,Nagpur Rural,B-000224,3.58,2000.0,2023-01-10
Maharashtra,Nashik,Niphad,B-008546,1.64,,2023-05-13
Maharashtra,Nashik,Igatpuri,B-012569,3.03,2000.0,2023-08-14
Maharashtra,THANE,Thane,B-007718,0.65,2000.0,2023-07-25
Gujarat,Ahmedabad ,City,B-014639,3.26,4000.0,2023-09-11
Maharashtra,Naagpur,Hingna,B-019931,2.58,6000.0,2023-03-25
gujarat,Vaadodaaraa,Padra,B-018718,2.24,2000.0,2023-06-21
Maharashtra,Pune,Junnar,B-009895,0.77,6000.0,2023-07-23
Gujarat,Surat,Choryasi,B-000375,2.54,2000.0,2023-03-18
Maharashtra, Thane,Ambernath,B-008571,3.87,2000.0,2023-10-12
Maharashtra,Pune,Khed,B-011782,4.17,,2023-07-24
Gujarat,Vadodara,Padra,B-007744,0.6,,2023-01-18
Maharashtra,Pune,Haveli,B-002036,4.29,,2023-03-20
maharashtra,Pune,Baramati,B-003874,4.75,6000.0,2023-04-20
Maharashtra,Pune,Baramati,B-015251,3.13,4000.0,2023-03-06
Gujarat,AHMEDABAD,SANAND,B-010054,1.6,2000.0,2023-02-02
Maharashtra,Nagpur,Umred,B-018092,2.05,2000.0,2023-01-04
Maharashtra,nashik,Igatpuri,B-013285,2.32,2000.0,2023-09-27
Maharashtra,THANE,Ulhasnagar,B-016467,1.61,6000.0,2023-03-10
Maharashtra, Thane,Thane,B-010191,4.15,,2023-01-12
Gujarat,VADODARA,Karjan,B-003848,4.05,4000.0,2023-05-03
Maharashtra,Nashik ,Nashik,B-019993,2.27,6000.0,2023-10-20
Maharashtra,NAGPUR,Ramtek,B-012044,2.31,,2023-02-16
Gujarat,Surat,Mangrol,B-007237,4.58,6000.0,2023-07-06
Maharashtra,Thane,Bhiwandi,B-007181,2.04,4000.0,2023-02-19
 Maharashtra,NAGPUR,Ramtek ,B-004377,1.54,,2023-07-05
Gujarat,Surat ,Olpad,B-015670,4.34,6000.0,2023-11-13
Maharashtra,Thane,Kalyan,B-005020,0.61,4000.0,2023-10-14
Maharashtra,Nagpur,Kaamptee,B-014909,3.17,2000.0,2023-11-24
Gujarat,Vadodara,Karjan,B-012243,0.77,4000.0,2023-03-23
MAHARASHTRA,Nagpur,Hingna,B-013627,1.93,2000.0,2023-05-07
maharashtra,nagpur,Ramtek,B-015429,2.49,6000.0,2023-10-15
Maharashtra,Nagpur,Ramtek,B-017614,3.62,,2023-05-28
maharashtra,Nagpur,Ramtek,B-007157,4.18,,2023-11-26
Gujarat,Ahmedabad,City,B-008109,1.31,6000.0,2023-01-10
Gujarat, Vadodara,Karjan,B-002683,4.23,,2023-04-07
Maharashtra,Thane,Thane,B-017220,2.43,,2023-02-12
 Maharashtra,Pune,Junnar,B-014640,4.82,2000.0,2023-05-02
Gujarat,Vadodara,Savli,B-017308,3.81,6000.0,2023-09-07
Gujarat ,Vadodara,Karjan,B-019094,2.65,4000.0,2023-07-26
Maahaaraashtraa, Nashik,Malegaon,B-002560,3.13,2000.0,2023-03-12
Maharashtra,Thane,Ambernath,B-003677,1.93,6000.0,2023-06-03
GUJARAT,Surat ,city,B-002024,2.9,2000.0,2023-06-24
Gujarat ,Surat,City,B-016564,1.35,4000.0,2023-05-06
MAHARASHTRA,Pune,Haveli,B-006625,1.73,4000.0,2023-05-19
Maharashtra,Nashik,Malegaon,B-017586,3.45,6000.0,2023-07-06
 Gujarat,Surat,Kamrej,B-004911,4.24,4000.0,2023-06-27
Maharashtra,Pune,Junnar,B-018898,0.8,2000.0,2023-05-21
MAHARASHTRA,Pune,baramati,B-018631,3.09,4000.0,2023-04-12
Maharashtra,NASHIK,Niphad,B-017051,2.59,2000.0,2023-02-19
Maharashtra,nashik,Igatpuri,B-019636,0.6,2000.0,2023-09-05
Gujarat, Surat,Mangrol,B-003809,1.0,4000.0,2023-11-24
Gujarat, Surat,Choryasi,B-006731,2.26,6000.0,2023-04-23
Gujarat,Vadodara,Savli ,B-016018,1.53,,2023-03-07
Maharashtra,Thane,Bhiwandi,B-002980,1.16,4000.0,2023-04-22
Maharashtra,Nagpur,Kamptee,B-016724,2.35,2000.0,2023-01-21
Maharashtra, Thane,Kalyan,B-014598,4.72,2000.0,2023-12-04
Gujarat,Ahmedabad,Dholka,B-001824,4.62,4000.0,2023-04-15
Maharashtra,Nashik,Malegaon,B-014859,2.13,6000.0,2023-07-25
Maharashtra,Pune,Baramati,B-004324,3.22,6000.0,2023-03-20
Maharashtra,Pune,Baramati,B-016819,2.63,2000.0,2023-06-04
Gujarat,vadodara,Vaghodia,B-013613,2.72,2000.0,2023-10-19
MAHARASHTRA,NASHIK,Niphad,B-014969,1.49,6000.0,2023-05-09
 Maharashtra,Thane ,Bhiwandi,B-001892,4.01,,2023-04-17
Gujarat,Ahmedabad,Dholka,B-015152,0.55,4000.0,2023-06-28
Maharashtra,Thane,Ulhasnagar,B-010099,4.29,2000.0,2023-03-14
Maharashtra,Pune,Baramati,B-000714,2.45,2000.0,2023-12-09
Maharashtra,Pune,Shirur ,B-012975,1.52,6000.0,2023-06-21
Gujarat,Ahmedabad,City,B-008339,2.26,4000.0,2023-05-08
Gujarat,Ahmedabad,City,B-000099,0.65,6000.0,2023-04-16
 Gujarat, Vadodara,Karjan,B-007141,3.36,4000.0,2023-12-04
Maharashtra,Thane,Ulhasnagar,B-002394,1.68,4000.0,2023-04-15
Maharashtra,Pune,Junnar,B-018033,2.53,4000.0,2023-11-28
Gujarat, Ahmedabad,Sanand,B-013884,1.09,2000.0,2023-07-25
Maharashtra,Nashik,Igatpuri,B-019664,4.02,,2023-06-22
Maharashtra,Thane ,Ambernath,B-002090,3.86,6000.0,2023-10-02
 Maharashtra,Pune,Junnar,B-017733,4.29,,2023-01-25
Gujarat, Vadodara,Savli,B-001975,4.27,6000.0,2023-07-01
Maharashtra,Thane,Ulhasnagar,B-002262,2.43,4000.0,2023-06-02
Maharashtra,Nashik,Igatpuri,B-015469,3.16,2000.0,2023-04-07
Maharashtra,Pune,Khed,B-001040,0.6,,2023-07-16
Maharashtra,NAGPUR,Kamptee,B-009408,4.5,2000.0,2023-08-19
Maharashtra,Thane,Bhiwandi,B-013398,2.53,6000.0,2023-11-17
Gujarat,Surat,Olpad,B-005898,3.19,2000.0,2023-01-13
Gujarat,Vadodara,City,B-004438,3.56,2000.0,2023-03-23
Gujarat,Vadodara,Vaghodia,B-013775,2.67,,2023-07-01
Gujarat,Ahmedabad,City,B-012271,4.3,4000.0,2023-11-10
maharashtra,Nagpur,Raamtek,B-012534,2.4,2000.0,2023-12-25
Maharashtra,Pune,Shirur,B-014698,0.63,4000.0,2023-07-07
Maharashtra,Nashik,Malegaon,B-012370,1.23,6000.0,2023-11-01
Gujaaraat,Vadodara,City,B-012310,2.79,2000.0,2023-10-03
Gujarat,Vadodara,Karjan,B-002630,2.38,,2023-06-25
Maharashtra,nashik,Sinnar,B-019824,4.61,6000.0,2023-01-18
Gujarat,Surat,Olpad,B-004358,2.32,6000.0,2023-05-06
Maharashtra,Pune,Khed,B-011396,4.79,,2023-04-03
Maharashtra,Thane,Thane,B-003888,3.21,2000.0,2023-01-04
Maharashtra,Thane,Ulhasnagar,B-005849,2.52,2000.0,2023-07-20
Maharashtra ,Nashik,Malegaon,B-017605,0.51,6000.0,2023-05-20
Gujarat ,Vaadodaaraa,Savli,B-012880,1.75,2000.0,2023-04-26
Maharashtra,Pune,Junnar,B-017330,4.2,4000.0,2023-02-15
 Gujarat,Vadodara,Karjan,B-004173,2.24,,2023-07-21
Maharashtra,Thane,Bhiwandi,B-007298,3.4,4000.0,2023-10-28
Maharashtra ,Pune,Junnar,B-000114,3.75,2000.0,2023-03-28
gujarat, Vadodara,Vaghodia,B-000745,1.01,6000.0,2023-01-20
Maharashtra, Nagpur,Umred,B-009777,1.42,,2023-09-21
gujarat,Vadodara,Karjan,B-015172,2.88,2000.0,2023-10-14
Maharashtra,Nashik,Malegaon,B-013898,4.29,2000.0,2023-06-25
Maharashtra,PUNE,Khed,B-017431,3.47,6000.0,2023-06-19
Maharashtra,Nashik,Malegaon,B-012429,0.84,6000.0,2023-09-01
Gujarat,Surat,Olpad,B-007526,4.48,4000.0,2023-07-28
 Maharashtra,Nagpur,Kamptee,B-008111,3.01,,2023-09-05
Maharashtra,pune,Khed,B-015094,4.12,,2023-07-07
Maharashtra,Thaane,Kalyan,B-011343,3.43,6000.0,2023-11-09
Gujarat,Ahmedabad,Daskroi,B-005084,4.55,4000.0,2023-02-06
Maharashtra,PUNE,Haveli,B-009033,3.46,,2023-06-07
Gujarat,Surat,Choryasi,B-006177,1.2,6000.0,2023-04-15
Gujarat,Ahmedabad ,Bavla,B-003698,2.32,2000.0,2023-12-02
Maharashtra,Thane,Thane,B-001056,1.09,,2023-05-08
Gujarat,Ahmedabad,Dholka,B-019701,1.89,4000.0,2023-06-12
Maharashtra,Nashik,Igatpuri,B-000513,0.86,4000.0,2023-09-27
Gujarat,Surat,Kamrej,B-007887,0.57,4000.0,2023-04-28
Gujarat,Suraat,City,B-006753,1.03,2000.0,2023-12-19
Gujarat,Surat ,Kamrej,B-002205,3.71,,2023-07-05
Maharashtra,nashik,Niphad,B-003307,4.13,,2023-10-25
Gujarat,Vadodara,Savli,B-001101,3.12,2000.0,2023-10-27
Gujarat,Vadodara,Padra,B-014629,1.28,,2023-12-02
Maahaaraashtraa,Thane,Kalyan,B-001596,2.35,2000.0,2023-10-05
Maharashtra,Pune,Haveli,B-008020,4.77,2000.0,2023-10-19
Gujarat ,Surat,Choryasi,B-001450,4.59,2000.0,2023-10-22
Maharashtra,Nagpur,Umred,B-013182,3.8,4000.0,2023-04-07
Gujarat,Ahmedabad,City,B-014384,2.3,,2023-09-15
Gujarat, Vadodara,padra,B-007679,1.61,2000.0,2023-09-06
Maharashtra,Pune,Junnar,B-017687,3.24,,2023-04-04
Gujarat,Ahmedabad,City,B-018839,3.94,4000.0,2023-02-05
Maharashtra,nagpur,Ramtek,B-001850,0.72,2000.0,2023-11-23
Gujarat,Suraat,Mangrol,B-004592,4.75,6000.0,2023-05-24
Maharashtra,Nashik,Igatpuri,B-016512,3.04,4000.0,2023-04-10
Maahaaraashtraa,Nagpur,Kamptee,B-009479,1.19,6000.0,2023-11-27
Gujarat,Vaadodaaraa,Karjan,B-007674,3.4,,2023-11-13
MAHARASHTRA,thane,Ambernath,B-010450,4.86,,2023-11-05
Maharashtra,PUNE, Junnar,B-010508,4.97,4000.0,2023-07-20
Maharashtra,Naagpur,Hingna,B-007763,4.62,,2023-10-27
Gujarat,Vadodara,Karjan ,B-009889,2.31,6000.0,2023-03-01
Maharashtra,Nagpur,Nagpur Rural,B-018683,0.51,2000.0,2023-10-14
Gujaaraat,Surat,Choryasi,B-017081,2.66,2000.0,2023-11-24
Maharashtra,THANE,Ulhasnagar,B-007244,1.88,2000.0,2023-05-04
Maharashtra,Nashik,Nashik,B-013552,2.67,4000.0,2023-10-11
gujarat,Surat,City,B-009847,3.39,,2023-02-16
 Gujarat,Ahmedaabaad,Sanand,B-009017,1.31,6000.0,2023-01-05
Gujarat,Ahmedabad,Daskroi,B-019726,3.75,,2023-10-07
Gujarat,vadodara,Savli,B-005739,3.79,,2023-05-28
Maharashtra,Thane,Ambernath,B-013999,0.5,,2023-05-16
Gujaaraat,Surat,Olpad,B-016241,1.51,2000.0,2023-02-01
Gujarat,Vaadodaaraa, City,B-001537,3.33,6000.0,2023-12-18
GUJARAT,Ahmedabad,Sanand,B-011286,2.92,6000.0,2023-06-03
Maharashtra,Thane ,bhiwandi,B-012490,3.01,,2023-06-17
Maharashtra,Pune,haveli,B-017186,1.94,2000.0,2023-08-09
Maharashtra,Thane,Bhiwandi,B-010445,1.62,2000.0,2023-11-04
 Gujarat,Surat,City ,B-013643,0.55,6000.0,2023-04-27
Maharashtra,Pune,Haveli,B-013378,2.93,2000.0,2023-01-25
Maharashtra,Thane,Thane,B-004890,1.3,2000.0,2023-09-01
Maharashtra,Nashik,Sinnar,B-009827,4.73,2000.0,2023-12-02
Maharashtra,Thane,Thane,B-012336,2.3,4000.0,2023-05-21
Maharashtra,Pune, Khed,B-006026,1.95,,2023-10-23
 Gujarat, Ahmedabad,Daskroi,B-017627,1.43,6000.0,2023-04-24
Maharashtra,Thane,Thane,B-015517,4.7,6000.0,2023-10-15
Maharashtra,Thaane,Ambernath,B-007897,3.93,4000.0,2023-07-16
Maharashtra,Pune,Baramati,B-007385,4.97,,2023-01-20
maharashtra,Nashik,Nashik,B-009855,2.93,6000.0,2023-12-27
Maharashtra,THANE,Ulhasnagar,B-004731,4.6,2000.0,2023-07-13
Maahaaraashtraa,Nagpur ,Hingna,B-015173,2.04,6000.0,2023-07-08
Maharashtra, Nashik, Malegaon,B-001889,4.09,2000.0,2023-11-06
MAHARASHTRA,Nagpur,Umred,B-013523,0.53,4000.0,2023-08-09
Gujarat,ahmedabad,Bavla,B-013649,3.56,2000.0,2023-11-25
Maharashtra,Nagpur,ramtek,B-017367,1.8,6000.0,2023-12-03
Gujarat,Ahmedabad,Daskroi,B-004394,4.07,6000.0,2023-07-14
Maharashtra,Nagpur ,Ramtek,B-012728,3.09,6000.0,2023-01-12
Maharashtra, Nashik,Igaatpuri,B-019346,1.86,4000.0,2023-03-12
Gujarat,Vadodara, Padra,B-008356,2.83,4000.0,2023-01-11
Maharashtra, Pune,Junnar,B-006663,4.23,,2023-06-02
Maharashtra,Nagpur, Ramtek,B-010823,1.7,6000.0,2023-01-20
Gujarat,VADODARA,Karjan,B-002591,3.17,2000.0,2023-03-02
Maharashtra,THANE,Thane ,B-014739,2.03,4000.0,2023-12-07
Gujarat,Surat,Mangrol,B-012160,2.15,6000.0,2023-02-19
Maharashtra,Naashik,Malegaon,B-003030,2.44,6000.0,2023-03-28
Gujarat,Surat,Mangrol,B-017552,1.83,4000.0,2023-06-09
Maharashtra,Thane,Bhiwandi,B-006242,1.94,,2023-12-18
Maharashtra,Thane,Ulhasnagar,B-001689,0.91,4000.0,2023-09-01
Maharashtra,Nagpur,Kamptee,B-008797,2.08,4000.0,2023-04-10
Maharashtra,Thane,Ulhasnagar,B-012360,4.4,2000.0,2023-10-26
 Gujarat,Ahmedabad, Bavla,B-001296,2.21,2000.0,2023-04-26
 Gujarat,Surat,Choryasi,B-002385,2.4,,2023-08-01
Maharashtra,Thane,Ulhasnagar,B-006166,4.56,6000.0,2023-07-01
maharashtra,Nagpur,Ramtek,B-007112,0.82,4000.0,2023-04-22
MAHARASHTRA,Pune,Haveli,B-015709,0.91,,2023-08-26
Maharashtra,Naagpur,Hingna,B-006845,0.78,2000.0,2023-03-06
Maharashtra,Thaane,Kalyan,B-010911,2.49,4000.0,2023-05-02
Gujarat,Ahmedabad,Dholka,B-009935,0.94,6000.0,2023-06-23
Gujarat,Surat,Mangrol,B-019009,3.08,2000.0,2023-12-03
Gujarat,Vadodara,Savli,B-019825,3.85,2000.0,2023-05-28
Gujarat,Surat,City,B-006227,1.05,2000.0,2023-04-07
Gujarat,Ahmedabad,City,B-003845,3.02,,2023-07-18
Maharashtra,Pune,Haveli,B-015694,4.87,6000.0,2023-12-23
Gujarat,Vadodara,City ,B-007950,1.6,4000.0,2023-01-26
Maharashtra,Naagpur,Hingna,B-006702,2.7,,2023-04-07
Maharashtra,Nagpur,Umred,B-012997,4.04,,2023-03-07
Gujarat,Suraat,City,B-007843,1.95,,2023-03-27
Gujarat,Surat,City,B-010539,3.28,2000.0,2023-10-21
Maharashtra,Nashik,Malegaon,B-009276,3.3,6000.0,2023-12-06
Maharashtra,Nashik,Igatpuri,B-012474,0.71,,2023-04-22
maharashtra,nashik,Maalegaaon,B-015279,1.35,4000.0,2023-03-17
Maharashtra,Thane ,Bhiwandi,B-017487,0.82,6000.0,2023-10-17
Maharashtra, Nagpur,Umred,B-011773,1.94,4000.0,2023-02-11
Maharashtra, Thane, Bhiwandi,B-018643,1.96,6000.0,2023-10-23
Maharashtra,Pune,Shirur,B-017847,0.52,4000.0,2023-07-26
Maharashtra,THANE,Ulhasnagar,B-011785,3.91,2000.0,2023-11-24
Maharashtra,Nagpur,Umred,B-016804,1.48,,2023-02-14
Gujarat, Vadodara,Vaghodia,B-016295,1.84,4000.0,2023-08-01
Gujaaraat,Surat,Kamrej,B-015271,4.09,6000.0,2023-06-20
Gujaaraat,Ahmedabad,City,B-003232,1.79,,2023-12-27
Maharashtra,Pune,Baramati,B-019004,0.74,,2023-08-09
Maharashtra,Pune,Khed,B-010494,3.91,6000.0,2023-09-06
Gujarat,Suraat,Olpad,B-006657,4.29,4000.0,2023-07-27
maharashtra, Nashik,Nashik,B-012148,2.79,2000.0,2023-06-21
Gujarat,Surat,City,B-010254,3.78,2000.0,2023-05-19
Gujarat,Surat,Kamrej,B-013564,1.44,4000.0,2023-09-07
Gujarat,Vadodara,Padra,B-001499,4.29,,2023-10-26
Maharashtra,Pune,Shirur,B-007251,0.65,,2023-12-20
Gujarat,Ahmedabad ,City,B-004782,4.1,,2023-04-05
Gujarat,Surat,Choryasi,B-000532,1.09,,2023-04-19
Maharashtra,thane,Kalyan,B-017855,2.97,4000.0,2023-12-18
Maharashtra,Pune,Shirur,B-013684,1.8,,2023-06-08
maharashtra, Thane,Kalyan,B-009673,3.65,6000.0,2023-03-05
Maharashtra,Nashik,Niphad,B-004995,1.87,,2023-08-10
Maharashtra,Nashik,Malegaon,B-006429,2.29,2000.0,2023-08-24
Gujarat,Vaadodaaraa,Vaghodia,B-010810,2.87,,2023-03-07
Gujarat,Surat,Kamrej,B-007538,1.98,4000.0,2023-09-28
Maahaaraashtraa,thane,Ulhasnagar,B-012447,1.4,2000.0,2023-12-09
Gujarat,Ahmedabad,Bavla,B-008053,3.2,4000.0,2023-05-13
Maharashtra,Pune,Khed,B-016362,2.5,4000.0,2023-05-19
Gujaaraat,ahmedabad,Dholka,B-011062,4.36,2000.0,2023-08-05
Maharashtra,Naashik,NIPHAD,B-008433,2.38,4000.0,2023-07-13
 Maharashtra,Nagpur,Ramtek,B-016012,3.8,4000.0,2023-11-17
Gujarat,Surat,Choryasi,B-016076,2.85,,2023-07-11
Gujarat,Ahmedabad,City,B-015101,0.95,6000.0,2023-03-09
Gujarat,vadodara,City,B-005513,2.51,4000.0,2023-09-26
Gujarat,Surat,Choryasi,B-011541,0.76,4000.0,2023-02-14
Gujarat,Ahmedabad,Dholka,B-005547,4.51,4000.0,2023-05-09
Maharashtra,Pune,Shirur,B-004587,1.83,,2023-03-26
Maharashtra,Nashik,Niphad,B-016002,2.42,6000.0,2023-09-25
Maharashtra,Nashik,Igatpuri,B-006031,3.79,2000.0,2023-08-01
Maharashtra,Thaane,Thane,B-001925,4.71,,2023-03-07
Gujarat,vadodara,Vaghodia,B-017169,2.0,,2023-01-18
Gujarat,Vadodara,Karjan,B-001109,1.75,6000.0,2023-02-07
Maharashtra, Thane,Bhiwandi,B-002436,4.21,6000.0,2023-08-20
Gujarat,Vadodara,Padra,B-001590,4.45,,2023-03-27
Maharashtra,Thane ,Bhiwandi,B-000210,2.13,2000.0,2023-10-09
Gujarat ,Vadodara,Savli,B-013514,2.09,,2023-07-25
Gujarat,Vadodara,Padra,B-004506,3.08,6000.0,2023-08-21
Maharashtra,Nashik,Igatpuri,B-007584,3.13,2000.0,2023-11-25
 Maharashtra,Pune,Baramati,B-002228,1.16,6000.0,2023-01-26
Maharashtra,Nashik,Igatpuri,B-004949,4.89,2000.0,2023-03-11
Gujarat,Vadodara,SAVLI,B-000300,4.3,4000.0,2023-03-02
 Maharashtra,Nashik,Igatpuri,B-007168,2.9,6000.0,2023-08-12
Gujarat,Ahmedabad , Bavla,B-016572,3.82,6000.0,2023-11-17
Maharashtra,Nashik,Nashik,B-014943,1.08,,2023-10-11
Gujarat,Vadodara,Savli,B-012230,1.74,6000.0,2023-10-14
Maharashtra,Nashik,Nashik,B-001981,4.51,6000.0,2023-01-24
Gujarat,Ahmedabad,Bavla,B-018940,1.76,4000.0,2023-08-14
Gujarat,Vadodara, City,B-015987,1.37,6000.0,2023-01-13
Gujaaraat,surat,City,B-000516,4.92,4000.0,2023-09-26
Maharashtra,Nagpur,Nagpur Rural,B-000217,1.16,4000.0,2023-07-27
Gujarat,Ahmedabad,Bavla,B-017440,2.97,4000.0,2023-01-14
Maharashtra,Nagpur,Umred,B-013479,3.44,4000.0,2023-02-15
Gujarat,VADODARA,Vaghodia,B-000389,1.53,2000.0,2023-11-27
 Maharashtra,Pune,Junnar,B-000549,4.1,,2023-09-21
Gujaaraat, Surat,Kamrej,B-017348,3.11,2000.0,2023-12-09
Maharashtra,Pune,Shirur,B-009003,1.91,6000.0,2023-10-17
Maharashtra,Pune,Shirur,B-017556,3.31,2000.0,2023-01-27
Gujarat,Surat,Kaamrej,B-009395,0.79,2000.0,2023-08-20
Maharashtra,Pune,Junnar,B-000562,3.24,6000.0,2023-12-21
Gujaaraat,Ahmedabad ,Dholka,B-016457,2.49,6000.0,2023-04-17
Maharashtra,Pune,Khed,B-014110,2.29,6000.0,2023-03-08
Gujarat,Suraat,City ,B-005875,3.82,2000.0,2023-09-26
Gujaaraat,Vadodara,Karjan,B-003507,3.4,2000.0,2023-11-26
Maharashtra,nagpur,Hingna,B-003157,2.7,6000.0,2023-07-13
Maharashtra,Pune,Baramati,B-017184,2.66,,2023-03-19
Maharashtra,Nagpur,Umred,B-004880,1.74,,2023-12-17
Gujarat,Surat,Olpad,B-017690,0.71,4000.0,2023-12-11
Maharashtra,Pune,Baramati,B-006290,2.36,6000.0,2023-09-26
Maharashtra,Nashik ,Igatpuri,B-017251,0.56,4000.0,2023-08-15
Maharashtra,Thane,Thane,B-008272,3.46,,2023-04-04
Gujarat,Ahmedabad,City,B-011615,3.95,4000.0,2023-08-22
Maharashtra,Pune,Baramati,B-008760,3.28,6000.0,2023-11-24
Maharashtra,Nashik,Igatpuri,B-013006,0.7,6000.0,2023-06-17
Gujarat,Vadodara,Karjan,B-017941,1.89,6000.0,2023-08-02
Maharashtra,Nagpur,Hingna,B-012225,4.07,2000.0,2023-01-07
Gujarat,Surat,City,B-013305,3.88,4000.0,2023-09-20
Maharashtra,Pune,Shirur,B-015041,4.43,,2023-10-15
GUJARAT,Vadodara ,Karjan,B-007970,3.32,,2023-06-14
Gujarat,Vadodara,Vaghodia,B-007401,4.15,,2023-01-25
Maharashtra,Nashik,Igatpuri,B-009830,4.79,2000.0,2023-01-03
Gujarat,Surat ,Olpad,B-002642,3.91,2000.0,2023-09-22
Maharashtra,Nashik,Sinnar,B-001039,2.15,6000.0,2023-12-06
Maharashtra,Naagpur,Umred,B-003064,3.02,,2023-12-07
maharashtra,Pune,Baramati,B-013281,3.67,2000.0,2023-05-21
Maharashtra,NASHIK,Nashik,B-012428,2.19,6000.0,2023-12-12
Maharashtra,Pune,Shirur,B-017667,1.61,,2023-07-26
 Gujarat,Ahmedabad,Dholka,B-015598,4.08,4000.0,2023-08-23
Maharashtra,Thane,Kalyan,B-018978,3.34,6000.0,2023-06-18
Maharashtra,Thane,Ulhasnagar,B-000310,3.83,2000.0,2023-10-04
gujarat,Surat,Olpad,B-005616,4.54,2000.0,2023-02-17
Maharashtra,Nagpur,Hingna,B-002710,4.74,6000.0,2023-02-08
Maharashtra,Thane,Ambernath,B-016380,4.5,6000.0,2023-12-19
Maharashtra, Thane,Kalyan,B-014219,1.8,2000.0,2023-12-05
Maharashtra,NAGPUR,Ramtek,B-010856,3.97,4000.0,2023-01-26
Maharashtra,Nagpur,Umred,B-003125,4.7,,2023-01-19
Gujarat,Ahmedaabaad,Dholka,B-017307,2.37,4000.0,2023-08-15
Maharashtra,Nagpur,Kamptee,B-001395,2.46,6000.0,2023-02-01
Maharashtra,Nagpur,Ramtek,B-007529,1.75,4000.0,2023-01-05
MAHARASHTRA,Naagpur,Ramtek,B-006928,0.83,2000.0,2023-04-24
Gujarat,Surat,Kamrej,B-015582,2.7,6000.0,2023-10-24
 Maharashtra,Pune,Khed,B-008884,3.36,,2023-05-27
Gujarat ,SURAT,City,B-001526,4.0,2000.0,2023-06-03
Gujarat,Surat,Mangrol,B-002437,4.47,2000.0,2023-03-28
Gujarat, Ahmedabad,Dholka,B-009188,3.88,,2023-07-07
Maharashtra,Pune,Shirur,B-001079,4.57,,2023-07-20
Gujarat,Ahmedabad,Daskroi,B-019603,2.69,4000.0,2023-08-13
Maharashtra,thane,Kaalyaan,B-010306,1.96,6000.0,2023-03-24
Gujarat,Ahmedabad,Daskroi,B-000514,4.24,,2023-05-25
Maharashtra,Thaane,Ulhasnagar,B-018813,1.13,,2023-09-18
Maharashtra,Nashik,Igatpuri,B-004725,4.81,6000.0,2023-02-09
Gujarat,Ahmedabad,Bavla,B-013052,2.18,,2023-08-10
maharashtra,Naashik,Niphad,B-002522,2.83,,2023-10-27
Gujarat,ahmedabad,City,B-009807,3.12,4000.0,2023-05-08
Gujarat,Surat,KAMREJ,B-005324,0.73,2000.0,2023-09-26
Gujarat,Ahmedaabaad,Bavla,B-007880,1.59,2000.0,2023-05-07
Maharashtra,Nagpur,Nagpur Rural,B-012752,2.45,2000.0,2023-09-14
Maharashtra,Nashik,Naashik,B-010871,0.85,2000.0,2023-08-04
Maharashtra,Pune,Baramati,B-012578,2.4,,2023-03-11
Gujarat,Surat,Mangrol,B-004586,4.27,6000.0,2023-03-28
Gujarat,Surat,Olpad,B-002570,4.14,6000.0,2023-02-12
MAHARASHTRA,thane,KALYAN,B-016410,0.74,4000.0,2023-09-14
Gujarat,Ahmedabad,Daskroi,B-011334,3.63,4000.0,2023-11-11
maharashtra,NAGPUR, Ramtek,B-001760,2.66,,2023-02-11
Maharashtra,Pune,Shirur,B-003201,0.59,6000.0,2023-07-14
Maharashtra,Thane,Thane,B-014323,1.11,6000.0,2023-03-09
Maharashtra ,Pune,Baramati,B-007607,3.49,2000.0,2023-01-12
gujarat,Ahmedaabaad,Dholka,B-019347,4.33,,2023-02-25
Maharashtra,Nashik,Sinnar,B-011161,0.95,,2023-04-21
Maharashtra,Nashik,Malegaon,B-013000,1.03,2000.0,2023-04-06
Maharashtra, Thane,Thane,B-010695,2.0,,2023-04-10
Maharashtra,Nashik ,Malegaon,B-000971,2.43,,2023-01-06
Maharashtra,Thane,Kalyan,B-008957,1.28,4000.0,2023-01-24
Gujarat,Ahmedabad,Sanand,B-014764,2.63,6000.0,2023-04-09
 Gujarat,Ahmedabad,Bavla,B-016077,4.26,,2023-02-11
Maharashtra,Nashik,Malegaon,B-007476,4.16,4000.0,2023-10-28
Maharashtra,Pune,Shirur,B-011660,1.21,6000.0,2023-04-28
 Gujarat,Vadodara,Vaghodia,B-012302,2.63,2000.0,2023-06-08
Maharashtra,Thane,Thane,B-014151,1.8,4000.0,2023-08-25
Maharashtra,Thane,Bhiwandi,B-006087,3.5,4000.0,2023-06-07
Gujaaraat,Surat,Choryasi,B-012455,1.62,6000.0,2023-05-07
Gujarat,Ahmedabad,Dholka,B-002809,2.02,2000.0,2023-02-06
Gujarat,Surat,Mangrol,B-009679,1.38,4000.0,2023-11-18
Maharashtra,Nashik ,Igatpuri,B-008076,1.98,,2023-12-14
Maharashtra,thane,Thane,B-018765,2.92,,2023-05-19
Gujarat,Vaadodaaraa,City,B-002689,3.92,,2023-11-03
GUJARAT,Surat,Choryasi,B-008781,0.96,2000.0,2023-09-21
Maharashtra,NASHIK,NIPHAD,B-005054,2.63,4000.0,2023-07-02
Gujarat,Vadodara,City,B-012452,4.74,,2023-05-18
Gujarat,Surat,Olpad,B-005056,0.59,2000.0,2023-03-13
Maharashtra,thane,Bhiwandi,B-012768,2.29,,2023-04-19
Maharashtra,Thane,Ambernath,B-018996,3.39,6000.0,2023-03-24
Maharashtra,Nashik,Nashik,B-011820,2.32,4000.0,2023-04-20
Maharashtra,Nagpur,Hingna,B-003492,4.13,4000.0,2023-11-10
Maharashtra,Pune,Haveli,B-002999,4.31,2000.0,2023-02-22
 Maharashtra,Nagpur,Kamptee,B-000171,1.81,2000.0,2023-08-03
Gujarat,Surat,Choryasi,B-019619,4.5,4000.0,2023-04-07
Gujarat,ahmedabad,Daskroi,B-014574,0.98,,2023-06-26
MAHARASHTRA,Pune,Khed,B-011794,3.13,,2023-02-07
Maharashtra,Nashik,Igatpuri,B-008840,4.63,6000.0,2023-07-27
Gujarat,Vadodara ,City,B-019965,0.95,,2023-01-27
Gujarat,vadodara,Karjan,B-004342,4.39,2000.0,2023-08-20
Maharashtra ,Nashik, Sinnar,B-002861,0.55,2000.0,2023-05-19
Maharashtra,Nagpur ,Nagpur Rural,B-006141,4.65,,2023-01-05
Gujarat,Vadodara,Savli,B-014123,4.67,2000.0,2023-07-18
Maharashtra,Pune,Baramati,B-014708,1.61,4000.0,2023-03-04
Maharashtra,Nashik,Niphad,B-016792,1.86,4000.0,2023-05-05
Maharashtra, Pune, Junnar,B-013371,3.04,,2023-11-04
Gujarat,Vadodara,Paadraa,B-003385,2.22,4000.0,2023-02-11
gujarat,Vadodara,City,B-018693,4.45,4000.0,2023-12-04
Maharashtra,Thane,Ambernath,B-002937,1.87,6000.0,2023-08-22
Maahaaraashtraa,Pune,Haveli,B-011598,1.8,6000.0,2023-02-05
Gujarat,Vadodara,Karjan,B-019281,4.59,4000.0,2023-12-03
Maharashtra,Nashik,Sinnar,B-010631,2.71,,2023-05-28
gujarat,surat, Olpad,B-012624,1.86,6000.0,2023-02-22
Gujaaraat,Ahmedabad,Dholka,B-000405,3.39,2000.0,2023-02-12
Maharashtra,THANE,Ulhasnagar ,B-019067,1.48,2000.0,2023-01-14
Gujarat,surat,Olpad,B-018743,1.64,2000.0,2023-06-11
Maharashtra, Nashik,Nashik,B-012708,4.52,,2023-01-05
Gujarat,Ahmedabad, Bavla,B-002776,3.13,4000.0,2023-10-23
Maharashtra,Thane,Bhiwandi,B-007955,2.26,2000.0,2023-05-17
Maharashtra,nashik,Igatpuri,B-017076,3.33,,2023-12-11
Gujarat,Surat,Olpad,B-005557,1.44,6000.0,2023-06-25
Gujarat,VADODARA,Vaghodia,B-012476,3.76,4000.0,2023-08-05
Gujarat,Ahmedabad,Dholka,B-005555,2.15,6000.0,2023-05-13
Maharashtra,Pune,Haveli ,B-004550,1.0,,2023-04-01
Gujarat,Ahmedabad,Dholka,B-008812,1.31,2000.0,2023-01-26
Gujarat,Vadodara,Vaghodia,B-009868,0.52,2000.0,2023-11-27
Gujarat,Surat,Choryasi,B-008796,4.95,,2023-02-16
Maharashtra, Nagpur,Ramtek,B-016159,2.76,2000.0,2023-02-04
Gujarat,Ahmedabad,Sanand,B-017628,1.14,4000.0,2023-03-06
Maharashtra,Naashik,Malegaon,B-002074,1.97,,2023-03-17
Maharashtra,Nashik,Niphad,B-005480,0.64,6000.0,2023-05-03
Maharashtra,Pune,Baramati,B-014244,4.11,,2023-04-12
Maharashtra,Nagpur,Hingna,B-009043,0.63,4000.0,2023-06-07
Gujarat,Ahmedabad,City,B-013799,1.24,4000.0,2023-11-17
Maharashtra, Nagpur,Ramtek,B-009823,3.38,,2023-11-12
Gujarat, Vadodara,Padra,B-018119,0.63,,2023-09-01
Maharashtra ,Pune ,Shirur,B-002521,3.71,2000.0,2023-06-08
Maharashtra ,Thane,Ambernath,B-011834,3.93,4000.0,2023-02-21
Maharashtra,Thane,Kalyan,B-008248,1.8,,2023-11-05
Maahaaraashtraa,Pune,Baramati,B-008081,1.5,,2023-07-08
Gujarat,Ahmedabad,Sanand,B-016247,4.86,4000.0,2023-11-08
Gujarat,Surat,Mangrol,B-006408,0.94,,2023-11-20
Gujarat,Surat,Kamrej,B-015004,3.74,2000.0,2023-10-19
Maharashtra,Pune,Haveli,B-003506,2.05,4000.0,2023-08-26
Gujarat,Ahmedabad,Bavla,B-004440,2.95,2000.0,2023-05-06
Maharashtra,Pune,Haveli,B-009984,3.37,2000.0,2023-12-10
Gujarat,Ahmedabad,Sanand,B-000222,2.43,2000.0,2023-07-03
Maharashtra,Pune,Junnar,B-012967,2.54,2000.0,2023-05-12
Gujarat,Surat ,Kamrej,B-010887,2.36,4000.0,2023-04-14
Maharashtra,Pune,Shirur ,B-012449,1.49,2000.0,2023-01-17
 Maharashtra,Thane,Bhiwandi,B-010799,3.26,2000.0,2023-07-10
Maharashtra,Thane,Bhiwandi,B-014426,4.59,,2023-06-26
Maharashtra,Pune,Haveli,B-010969,1.13,4000.0,2023-05-06
Maharashtra,nashik,Sinnar,B-018504,2.54,4000.0,2023-03-10
Maharashtra,Nagpur,Kamptee,B-004461,2.29,6000.0,2023-02-11
Gujarat,Vadodara,Karjan,B-009845,3.13,4000.0,2023-01-13
Maharashtra,Nashik,Malegaon,B-017716,1.23,4000.0,2023-03-12
GUJARAT,SURAT,Kamrej,B-006582,2.02,6000.0,2023-10-10
GUJARAT,Ahmedabad,Sanand,B-015697,2.92,4000.0,2023-03-17
Gujarat,AHMEDABAD,Dholka,B-019694,2.27,4000.0,2023-12-20
Maharashtra,Nagpur ,Nagpur Rural,B-005821,3.2,4000.0,2023-03-01
 Maharashtra,Thane,Ambernath,B-018311,4.57,4000.0,2023-06-22
Maharashtra,Thane,Thane,B-010458,1.44,6000.0,2023-01-13
Maharashtra,Nashik,Igatpuri,B-009551,4.87,4000.0,2023-02-27
Maharashtra,Nashik,Igatpuri,B-016090,4.01,4000.0,2023-06-01
 Maharashtra,Naashik,Maalegaaon,B-007944,1.58,6000.0,2023-04-07
Gujarat,Ahmedabad,Bavla,B-010679,3.22,,2023-01-02
Maahaaraashtraa,Pune,Khed,B-012323,2.2,2000.0,2023-03-27
Gujarat,Ahmedabad,Daskroi,B-009185,2.72,,2023-09-24
Gujarat,Ahmedabad, Bavla,B-012876,3.11,6000.0,2023-10-26
Maharashtra,Nagpur ,Umred,B-011961,4.9,2000.0,2023-03-24
 Maharashtra,Nashik,Igatpuri,B-003732,4.62,6000.0,2023-09-25
Maharashtra,Pune,Shirur,B-006548,1.8,6000.0,2023-04-15
Maharashtra,Pune ,Haveli,B-005896,2.09,4000.0,2023-11-20
Maharashtra,Nagpur,Hingna,B-000882,2.43,2000.0,2023-07-23
Gujarat,Surat,Olpad,B-015127,3.42,4000.0,2023-07-03
Maahaaraashtraa,nagpur,Ramtek,B-006870,3.42,2000.0,2023-08-18
Maharashtra,Pune,JUNNAR,B-014368,1.61,6000.0,2023-11-04
Gujarat,Surat,City,B-009547,0.61,6000.0,2023-11-27
Gujarat,VADODARA,City,B-002267,1.39,,2023-08-04
Gujarat,VADODARA,Karjan,B-013407,3.36,2000.0,2023-12-10
Gujarat, Vadodara,Vaghodia ,B-017617,4.31,4000.0,2023-10-10
maharashtra,Nashik,Niphad,B-004561,4.24,,2023-04-19
Gujarat,Vadodara,Karjan,B-009924,3.66,,2023-02-07
Maharashtra,Nagpur,Umred,B-007931,2.76,,2023-07-13
 Maharashtra,Nashik,Sinnar,B-008280,1.66,4000.0,2023-08-22
Maharashtra,Nashik,Niphad,B-005051,0.82,,2023-06-07
gujarat,Vadodara ,Savli,B-019826,0.64,4000.0,2023-07-26
 Gujarat,Ahmedabad,Sanand,B-012354,2.5,,2023-04-28
GUJARAT,Ahmedabad,Bavla,B-002424,1.92,4000.0,2023-06-08
Maharashtra,Thane,Thane,B-014716,1.91,6000.0,2023-07-20
Gujarat, Vadodara,City,B-015704,3.15,6000.0,2023-03-06
Maharashtra,Thane,Bhiwandi,B-013134,4.24,6000.0,2023-01-10
Gujarat,Surat,Choryasi,B-016601,3.1,6000.0,2023-10-14
Gujarat,Ahmedabad,City,B-013707,1.14,6000.0,2023-11-02
Gujarat,Surat,Choryasi,B-001205,3.7,,2023-03-20
Maharashtra,Nashik,Igatpuri,B-017846,3.13,,2023-04-09
Maharashtra,Thaane,Bhiwandi,B-002785,2.47,,2023-11-12
MAHARASHTRA, Pune,Haveli,B-003584,4.93,4000.0,2023-12-28
Maharashtra,Pune,Haveli,B-008135,3.05,4000.0,2023-03-12
Maharashtra,nagpur,Kamptee,B-011633,1.42,4000.0,2023-11-20
Gujarat ,Vadodara,Savli,B-005451,4.76,4000.0,2023-03-25
MAHARASHTRA,Thane,Thane,B-001452,3.64,6000.0,2023-05-11
Maharashtra,Pune,Shirur,B-013095,3.78,6000.0,2023-01-13
Maharashtra,NASHIK,Niphad,B-010866,4.03,6000.0,2023-09-14
maharashtra,Nashik,Niphad,B-014106,4.21,2000.0,2023-01-27
Maharashtra,Pune,Junnar,B-003472,2.77,,2023-05-05
Gujarat,Ahmedabad,Dholka,B-000346,1.42,4000.0,2023-04-14
Gujarat,Surat,Kamrej,B-019420,2.79,4000.0,2023-12-18
Gujarat,Surat,CITY,B-008479,2.22,6000.0,2023-06-21
Maharashtra, Thane,Kalyan,B-007275,3.2,4000.0,2023-01-18
Gujarat,ahmedabad,Bavla,B-016734,1.35,4000.0,2023-05-20
Gujarat,Ahmedaabaad,Bavla,B-017000,2.18,,2023-11-28
Maharashtra ,pune,Haveli,B-007243,4.04,6000.0,2023-09-23
Maharashtra,Pune,Junnar,B-014608,3.1,,2023-12-24
Maharashtra,Pune,baramati,B-012260,1.72,2000.0,2023-02-12
Gujarat,Surat,CITY,B-012817,4.25,2000.0,2023-04-17
Maharashtra,Nagpur,Hingna,B-015174,2.56,2000.0,2023-06-17
Maahaaraashtraa,Pune,Junnar,B-019149,2.31,6000.0,2023-06-13
Maharashtra,Thane,Ulhasnagar,B-004940,2.97,4000.0,2023-01-03
 Maharashtra,Pune,Baramati,B-011304,2.32,6000.0,2023-10-17
Maharashtra,nashik,Sinnar,B-000805,2.82,6000.0,2023-07-14
Gujarat,Vaadodaaraa,Savli,B-015820,4.22,4000.0,2023-07-15
Gujarat,Ahmedabad,Sanand,B-003426,1.4,,2023-07-03
Gujarat,Vadodara,City,B-009681,2.0,2000.0,2023-09-07
Gujarat ,Ahmedabad,Bavla ,B-013631,2.4,,2023-08-23
Maharashtra,NAGPUR,Umred,B-002814,3.1,2000.0,2023-10-25
GUJARAT,Vadodara,Vaghodia,B-003804,0.92,6000.0,2023-12-16
Gujarat,Ahmedabad ,Daskroi,B-004643,1.7,2000.0,2023-07-14
Gujarat,VADODARA,Paadraa,B-011415,2.03,6000.0,2023-03-27
 Gujarat,Surat,Mangrol,B-010221,3.41,,2023-05-11
Maharashtra,Pune,Shirur,B-011242,1.24,6000.0,2023-03-28
Gujarat,vadodara,Savli,B-019033,0.52,,2023-09-15
Maharashtra,Naashik,Niphad,B-006779,1.06,4000.0,2023-12-27
Maharashtra,Pune,Haveli,B-017454,4.39,4000.0,2023-03-16
Gujarat,Vadodara,City,B-015825,1.02,4000.0,2023-09-10
Maharashtra,Nagpur,Ramtek,B-011414,2.77,6000.0,2023-07-07
Maharashtra, Pune,Haveli,B-015603,1.16,4000.0,2023-01-27
Maharashtra,NAGPUR,Umred,B-003199,1.81,2000.0,2023-04-22
Maharashtra,Pune,Junnar,B-014358,3.61,,2023-08-16
Maharashtra,Nagpur,Hingna,B-014826,4.56,,2023-02-22
Gujarat ,Vadodara,City,B-010451,3.97,2000.0,2023-07-25
Gujarat,Suraat,Mangrol,B-002202,2.2,6000.0,2023-04-07
Maharashtra,Thaane,Ulhasnagar,B-009840,1.19,6000.0,2023-05-05
Gujarat,Ahmedabad,Dholka,B-001465,3.31,,2023-12-06
Maharashtra,Nagpur,Ramtek,B-003772,1.6,4000.0,2023-10-23
Maharashtra,Pune,Haveli,B-000741,3.52,6000.0,2023-07-02
Maharashtra,Nagpur,Kamptee,B-017342,0.87,6000.0,2023-06-02
 Maharashtra,Nagpur,Hingna,B-017375,2.39,2000.0,2023-01-17
Maharashtra ,Pune,Baramati,B-005386,3.51,2000.0,2023-08-11
Gujarat,Surat,Mangrol,B-007993,1.93,4000.0,2023-09-17
Maharashtra,Nashik,Sinnar,B-016909,0.99,6000.0,2023-10-13
Gujarat,Vadodara,City,B-005717,4.87,6000.0,2023-12-17
Gujarat,Surat,Choryasi,B-005248,4.24,2000.0,2023-03-01
 Maharashtra,Nashik,Sinnar,B-010846,2.33,6000.0,2023-06-05
 Gujarat,Vadodara,Savli,B-013972,4.5,,2023-03-24
Gujarat,vadodara,Padra,B-015141,3.6,2000.0,2023-12-22
 Maharashtra,Nagpur, Umred,B-007598,4.05,4000.0,2023-06-03
Maharashtra,Pune,Khed,B-018605,1.14,2000.0,2023-02-13
Maharashtra,Nashik,Niphad,B-006045,1.39,6000.0,2023-04-11
Gujarat,Surat,Choryasi,B-006108,3.71,4000.0,2023-04-26
maharashtra,pune,Haveli,B-014161,2.87,2000.0,2023-10-19
 Maharashtra,Thane,Thane,B-012963,4.14,,2023-05-28
Gujarat,VADODARA,Karjan,B-000957,4.78,,2023-02-11
Gujarat,Vadodara,Karjan,B-006466,3.57,2000.0,2023-10-24
Maharashtra ,Nashik,Igatpuri,B-014732,2.38,,2023-02-08
Gujarat,Surat,Choryasi,B-014076,2.8,,2023-02-05
Maharashtra,Nagpur,Raamtek,B-012742,1.86,,2023-08-23
Maharashtra,Thane,Kalyan,B-000146,4.6,4000.0,2023-04-03
Maharashtra ,Nagpur,Nagpur Rural,B-007039,3.53,,2023-12-08
Maharashtra,Pune,Haveli,B-006744,3.22,,2023-10-17
Maharashtra,Thaane,Ulhasnagar,B-009121,3.86,,2023-03-22
Gujarat,Surat,Olpad,B-002051,4.39,4000.0,2023-11-01
Maharashtra,Nagpur,Hingna,B-003335,4.4,2000.0,2023-09-16
Gujarat,Vadodara,City,B-006127,2.94,6000.0,2023-04-14
Maharashtra,Thane,Thane,B-011987,2.11,,2023-02-24
Gujarat,Surat,City,B-010682,4.66,2000.0,2023-03-19
 Maharashtra,Nashik,Nashik,B-006458,3.61,,2023-01-19
Maharashtra,Nashik,Niphad,B-014994,4.95,4000.0,2023-06-06
Maharashtra,Nashik,Malegaon,B-003735,3.71,2000.0,2023-10-01
Gujarat,Surat,Mangrol,B-008597,3.05,4000.0,2023-02-05
Gujarat,Ahmedabad,City,B-016040,2.45,,2023-10-27
Gujarat,VADODARA,Padra,B-010270,2.16,,2023-12-18
Maharashtra,Pune,Khed,B-012735,4.74,4000.0,2023-05-04
 Gujarat,Surat,Kamrej,B-012863,1.35,6000.0,2023-02-27
Maharashtra,Nagpur,Ramtek,B-003744,2.28,4000.0,2023-02-18
Gujarat,Vadodara,Karjan,B-011401,1.89,,2023-07-02
Maharashtra,Pune,Junnaar,B-011534,1.33,4000.0,2023-05-20
Maharashtra,Nashik,Malegaon,B-017749,2.71,6000.0,2023-11-15
Maharashtra,Pune,Junnar,B-005654,3.15,4000.0,2023-01-04
Maharashtra,nagpur,Hingnaa,B-018126,2.26,6000.0,2023-11-02
Gujarat,Vadodara,Padra,B-002778,2.31,6000.0,2023-11-20
GUJARAT,AHMEDABAD,Sanand,B-004390,1.45,4000.0,2023-02-21
Maharashtra,Pune, Khed,B-010263,3.38,4000.0,2023-01-05
Maharashtra,Thane,Kalyan,B-003863,2.41,2000.0,2023-05-23
Gujarat,Surat,Kamrej,B-007818,3.36,,2023-01-23
Gujarat,Ahmedabad,City ,B-019196,1.87,6000.0,2023-11-20
Gujarat,Ahmedabad,Bavla,B-003833,1.65,2000.0,2023-12-13
Gujarat,Vadodara,Karjan,B-005999,1.87,4000.0,2023-06-08
Maharashtra, Thane,Kalyan,B-018341,4.53,,2023-09-22
Gujarat,Surat,Choryasi,B-004633,3.86,2000.0,2023-05-17
Maharashtra,Nashik,Niphad,B-016739,3.48,6000.0,2023-06-21
Gujarat,Surat,Olpad,B-012730,1.47,2000.0,2023-07-27
Maharashtra,thane,Ambernath,B-013705,4.15,6000.0,2023-08-12
Gujarat,Vadodara,Savli,B-004518,1.81,4000.0,2023-03-25
Gujarat,Surat,Choryasi,B-012574,4.23,,2023-05-10
Maharashtra,Thane,Thane,B-013863,3.61,,2023-09-02
Gujarat ,Ahmedabad,sanand,B-017496,3.18,,2023-09-09
Gujarat,Surat, City,B-019734,1.39,4000.0,2023-03-25
Maharashtra,Nashik,Niphad,B-005677,4.62,6000.0,2023-08-05
Gujarat,Ahmedabad,City,B-005468,3.33,4000.0,2023-11-01
Maharashtra, Thane,Thane,B-019043,3.02,,2023-06-04
GUJARAT,Ahmedabad,Sanand,B-009465,1.85,4000.0,2023-06-01
Maharashtra,NASHIK,Malegaon,B-004598,4.48,4000.0,2023-03-15
Maharashtra,Thane,Kalyan,B-006131,4.21,4000.0,2023-08-20
gujarat,AHMEDABAD,Daskroi,B-010309,3.09,6000.0,2023-05-28
Maharashtra, Nashik,Nashik,B-014779,1.17,2000.0,2023-07-27
Gujarat,Ahmedabad,Dholka,B-019213,3.61,2000.0,2023-09-12
Gujarat,Vadodara ,Padra,B-011765,2.04,4000.0,2023-02-09
Gujarat,Surat,Olpad,B-000315,3.32,2000.0,2023-10-08
 Gujarat,Ahmedabad,City,B-019459,2.05,2000.0,2023-06-11
Maharashtra,Nashik,Igatpuri,B-019054,2.38,4000.0,2023-08-06
Gujarat,Vadodara,Karjan,B-006394,2.49,4000.0,2023-07-04
Maharashtra,Nagpur,Ramtek,B-012582,2.19,,2023-07-24
Maharashtra,nashik,Nashik,B-019635,2.41,2000.0,2023-09-09
 Gujarat,Vadodara,Saavli,B-016220,4.7,6000.0,2023-07-19
 Maharashtra,NASHIK,Igatpuri,B-017393,3.19,4000.0,2023-02-14
Gujarat,Vadodara,Padra ,B-019125,3.74,,2023-10-18
Maharashtra, Nagpur,Umred,B-018120,3.55,6000.0,2023-02-06
Maharashtra,Naashik,Sinnar,B-014545,2.89,2000.0,2023-01-10
Gujarat,Vadodara,Vaghodia,B-016014,3.43,,2023-01-05
Gujarat,Ahmedabad ,Bavla,B-005481,4.37,4000.0,2023-03-18
Maharashtra,NASHIK,Malegaon,B-002709,2.62,6000.0,2023-06-15
Gujarat,Ahmedabad,Dholka ,B-001012,1.82,4000.0,2023-01-24
Maharashtra,thane,Ulhasnagar,B-019418,3.68,2000.0,2023-11-10
Maharashtra,Thane,Thane,B-009572,4.08,6000.0,2023-01-22
Maharashtra,Nashik,Nashik,B-001072,3.55,2000.0,2023-02-11
Maharashtra,Pune,Khed,B-009007,3.53,2000.0,2023-08-20
Maharashtra,Nagpur,Ramtek,B-007368,0.79,,2023-08-07
Maharashtra,Nashik,Nashik,B-009460,3.26,4000.0,2023-12-02
Gujarat,Vadodara,Vaghodia,B-005512,0.94,6000.0,2023-09-08
Gujarat,Surat ,City,B-014986,3.56,2000.0,2023-07-25
gujarat,Vadodara,City,B-019019,3.57,2000.0,2023-08-01
Gujarat,Surat,Kamrej,B-017272,3.28,6000.0,2023-12-03
Gujarat,Ahmedabad ,Bavla,B-003710,0.55,2000.0,2023-03-01
Maharashtra,Nagpur,Ramtek,B-003743,1.6,,2023-08-18
Maharashtra,Pune,Baramati,B-008779,2.06,,2023-01-06
Gujarat,Ahmedabad,City,B-012022,1.57,,2023-01-09
Maharashtra,Pune,Haveli,B-001364,2.34,,2023-12-15
Gujarat,AHMEDABAD,Sanand,B-014463,2.41,2000.0,2023-09-04
MAHARASHTRA,Pune,Baramati,B-007162,2.51,6000.0,2023-02-02
GUJARAT,ahmedabad,City,B-019486,1.9,6000.0,2023-03-01
Maharashtra,Nagpur,Hingna,B-003356,4.08,6000.0,2023-03-02
Maharashtra, Nashik,Niphad,B-008112,3.76,6000.0,2023-11-14
Maharashtra,Naashik,Igatpuri,B-009756,3.5,4000.0,2023-02-21
Gujarat,Vadodara,City,B-001057,2.6,6000.0,2023-09-19
Maharashtra,Thane,Ambernath,B-018535,0.69,4000.0,2023-06-05
Maharashtra,Nagpur,Nagpur Rural,B-008612,4.85,4000.0,2023-01-15
Maharashtra,Nagpur ,Kamptee,B-011423,0.62,,2023-11-22
Gujarat,Vadodara,Karjan,B-002851,2.56,4000.0,2023-09-12
Maharashtra,Nagpur,Nagpur Rural,B-014388,0.86,2000.0,2023-05-26
Maharashtra,Thane,Ambernath,B-003847,2.63,4000.0,2023-10-13
Gujarat,Ahmedabad,Sanand,B-007765,2.54,,2023-08-03
Maharashtra,Thane,Thane,B-006878,3.6,4000.0,2023-11-17
Gujarat, Vadodara,Vaghodia,B-011490,2.09,2000.0,2023-02-05
Gujarat,Surat,City,B-014031,2.95,2000.0,2023-01-12
Gujarat,Ahmedabad,Bavla,B-005439,4.31,2000.0,2023-09-16
Maharashtra,THANE,Ulhasnagar,B-004563,3.45,,2023-12-25
Maharashtra,Thane,Ulhasnagar,B-006771,4.04,,2023-07-06
Gujarat,Vadodara,padra,B-006782,0.82,6000.0,2023-08-14
Maharashtra,nagpur,Hingna,B-001946,1.83,,2023-04-04
Gujarat,Surat,City,B-011496,4.65,2000.0,2023-05-16
Maharashtra,Pune,Khed,B-009211,4.9,2000.0,2023-07-19
Gujarat,Vadodara,Vaghodia,B-005518,2.98,,2023-04-01
Maharashtra,Pune,Khed,B-010606,1.53,4000.0,2023-12-08
Maharashtra,Nagpur,Nagpur Rural,B-009590,4.78,,2023-12-20
Maharashtra,nagpur,Kamptee,B-009481,3.19,,2023-05-03
Maharashtra,PUNE,Baramati,B-008761,0.87,2000.0,2023-08-06
Maharashtra,nagpur,Ramtek,B-016857,0.59,6000.0,2023-09-04
Gujarat,Surat,Kamrej,B-003121,3.43,2000.0,2023-08-11
Gujarat,Surat,Kamrej,B-004443,2.84,6000.0,2023-05-27
Gujarat,Vadodara,City,B-013488,3.2,2000.0,2023-06-06
maharashtra,Naagpur,Ramtek,B-001943,4.06,,2023-07-12
Gujarat,Vadodara,Savli,B-009088,0.96,2000.0,2023-01-14
Maharashtra,Pune,Shirur,B-004158,4.81,2000.0,2023-12-11
Gujarat, Surat,Choryasi,B-004349,0.92,2000.0,2023-10-15
Gujarat,Ahmedabad,Bavla,B-008182,4.4,,2023-07-04
Gujarat,Surat,Choryasi,B-004793,4.61,,2023-09-03
Maharashtra,Nagpur,Nagpur Rural,B-018763,3.6,,2023-10-21
Maharashtra,Pune,Junnar,B-017820,0.71,,2023-04-21
Maharashtra,Pune,Haveli,B-012869,1.35,6000.0,2023-11-23
MAHARASHTRA,Nashik,Nashik,B-016039,2.4,6000.0,2023-02-26
Maahaaraashtraa,Thane,Thane,B-004659,3.1,4000.0,2023-01-10
Maharashtra,Pune,Junnar,B-008806,3.87,,2023-06-17
Gujarat,Ahmedabad,Daskroi,B-013574,4.85,6000.0,2023-04-22
Maharashtra ,Nagpur,Kamptee,B-012294,3.34,2000.0,2023-03-11
Gujarat ,Ahmedaabaad,Daskroi,B-014811,1.33,,2023-09-03
Maharashtra,Thane,Kalyan,B-002475,4.57,4000.0,2023-02-27
Maharashtra,Nashik,Maalegaaon,B-003051,2.28,4000.0,2023-10-20
Maharashtra,THANE,Kalyan,B-013201,3.0,4000.0,2023-06-08
Maharashtra,nagpur,Hingna,B-016896,0.54,2000.0,2023-08-20
Gujarat,Surat,City,B-009117,3.3,6000.0,2023-11-19
Gujarat,Surat,Olpad,B-012094,3.11,2000.0,2023-08-05
Maharashtra,Thaane,Bhiwandi,B-019389,1.29,,2023-02-15
Gujarat,Vadodara,City,B-015993,4.76,4000.0,2023-02-14
Gujarat,SURAT,City,B-010725,3.3,2000.0,2023-04-14
GUJARAT,SURAT,Kamrej,B-000082,4.89,2000.0,2023-12-06
MAHARASHTRA,Thane,Ambernath,B-003053,4.75,6000.0,2023-02-23
Gujarat,Vadodara,Savli,B-015023,4.14,6000.0,2023-07-22
MAHARASHTRA,Thane,Thane,B-018797,0.56,4000.0,2023-09-04
Maharashtra,Thaane,Ambernath,B-002076,1.72,2000.0,2023-11-22
Maharashtra ,Pune ,Khed,B-013033,1.88,2000.0,2023-07-12
Maahaaraashtraa,Nagpur,Nagpur Rural ,B-007138,2.37,6000.0,2023-05-01
 Maharashtra,Thane,Ulhasnagar,B-014079,3.29,2000.0,2023-02-07
Gujarat ,Surat,Mangrol,B-006942,4.27,2000.0,2023-02-22
Maharashtra,Pune,Junnar,B-016211,0.84,2000.0,2023-02-01
Maharashtra,Nashik,Niphad,B-008800,3.87,6000.0,2023-10-06
Maharashtra, Pune,Baramati,B-010580,2.22,4000.0,2023-10-22
Gujarat,Surat,Olpad,B-009293,1.55,,2023-09-13
Maharashtra,nagpur,Nagpur Rural,B-011068,2.94,4000.0,2023-04-20
Maharashtra,Pune,Khed,B-004280,1.87,,2023-05-21
Maharashtra,Nagpur,Umred,B-015904,2.81,2000.0,2023-04-09
Gujarat ,Surat,Choryasi,B-011264,1.54,4000.0,2023-04-09
Maharashtra,Naashik,Sinnar,B-001587,4.56,,2023-05-24
Maharashtra,Pune,Baramati,B-001506,1.8,6000.0,2023-05-08
Maharashtra,Nashik,Malegaon,B-003263,1.98,6000.0,2023-01-15
Maharashtra,Thane,Bhiwandi ,B-018957,1.23,4000.0,2023-09-21
Gujarat,Vadodara,Savli,B-000534,4.46,4000.0,2023-08-27
Maharashtra,Pune,Haveli,B-004072,4.43,2000.0,2023-07-10
Gujarat,Ahmedabad,City,B-018951,2.62,4000.0,2023-06-02
Maharashtra,Thane,Kalyan,B-014461,0.52,2000.0,2023-10-26
Gujarat,Ahmedabad,Daskroi,B-014960,1.46,2000.0,2023-05-10
Gujarat,Surat,City,B-000023,2.52,6000.0,2023-09-20
Maharashtra,Thane,Kalyan,B-014019,3.65,6000.0,2023-11-01
Gujarat,Surat ,Olpad,B-006630,4.59,,2023-02-01
Maharashtra, Nashik,Sinnar,B-004323,2.26,6000.0,2023-06-14
Gujarat,Surat ,Olpaad,B-009892,2.4,6000.0,2023-01-22
Maharashtra,Nagpur,Hingna,B-005210,4.49,4000.0,2023-11-06
Maharashtra,Nashik ,Sinnar,B-008980,3.38,6000.0,2023-07-19
Gujarat,Vadodara,Savli,B-003059,1.75,,2023-01-21
Gujarat,Ahmedabad,Daskroi,B-011811,4.06,4000.0,2023-04-16
Gujarat,Ahmedabad ,Daskroi,B-019141,4.08,,2023-07-03
Gujarat,Vadodara,City,B-002701,1.99,6000.0,2023-08-04
Maharashtra,Thane,Ambernath,B-012185,4.91,,2023-11-28
Maharashtra,Thane,Thane,B-005424,2.43,4000.0,2023-03-25
Gujarat,Ahmedabad,Dholka,B-001697,0.82,2000.0,2023-07-25
Maharashtra,THANE,Thane,B-012988,2.33,,2023-09-28
Maharashtra,Pune,Junnar,B-010011,0.59,,2023-02-01
Maharashtra,Naagpur,Nagpur Rural,B-007673,3.2,4000.0,2023-02-26
Maharashtra ,Nashik,Sinnar,B-018361,2.16,4000.0,2023-12-16
Gujarat,Surat,Mangrol,B-002989,4.51,,2023-07-11
GUJARAT,Surat,Choryasi,B-003119,1.87,6000.0,2023-05-07
Maharashtra,Thane,Kalyan,B-000036,3.82,,2023-04-08
Maharashtra,Nagpur,Hingna,B-006994,1.5,4000.0,2023-08-22
gujarat,Surat,Choryasi,B-015625,1.06,2000.0,2023-08-10
Maharashtra,Thane,Bhiwandi,B-002554,1.28,2000.0,2023-07-05
Gujarat,Ahmedabad,Dholka,B-017188,3.63,6000.0,2023-09-20
Gujarat, Vadodara,Padra,B-007412,4.36,,2023-10-09
Maharashtra,Thane,Ulhasnagar,B-017022,3.71,2000.0,2023-03-19
Gujarat,Ahmedabad,Sanand,B-014584,1.64,,2023-01-25
Maharashtra,Thane,Thane,B-000305,1.77,4000.0,2023-05-28
 Maharashtra,Nagpur,Umred,B-000265,1.89,2000.0,2023-08-12
Maharashtra, Nashik,Niphad,B-011259,3.43,6000.0,2023-04-02
Maharashtra,Pune,Junnar ,B-003952,3.82,4000.0,2023-07-12
Gujarat,Surat,City,B-013839,1.81,6000.0,2023-05-11
Maharashtra,Thane,Thane,B-004332,3.46,4000.0,2023-06-08
Gujarat,Ahmedabad,Daskroi,B-015654,1.09,2000.0,2023-07-14
Maharashtra,Pune,Baramati,B-002321,0.56,6000.0,2023-01-09
Gujaaraat,Surat,MANGROL,B-007503,4.17,6000.0,2023-10-25
Gujarat,Ahmedaabaad,Bavla,B-012553,3.19,4000.0,2023-10-19
Gujarat,Surat,city,B-002928,3.57,6000.0,2023-06-17
Maharashtra,Nashik,Sinnar,B-003357,2.31,4000.0,2023-02-10
Maharashtra,Thane, Ambernath,B-003382,2.8,4000.0,2023-11-01
Maharashtra,Thane,Bhiwandi,B-010268,3.52,4000.0,2023-07-18
Maharashtra,Nagpur ,Umred,B-018700,2.16,4000.0,2023-06-20
Gujaaraat,AHMEDABAD,Bavla,B-018019,3.61,2000.0,2023-01-24
Maharashtra, Nashik,Malegaon,B-004494,4.35,4000.0,2023-06-09
Gujarat,Vadodara,City,B-012542,4.62,,2023-02-09
Maharashtra,pune,Junnar,B-004363,2.19,6000.0,2023-05-16
Maharashtra,Thaane,Ambernath,B-019905,0.91,,2023-08-24
Gujarat,Vadodara ,Vaghodia,B-002242,4.22,2000.0,2023-01-07
Gujarat,ahmedabad,City,B-000278,3.86,,2023-11-06
Maharashtra,Nashik,Igatpuri,B-005378,2.11,6000.0,2023-02-18
Gujarat,Surat,Choryasi,B-014422,2.66,,2023-02-07
Maharashtra,Nagpur,NAGPUR RURAL,B-011508,0.54,2000.0,2023-06-17
 Gujarat,Ahmedabad,Bavla,B-006982,0.85,4000.0,2023-04-20
Gujarat,Vadodara,Savli,B-004961,1.04,,2023-09-20
Gujarat,Ahmedabad,City,B-013491,4.14,2000.0,2023-09-10
Maharashtra,Pune,Shirur,B-014497,2.19,2000.0,2023-06-26
Gujarat,Vadodara,Savli,B-007119,2.57,6000.0,2023-10-06
Maharashtra,Nashik,SINNAR,B-002841,1.9,6000.0,2023-10-03
Maharashtra,Pune,Baramati,B-003293,0.79,,2023-05-28
GUJARAT,Ahmedabad,Dholka,B-004588,1.28,4000.0,2023-03-04
Gujarat,Ahmedabad,Bavla,B-004036,3.93,2000.0,2023-01-27
Maahaaraashtraa,Nagpur,Hingna,B-012584,1.37,,2023-02-03
Maharashtra,THANE,Ulhasnagar ,B-018270,2.13,2000.0,2023-01-03
Gujarat,Ahmedabad ,City,B-014071,2.52,2000.0,2023-09-03
Maharashtra,Nagpur,Hingna,B-017528,2.33,4000.0,2023-10-18
Maharashtra,Thane,Ambernath,B-004582,3.84,4000.0,2023-12-14
Maharashtra,Thane,Thane,B-008120,1.87,,2023-09-24
Maharashtra, Nashik,Malegaon,B-009076,4.36,4000.0,2023-10-09
 Gujarat,Ahmedabad,Daaskroi,B-002761,4.63,4000.0,2023-02-01
Gujarat,Surat,Choryasi,B-019600,4.92,,2023-07-23
Maahaaraashtraa,Nagpur,Nagpur Rural,B-018450,1.63,4000.0,2023-12-04
Gujarat,Surat,City,B-000879,1.07,6000.0,2023-11-03
Gujarat,Vadodara,Padra,B-009885,4.02,2000.0,2023-10-19
Gujarat,AHMEDABAD,Dholka,B-006733,2.73,2000.0,2023-12-03
Maahaaraashtraa,Pune ,Haveli,B-018230,3.92,2000.0,2023-09-21
GUJARAT,surat, Mangrol,B-019891,4.61,2000.0,2023-05-18
Gujarat,Ahmedabad,Daskroi,B-019031,1.36,,2023-08-04
Maharashtra,Nagpur ,Umred,B-012837,3.73,2000.0,2023-01-11
Gujarat,Vadodara,VAGHODIA,B-009685,4.61,2000.0,2023-09-13
Maharashtra,Pune,KHED,B-001789,1.68,2000.0,2023-07-26
Gujarat,Ahmedabad,Sanand,B-017650,4.8,2000.0,2023-07-23
Gujaaraat,ahmedabad,Daskroi,B-018070,4.87,6000.0,2023-10-17
Gujarat,Ahmedabad,Daskroi,B-012645,0.66,2000.0,2023-07-11
Gujarat,Ahmedaabaad,Sanand,B-003695,2.89,6000.0,2023-09-15
Gujarat,Ahmedabad,Dholka,B-007900,3.26,,2023-04-03
Maharashtra,Nashik,Sinnar,B-016371,1.08,4000.0,2023-03-27
Maharashtra,Pune,Khed,B-019804,4.41,2000.0,2023-09-13
Maharashtra,Pune,Haveli,B-000396,3.49,4000.0,2023-08-03
Maharashtra,Pune ,Haveli,B-011833,3.74,4000.0,2023-05-28
Gujarat,Vadodara,Savli,B-010371,1.61,,2023-03-23
Maharashtra,Thane,Ulhasnagar,B-004325,1.67,4000.0,2023-10-24
Maharashtra, Pune,Junnar,B-012676,1.58,6000.0,2023-06-03
Gujarat,Surat,Choryasi,B-013791,1.99,4000.0,2023-04-05
Gujarat,Surat,City,B-011974,2.8,4000.0,2023-09-13
Gujarat,Vadodara,Savli,B-005662,2.21,4000.0,2023-11-05
Maharashtra,Nashik,Nashik,B-015435,3.49,2000.0,2023-03-17
Maharashtra,Nashik,Nashik,B-018124,1.0,2000.0,2023-04-05
Maharashtra,Thaane,Thane,B-000547,2.42,6000.0,2023-12-10
Gujarat,Surat,Olpad,B-002213,0.58,6000.0,2023-07-09
Gujarat,Ahmedabad ,City,B-000452,3.09,2000.0,2023-10-16
GUJARAT,Ahmedabad,Daskroi,B-008592,4.72,6000.0,2023-06-12
Gujarat,Ahmedaabaad,Daskroi,B-007070,2.7,2000.0,2023-09-23
Gujarat,surat,Mangrol,B-001306,1.81,,2023-09-13
Maharashtra,Nashik,Nashik,B-001982,3.87,4000.0,2023-02-26
Gujarat,Vadodara,Padra,B-013041,2.33,4000.0,2023-06-03
Gujarat,Ahmedabad,Sanand,B-017380,3.25,6000.0,2023-08-17
Gujarat,Surat,Olpad,B-009388,0.72,2000.0,2023-04-12
Gujarat,vadodara,Vaghodia,B-016419,1.36,2000.0,2023-01-03
Gujarat,Ahmedabad,City,B-018310,4.65,6000.0,2023-03-05
Gujarat,Vadodara,Savli,B-019644,1.87,2000.0,2023-11-20
Maharashtra,Nashik,Naashik,B-017727,3.95,,2023-07-21
Maharashtra,Pune,Junnar,B-019698,4.87,4000.0,2023-05-01
Maharashtra ,Nashik,Sinnar ,B-005004,4.42,6000.0,2023-08-24
Maharashtra,Thane,Thane,B-009093,4.94,6000.0,2023-08-04
Gujarat,ahmedabad,Sanand,B-002740,3.14,2000.0,2023-07-02
Gujarat, Surat,Olpad,B-010156,1.12,6000.0,2023-03-02
Gujarat,Ahmedabad,Daskroi,B-017561,4.07,,2023-10-19
MAHARASHTRA,Pune,Shirur,B-016755,2.07,2000.0,2023-08-24
Maharashtra,Nagpur,umred,B-006659,4.46,2000.0,2023-06-11
Maharashtra,Nashik,Sinnar,B-005092,2.54,2000.0,2023-06-18
MAHARASHTRA,Nagpur,Ramtek,B-010707,1.48,2000.0,2023-10-12
Gujarat,Surat,City,B-012804,2.28,,2023-08-18
Maharashtra,Pune,Khed,B-002167,3.64,2000.0,2023-02-20
 Gujarat,Vadodara,Vaaghodiaa,B-010164,3.55,6000.0,2023-05-10
Maharashtra,Nagpur,Hingna,B-018416,1.43,,2023-02-14
Maharashtra,THANE,Bhiwandi,B-007820,3.4,4000.0,2023-11-19
Gujarat,Vadodara,City,B-001898,4.01,4000.0,2023-10-02
Gujarat ,Vadodara,City,B-008012,3.42,6000.0,2023-12-07
Maharashtra,Thane,Ambernath,B-018189,3.46,6000.0,2023-02-11
Gujarat,SURAT,Choryasi,B-014238,4.24,,2023-05-25
Maharashtra,Pune,Junnar,B-003801,1.84,4000.0,2023-02-12
Maharashtra,Nashik,Sinnar,B-014857,0.73,4000.0,2023-01-04
Maharashtra,Nagpur,Kamptee,B-001804,4.36,4000.0,2023-05-20
Maharashtra,Thane ,Kalyan,B-018187,2.68,4000.0,2023-03-12
Gujarat,Ahmedabad,Bavla,B-018906,0.97,4000.0,2023-06-09
Gujarat,Vadodara,Padra,B-003914,3.42,2000.0,2023-08-07
GUJARAT,Ahmedabad,City,B-000416,2.07,6000.0,2023-01-27
Gujarat,Ahmedabad,Sanand,B-018634,2.13,2000.0,2023-09-04
Gujarat,Suraat,Choryasi,B-000372,1.68,4000.0,2023-11-04
Maharashtra,Nashik ,Niphad,B-005369,1.85,,2023-08-04
Maharashtra,Thane,Kalyan,B-016267,3.35,,2023-02-09
Gujarat,Vadodara,Padra,B-011361,4.19,4000.0,2023-04-10
Maharashtra,Nagpur,Kamptee,B-016949,4.98,4000.0,2023-09-23
Maharashtra, Nashik, Sinnar,B-008496,0.61,,2023-10-27
gujarat,Ahmedabad,Dholka,B-005472,0.64,2000.0,2023-01-25
Maharashtra, Nagpur,Hingna,B-012186,4.06,2000.0,2023-05-19
Maharashtra,Pune,Baramati,B-004160,4.75,4000.0,2023-06-11
Maharashtra,Nagpur,Hingna,B-008807,4.09,2000.0,2023-10-26
Maharashtra,Thane,Thane,B-003869,2.41,,2023-07-22
Maharashtra, Thane,Thane,B-000962,1.58,2000.0,2023-11-26
Gujarat,Ahmedabad,sanand,B-010978,2.55,4000.0,2023-03-18
Gujarat,Vadodara,Karjan,B-014069,1.54,,2023-06-27
Maharashtra,Nagpur,HINGNA,B-008913,0.71,2000.0,2023-08-28
Maharashtra ,Thane,Ambernath,B-002093,2.32,6000.0,2023-11-08
Gujarat,Ahmedabad,City,B-008617,2.49,,2023-02-23
Maharashtra,thane,Bhiwandi,B-002526,4.61,,2023-11-24
Maharashtra,Nashik,Igatpuri,B-016258,2.14,6000.0,2023-03-13
Maharashtra,Pune,Khed,B-014916,4.77,6000.0,2023-11-14
Maharashtra,Thane,Thane,B-016738,1.69,,2023-02-05
Gujarat,Vadodara,Vaghodia,B-011801,3.12,6000.0,2023-02-26
Maharashtra,Nagpur,Ramtek,B-001817,1.25,4000.0,2023-05-21
Maharashtra, Nashik,nashik,B-016372,3.14,4000.0,2023-11-18
Maharashtra,Nagpur,Umred,B-005469,2.27,4000.0,2023-06-15
Maharashtra,Thane ,Kalyan,B-012049,1.31,,2023-11-27
Gujarat,Ahmedabad,City,B-005155,0.94,6000.0,2023-12-18
 Gujarat,Ahmedabad,Daskroi,B-008360,4.85,6000.0,2023-11-11
Maahaaraashtraa,Nagpur,Umred,B-003372,0.95,2000.0,2023-10-07
Gujarat,Surat,Kamrej,B-019573,4.01,2000.0,2023-09-25
Maharashtra,Thane,Bhiwandi,B-007485,3.52,6000.0,2023-03-01
Maharashtra,Pune,Shirur,B-016674,1.96,6000.0,2023-01-04
MAHARASHTRA,Nagpur,Kamptee,B-019047,0.55,6000.0,2023-01-17
Gujarat,Vadodara,City,B-001444,4.59,,2023-01-24
Maharashtra,Pune,Haveli,B-000403,0.99,6000.0,2023-09-08
Gujarat,Surat,Mangrol,B-008014,2.67,2000.0,2023-11-16
Maharashtra,pune,Shirur,B-001507,0.69,,2023-09-17
Gujarat,Vadodara ,Savli,B-015459,2.25,6000.0,2023-10-08
Maharashtra,Pune,Baramati,B-011927,4.3,2000.0,2023-11-11
Gujarat,Surat,City,B-019028,3.15,,2023-02-13
Maharashtra,Pune,Baramati,B-004918,3.24,6000.0,2023-01-13
Maharashtra,Thane,Kalyan,B-005865,3.74,6000.0,2023-08-21
Maharashtra,pune,Haveli,B-001159,3.18,6000.0,2023-11-02
Maharashtra,Nagpur,Kamptee,B-013742,3.08,,2023-04-13
 Gujarat,Vadodara,Karjan ,B-007357,1.29,2000.0,2023-06-08
Maharashtra,Pune,Shirur,B-019032,1.12,2000.0,2023-06-06
Gujarat,surat,City,B-018093,3.81,4000.0,2023-01-18
Gujarat,Vadodara,Vaghodia,B-013640,1.14,6000.0,2023-10-08
Maharashtra,Nashik,Niphad,B-010484,2.77,4000.0,2023-05-07
Maharashtra ,Nagpur,Nagpur Rural,B-008889,1.97,4000.0,2023-02-16
Maharashtra,Thaane,Ambernath,B-002553,3.61,2000.0,2023-06-04
Maharashtra,Pune,Khed,B-012217,4.58,,2023-02-05
Gujarat,Vadodara ,Karjan,B-003913,4.78,,2023-10-23
Gujarat,VADODARA,City,B-016451,3.91,2000.0,2023-10-15
Maharashtra,Nagpur,Hingna,B-001726,3.65,,2023-04-02
Gujarat,Ahmedabad,Saanaand,B-005877,1.87,4000.0,2023-03-09
gujarat,Ahmedabad,Dholka,B-007314,4.14,6000.0,2023-11-21
Gujarat,Ahmedabad,City,B-016901,1.02,2000.0,2023-09-15
Gujarat,Surat,City,B-001505,0.77,6000.0,2023-07-09
Maharashtra,Nashik,Igatpuri,B-013138,3.71,,2023-10-26
Gujarat,Surat,Mangrol,B-002259,0.86,6000.0,2023-08-25
MAHARASHTRA,Thaane,Thane,B-015241,3.87,,2023-12-24
Gujarat,Surat,Kamrej,B-009251,4.91,,2023-06-04
Maharashtra,Pune,Haveli,B-010181,3.14,4000.0,2023-12-28
Gujarat,surat,Kamrej,B-017168,4.96,,2023-07-01
Gujarat,ahmedabad,Daskroi,B-002831,4.01,4000.0,2023-10-12
Maharashtra,Thane,Ambernath,B-014967,0.98,4000.0,2023-08-19
Gujarat,Vadodara,City,B-000262,3.53,4000.0,2023-06-14
Gujarat,Ahmedabad,Daskroi,B-019287,1.18,2000.0,2023-07-22
Maharashtra,Nashik,Sinnar,B-006576,3.56,2000.0,2023-04-19
Maharashtra, Pune,Haveli,B-009555,2.07,,2023-07-01
Gujarat,Surat,Olpad,B-009959,4.65,4000.0,2023-11-23
Gujaaraat, Surat,Choryasi,B-007949,2.64,2000.0,2023-10-25
Gujarat,Surat,Kamrej,B-015202,2.19,4000.0,2023-01-25
Maharashtra,Nashik,Sinnar,B-012068,2.19,6000.0,2023-08-15
Maharashtra,Nashik,Malegaon,B-016167,0.81,6000.0,2023-02-02
Gujarat,Surat,Kamrej,B-006404,2.99,6000.0,2023-07-06
Maharashtra,Naashik,Malegaon,B-008033,3.44,,2023-03-10
MAHARASHTRA,Nashik,Niphad,B-004934,0.73,4000.0,2023-03-07
Maharashtra,Nashik,Igatpuri,B-000209,4.16,6000.0,2023-01-27
Gujarat,Ahmedabad,Dholka,B-013437,3.56,2000.0,2023-01-13
Gujarat, Ahmedabad,Sanand,B-000784,2.26,6000.0,2023-03-20
Maahaaraashtraa,Thane,Ambernath,B-019229,4.26,6000.0,2023-01-26
Gujarat,Ahmedaabaad,Dholka,B-011352,3.0,6000.0,2023-05-18
Gujarat,Vadodara,City,B-018465,4.83,,2023-11-25
Gujarat,Vadodara ,Savli,B-016990,1.9,2000.0,2023-03-17
Maharashtra,Pune,Haveli,B-000048,4.97,4000.0,2023-03-12
Gujarat,Ahmedabad,Daskroi,B-012330,4.78,2000.0,2023-09-17
Gujarat,SURAT,Kaamrej,B-019843,4.78,4000.0,2023-03-04
Maharashtra,Thane,thane,B-003407,3.3,,2023-12-11
Gujarat,Surat,City,B-006724,3.99,,2023-11-05
Gujarat,Vadodara,Karjan,B-007805,1.22,,2023-09-16
Maharashtra,Nashik,Niphad,B-018372,1.21,,2023-05-19
Gujarat,ahmedabad,Bavla,B-016123,3.5,4000.0,2023-07-10
maharashtra,THANE,Ambernath,B-001963,2.78,6000.0,2023-08-01
Maharashtra,Pune,Khed,B-004666,2.69,4000.0,2023-06-22
maharashtra,NAGPUR,Nagpur Rural,B-009170,3.45,2000.0,2023-01-03
Gujarat,Vadodara,Padra,B-003049,2.29,,2023-09-16
Maharashtra,Nagpur,Ramtek ,B-001439,2.33,,2023-03-28
Gujarat,Surat,Mangrol,B-007585,2.1,2000.0,2023-07-22
Gujarat,surat,Kamrej,B-013536,3.75,4000.0,2023-01-16
Gujarat,Vadodara,Karjan,B-012206,4.69,6000.0,2023-04-07
Maharashtra,Pune,Haveli,B-017165,1.14,6000.0,2023-04-23
Maharashtra,Nashik,sinnar,B-002783,4.08,2000.0,2023-05-11
Gujarat,SURAT,Kamrej,B-003132,0.84,6000.0,2023-12-22
Gujarat,Vadodara,Karjan,B-019649,2.57,4000.0,2023-02-12
Maharashtra,Pune,Baramati,B-004375,4.92,4000.0,2023-08-22
MAHARASHTRA,Nagpur,Ramtek,B-012923,0.71,2000.0,2023-09-05
GUJARAT,Ahmedabad,Sanand,B-002453,2.52,4000.0,2023-01-27
Maharashtra,Thane,Bhiwandi,B-017981,3.13,,2023-09-06
Maharashtra,Nagpur,Hingna,B-014254,2.17,2000.0,2023-06-26
MAHARASHTRA,Nagpur,Kamptee,B-004284,0.87,4000.0,2023-10-06
Maharashtra,Pune,Khed,B-007759,2.57,2000.0,2023-12-28
Maharashtra,Nagpur,Kamptee,B-009558,1.85,6000.0,2023-08-27
Maharashtra,THANE,Thane,B-008553,0.86,4000.0,2023-09-08
Maahaaraashtraa,Pune,Shirur,B-010323,4.62,,2023-12-15
Maharashtra,Thane,Thane,B-018020,2.57,4000.0,2023-03-25
Maharashtra,Thane,Kalyan,B-010691,4.48,2000.0,2023-05-20
Gujarat, Surat,Mangrol,B-010423,1.0,2000.0,2023-07-25
Maharashtra,Thane,Ambernath,B-014836,0.69,4000.0,2023-03-20
Maharashtra,Pune,Junnar,B-008912,3.38,,2023-03-10
Gujarat,Vadodara,city,B-007655,3.74,,2023-10-10
Maharashtra,Pune,Haveli,B-002448,1.53,,2023-07-05
Maharashtra,Thane,Ulhasnagar,B-006643,4.86,2000.0,2023-03-05
Gujarat,ahmedabad,Bavla,B-017419,4.02,4000.0,2023-04-02
Maharashtra,nagpur,Nagpur Rural,B-003571,3.55,6000.0,2023-03-15
maharashtra,Thane,Thane,B-005093,1.32,2000.0,2023-05-03
Maharashtra,Thane,Kalyan,B-003463,4.86,,2023-01-01
Maharashtra,Pune,Shirur,B-005387,1.48,4000.0,2023-06-20
Gujarat,Vadodara ,Savli,B-017818,3.09,,2023-11-08
Gujarat,Ahmedabad,City,B-015272,2.67,6000.0,2023-08-26
Maharashtra,Naagpur,NAGPUR RURAL,B-010291,1.25,,2023-03-24
Maharashtra,Thane,Ambernath,B-013321,0.55,,2023-12-07
Maharashtra,nagpur,Umred,B-003957,3.36,6000.0,2023-07-10
Gujarat,Surat,Mangrol,B-011741,1.85,4000.0,2023-08-17
Gujarat,Vadodara,Padra,B-006804,1.67,2000.0,2023-01-23
MAHARASHTRA,Thaane,Ulhasnagar,B-018547,1.15,4000.0,2023-12-24
Maharashtra,Pune,Junnar,B-010103,4.38,6000.0,2023-10-08
Maharashtra,Naashik,Niphad,B-015183,0.59,,2023-06-28
Maharashtra,Nashik,Sinnar,B-008684,4.06,4000.0,2023-12-12
Maharashtra,Nashik,Malegaon,B-003930,2.56,2000.0,2023-04-27
GUJARAT, Vadodara,Vaghodia,B-002963,2.03,6000.0,2023-11-27
MAHARASHTRA,Nashik,Sinnar,B-005165,1.3,4000.0,2023-05-25
Gujarat,Vaadodaaraa,City,B-009969,1.36,2000.0,2023-08-06
Maharashtra,Pune,Junnar,B-001322,0.83,6000.0,2023-01-05
Maharashtra,Thane,Thane,B-018747,2.69,2000.0,2023-02-12
Gujarat,Ahmedabad,Saanaand,B-010742,4.8,6000.0,2023-05-21
Maharashtra,Pune ,Junnar,B-018762,2.27,,2023-02-03
Maharashtra,Nashik,Nashik ,B-017123,1.55,4000.0,2023-01-16
gujarat,Vadodara,Savli,B-008134,3.8,2000.0,2023-06-01
Gujarat,Ahmedabad ,Sanand,B-011657,1.64,6000.0,2023-02-20
 Gujarat,Vadodara,City,B-012985,2.73,2000.0,2023-02-13
Gujarat,Suraat,Olpad,B-016826,1.09,2000.0,2023-05-14
 Maharashtra, Thane,Thane,B-001605,4.33,4000.0,2023-11-22
Gujarat,Vadodara,Karjan,B-009793,1.57,,2023-03-01
Maharashtra,Pune,Haveli,B-008526,1.8,2000.0,2023-01-11
Gujarat,Ahmedabad,Dholka,B-005698,3.18,6000.0,2023-08-03
MAHARASHTRA,Thane,Ambernath,B-001019,4.61,6000.0,2023-09-02
maharashtra,Pune,Baramati,B-019810,2.38,,2023-02-28
Maharashtra,Pune,Junnar,B-014818,2.81,6000.0,2023-09-18
Maharashtra,Nagpur ,Hingna,B-008188,4.53,,2023-11-04
Gujarat,Ahmedabad,Dholka,B-003104,4.85,6000.0,2023-08-23
Gujarat,Vadodara ,Karjan,B-017317,4.69,4000.0,2023-01-12
Maharashtra,Pune,Baramati,B-019345,3.91,2000.0,2023-09-25
Maharashtra,nashik,NASHIK,B-018024,3.72,4000.0,2023-03-27
Maharashtra,Pune,Haveli,B-003980,3.51,2000.0,2023-05-15
Maharashtra,Nagpur,Umred,B-000392,1.77,2000.0,2023-08-17
Maharashtra,Nashik,Igaatpuri,B-002021,1.5,2000.0,2023-07-20
Gujarat,Surat,Kamrej,B-007284,3.33,4000.0,2023-10-12
Maharashtra,Nagpur,Hingna,B-019510,2.97,2000.0,2023-07-15
Maharashtra,Nagpur,Nagpur Rural,B-006493,4.75,4000.0,2023-07-17
Gujarat,Vadodara,Vaaghodiaa,B-018057,2.02,,2023-08-04
Maharashtra,Nagpur,Naagpur Ruraal,B-012198,4.08,6000.0,2023-07-07
Maharashtra,Thane,Ambernath,B-002754,4.62,6000.0,2023-11-15
Maharashtra,nashik,Sinnar,B-008482,2.88,2000.0,2023-06-14
Gujarat, Ahmedabad,Daskroi,B-002458,2.67,4000.0,2023-04-01
 Maharashtra,Nashik,Niphad,B-000715,3.16,6000.0,2023-03-27
Gujarat ,Surat,Choryasi,B-002113,0.56,4000.0,2023-02-05
Maharashtra,Thane ,Kalyan,B-006480,1.81,4000.0,2023-06-01
Maharashtra,pune,Junnar,B-014531,3.85,2000.0,2023-01-22
Maharashtra,Nashik,Sinnar,B-004221,1.57,6000.0,2023-09-16
Maharashtra,NAGPUR,Ramtek ,B-003014,1.62,2000.0,2023-04-25
Maahaaraashtraa,PUNE,Junnar,B-010865,3.27,2000.0,2023-10-08
Maharashtra,Pune,Khed,B-018103,2.47,6000.0,2023-10-19
Gujarat, Surat,Choryasi,B-001400,3.29,6000.0,2023-12-07
Gujaaraat,Ahmedabad,Sanand,B-015106,2.02,,2023-08-25
Gujarat,AHMEDABAD,City,B-001660,0.67,,2023-04-10
Maharashtra,Pune,Baramati,B-005505,4.32,4000.0,2023-02-06
Gujarat ,Ahmedabad,Bavla,B-014194,4.22,6000.0,2023-02-17
Maharashtra,Nashik,Nashik,B-012944,2.02,,2023-07-13
Gujaaraat,Surat,Olpad,B-016984,1.48,4000.0,2023-03-16
Gujarat,Vadodara,Savli,B-000967,3.26,4000.0,2023-10-18
Gujarat,Ahmedabad,Dholka,B-017096,2.63,4000.0,2023-10-11
Maharashtra,THANE,Ulhasnagar,B-013981,4.9,,2023-12-18
Maharashtra,Nagpur,Umred,B-005663,3.76,6000.0,2023-04-28
Gujarat,Surat ,mangrol,B-011599,4.27,2000.0,2023-02-18
Maharashtra,Pune,Baramati,B-007036,3.14,4000.0,2023-02-09
Maharashtra,Naagpur,Kamptee,B-006133,2.22,,2023-01-09
Gujarat,Surat,Mangrol,B-009011,3.06,,2023-12-04
Maharashtra,Nagpur,Hingna,B-009171,3.8,2000.0,2023-07-22
Maharashtra,Nagpur,Umred,B-014615,2.98,2000.0,2023-04-10
Maharashtra,pune,Shirur,B-004871,1.39,,2023-02-17
Maahaaraashtraa,Nagpur,Hingna,B-001136,4.77,6000.0,2023-06-03
maharashtra,Nashik,Igatpuri,B-008054,0.51,2000.0,2023-05-15
Maharashtra,Pune,Baramati,B-018909,1.74,,2023-01-26
Gujarat,Ahmedaabaad,Dholka,B-016348,1.46,2000.0,2023-01-07
Maharashtra,Nagpur,Hingna,B-013501,2.25,6000.0,2023-06-16
Maharashtra,Nagpur ,Ramtek,B-017415,2.63,4000.0,2023-05-26
Maharashtra,PUNE,Junnar,B-001999,4.97,2000.0,2023-08-09
Maharashtra,Thane,Kalyan,B-002875,2.86,6000.0,2023-01-20
Maharashtra,NASHIK,Igatpuri,B-009168,4.86,,2023-10-10
 Maharashtra,Nagpur, Nagpur Rural,B-012551,0.58,2000.0,2023-03-14
Gujarat,Surat,Kamrej,B-017003,3.0,2000.0,2023-06-16
Gujarat,Surat,city,B-017738,4.98,,2023-10-13
Gujarat,Ahmedabad,Daskroi,B-018952,1.52,4000.0,2023-01-13
Maharashtra ,Thane,Ulhasnagar,B-008165,2.3,,2023-10-10
Gujarat,Ahmedabad,Dholka,B-000640,3.16,2000.0,2023-09-09
gujarat,Vadodara,Savli,B-017769,4.14,,2023-01-02
Gujarat,surat,Mangrol,B-011768,4.77,6000.0,2023-04-21
Gujarat,Vadodara,City,B-015719,4.14,,2023-01-15
gujarat,Vadodara,Savli,B-015882,3.92,2000.0,2023-01-02
Maharashtra,thane,Bhiwandi,B-011274,1.82,,2023-06-11
Gujarat,SURAT,Olpad,B-016463,2.84,4000.0,2023-11-19
Gujarat,Surat,Choryasi,B-017934,1.23,,2023-10-04
Gujarat,VADODARA,City,B-012727,2.12,4000.0,2023-01-25
Maharashtra,Pune,Junnar,B-008862,1.31,6000.0,2023-11-13
Gujarat,Ahmedabad,Sanand,B-005893,3.83,4000.0,2023-08-21
Gujarat,Surat,Mangrol,B-000855,3.06,,2023-05-25
Gujarat,Suraat,Olpad,B-010449,3.75,2000.0,2023-04-26
Gujarat,Ahmedabad,Sanand,B-018921,3.48,4000.0,2023-10-05
Gujarat,Vadodara,City,B-000961,0.92,6000.0,2023-12-03
Maharashtra,thane,Thane,B-009206,2.67,4000.0,2023-10-13
Gujarat,Surat,Kamrej,B-001920,3.02,4000.0,2023-02-16
Maharashtra,Nashik,Igatpuri,B-015457,4.46,4000.0,2023-02-13
Maharashtra,Nagpur,Ramtek,B-011713,3.01,6000.0,2023-04-12
Maharashtra,Thane,Kalyan,B-007628,2.91,,2023-10-15
Maharashtra ,Pune,Haveli,B-005231,1.97,4000.0,2023-08-01
Maharashtra,NASHIK,Igatpuri,B-003282,4.28,4000.0,2023-02-24
Gujarat,Vadodara,Karjan,B-008122,4.84,2000.0,2023-06-11
Maharashtra,Nagpur,ramtek,B-007903,3.3,6000.0,2023-03-13
maharashtra,Pune,Junnar,B-008734,1.0,4000.0,2023-12-02
Maharashtra,Nagpur,Nagpur Rural,B-019919,4.31,6000.0,2023-08-07
Maharashtra,Thane,Kalyan,B-007190,3.32,4000.0,2023-02-05
Maharashtra,Naagpur,Nagpur Rural,B-017680,3.45,,2023-04-17
Maharashtra,Thane,Ambernath,B-019300,0.73,,2023-11-22
Gujarat,SURAT,City ,B-005693,3.49,4000.0,2023-09-04
Gujarat,Vadodara,Padra,B-005771,3.33,,2023-11-14
Gujarat,Ahmedabad,BAVLA,B-007752,1.07,4000.0,2023-02-25
Gujarat,Vadodara,SAVLI,B-010421,3.88,,2023-09-24
Gujarat, Surat,CITY,B-011757,4.23,2000.0,2023-03-07
Gujarat, Surat,Choryasi,B-000925,2.41,2000.0,2023-04-11
Maharashtra,Pune,Shirur,B-011524,4.26,2000.0,2023-03-08
Maharashtra,Pune,Shirur,B-004657,4.9,6000.0,2023-03-26
 Gujarat,Vadodara,Karjan,B-018534,1.29,6000.0,2023-10-08
Gujarat,Surat,Mangrol,B-016130,1.94,2000.0,2023-03-06
Gujaaraat,Ahmedabad,City,B-010128,1.86,6000.0,2023-09-09
Maharashtra,Thane,Thane,B-005753,3.67,,2023-09-14
gujarat,VADODARA,Vaghodia,B-016071,2.42,4000.0,2023-01-20
Gujaaraat,Vadodara,Savli ,B-001244,1.93,4000.0,2023-06-20
Maharashtra,Pune,Junnar,B-002958,1.25,4000.0,2023-08-17
Gujarat,Vadodara ,City,B-018553,3.6,2000.0,2023-01-23
Maharashtra,Thane,Bhiwandi,B-007623,1.02,6000.0,2023-03-24
Gujarat,SURAT,City,B-007170,2.79,,2023-02-18
Maharashtra ,Pune,Haveli,B-000654,3.05,,2023-08-15
Maharashtra,Nashik,Igatpuri,B-015663,1.38,2000.0,2023-06-16
Gujarat,AHMEDABAD,City,B-017141,2.53,,2023-11-03
MAHARASHTRA,Pune,Shirur,B-017518,2.55,,2023-04-23
Gujarat,Vadodara,Savli,B-006602,3.44,,2023-07-04
Maahaaraashtraa,NAGPUR,Hingna,B-004276,0.64,,2023-01-18
Maharashtra,Pune,Baaraamaati,B-011166,3.65,6000.0,2023-10-06
Maharashtra,Thane,Kalyan,B-005816,1.5,,2023-03-26
 Maharashtra,Nagpur,Kamptee,B-017858,1.41,4000.0,2023-03-21
Gujarat,Surat,Kamrej,B-001952,4.64,2000.0,2023-09-12
 Maharashtra,nagpur,Umred,B-018931,4.3,6000.0,2023-09-10
Maharashtra,nagpur,Ramtek,B-004841,3.72,,2023-08-20
Gujarat, Surat,Olpad,B-004642,1.21,6000.0,2023-12-24
Gujarat,ahmedabad,City ,B-003635,4.48,,2023-01-17
Maharashtra,Nagpur,Kamptee,B-011957,3.7,4000.0,2023-03-14
Maharashtra,NASHIK,Malegaon,B-002377,4.98,2000.0,2023-03-05
Maharashtra,Thaane,Thane,B-012242,3.67,,2023-04-22
Maharashtra,Thane,Bhiwandi,B-017311,1.39,,2023-08-11
Maharashtra,Nashik,Sinnar,B-003311,1.14,,2023-09-01
Maharashtra,Nagpur,Kamptee,B-011029,2.4,,2023-07-20
Gujarat,Ahmedabad,Dholka,B-019754,0.54,2000.0,2023-04-28
Maharashtra,Pune ,haveli,B-010572,2.25,2000.0,2023-07-13
Maharashtra,Thaane,Kalyan,B-004472,4.05,4000.0,2023-06-18
maharashtra,Pune,Khed,B-018206,3.11,2000.0,2023-07-27
Maharashtra,Nashik,Nashik,B-014316,1.04,,2023-01-11
Maharashtra,Pune,Khed,B-015965,3.08,4000.0,2023-12-14
Maharashtra,Nagpur,Hingna,B-010397,4.26,4000.0,2023-12-11
GUJARAT,Ahmedabad,Bavla,B-005709,4.07,4000.0,2023-09-02
Gujarat,Ahmedabad,City,B-011693,3.42,,2023-11-10
Maharashtra,thane,Thane,B-007316,4.33,6000.0,2023-05-16
Gujarat ,Surat,City,B-005746,3.18,,2023-01-25
Maharashtra ,Nagpur,Hingna,B-012399,1.94,2000.0,2023-11-14
Maharashtra,Nashik,Malegaon,B-017841,1.3,2000.0,2023-01-08
Maharashtra,Naagpur,NAGPUR RURAL,B-009651,0.59,,2023-06-26
Gujarat,Vadodara,Karjan,B-017756,3.17,,2023-02-27
Gujarat,Vadodara,Karjan,B-005824,1.89,4000.0,2023-03-06
Maharashtra,Nashik,Igatpuri,B-000059,3.96,,2023-11-24
Gujarat,Ahmedabad ,Bavla,B-012832,2.09,4000.0,2023-07-15
Gujarat,Ahmedabad,City,B-018248,0.9,2000.0,2023-11-07
Gujarat,Surat,Kamrej,B-005967,3.69,4000.0,2023-06-15
Gujarat,Surat,Choryasi,B-010428,3.95,,2023-11-04
Maharashtra,Naagpur,Nagpur Rural,B-007239,4.32,2000.0,2023-09-19
Gujarat,surat,Mangrol,B-003412,3.47,6000.0,2023-03-06
Maharashtra,Naagpur,Kamptee,B-016259,2.19,4000.0,2023-01-17
Maharashtra,Nashik,Niphad,B-004609,1.08,2000.0,2023-09-21
Gujarat,Vadodara, Savli,B-019575,1.76,4000.0,2023-02-24
Maharashtra,Nagpur,Kamptee,B-002550,3.9,2000.0,2023-08-19
Maharashtra,Nagpur,Ramtek,B-019796,3.63,2000.0,2023-01-26
Maharashtra,Nashik,Igatpuri,B-011365,4.47,4000.0,2023-11-12
Maharashtra,Nagpur,Umred,B-010470,3.02,6000.0,2023-10-17
Gujarat,Surat ,City,B-005502,4.86,2000.0,2023-08-13
Maahaaraashtraa,thane,Thane,B-002908,2.73,2000.0,2023-05-20
Maharashtra,Thane,Ambernath,B-011002,3.39,2000.0,2023-05-28
Maharashtra,Thane, Ambernath,B-014636,3.12,6000.0,2023-03-24
Gujarat ,SURAT,Olpad,B-000374,2.53,6000.0,2023-06-19
Maharashtra,Nagpur ,Hingna,B-019677,3.11,,2023-09-07
Gujarat,Vadodara,Savli,B-006871,3.05,4000.0,2023-01-15
Gujarat,Surat,Olpad,B-019614,3.9,6000.0,2023-11-16
Gujarat,Ahmedabad,Daskroi,B-002222,2.2,4000.0,2023-09-10
Maharashtra,Nashik,Sinnar,B-011485,4.8,,2023-04-02
Gujarat, Surat,Kamrej,B-008411,2.25,4000.0,2023-11-21
Maharashtra,nashik,Niphad,B-003541,2.91,6000.0,2023-07-19
MAHARASHTRA,Nashik,Nashik,B-000042,1.77,4000.0,2023-04-07
Gujarat,Surat,Choryasi,B-001578,2.99,6000.0,2023-11-25
Maharashtra,PUNE,Baramati,B-012647,3.58,4000.0,2023-07-11
MAHARASHTRA,Nashik,Niphad,B-014360,1.99,6000.0,2023-02-10
Gujaaraat,Surat,Kamrej,B-013752,4.86,6000.0,2023-04-09
Gujarat,Vaadodaaraa,City,B-017372,0.65,4000.0,2023-04-23
Gujarat,Ahmedabad,Sanand,B-013567,4.95,,2023-03-02
Maharashtra,Pune, Baramati,B-016158,4.88,2000.0,2023-05-26
Gujarat,Ahmedabad,Bavla,B-012410,1.0,,2023-03-04
Maharashtra,Thane,Thane,B-011510,1.16,4000.0,2023-11-24
Maharashtra,Pune,Haveli,B-012300,2.32,,2023-03-06
Maharashtra,Nagpur,Umred,B-003324,3.7,6000.0,2023-01-12
Gujarat,Ahmedabad,Dholka,B-015712,1.62,2000.0,2023-01-09
Gujarat,Ahmedabad,Bavla,B-007392,2.0,4000.0,2023-03-14
Maharashtra,Nashik,Sinnar,B-019935,2.69,4000.0,2023-09-20
Maharashtra,THANE,Ambernath,B-014788,4.36,4000.0,2023-04-19
Maharashtra,Pune,Junnaar,B-002416,1.3,2000.0,2023-12-27
Maharashtra,Thane,Thane,B-001095,4.19,6000.0,2023-03-14
MAHARASHTRA,Pune,Khed,B-018754,4.77,4000.0,2023-11-01
Gujaaraat, Surat,city,B-000658,4.8,,2023-11-04
MAHARASHTRA,Nashik,Malegaon,B-010444,1.89,4000.0,2023-01-15
Gujarat,Surat,Olpad,B-008557,2.22,4000.0,2023-12-03
Maharashtra,Nashik,Niphad,B-003432,3.15,4000.0,2023-11-28
Maharashtra, Pune,Shirur,B-018550,3.24,4000.0,2023-02-01
Gujarat,Ahmedabad,Daskroi,B-011201,4.64,6000.0,2023-01-28
Maharashtra,PUNE,Junnar,B-005575,3.44,,2023-08-24
maharashtra,Thane,Bhiwandi,B-012304,1.96,6000.0,2023-12-18
Gujarat,Vadodara,Karjan,B-005273,4.7,,2023-01-13
Maahaaraashtraa,Nashik,Niphad,B-016827,0.62,4000.0,2023-02-06
Gujarat,Surat,Choryasi,B-017175,1.66,2000.0,2023-12-14
Gujarat,Ahmedabad,Bavla,B-011074,1.72,6000.0,2023-07-01
Gujarat,Surat,Choryasi,B-015819,4.49,2000.0,2023-05-15
Maharashtra,Nagpur ,Umred,B-001016,2.57,6000.0,2023-08-18
Gujarat,Surat,Mangrol,B-014134,2.91,4000.0,2023-01-15
Maharashtra,Pune,Haveli,B-005407,1.93,6000.0,2023-08-15
Maharashtra,Pune,Junnar,B-014228,3.23,4000.0,2023-03-18
Maahaaraashtraa,Thaane,Ambernath,B-005148,4.08,6000.0,2023-03-13
Maharashtra,Pune,Shirur,B-001755,2.47,4000.0,2023-01-11
Maharashtra,Naashik,Niphad,B-003319,0.65,4000.0,2023-07-24
Gujarat,SURAT, City,B-010850,2.2,,2023-08-28
Gujarat,Ahmedaabaad,Bavla,B-006736,4.54,4000.0,2023-03-25
Maharashtra ,Thane ,Kalyan,B-006226,1.72,,2023-07-26
Maahaaraashtraa,Pune,Khed,B-013412,1.68,4000.0,2023-01-17
gujarat,Surat,Kamrej,B-008693,4.01,2000.0,2023-11-13
Gujarat,VADODARA, Padra,B-009225,3.42,4000.0,2023-12-02
Gujarat,VADODARA,City,B-009746,4.89,2000.0,2023-10-12
Gujarat,Surat,Kamrej,B-018452,4.6,2000.0,2023-07-03
Maharashtra,pune,Junnar,B-003143,3.07,4000.0,2023-01-02
gujarat,Vadodara,City,B-001627,0.63,2000.0,2023-03-01
Gujarat ,Ahmedabad,Bavla,B-012875,1.24,,2023-11-08
maharashtra,Nashik,Malegaon,B-016088,4.56,6000.0,2023-08-12
Gujarat,Vadodara,City,B-005033,3.49,4000.0,2023-06-21
Maharashtra,Nashik,Igatpuri,B-019236,3.87,2000.0,2023-08-24
Maharashtra,Thane,Ambernath,B-011824,2.23,4000.0,2023-11-22
Maharashtra,Thane ,Kalyan ,B-000126,1.01,,2023-12-07
Gujarat,Surat,Kamrej,B-014012,4.33,4000.0,2023-02-07
Maharashtra,Thane,Thane,B-002872,1.53,4000.0,2023-08-26
Gujarat,Surat,Olpad,B-009652,4.03,2000.0,2023-10-15
Gujarat,Ahmedabad,Dholka,B-015740,3.95,,2023-01-27
Gujarat,Vadodara, Savli,B-006543,1.86,6000.0,2023-11-02
Gujarat,Ahmedabad,Bavla,B-003179,2.79,6000.0,2023-05-09
Maharashtra,Pune ,Baramati,B-000844,1.27,2000.0,2023-12-02
Gujarat,ahmedabad,Sanand,B-017204,3.1,4000.0,2023-07-07
Maharashtra,Nashik,Malegaon,B-005598,4.88,2000.0,2023-12-19
maharashtra,nagpur,Hingna,B-009563,2.83,2000.0,2023-12-28
Maharashtra, Pune,Shirur,B-002685,3.24,2000.0,2023-11-24
Gujarat,Ahmedabad,City ,B-019366,4.22,4000.0,2023-07-04
Gujarat, Vadodara,Vaghodia,B-003785,1.39,,2023-05-23
gujarat,Vadodara,Karjan,B-010105,4.36,2000.0,2023-05-05
Gujarat,Ahmedabad,Sanand,B-019001,1.1,4000.0,2023-06-28
Gujarat,Ahmedabad,Daskroi,B-015432,2.83,,2023-08-26
Maharashtra,nagpur,Hingna,B-016027,4.12,2000.0,2023-08-22
Maharashtra,Thane,Kalyan,B-019102,2.24,6000.0,2023-05-06
Maharashtra,Thane,Thane,B-002987,2.96,,2023-05-22
Gujarat,Vadodara, City,B-012699,0.85,2000.0,2023-03-16
Gujarat,Ahmedabad,Daskroi,B-006059,1.15,,2023-03-14
Gujarat,Surat,Kamrej,B-018850,2.77,,2023-11-20
Gujarat,Surat,Mangrol,B-012500,2.62,,2023-05-09
Gujarat,Ahmedabad,Daskroi,B-012105,4.85,,2023-04-09
Maahaaraashtraa,Pune,Haveli,B-006114,4.71,,2023-12-07
Gujarat,Surat,Choryasi,B-017359,4.83,,2023-07-06
Gujarat,Surat,Mangrol,B-001463,3.12,2000.0,2023-05-13
Maharashtra,THANE,Thane,B-008628,4.29,6000.0,2023-09-10
Maharashtra,Thane ,Ulhasnagar,B-018296,4.65,4000.0,2023-02-12
Gujarat,Surat,Choryasi,B-015240,3.66,,2023-04-28
Maharashtra,Pune, Junnar,B-008632,2.01,4000.0,2023-05-17
Maharashtra,Pune,Khed,B-007414,0.66,2000.0,2023-12-05
Gujarat,SURAT, Kamrej,B-008801,4.82,,2023-03-26
 Gujarat,Vadodara,Padra,B-002020,1.84,6000.0,2023-06-14
Maharashtra,Nashik,Niphad,B-004953,3.31,4000.0,2023-04-18
Maharashtra,Pune,Haveli,B-018044,2.7,,2023-01-13
Gujarat ,Surat,Choryasi,B-017494,1.99,2000.0,2023-07-13
Maharashtra,Nashik,Igatpuri,B-011266,0.86,6000.0,2023-01-06
GUJARAT,VADODARA,Savli,B-013566,2.85,4000.0,2023-09-13
Gujarat,Surat,Olpad,B-007456,4.79,4000.0,2023-05-13
Gujarat,Vaadodaaraa,Savli,B-016794,4.97,,2023-09-10
Gujarat,Surat,kamrej,B-012685,3.51,6000.0,2023-11-06
Gujarat,Vadodara,KARJAN,B-013718,1.44,6000.0,2023-03-01
Maharashtra,Nashik,Sinnar,B-015560,4.91,6000.0,2023-03-26
Gujarat,Surat,Kamrej,B-007722,1.11,6000.0,2023-09-23
GUJARAT,Ahmedabad,Daskroi,B-015607,4.92,2000.0,2023-12-08
 Maharashtra,Nagpur,Umred,B-019797,1.71,6000.0,2023-02-24
Maharashtra,Pune,Haveli,B-018965,1.5,4000.0,2023-11-21
Gujarat,Ahmedabad,Sanand,B-012937,3.36,4000.0,2023-06-16
Maharashtra,Thane,Thane,B-001138,3.43,2000.0,2023-08-16
Maharashtra ,Pune,Baramati,B-016453,3.13,4000.0,2023-04-02
Maharashtra,NAGPUR,Ramtek,B-004832,2.05,4000.0,2023-08-01
Maharashtra,Thane,AMBERNATH,B-003942,1.99,6000.0,2023-06-10
Gujarat,Surat,Choryasi,B-014715,1.5,4000.0,2023-10-26
Gujarat,Surat,Kamrej,B-005665,1.82,2000.0,2023-02-14
Gujarat,Vadodara,City,B-005478,2.12,6000.0,2023-10-14
Maharashtra,Thane,Ulhasnagar,B-006944,2.26,,2023-06-13
Maharashtra,Pune,Haveli,B-006316,4.67,6000.0,2023-05-24
Gujarat,SURAT,Olpad,B-004135,3.31,2000.0,2023-02-23
Maharashtra,Nashik,Nashik,B-001399,2.59,6000.0,2023-12-15
 Maharashtra,Pune,Khed,B-013874,3.27,6000.0,2023-06-19
Maharashtra,Thane, Bhiwandi,B-002568,0.61,2000.0,2023-09-20
Gujarat,ahmedabad,City,B-014267,4.8,6000.0,2023-10-17
Maharashtra,Pune,Khed,B-006617,4.4,2000.0,2023-07-05
Gujarat,Vadodara,Karjan,B-004846,0.74,2000.0,2023-09-25
maharashtra,Pune,Shirur,B-008451,1.48,,2023-08-09
Maharashtra,Nashik,Niphad,B-010478,3.45,4000.0,2023-08-06
Gujarat,Vadodara ,Vaghodia,B-002196,2.15,4000.0,2023-07-22
Gujarat,Ahmedabad,Bavla,B-002852,1.83,6000.0,2023-08-11
Gujarat,Ahmedabad,Daskroi,B-012718,4.51,6000.0,2023-06-21
Maharashtra,Thane,Thane,B-013021,3.34,,2023-08-04
Maharashtra,Thane,Ambernath,B-010687,1.79,,2023-02-18
Maharashtra,Nashik,Igatpuri,B-009051,1.09,,2023-11-12
Maharashtra, Nagpur,Umred,B-015013,3.98,2000.0,2023-11-17
Maharashtra,Nashik ,nashik,B-000406,3.25,,2023-12-06
Maharashtra,Nagpur,Nagpur Rural,B-013750,3.7,,2023-06-05
Maharashtra,PUNE,Junnar,B-003688,2.24,6000.0,2023-10-09
Gujarat,Surat,Mangrol,B-019496,1.14,,2023-01-07
Gujarat,ahmedabad,Bavla,B-004904,3.82,2000.0,2023-05-10
Maharashtra,PUNE,Haveli,B-004857,2.46,2000.0,2023-05-21
Maharashtra,pune,Khed,B-017922,4.56,6000.0,2023-06-23
Maharashtra,Nashik,Nashik,B-003462,0.78,,2023-01-10
Gujarat,VADODARA,City,B-019940,3.45,,2023-03-11
Maharashtra,Thaane,ambernath,B-009375,1.42,2000.0,2023-05-24
Maharashtra,Nashik,Igatpuri,B-011268,0.81,,2023-04-20
Gujarat,Surat,Olpad,B-013465,2.37,,2023-03-16
Maharashtra,thane,Thane,B-008656,3.98,,2023-10-03
Maharashtra,Nashik,Sinnar ,B-019444,3.16,4000.0,2023-05-18
Maahaaraashtraa,Pune,Baaraamaati,B-015912,3.4,6000.0,2023-12-03
Gujarat,Ahmedabad,Dholka,B-015501,1.35,4000.0,2023-10-04
Maharashtra,PUNE,Baramati,B-017894,2.27,6000.0,2023-09-24
MAHARASHTRA, Nashik,Sinnar,B-005643,3.32,2000.0,2023-08-02
Maharashtra,Thane,Ambernath,B-009025,0.81,,2023-08-03
Maharashtra,Pune,Haveli,B-013205,0.92,6000.0,2023-02-17
Gujarat,Vadodara,City,B-004714,1.0,4000.0,2023-12-07
MAHARASHTRA,Nashik ,Nashik,B-013164,2.43,,2023-08-03
Maharashtra,Thane,Kalyan,B-001271,0.76,2000.0,2023-12-16
Gujarat,Surat,Mangrol,B-018930,4.37,6000.0,2023-08-05
 Maharashtra,Nashik,Igatpuri,B-010863,2.27,6000.0,2023-04-22
Gujarat,Vadodara,padra,B-007785,1.92,6000.0,2023-12-25
Gujarat,Surat,Kamrej,B-001616,3.92,,2023-10-20
Gujarat, Ahmedabad,Dholka,B-015572,2.58,4000.0,2023-01-12
Maharashtra,Thane,Bhiwandi,B-016590,2.29,4000.0,2023-11-20
Maharashtra,THANE,Thane,B-012205,2.58,6000.0,2023-01-16
Maharashtra,Nagpur,Hingna,B-000663,4.02,2000.0,2023-10-16
Maharashtra, Pune,Shirur,B-011072,1.32,2000.0,2023-05-07
Maharashtra,Pune,Khed,B-009931,4.0,4000.0,2023-05-10
Gujarat,Vadodara,Karjan,B-010190,3.43,2000.0,2023-04-15
Gujarat,Ahmedaabaad,Daskroi,B-009187,1.14,4000.0,2023-06-18
Maharashtra,Nagpur,Umred,B-016110,1.73,6000.0,2023-06-28
Maharashtra,Nagpur,Kamptee,B-003219,4.8,4000.0,2023-01-07
Maharashtra,THANE,Ambernath,B-007470,2.94,4000.0,2023-04-18
Gujaaraat,Vadodara,Padra,B-004404,4.79,6000.0,2023-09-01
Maharashtra,Pune ,Baramati,B-017709,2.83,2000.0,2023-07-14
Maharashtra,Thane,Bhiwandi,B-018658,1.7,4000.0,2023-07-08
Gujarat, Vadodara,Padra,B-010515,2.56,4000.0,2023-06-06
Gujarat,Surat ,Kamrej,B-008829,1.86,6000.0,2023-09-04
Maharashtra,nagpur,Kamptee,B-013657,1.3,2000.0,2023-02-23
Maharashtra,Thane,Ambernath,B-002926,0.83,4000.0,2023-09-13
 Maharashtra,Nagpur,Kamptee,B-006159,4.45,6000.0,2023-02-03
Gujarat,Vadodara,Savli,B-018949,4.02,4000.0,2023-06-11
Maharashtra,Thane,Bhiwandi,B-006927,3.84,,2023-09-08
Gujarat,AHMEDABAD,Dholka,B-013343,0.9,6000.0,2023-05-26
Maharashtra ,Pune,Khed,B-015875,4.96,2000.0,2023-10-12
Gujarat,SURAT,Choryasi,B-019854,4.33,2000.0,2023-02-20
Gujarat, Surat,Choryasi,B-001842,4.8,2000.0,2023-09-13
Gujarat,Vadodara,City,B-017136,3.43,2000.0,2023-12-25
Gujarat,Surat,Kamrej,B-002151,2.89,4000.0,2023-09-12
Maharashtra,Pune,Junnar,B-010195,2.53,4000.0,2023-10-07
Maahaaraashtraa,Thane,Kalyan,B-013219,4.63,2000.0,2023-06-02
GUJARAT,Vadodara,Karjan,B-004445,1.67,2000.0,2023-01-08
Maharashtra,Thane,Bhiwandi,B-018691,1.35,2000.0,2023-12-16
 Gujarat, Surat,Mangrol,B-005694,1.99,4000.0,2023-11-19
Gujarat,AHMEDABAD,Daskroi,B-006317,2.1,2000.0,2023-05-20
Gujarat,Ahmedabad,Dholka,B-006578,0.88,2000.0,2023-12-25
Gujarat,Vadodara,City,B-017685,2.46,,2023-08-11
Maharashtra,Nashik,Nashik,B-008176,4.85,,2023-12-23
Maharashtra,Pune,Shirur,B-001084,2.57,2000.0,2023-11-26
Maharashtra,Thane,Ulhasnagar,B-014957,1.91,6000.0,2023-02-27
Gujarat,Surat,Choryasi,B-018072,2.4,2000.0,2023-12-17
Gujarat,Vadodara,Padra,B-011809,0.71,,2023-02-15
Maharashtra,Pune,Haveli,B-006525,3.57,6000.0,2023-10-10
Gujarat,Ahmedabad,Daskroi,B-008978,1.58,6000.0,2023-05-28
Maharashtra,Thane ,Ambernath,B-018010,3.68,2000.0,2023-11-28
Maharashtra,Thane,Thane,B-015212,4.98,,2023-09-07
Maharashtra,Nashik,Sinnar,B-013008,3.71,,2023-07-22
Gujarat,Vadodara,Padra,B-004060,0.72,6000.0,2023-03-14
Gujarat,Ahmedabad,City,B-001002,2.63,2000.0,2023-02-11
Gujarat,Vadodara,Savli,B-018364,0.79,4000.0,2023-09-28
Gujarat,Surat,Mangrol,B-016519,3.18,4000.0,2023-02-24
Maharashtra,Pune,Haveli,B-016017,2.37,,2023-02-10
Gujarat,Surat,City,B-014618,4.86,4000.0,2023-10-28
Gujarat,Vadodara,Vaghodia,B-005820,4.1,,2023-03-24
Maharashtra,Thane,Ambernath,B-018004,4.16,,2023-11-17
Gujarat,Vadodara,Karjan,B-011461,1.33,,2023-08-24
Gujarat,Vadodara,City,B-011281,3.78,4000.0,2023-08-01
Maharashtra,Pune,Junnar,B-005359,1.16,,2023-04-06
Gujarat,Ahmedaabaad,Daskroi,B-008476,2.98,6000.0,2023-03-25
Maharashtra,Nashik,Nashik,B-018988,3.27,2000.0,2023-11-13
Gujarat, Surat,Choryasi,B-009342,3.74,2000.0,2023-04-18
Maharashtra,Nashik,Sinnar,B-000900,0.78,,2023-05-13
gujarat,Vadodara,savli,B-018503,1.35,2000.0,2023-12-16
Maharashtra,Pune,Haveli,B-016629,0.6,4000.0,2023-01-26
Maharashtra,Thane,Thane,B-005339,2.8,4000.0,2023-12-14
Gujarat,Surat,Olpad,B-007023,0.66,2000.0,2023-12-02
Gujarat,Vadodara,Vaghodia,B-019351,3.53,4000.0,2023-12-14
Gujarat,Vadodara,Padra,B-007377,4.7,2000.0,2023-03-20
Gujarat,Surat,Choryasi,B-006775,3.53,2000.0,2023-05-26
Gujarat,Ahmedabad,Daskroi,B-008818,2.28,2000.0,2023-11-09
Maharashtra,Nagpur,Nagpur Rural,B-013419,2.51,,2023-10-09
Gujarat,Vadodara,Padra,B-016658,4.13,2000.0,2023-04-10
Gujarat,Ahmedabad, Daskroi,B-000292,4.89,,2023-07-20
MAHARASHTRA,Nashik,Igatpuri,B-015536,4.78,2000.0,2023-05-12
Maharashtra,Nashik,Nashik,B-019791,1.59,2000.0,2023-10-23
Maharashtra,Pune,Baramati,B-005676,1.66,2000.0,2023-01-24
Gujarat,Ahmedaabaad,Dholka,B-017092,3.41,4000.0,2023-05-15
Gujarat,Surat,City,B-007333,3.69,,2023-04-16
Maharashtra ,Pune,Khed,B-019106,2.3,,2023-07-20
 Maharashtra,Nashik,Sinnar,B-010010,1.66,2000.0,2023-03-18
Gujarat,Ahmedaabaad,Sanand,B-009024,1.13,2000.0,2023-04-16
Maahaaraashtraa,nashik,Malegaon,B-013888,1.53,4000.0,2023-08-27
Maahaaraashtraa,Pune,Junnar,B-012337,1.63,4000.0,2023-01-07
GUJARAT,SURAT,Kamrej,B-011427,3.35,4000.0,2023-09-26
Gujarat, Vadodara,Vaghodia,B-017558,4.86,,2023-03-12
Gujarat,Vadodara, Padra,B-018817,1.49,,2023-02-19
Gujarat,Vadodara,Savli,B-007151,4.71,,2023-11-04
Gujarat,Vadodara,City,B-015293,0.57,2000.0,2023-11-21
Gujarat,Ahmedabad,Dholka,B-009901,1.86,,2023-12-05
Maharashtra,Nagpur,Hingna,B-013014,1.5,6000.0,2023-10-22
Maharashtra,NASHIK,Nashik,B-003353,3.33,6000.0,2023-08-07
Gujarat,Surat,Olpad,B-000241,3.77,4000.0,2023-03-17
Maharashtra,Nashik,Sinnar,B-012263,2.56,,2023-10-15
Gujarat,Vadodara,Savli ,B-009263,0.6,6000.0,2023-03-04
Gujarat,Vadodara,Vaghodia,B-009781,4.84,4000.0,2023-06-25
Maharashtra,Nagpur,Nagpur Rural,B-019355,0.55,,2023-07-14
Gujarat,Vadodara, Savli,B-015786,1.5,2000.0,2023-05-16
Gujarat,Surat,Choryasi,B-002092,3.1,6000.0,2023-09-14
Maahaaraashtraa,Thane,Thane,B-011020,4.51,2000.0,2023-01-08
Gujarat,Vadodara,Savli,B-009060,2.22,,2023-03-04
Gujarat,Ahmedabad,City,B-010655,3.55,6000.0,2023-05-07
Gujarat,Surat,Choryasi,B-009073,4.63,,2023-05-01
Maharashtra,Nashik,Niphad,B-008558,1.79,2000.0,2023-06-14
 Gujarat, Ahmedabad,Bavla,B-009791,0.74,6000.0,2023-12-28
MAHARASHTRA,Nagpur,Nagpur Rural,B-006173,4.73,2000.0,2023-07-22
Gujarat,Ahmedabad,Dholka,B-004913,3.81,,2023-11-26
Gujarat,Surat,Mangrol,B-019286,4.76,,2023-04-10
Gujarat,Vadodara,Vaghodia,B-001861,0.79,2000.0,2023-11-13
Maharashtra,Pune,haveli,B-013242,1.86,6000.0,2023-09-14
Gujarat,Surat,City,B-019295,1.44,2000.0,2023-12-05
Gujarat,Surat,Choryasi,B-017516,3.96,,2023-10-21
Maharashtra,Nashik,Niphad,B-000835,3.34,2000.0,2023-05-03
Gujarat,Vadodara,City,B-018082,3.27,,2023-01-20
Maharashtra,Nashik,Niphad,B-009687,4.72,2000.0,2023-12-22
Gujarat,Ahmedabad,Bavla ,B-008501,3.88,6000.0,2023-04-23
Maharashtra,Thane,Bhiwandi,B-013716,1.65,6000.0,2023-08-26
Maharashtra,Nashik,Sinnar,B-013258,3.96,2000.0,2023-01-24
Gujaaraat,Ahmedabad ,City,B-012723,2.05,2000.0,2023-02-18
Maharashtra,Nashik,Niphad,B-001158,2.52,6000.0,2023-02-19
Gujarat,Vadodara,Savli,B-006224,2.5,,2023-04-27
Maharashtra,Thane,Kalyan,B-011245,1.94,6000.0,2023-04-17
Maharashtra,Pune,BARAMATI,B-007287,0.7,,2023-10-21
Gujarat,Ahmedabad,Dholka,B-015589,1.24,2000.0,2023-04-10
Maharashtra,Nashik,Igatpuri,B-011748,1.3,2000.0,2023-02-06
Maharashtra,Nagpur,Hingna,B-009837,2.77,,2023-02-01
Gujarat,Vadodara ,Savli,B-018967,1.81,2000.0,2023-07-01
Maharashtra, Thane,Ambernath,B-005936,2.49,,2023-08-14
Maharashtra,Nagpur,Kamptee,B-018281,1.34,4000.0,2023-02-26
GUJARAT,Ahmedabad,Daskroi,B-017335,2.32,6000.0,2023-06-12
Gujarat,Surat,Choryasi,B-015427,3.37,4000.0,2023-11-02
Maharashtra,Pune,Baramati,B-004193,3.21,,2023-04-07
Gujaaraat,Ahmedabad,Bavla,B-016465,2.3,6000.0,2023-02-27
Maharashtra,Nashik,igatpuri,B-017275,1.25,,2023-06-26
Gujaaraat,vadodara,City ,B-010999,4.15,6000.0,2023-08-04
Gujarat ,Vadodara,Karjan,B-002927,4.61,6000.0,2023-02-20
Maharashtra,Thane,Ulhasnagar,B-007283,4.61,6000.0,2023-11-26
Gujarat ,Ahmedabad,Bavla,B-019933,3.52,6000.0,2023-12-26
Maharashtra,Nashik,Igatpuri,B-007319,0.87,,2023-07-26
gujarat,Vadodara,Padra,B-010063,3.25,6000.0,2023-03-20
Maharashtra,Nashik,Sinnar,B-013779,4.32,6000.0,2023-12-26
gujarat,Ahmedabad,Baavlaa,B-012913,1.49,4000.0,2023-03-03
Maharashtra,Nashik,Niphad,B-016823,0.69,2000.0,2023-05-02
Maharashtra,Pune,Junnar,B-005429,3.54,2000.0,2023-08-16
Gujarat,Ahmedabad,Bavla,B-019714,2.52,4000.0,2023-09-01
Gujarat,AHMEDABAD,Dholka,B-004270,4.05,4000.0,2023-12-05
Maharashtra,Pune,Baramati,B-009594,3.16,,2023-06-03
Gujarat,Surat,Olpad,B-004818,1.03,,2023-07-02
Maharashtra,Pune,Shirur,B-007599,1.09,,2023-11-23
Maharashtra,Nashik,Igatpuri,B-013947,1.5,4000.0,2023-01-06
Gujarat,Ahmedabad,City,B-019803,2.73,4000.0,2023-12-05
Maharashtra,pune,Junnar,B-007710,4.17,6000.0,2023-06-20
Gujarat,Surat,Olpad,B-000880,4.98,,2023-02-28
Maharashtra,Pune,Khed,B-014195,3.07,,2023-07-28
Maharashtra,Pune,Junnar,B-010394,0.9,,2023-03-25
Maharashtra,Pune,junnar,B-009562,2.32,2000.0,2023-05-25
Maharashtra,Nagpur,Hingna,B-009508,1.64,6000.0,2023-12-26
Gujarat,Surat,Choryasi,B-015472,3.61,,2023-08-04
Maahaaraashtraa,Thane,Kalyan,B-010169,3.04,,2023-05-09
 Gujarat,Ahmedabad ,Sanand,B-001167,4.6,,2023-01-14
Maharashtra,Nagpur,Ramtek,B-018934,2.44,2000.0,2023-09-08
Gujarat,Vadodara,Karjan,B-014573,2.69,2000.0,2023-03-20
MAHARASHTRA,Thane,Bhiwandi,B-003188,1.81,4000.0,2023-06-15
Gujarat,SURAT,Kamrej,B-008200,3.32,6000.0,2023-05-15
Gujarat,Surat,City,B-018123,4.13,4000.0,2023-04-02
Maharashtra,Nagpur,Hingna,B-014214,1.13,6000.0,2023-11-13
Maharashtra, Nagpur,Kamptee,B-019298,1.94,2000.0,2023-01-05
 Gujarat,Ahmedabad, Dholka,B-006254,2.24,,2023-12-18
Gujarat,Surat,City,B-008681,2.85,4000.0,2023-05-26
Gujarat,Surat,City,B-019211,4.04,,2023-07-16
Maharashtra ,Pune,Baramati,B-006769,3.86,4000.0,2023-11-10
Maharashtra ,Pune,Baramati,B-000886,1.09,2000.0,2023-02-23
Maharashtra,NAGPUR,Umred,B-014268,2.04,2000.0,2023-12-13
Maharashtra ,Pune,Baramati,B-013996,3.29,2000.0,2023-10-13
Maharashtra,pune,Shirur,B-019759,1.18,4000.0,2023-11-12
Maharashtra,Nashik,Igatpuri,B-002251,1.04,6000.0,2023-05-12
Gujaaraat,Surat,Choryasi,B-016696,1.8,4000.0,2023-03-08
maharashtra,nagpur,Umred,B-016765,4.65,6000.0,2023-10-09
Maharashtra,thane,Kalyan,B-005615,1.75,4000.0,2023-12-21
Maharashtra,Pune,Shirur,B-006705,2.68,4000.0,2023-04-09
Maharashtra,Nashik,Niphad,B-016175,2.67,2000.0,2023-09-05
MAHARASHTRA,thane,Ambernath,B-009330,2.89,,2023-04-03
Maharashtra,Nashik,Sinnar,B-017731,4.56,,2023-09-03
gujarat,Vadodara,Vaghodia,B-014855,3.05,6000.0,2023-03-28
 Maharashtra,Thane,Ambernath,B-016166,3.98,,2023-07-26
Maharashtra,Nashik,Sinnar,B-007497,4.88,4000.0,2023-06-28
Maharashtra,Nagpur,Ramtek,B-002347,2.85,4000.0,2023-09-05
Maharashtra,Nashik,Niphad,B-005184,1.17,2000.0,2023-05-10
Maharashtra ,nashik, Malegaon,B-014130,4.86,2000.0,2023-11-18
Maharashtra,Nashik,Malegaon,B-011726,1.63,,2023-06-08
 Gujarat,Vadodara ,Savli,B-002955,2.63,6000.0,2023-07-13
Maharashtra,Pune,Baramati,B-019431,1.85,,2023-12-23
Gujarat,Vadodara,Vaghodia,B-001325,3.32,,2023-06-07
Maharashtra,Pune,Shirur,B-007989,2.26,,2023-06-20
MAHARASHTRA,Nashik,niphad,B-019750,2.66,,2023-05-23
Maharashtra,Nagpur,Nagpur Rural,B-010339,3.36,4000.0,2023-02-01
Gujarat ,Ahmedabad,Dholka,B-016340,4.4,6000.0,2023-07-10
Gujarat,Ahmedabad,Sanand,B-002898,1.46,4000.0,2023-10-26
gujarat,Vadodara,City,B-005135,1.52,6000.0,2023-04-09
 Gujarat,Surat,Kamrej,B-010396,0.92,2000.0,2023-01-24
Maharashtra,Nashik,Sinnar,B-000951,3.2,,2023-08-12
Gujarat,Vadodara,Karjan,B-000078,3.32,4000.0,2023-12-17
Gujarat,Vadodara,Savli,B-007407,2.32,6000.0,2023-12-26
Maahaaraashtraa,Nagpur,Ramtek,B-018918,1.65,2000.0,2023-08-14
Maharashtra,Nashik,Igatpuri,B-003431,4.4,2000.0,2023-04-07
MAHARASHTRA,Naagpur,Kamptee,B-012472,3.01,,2023-08-01
Maharashtra,Thane,Ulhasnagar,B-012674,3.79,6000.0,2023-12-17
Maharashtra,Nashik,Sinnar,B-002763,2.62,4000.0,2023-08-09
Maharashtra, Pune,Haveli,B-009442,4.99,,2023-06-13
 Maharashtra,Pune,Haveli,B-012526,1.23,4000.0,2023-09-28
MAHARASHTRA,Nagpur,Umred,B-002596,1.07,2000.0,2023-10-27
Maharashtra,Nashik,Sinnar,B-019927,2.92,4000.0,2023-08-18
Maharashtra,Thane ,Kalyan,B-012865,1.47,4000.0,2023-04-07
Maharashtra,Pune,Haveli,B-012511,3.14,,2023-07-19
Maharashtra, Nashik,Nashik,B-012776,4.85,4000.0,2023-01-09
Gujarat,VADODARA,Karjan,B-001443,3.44,,2023-05-07
Gujarat,Ahmedabad,Daskroi,B-002121,5.0,2000.0,2023-02-04
Gujarat,Vadodara,Savli,B-010068,2.08,,2023-03-09
 Maharashtra,Nashik,Malegaon,B-007106,3.57,,2023-08-25
Maharashtra,Pune,Khed,B-010380,4.05,6000.0,2023-05-21
 Gujarat,Vadodara,Savli,B-016806,4.67,4000.0,2023-12-27
Gujarat,ahmedabad,Bavla,B-006610,2.75,2000.0,2023-04-04
Maharashtra,Nashik,Sinnar,B-007030,2.27,,2023-10-16
Maharashtra,Nashik,Malegaon,B-015816,2.64,2000.0,2023-06-19
Maharashtra,Nashik,Sinnar ,B-019693,0.9,6000.0,2023-05-20
Maharashtra,Pune,Shirur,B-006281,3.44,4000.0,2023-05-06
Gujarat,Surat,Olpad,B-000077,3.24,,2023-01-22
Gujarat,vadodara,padra,B-000619,0.87,4000.0,2023-10-04
Gujarat,Ahmedabad,Daskroi,B-008746,1.33,6000.0,2023-04-14
Maharashtra,thane,Kalyan,B-019012,3.13,6000.0,2023-01-03
Maharashtra,Pune,Haveli,B-011972,4.1,2000.0,2023-07-25
Maharashtra,Thane,Kaalyaan,B-006113,3.07,,2023-02-11
Gujarat,Vadodara, City,B-015566,3.26,2000.0,2023-10-13
Gujarat,Surat,Mangrol,B-000231,0.66,6000.0,2023-11-13
MAHARASHTRA,Nagpur,Kamptee,B-016802,2.45,4000.0,2023-04-22
Maahaaraashtraa,Nashik,Malegaon,B-005280,2.47,2000.0,2023-03-09
Gujarat,Ahmedabad,Bavla,B-012401,3.89,2000.0,2023-06-12
Gujarat, Surat,Kamrej,B-013652,1.03,4000.0,2023-11-11
Maharashtra, Thane,Ambernath,B-018003,1.43,2000.0,2023-03-24
Gujaaraat,Surat,Choryasi,B-003123,2.79,4000.0,2023-12-18
Gujarat,Suraat,Choryasi,B-000294,3.22,,2023-04-12
Gujarat,Vadodara,Vaghodia,B-018510,4.18,4000.0,2023-10-10
Maharashtra,Nashik,Sinnar,B-000068,2.35,,2023-05-16
MAHARASHTRA, Pune,Junnar,B-017100,3.46,4000.0,2023-06-20
Gujarat,Surat,City,B-012020,2.83,6000.0,2023-11-24
Gujarat,Ahmedaabaad,Dholka,B-004077,4.88,6000.0,2023-12-03
Gujarat,Ahmedabad,Sanand,B-003708,1.74,,2023-08-09
Gujarat,Ahmedabad,City,B-011363,0.61,,2023-06-08
Gujarat,Surat,Kamrej ,B-014369,3.56,6000.0,2023-12-17
Gujarat,Suraat,City,B-005642,4.45,,2023-04-15
Gujarat,Ahmedabad, Sanand,B-005114,2.86,4000.0,2023-06-08
Gujarat,Vadodara,Karjan,B-016825,2.31,4000.0,2023-04-06
Maharashtra,Nagpur,Kamptee,B-018001,3.83,6000.0,2023-01-23
Maharashtra,THANE,Bhiwandi,B-006285,0.75,2000.0,2023-05-03
 Gujarat,Ahmedabad ,Sanand,B-008247,1.91,4000.0,2023-01-26
Maharashtra,Nagpur,Umred,B-009645,2.53,,2023-10-14
Maharashtra, Nashik,Sinnar,B-005016,3.41,2000.0,2023-05-23
Gujarat,Surat,City,B-002737,4.33,2000.0,2023-03-16
Maharashtra,Nashik,Niphad,B-019177,1.0,4000.0,2023-10-05
Maharashtra,Pune,Junnar,B-013498,4.17,4000.0,2023-01-03
 Maharashtra,Pune,Khed,B-000750,2.9,2000.0,2023-11-28
Gujarat ,Ahmedabad,City,B-004886,4.47,2000.0,2023-08-19
Gujarat,VADODARA,City,B-015540,0.6,6000.0,2023-02-09
Maharashtra,Thane,Kalyan,B-004765,2.17,,2023-12-16
Gujarat,Vadodara,Savli ,B-016511,3.51,6000.0,2023-11-22
Maharashtra, Nashik, Malegaon,B-018515,4.37,4000.0,2023-08-11
Gujarat,surat,Olpad,B-019393,4.61,6000.0,2023-09-22
Maharashtra,Nagpur,Kamptee,B-009771,3.73,6000.0,2023-02-28
Maharashtra, Nashik,Sinnar,B-008588,2.14,6000.0,2023-11-19
Gujarat,Vadodara,Savli,B-005536,3.81,6000.0,2023-04-08
Gujarat,Vadodara,Paadraa,B-016306,4.0,,2023-01-16
Maharashtra,Pune,Shirur,B-014549,4.3,,2023-06-04
Maharashtra, Pune, Khed,B-011253,2.87,2000.0,2023-09-22
Maharashtra,Thane,Ambernath,B-002193,1.38,4000.0,2023-01-08
Maharashtra,Thane,Kalyan,B-017545,2.45,6000.0,2023-06-22
Maharashtra,Thane ,Ulhasnagar,B-014769,3.29,2000.0,2023-08-06
gujarat, Vadodara,Vaghodia,B-008032,4.19,2000.0,2023-04-26
Gujarat,ahmedabad,Dholka,B-005886,3.85,2000.0,2023-06-24
Gujarat,Vadodara,Vaghodia,B-012290,4.5,,2023-09-18
Gujarat,Ahmedabad,CITY,B-003088,4.87,6000.0,2023-01-15
Gujarat,Ahmedabad,Bavla,B-002702,1.2,6000.0,2023-10-20
Maharashtra ,pune,Junnar,B-015534,3.23,4000.0,2023-10-22
Gujarat,Suraat,City,B-017798,1.24,6000.0,2023-04-12
Gujarat,Surat,City,B-015044,0.63,6000.0,2023-10-21
Maharashtra,nagpur,Kamptee,B-013304,3.57,2000.0,2023-04-06
Maahaaraashtraa,Pune,Khed ,B-018291,0.52,4000.0,2023-05-05
Maahaaraashtraa,nashik,Niphad,B-000314,3.62,6000.0,2023-07-17
Maharashtra,Naagpur,Ramtek,B-017228,4.02,,2023-01-19
Maharashtra,Thane ,Thane,B-003676,1.8,6000.0,2023-08-07
Gujarat,Vadodara,Savli,B-011914,2.51,2000.0,2023-04-19
Gujarat,Vadodara ,Savli,B-016137,1.97,,2023-09-27
Maharashtra,NAGPUR,Hingna,B-002150,4.37,2000.0,2023-04-25
Gujarat,Vadodara,Vaghodia,B-003461,1.09,6000.0,2023-06-28
Maharashtra,Nagpur ,Hingna,B-012028,2.6,,2023-07-25
Gujarat,Vadodara,Savli ,B-000360,3.16,4000.0,2023-04-02
 Gujarat,Vadodara,Vaghodia,B-009662,3.29,4000.0,2023-05-09
Gujarat,Vadodara ,Vaghodia ,B-008268,2.81,,2023-05-19
Maharashtra,Nagpur,Kamptee,B-002769,2.8,,2023-03-21
Maharashtra,Thane,Kalyan ,B-002018,0.62,2000.0,2023-07-20
Gujarat,Ahmedabad,Bavla,B-006007,3.98,,2023-04-12
Gujarat,ahmedabad,Daskroi,B-011651,3.7,2000.0,2023-11-05
Gujarat,Surat,Kamrej,B-010659,4.26,6000.0,2023-11-16
Gujarat,Vadodara,Padra,B-012979,1.78,2000.0,2023-12-04
Maharashtra,Nagpur,Ramtek,B-000613,3.81,,2023-04-16
Gujarat,vadodara,City,B-006148,4.43,,2023-06-20
Maharashtra,Thane,Ulhasnagar,B-014362,2.37,6000.0,2023-05-24
Maharashtra,Naagpur,Hingna,B-010492,2.4,,2023-08-04
Maharashtra,Nagpur,Umred,B-004191,0.63,,2023-03-25
Gujarat,surat,Kamrej,B-012637,1.06,4000.0,2023-03-25
Maharashtra,Nagpur,Umred,B-008762,1.39,4000.0,2023-02-10
Gujarat,Ahmedabad,Bavla,B-010210,0.96,6000.0,2023-11-27
Maharashtra ,Pune,Junnar,B-000797,1.58,2000.0,2023-05-12
Gujarat,Ahmedabad,Sanand,B-009731,4.66,4000.0,2023-03-04
Gujarat,Surat,Olpad,B-000786,1.42,2000.0,2023-11-16
Gujarat,Suraat,Choryasi,B-017319,0.54,,2023-12-19
 Maharashtra,Nagpur,NAGPUR RURAL,B-001772,0.86,4000.0,2023-02-12
Gujarat,Ahmedabad,Daskroi,B-010709,0.92,6000.0,2023-12-19
Gujarat,Suraat,Mangrol,B-013699,0.71,6000.0,2023-10-22
Maharashtra,Thane,Thane,B-000324,2.86,6000.0,2023-09-17
Gujarat,Vadodara,Karjan,B-000791,0.65,4000.0,2023-06-26
Maharashtra,Nashik ,Niphad,B-011301,1.28,2000.0,2023-03-13
Maahaaraashtraa,Thane,Ulhasnagar,B-017014,3.8,,2023-12-07
Gujarat,Surat,Olpad,B-006829,0.51,2000.0,2023-11-08
Gujarat,Vadodara,Karjan,B-007280,3.45,2000.0,2023-02-18
Gujarat,Vadodara,Karjan,B-018920,4.73,,2023-09-04
Gujarat,Surat,Choryasi,B-002025,4.47,,2023-03-24
Maharashtra,pune,Haveli,B-008967,1.34,4000.0,2023-07-14
Maharashtra, Thane,Ulhasnagar,B-004141,4.32,4000.0,2023-05-15
Maharashtra,Nashik,Niphad,B-018938,3.2,4000.0,2023-07-14
Maharashtra,Thane,Thane,B-011500,0.92,4000.0,2023-12-18
Gujarat,Vadodara,City,B-002509,3.05,4000.0,2023-05-13
Gujarat,Vadodara ,Savli,B-003367,3.24,,2023-10-20
Gujarat,Ahmedabad,Daskroi,B-011391,2.47,2000.0,2023-05-21
Maharashtra ,NAGPUR,Umred,B-019652,4.07,4000.0,2023-10-25
Maharashtra,Pune,Haveli,B-010328,1.71,4000.0,2023-10-13
Gujarat,Ahmedabad,Dholka,B-000153,4.81,2000.0,2023-02-22
GUJARAT,Vadodara,Karjan,B-016924,1.59,4000.0,2023-11-21
Maharashtra,Nagpur,Ramtek,B-006896,4.56,2000.0,2023-04-15
Maharashtra,Nashik,Sinnar,B-010841,0.74,2000.0,2023-07-22
Maharashtra,Pune,Shirur,B-001655,3.68,,2023-09-11
Gujarat,Vadodara ,Padra,B-018009,1.98,6000.0,2023-07-22
Gujarat,Ahmedabad,City,B-016812,4.19,,2023-06-27
Gujarat,Surat,Mangrol ,B-004424,2.02,6000.0,2023-12-05
Gujarat,Surat,City,B-010204,3.38,6000.0,2023-10-09
Maharashtra,Nashik,Sinnar,B-018149,0.66,6000.0,2023-07-04
Maharashtra,Thane,Kalyan,B-011481,4.1,4000.0,2023-03-02
Maharashtra,Pune,Junnar,B-002248,1.63,,2023-12-04
GUJARAT,Ahmedabad,Bavla,B-006863,0.92,6000.0,2023-09-12
Maharashtra,Pune,Khed,B-013610,1.56,2000.0,2023-06-28
gujarat,Ahmedabad,City,B-018419,4.61,4000.0,2023-03-23
Gujarat,Vadodara,Vaghodia,B-001719,3.7,,2023-04-06
Gujarat,Vadodara,Padra ,B-008382,1.08,6000.0,2023-04-18
maharashtra,Nagpur,Hingna,B-011777,2.77,2000.0,2023-02-24
Gujarat ,Vaadodaaraa,Padra ,B-018479,2.07,,2023-11-25
Maharashtra,Thane,Ulhasnagar,B-001929,3.19,,2023-06-28
Maharashtra,Nagpur,Ramtek,B-004632,3.29,4000.0,2023-02-04
Maharashtra,Thane,Ulhasnagar,B-001868,1.37,,2023-05-28
Maharashtra,Pune,Haveli,B-012858,3.74,4000.0,2023-02-08
Maharashtra,PUNE,Baramati,B-001742,4.9,6000.0,2023-02-13
Gujarat,Surat,Mangrol,B-008155,2.57,4000.0,2023-05-15
Maharashtra,Thane ,Thane,B-003255,3.24,2000.0,2023-08-10
Maharashtra, Thane,Thane,B-009978,2.29,4000.0,2023-01-06
Maharashtra, Nashik,Igatpuri,B-003273,2.03,2000.0,2023-01-14
Maharashtra,Nagpur,Umred,B-012747,2.39,4000.0,2023-03-02
Maharashtra,Thane,Thane,B-004309,1.15,,2023-12-11
Maharashtra ,Nagpur,Kamptee,B-013624,4.63,6000.0,2023-07-18
Gujaaraat, Vadodara,Padra,B-008572,3.98,2000.0,2023-03-03
 Gujarat,Vadodara,Savli,B-015944,1.41,4000.0,2023-03-08
Gujarat,AHMEDABAD,Bavla,B-003305,4.64,4000.0,2023-01-21
Gujarat,Ahmedaabaad,Bavla,B-016961,4.86,4000.0,2023-07-11
Gujarat,Vadodara,City,B-011526,1.35,,2023-02-23
Gujarat,VADODARA,Savli,B-006714,1.69,,2023-12-17
Gujarat,Ahmedabad,Daskroi,B-018577,3.08,2000.0,2023-03-24
Maharashtra,Pune,Baramati,B-002628,0.79,2000.0,2023-12-10
Gujarat,Vadodara,Kaarjaan,B-000646,1.5,,2023-05-13
Gujarat, Ahmedabad,Bavla,B-008981,1.57,2000.0,2023-06-16
Gujarat,ahmedabad,Baavlaa,B-019207,4.55,6000.0,2023-02-13
Maharashtra,Thane,KALYAN,B-016983,0.93,6000.0,2023-08-01
Maharashtra,THANE,Bhiwandi,B-003403,3.65,,2023-10-06
Maharashtra,Nashik,Igatpuri,B-011276,3.04,2000.0,2023-08-03
Gujarat,Surat,Kamrej,B-015289,2.88,4000.0,2023-08-13
Gujarat,Surat,KAMREJ,B-007876,4.86,6000.0,2023-10-08
Maharashtra,pune,Khed,B-005417,3.74,,2023-10-03
Gujarat,Ahmedabad,Dholka,B-003843,3.43,2000.0,2023-08-19
Maharashtra,Nashik,Sinnar,B-000045,0.63,,2023-10-23
Maharashtra,Thane ,Kalyan,B-016923,4.11,4000.0,2023-05-28
Gujarat,Ahmedabad,Sanand,B-011005,1.41,6000.0,2023-06-15
Maharashtra,Pune,Khed,B-001459,4.39,,2023-01-19
Maharashtra,Thane,Kalyan,B-016242,4.46,,2023-06-14
Maharashtra,Nagpur,Umred,B-001810,3.11,,2023-03-14
Maharashtra,Pune,Khed,B-013685,3.46,4000.0,2023-12-27
 Maharashtra,Pune,Shirur,B-018543,3.83,,2023-01-20
Maharashtra,nashik,Igatpuri,B-010962,4.3,4000.0,2023-01-27
Maharashtra,PUNE,Shirur,B-008096,2.75,4000.0,2023-07-22
Maharashtra,Nashik,Nashik,B-002444,3.51,4000.0,2023-12-17
Gujarat,Surat,Mangrol,B-015556,0.72,6000.0,2023-05-22
 Gujarat,Surat,Mangrol,B-001476,0.95,6000.0,2023-10-11
Gujarat,Surat,Olpad,B-012772,2.31,,2023-07-01
Gujarat,Vadodara,Padra,B-008384,2.13,,2023-12-26
Maharashtra,Nagpur,Kamptee,B-001230,2.09,6000.0,2023-02-07
Gujarat,Ahmedabad,Bavla,B-017817,3.06,2000.0,2023-12-22
Gujarat,Surat,Mangrol,B-011856,3.24,6000.0,2023-06-02
Maharashtra, Pune,Junnar,B-016816,4.46,4000.0,2023-12-17
Gujarat,Suraat,Choryasi,B-014824,1.09,6000.0,2023-02-16
Gujarat,Vadodara,Padra,B-018621,2.75,4000.0,2023-10-08
Gujarat,Ahmedabad,Bavla,B-010557,3.55,,2023-06-21
Maharashtra, Thane,Ambernath,B-003788,3.16,2000.0,2023-02-06
gujarat,Ahmedabad,Sanand,B-007484,0.78,,2023-07-09
Gujarat, Surat,Olpad,B-017824,1.0,4000.0,2023-02-19
Gujarat,Surat,Choryasi,B-004851,1.58,4000.0,2023-01-07
Maharashtra,Pune,Shirur,B-004328,0.68,4000.0,2023-11-13
 Gujarat,Vadodara,Savli,B-017509,4.29,2000.0,2023-03-14
Maahaaraashtraa,Nashik,Nashik,B-018871,4.8,6000.0,2023-05-16
GUJARAT,Vadodara,Vaghodia,B-001636,4.35,,2023-10-07
Maharashtra,THANE,Ulhasnagar,B-013324,1.24,,2023-03-05
 Maharashtra,Nashik,Igatpuri,B-002863,4.7,6000.0,2023-04-19
Maharashtra,Thane,Bhiwandi,B-014322,4.26,,2023-11-21
Maharashtra,Pune,Junnar,B-000647,2.73,2000.0,2023-08-25
Maharashtra,NAGPUR,Nagpur Rural,B-013964,1.45,,2023-11-11
Maharashtra,Nashik,Sinnar,B-004761,0.81,4000.0,2023-06-16
Gujaaraat, Ahmedabad,Sanand,B-005902,3.29,6000.0,2023-09-02
Maharashtra,Nashik,Niphad,B-017381,3.4,2000.0,2023-07-06
Maahaaraashtraa,Thaane,Kalyan,B-011089,4.22,6000.0,2023-08-01
Gujarat,Vadodara,Savli,B-005124,3.92,2000.0,2023-04-25
Maharashtra,thane,BHIWANDI,B-006980,4.36,4000.0,2023-12-19
Gujarat,Vadodara ,City,B-012101,1.18,6000.0,2023-01-04
Gujarat,Vadodara,Savli,B-019841,3.27,,2023-10-20
Maharashtra,Naagpur,Kamptee,B-001557,2.52,2000.0,2023-06-07
Gujarat,Vadodara,Savli,B-016375,0.95,6000.0,2023-06-23
GUJARAT,Vadodara ,Padra,B-019392,3.39,,2023-07-10
Maharashtra,Nashik,Nashik,B-014587,4.59,6000.0,2023-05-14
MAHARASHTRA,Nashik,Nashik,B-000752,2.04,6000.0,2023-05-26
Gujarat,Ahmedabad,Dholka,B-000159,1.62,6000.0,2023-05-01
Gujarat, Vadodara,Padra,B-013960,1.83,2000.0,2023-05-13
Gujarat,Ahmedabad,Dholka,B-019835,4.67,,2023-05-16
Maharashtra,pune,Junnar,B-010869,1.62,4000.0,2023-10-17
Maahaaraashtraa,Pune,Shirur,B-016731,2.26,2000.0,2023-06-05
Maharashtra,Pune,SHIRUR,B-002794,0.5,2000.0,2023-03-06
Maharashtra,Thane,Ulhasnagar,B-005385,2.22,2000.0,2023-01-20
Gujarat,Ahmedabad,Daskroi ,B-005858,1.71,4000.0,2023-04-07
Maharashtra,Nashik,Niphad,B-014656,1.13,,2023-06-20
Maharashtra,Pune,Shirur,B-007172,1.94,,2023-02-15
Maharashtra,Nagpur,Hingna,B-015649,3.05,,2023-12-11
Maharashtra,Nashik,Malegaon,B-010188,0.89,6000.0,2023-10-28
Maharashtra,Nagpur ,Kamptee,B-004396,3.12,6000.0,2023-10-09
gujarat,vadodara,Vaghodia,B-014393,2.81,6000.0,2023-06-23
Gujarat,Surat,City,B-012011,1.78,4000.0,2023-03-14
gujarat,Ahmedabad,City,B-001523,0.64,6000.0,2023-08-10
Maahaaraashtraa,Pune,Baramati,B-019419,3.66,4000.0,2023-07-20
Gujarat,Vadodara,Vaghodia,B-013353,3.31,,2023-09-03
GUJARAT,Vadodara,Karjan,B-016250,1.61,6000.0,2023-07-15
Gujarat,Ahmedabad,City,B-002997,1.9,6000.0,2023-05-23
Maharashtra,Nagpur,Kamptee,B-001866,1.17,2000.0,2023-02-18
Maharashtra,pune,Khed,B-006567,4.47,4000.0,2023-04-04
Gujarat,Ahmedabad,Sanand,B-006558,4.49,,2023-04-10
Maharashtra,Nashik,Malegaon,B-015767,3.77,2000.0,2023-03-24
Maharashtra,Thane,Kalyan,B-007480,0.87,2000.0,2023-04-25
MAHARASHTRA,Nashik,Nashik,B-004454,4.85,,2023-05-06
Maharashtra,Thane, Thane,B-013693,2.63,2000.0,2023-01-10
Maharashtra,Nagpur,Ramtek,B-006320,3.36,4000.0,2023-11-22
Gujarat,Vadodara,Karjan,B-017353,3.69,4000.0,2023-08-10
Maharashtra,Pune,Junnar,B-013938,2.75,6000.0,2023-03-03
Maharashtra,Pune,Baramati,B-007836,4.29,2000.0,2023-01-01
Maharashtra,Thane,Thane,B-013106,2.17,6000.0,2023-02-01
Gujarat, Vadodara,Padra,B-006910,1.12,2000.0,2023-05-06
Gujarat,Surat,Olpad,B-017462,4.15,4000.0,2023-09-19
Maharashtra,Nashik,Sinnar,B-014519,3.89,4000.0,2023-12-23
Maharashtra,Nashik,Igatpuri,B-019584,3.0,4000.0,2023-02-26
Maharashtra,Nashik,Nashik,B-002733,2.22,2000.0,2023-04-22
Maharashtra,Nashik,Nashik,B-001853,2.82,4000.0,2023-08-24
Maharashtra,Pune,Baramati,B-002172,4.57,2000.0,2023-08-25
Maahaaraashtraa,Nashik,Igatpuri,B-011407,0.82,6000.0,2023-02-24
Gujarat,Surat,Olpad,B-011902,3.43,2000.0,2023-06-08
Maharashtra,Thane,Ambernath,B-016772,4.17,6000.0,2023-11-01
Gujarat,Vaadodaaraa,Padra,B-015442,3.98,2000.0,2023-05-19
Maharashtra,Thane,Ulhasnagar,B-019884,2.3,6000.0,2023-06-15
Gujarat,Ahmedabad,Dholka,B-002612,3.96,4000.0,2023-04-18
Maharashtra,Pune,Haveli,B-001700,3.25,6000.0,2023-05-18
Maharashtra,THANE,Bhiwandi,B-006817,2.17,4000.0,2023-06-11
MAHARASHTRA,Nagpur,Hingna,B-014930,3.26,4000.0,2023-06-10
Maharashtra,Nagpur ,Hingna,B-017493,3.86,6000.0,2023-02-01
Gujarat,Surat,Choryasi,B-019290,4.9,2000.0,2023-07-08
Gujarat,Surat,City ,B-013145,3.8,2000.0,2023-05-03
Gujarat,Vadodara,Padra,B-009322,1.13,,2023-05-05
Gujarat,Surat,Choryasi,B-011115,4.14,2000.0,2023-01-23
Maharashtra,Nashik,Niphad,B-007179,3.35,,2023-09-04
Maharashtra,Nagpur,Ramtek,B-002970,4.43,2000.0,2023-10-21
Maharashtra,Nashik,Igatpuri,B-010016,3.84,2000.0,2023-12-11
Maharashtra,NAGPUR,Ramtek,B-006222,1.93,4000.0,2023-10-14
Maharashtra,Thane,Thane,B-012766,0.82,,2023-05-20
Maharashtra,Nashik,Sinnar,B-005876,4.98,2000.0,2023-09-13
Maharashtra, Nashik,Nashik,B-010017,2.0,,2023-10-09
Maahaaraashtraa,pune,Khed,B-000473,2.38,4000.0,2023-09-12
Maharashtra,Nagpur,Nagpur Rural,B-019548,2.75,4000.0,2023-05-03
maharashtra,Thane,Kalyan,B-011215,1.68,,2023-07-03
Gujarat,Surat,Olpad,B-014418,4.07,4000.0,2023-04-06
Maharashtra,Pune,Shirur,B-013739,4.62,6000.0,2023-01-07
Maharashtra,Nagpur ,Ramtek,B-011916,1.65,6000.0,2023-12-07
Maharashtra, Thane,Ambernath,B-015949,4.42,4000.0,2023-01-10
gujarat,Surat,City,B-014611,1.05,6000.0,2023-06-12
Gujarat,Ahmedabad,Daskroi,B-002141,0.71,2000.0,2023-08-25
Maharashtra,NAGPUR,Umred,B-007915,2.11,,2023-12-15
Maharashtra,Nagpur,Ramtek,B-015080,0.85,2000.0,2023-09-26
Gujarat,Vadodara,Padra,B-007998,2.71,,2023-08-24
Gujarat,Surat,Kamrej,B-001851,2.66,4000.0,2023-11-03
Maharashtra,Nagpur,Raamtek,B-014543,1.5,2000.0,2023-08-21
Maahaaraashtraa,Nashik,Nashik ,B-006739,1.03,4000.0,2023-05-11
Gujarat,Ahmedabad,Daskroi,B-007221,4.23,4000.0,2023-11-24
Gujarat,surat,Mangrol,B-000754,4.54,,2023-01-16
Gujarat,Surat,city,B-001038,2.07,,2023-08-26
Gujarat,Ahmedabad,City,B-019639,0.98,,2023-09-21
Gujarat,Ahmedabad,City,B-010732,2.13,2000.0,2023-05-27
Maharashtra,Thane,Ambernath,B-005149,2.52,6000.0,2023-11-19
Gujarat,Ahmedabad,City,B-000203,1.91,,2023-07-15
maharashtra,Pune,Haveli,B-011544,0.84,,2023-06-07
Gujarat,surat,Mangrol,B-014227,2.06,2000.0,2023-11-21
Gujarat,Ahmedabad,Sanand,B-011108,1.7,,2023-01-15
Gujarat,Vadodara,Savli,B-008599,3.64,2000.0,2023-09-28
Gujarat,Vadodara,Savli,B-012576,1.24,4000.0,2023-12-24
Maharashtra,Nagpur,Ramtek,B-012184,0.64,,2023-01-15
Maharashtra,Nagpur ,Raamtek,B-009448,1.9,,2023-02-04
Maharashtra, Nashik,Malegaon,B-011859,2.71,4000.0,2023-12-01
maharashtra,Thane,Bhiwandi,B-009258,2.98,4000.0,2023-07-16
Maharashtra,Nagpur ,Nagpur Rural,B-003670,2.45,4000.0,2023-05-10
Gujarat ,Vadodara,Padra,B-015660,0.87,,2023-01-04
Gujarat,Vadodara,Vaghodia,B-010975,1.21,6000.0,2023-08-25
Maharashtra,Pune,Junnar,B-014306,3.9,6000.0,2023-08-08
Maharashtra,Nagpur,Ramtek,B-005543,2.89,6000.0,2023-10-28
Gujarat,vadodara,City,B-008505,3.38,,2023-01-09
Maharashtra, Nashik,Igatpuri,B-017642,3.18,4000.0,2023-12-17
Maharashtra,Nagpur,Umred,B-011277,2.6,,2023-05-28
GUJARAT,Vaadodaaraa,Savli,B-011479,4.9,4000.0,2023-04-05
Maharashtra ,Thane,Thane,B-010130,4.17,,2023-02-17
Maharashtra ,Nagpur,Kamptee,B-001561,2.64,,2023-01-08
Maharashtra,Thane,Bhiwandi,B-007092,3.78,4000.0,2023-03-12
Gujarat,Ahmedabad,Dholka ,B-010842,1.44,6000.0,2023-03-11
Maharashtra,Nagpur,Nagpur Rural,B-011906,0.83,4000.0,2023-06-09
Maharashtra,nagpur,Hingna,B-004073,0.62,2000.0,2023-01-16
Maharashtra,Nagpur,Hingna,B-007896,0.74,2000.0,2023-01-12
Maharashtra , Nagpur,Ramtek,B-016568,2.47,4000.0,2023-04-24
Gujarat,Ahmedabad,Bavla,B-010875,1.92,,2023-07-04
Maharashtra,Nagpur ,Kamptee,B-011081,3.3,2000.0,2023-12-20
Maharashtra,thane,Ambernath,B-010509,4.33,2000.0,2023-06-11
Maharashtra,Nashik,Sinnar,B-006306,2.91,,2023-03-13
Gujaaraat,Vadodara,Savli,B-017602,1.71,,2023-10-19
Maharashtra,THANE,Ambernath,B-019978,2.06,6000.0,2023-06-19
Maharashtra,Nashik,Igatpuri,B-013541,4.77,,2023-12-21
Gujarat,Ahmedaabaad,daskroi,B-009148,4.67,4000.0,2023-08-11
Maharashtra,Pune,Baramati,B-014616,3.14,4000.0,2023-11-27
Gujarat,Surat,Kamrej,B-010042,4.2,6000.0,2023-03-12
Maharashtra,Nashik,Malegaon,B-000895,2.67,2000.0,2023-05-25
Maharashtra,Thaane,Bhiwandi,B-000191,1.88,2000.0,2023-05-26
maharashtra,Pune,Junnar,B-010542,2.8,,2023-03-13
Maharashtra, Thane,Ambernath,B-015309,2.14,4000.0,2023-04-16
Gujarat,Surat,Mangrol,B-002572,3.03,2000.0,2023-11-28
Maharashtra,Thane,Ulhasnagar,B-008284,1.13,6000.0,2023-01-28
MAHARASHTRA,Thane,Kalyan,B-013908,4.9,6000.0,2023-12-07
 Gujarat,Suraat,Olpad,B-007689,4.16,4000.0,2023-03-27
Maharashtra,Thane,Kalyan,B-013958,4.78,6000.0,2023-06-22
Maharashtra,nagpur,Hingna,B-018100,3.98,6000.0,2023-04-05
GUJARAT,Ahmedabad,Bavla,B-014245,4.0,4000.0,2023-05-08
Gujarat,Vadodara ,Vaghodia,B-017544,2.57,,2023-10-12
Maharashtra,nagpur,Umred,B-001227,2.75,,2023-05-19
Gujarat,Surat,Choryasi,B-012312,3.22,6000.0,2023-12-12
Gujarat,Ahmedabad,Sanand,B-008056,1.28,,2023-12-07
Maharashtra,Nagpur,Hingna,B-018421,4.38,,2023-03-15
Maharashtra,NAGPUR,Hingna,B-003947,1.76,6000.0,2023-01-06
Maharashtra,NASHIK,Sinnar,B-005422,0.96,,2023-07-27
Maharashtra,Thane,Bhiwandi,B-015895,0.68,6000.0,2023-12-13
Gujarat,AHMEDABAD,Daskroi,B-004558,1.54,2000.0,2023-02-04
Maharashtra,Pune,Khed,B-000825,4.12,4000.0,2023-09-23
Maharashtra ,Nashik,Nashik,B-008306,2.1,4000.0,2023-09-23
Maharashtra,Nagpur,Ramtek,B-020000,2.67,,2023-05-06
Maharashtra,Nashik,Sinnar,B-009020,4.6,,2023-04-27
GUJARAT,Surat,Mangrol,B-010541,1.47,,2023-07-25
Maharashtra ,nashik,Malegaon,B-006204,0.51,4000.0,2023-08-25
MAHARASHTRA,Nashik,Nashik,B-006608,4.79,2000.0,2023-12-17
Gujarat,Ahmedabad,Dholka,B-013388,4.87,2000.0,2023-06-07
Gujarat ,Vadodara,Padra,B-003851,0.62,4000.0,2023-03-01
 Maharashtra,Naashik,Niphad,B-018916,0.73,2000.0,2023-10-07
Maharashtra,Nashik,Igatpuri,B-007522,0.97,4000.0,2023-03-20
Gujarat,Vadodara,City,B-007278,0.89,2000.0,2023-05-17
GUJARAT,Ahmedabad,Daskroi,B-013128,4.61,6000.0,2023-06-20
Maharashtra,Pune,Khed,B-009389,0.5,6000.0,2023-01-16
Maahaaraashtraa,Nagpur,Umred,B-007342,4.42,4000.0,2023-02-17
Maharashtra,Thane ,Bhiwandi,B-016309,3.98,2000.0,2023-03-08
Maharashtra ,Nashik,Sinnar,B-014035,4.52,,2023-09-24
Gujarat,Surat ,Mangrol,B-008167,3.29,2000.0,2023-04-06
Maahaaraashtraa,Nashik, Niphad,B-007325,4.39,6000.0,2023-10-10
Maharashtra,Pune ,Shirur,B-005179,1.49,6000.0,2023-01-02
Gujarat,Surat,Kamrej,B-001945,2.07,2000.0,2023-12-26
Gujarat,Vadodara,Padra,B-008149,4.96,2000.0,2023-10-11
Maharashtra,Naagpur,Hingna,B-012210,2.47,,2023-04-13
Gujarat,Surat,Choryasi,B-010705,1.3,,2023-07-11
Maharashtra,NAGPUR,HINGNA,B-016998,3.43,2000.0,2023-05-25
Gujarat,Ahmedabad,City,B-001682,4.58,2000.0,2023-03-04
Gujarat,VADODARA,Padra,B-016239,3.22,2000.0,2023-04-28
 Maharashtra,Thane,Ulhasnagar,B-006756,2.49,2000.0,2023-11-18
Gujarat,Surat,Choryasi,B-000588,3.63,4000.0,2023-06-18
Gujarat,Ahmedabad,City,B-018698,0.89,2000.0,2023-07-21
Gujarat, Surat,Olpad,B-018265,0.91,,2023-08-20
Maharashtra,Thane,Thane,B-000003,1.93,6000.0,2023-08-16
MAHARASHTRA,PUNE,Junnar,B-017986,0.99,4000.0,2023-12-09
Gujarat,Ahmedabad,Sanand,B-018138,4.67,2000.0,2023-05-08
Gujarat,surat,Kamrej,B-012973,2.67,6000.0,2023-10-07
Gujarat,Ahmedabad,Dholka,B-018130,2.18,4000.0,2023-10-06
Gujarat,Surat,Olpad,B-015781,0.73,6000.0,2023-04-22
Maharashtra,Nashik ,Nashik,B-010143,1.03,2000.0,2023-06-13
Gujarat,Vadodara,City,B-010446,1.62,2000.0,2023-01-18
Gujarat,Ahmedabad,Daskroi,B-004991,4.04,,2023-02-12
Maharashtra , Nashik,Igatpuri,B-017114,0.53,2000.0,2023-09-26
Maharashtra,Pune,Haveli,B-008329,2.92,2000.0,2023-07-21
Maharashtra,PUNE,Baramati,B-009214,1.71,4000.0,2023-04-27
Gujarat,Suraat,City,B-003390,2.45,,2023-09-09
Gujarat,Surat,Kamrej,B-016938,0.62,4000.0,2023-08-26
Maharashtra,Pune ,Baramati,B-016687,0.95,6000.0,2023-05-26
Maharashtra,Thane,Thane,B-007475,4.03,2000.0,2023-12-19
Maharashtra,Nagpur,Nagpur Rural,B-015571,4.51,6000.0,2023-05-07
Gujarat, Ahmedabad,Dholka,B-005585,4.6,4000.0,2023-08-14
Maharashtra,Nashik,Malegaon,B-005954,3.69,2000.0,2023-05-27
Maharashtra,Pune ,Haveli,B-013522,2.47,2000.0,2023-02-17
Maharashtra,Nagpur,Umred,B-000890,0.8,4000.0,2023-03-16
Gujarat,vadodara,Vaghodia,B-013379,3.77,4000.0,2023-10-17
Gujarat,Vadodara,Vaghodia,B-003653,3.59,4000.0,2023-03-03
MAHARASHTRA,Nashik,Nashik,B-016049,4.1,4000.0,2023-03-04
Gujarat, Ahmedabad,City,B-007446,1.05,4000.0,2023-03-22
Maharashtra,Pune,Haveli,B-005440,4.01,2000.0,2023-07-15
Gujarat , Vadodara,City,B-009178,2.21,4000.0,2023-01-10
Gujarat,Ahmedabad,City,B-017268,0.88,2000.0,2023-02-13
Maharashtra,Thane,Ambernath,B-010155,4.04,2000.0,2023-11-15
Gujarat,Surat,City,B-017555,2.23,4000.0,2023-05-16
Gujarat ,Suraat,City,B-017023,4.68,4000.0,2023-11-05
Gujarat,Surat,Olpad,B-011742,0.82,,2023-06-02
Maharashtra,Thane,Ulhasnagar,B-010768,1.1,2000.0,2023-09-17
Gujarat,Vadodara,Padra,B-005953,1.74,4000.0,2023-03-01
Gujaaraat,Surat,Olpaad,B-011730,1.27,4000.0,2023-09-15
Maharashtra,Nashik,Igatpuri,B-007415,0.66,4000.0,2023-07-26
 Gujarat,Vadodara,City,B-001869,3.13,,2023-04-06
Maharashtra,nagpur,Nagpur Rural,B-001597,1.35,,2023-10-27
Maharashtra,thane,Thane,B-012441,1.0,6000.0,2023-09-09
Maharashtra,Pune,Khed,B-010796,2.85,2000.0,2023-06-12
Maharashtra,Nagpur,Ramtek,B-018647,0.97,6000.0,2023-02-09
Maharashtra,Nashik,Niphad,B-017121,2.55,4000.0,2023-09-07
 Gujarat,Ahmedabad,City,B-005593,1.4,,2023-09-15
Maharashtra,Nagpur,Nagpur Rural,B-005819,4.8,,2023-10-14
Maharashtra,Thaane,Thane,B-019051,3.09,6000.0,2023-12-24
Gujarat, Vadodara,Karjan,B-010382,4.66,,2023-06-22
Gujarat,Ahmedabad,Dholka,B-015802,3.87,4000.0,2023-02-25
 Gujarat,Surat,Olpad,B-016061,2.62,,2023-12-06
Maharashtra,Nashik,Niphad,B-004784,1.78,6000.0,2023-07-17
Gujarat,Ahmedabad,Bavla,B-008974,1.36,4000.0,2023-08-19
maharashtra, Pune,Junnar,B-018365,3.23,6000.0,2023-01-22
Gujarat,Ahmedabad,City,B-006126,4.27,,2023-04-18
GUJARAT,Surat ,Mangrol,B-011504,3.07,6000.0,2023-11-09
Gujarat,Ahmedabad,Sanand,B-018087,4.17,6000.0,2023-12-09
Gujarat,surat,Choryasi,B-000751,2.41,2000.0,2023-04-21
Maharashtra,Thane,Thane,B-014695,2.85,,2023-05-07
Maharashtra,Nagpur,Ramtek,B-002690,0.91,,2023-05-01
 Maharashtra,Thane,Thane,B-019706,3.18,6000.0,2023-09-27
Maharashtra ,Thane,Ulhasnagar ,B-002302,2.88,2000.0,2023-04-25
Gujarat ,Ahmedabad,Sanand,B-013466,3.86,,2023-04-24
Maharashtra,Thane,Thane,B-011745,3.38,4000.0,2023-10-20
Gujarat ,Surat ,Mangrol,B-012166,1.41,6000.0,2023-01-20
Maharashtra,Pune,Haveli,B-011823,3.55,,2023-12-23
Maharashtra, Thane,Thane,B-016345,3.39,4000.0,2023-08-14
Gujarat,Ahmedabad,SANAND,B-001753,2.5,,2023-08-08
Gujarat,Ahmedabad,Daskroi,B-004167,2.61,4000.0,2023-02-06
Gujarat,AHMEDABAD,Dholka,B-010009,4.09,6000.0,2023-10-24
Maharashtra,nagpur,Ramtek,B-003210,4.83,,2023-06-02
Maharashtra,NAGPUR,Hingna,B-003073,3.06,,2023-07-06
Gujarat,Vadodara,City,B-001979,3.4,2000.0,2023-06-17
Maharashtra,Nashik,Malegaon,B-016941,1.47,6000.0,2023-10-03
Maharashtra,Nagpur, Ramtek,B-018273,4.64,4000.0,2023-12-20
 Maharashtra,Nagpur,Kamptee,B-006438,3.64,,2023-06-11
Gujarat,Surat ,Mangrol,B-003533,0.88,,2023-12-03
Gujarat,SURAT, Choryasi,B-007489,4.35,4000.0,2023-12-22
Gujarat,Ahmedabad ,City,B-013510,1.35,6000.0,2023-05-07
Gujarat,SURAT,City,B-012803,3.04,2000.0,2023-07-19
Maharashtra,nagpur,Nagpur Rural,B-016285,2.59,2000.0,2023-03-06
Gujarat,Surat,Kamrej,B-011744,2.58,,2023-01-28
Gujarat,Vadodara,Vaghodia,B-005537,1.94,4000.0,2023-08-04
Maharashtra,Pune,Junnar,B-001766,1.48,,2023-01-02
Maharashtra,Pune,Baramati,B-012406,4.89,4000.0,2023-06-17
Gujarat,Surat,Olpad,B-006791,1.99,2000.0,2023-07-12
GUJARAT,Surat,Choryasi,B-000762,2.58,6000.0,2023-01-08
Maharashtra,Thane,Ulhasnagar,B-015182,1.33,4000.0,2023-05-27
Gujarat,Ahmedabad,Dholka,B-010376,2.36,2000.0,2023-09-10
Maharashtra,Pune,Shirur,B-013722,2.0,,2023-08-11
Gujarat,Vadodara,Padra,B-011013,4.18,4000.0,2023-09-12
Maharashtra,Nagpur,Hingna,B-009648,3.06,6000.0,2023-07-12
Gujarat,Ahmedabad,Bavla,B-002019,0.56,,2023-11-25
Maharashtra,Nashik,Igatpuri,B-012651,1.32,,2023-07-24
Maharashtra,Thane,Bhiwaandi,B-016025,1.22,2000.0,2023-03-11
Maharashtra,Nagpur,Nagpur Rural,B-007382,3.15,4000.0,2023-06-27
Maharashtra, Nashik,Niphad,B-007494,0.7,,2023-02-10
Maharashtra,Nagpur,Umred,B-010789,4.31,6000.0,2023-01-18
Maharashtra,Pune,Shirur,B-009656,3.02,4000.0,2023-02-01
Maharashtra,Nashik,Niphad,B-015667,4.91,6000.0,2023-04-20
Maharashtra ,Nagpur ,Umred,B-008261,4.54,,2023-09-09
Maharashtra,Pune,Khed,B-002206,3.16,6000.0,2023-06-07
Maharashtra,Pune,Junnar,B-015792,3.47,2000.0,2023-11-10
Gujarat,Vadodara, Padra,B-008173,2.78,6000.0,2023-05-10
Gujarat,Surat,City,B-000072,3.6,4000.0,2023-04-14
Maharashtra,Pune,Haveli,B-008690,2.83,6000.0,2023-09-06
Gujarat,Ahmedabad ,Sanand,B-012063,1.31,6000.0,2023-11-14
Maharashtra,Nashik,Nashik,B-000796,3.05,2000.0,2023-03-07
Maharashtra,Nagpur,Umred,B-009065,1.6,6000.0,2023-05-23
Gujarat,Surat,Choryasi,B-015325,1.25,6000.0,2023-01-24
Maharashtra,THANE,Bhiwandi,B-018995,1.63,,2023-07-14
Gujarat ,Surat ,City,B-013744,3.85,,2023-02-18
Maharashtra,Pune,Junnar,B-009587,2.76,4000.0,2023-09-13
Gujarat,Vadodara,Savli,B-007913,3.27,,2023-03-09
Maharashtra,Thane,Kalyan,B-015145,3.89,,2023-11-26
 Gujarat,Ahmedabad,Bavla,B-015913,4.1,,2023-04-22
Maharashtra,Thane,Ambernath,B-012798,1.53,,2023-11-08
Maharashtra,Nagpur,Hingna,B-015093,3.11,2000.0,2023-04-09
Gujarat,VADODARA,City,B-014913,4.05,,2023-04-16
Gujarat,Vadodara,Padra,B-002904,3.24,2000.0,2023-01-03
maharashtra,NASHIK,Nashik ,B-011335,1.31,2000.0,2023-01-21
Maharashtra,NAGPUR,Umred,B-009480,4.68,,2023-04-27
Gujarat,Surat,City,B-002846,1.81,6000.0,2023-01-19
 Maharashtra,NASHIK,Malegaon,B-011969,3.18,2000.0,2023-07-16
maharashtra,Nashik ,Malegaon,B-019439,4.54,6000.0,2023-04-04
Gujarat,Surat,Mangrol,B-002104,3.64,6000.0,2023-01-01
Maharashtra,Pune,Haveli,B-017128,3.88,,2023-02-15
Gujarat,Ahmedabad,Dholka,B-006348,4.19,4000.0,2023-03-10
Maharashtra,THANE,Ambernath,B-010773,2.8,,2023-08-04
Gujarat,Ahmedabad,Bavla,B-017757,1.87,4000.0,2023-10-04
Maharashtra,Nagpur,Kamptee,B-009932,3.6,4000.0,2023-08-01
Maharashtra,Nagpur,Ramtek,B-017224,0.65,,2023-05-02
Maharashtra,Pune,Baramati,B-005274,2.84,,2023-09-24
Maharashtra,Nashik,Niphad,B-008260,1.3,4000.0,2023-04-06
Maharashtra,Nagpur,Kaamptee,B-014441,4.42,,2023-04-06
Maharashtra,Thane,Kalyan,B-006303,3.81,4000.0,2023-06-06
Gujarat,Surat,Kamrej,B-006860,0.69,6000.0,2023-03-03
 Maharashtra,Nashik,Igatpuri,B-016163,1.81,,2023-09-24
 Maharashtra,Nashik,sinnar,B-015007,2.3,6000.0,2023-09-04
Maharashtra,Nagpur,Kamptee,B-011347,4.23,2000.0,2023-09-14
Maharashtra,Nagpur ,RAMTEK,B-012491,2.78,6000.0,2023-05-25
Maharashtra,nashik,Nashik,B-004068,0.68,6000.0,2023-10-10
Maharashtra,Nagpur,Nagpur Rural,B-004483,1.44,4000.0,2023-01-10
Maharashtra,Pune,Haveli,B-006519,4.01,6000.0,2023-01-22
Gujarat ,Ahmedabad,Daskroi ,B-005618,2.76,,2023-03-18
Maharashtra,Thane, Ulhasnagar,B-004820,2.77,4000.0,2023-07-15
gujarat,Vadodara,Padra,B-007420,4.98,2000.0,2023-11-15
Gujarat,surat,City,B-019538,2.79,,2023-06-11
MAHARASHTRA,Pune,Haveli,B-002186,3.18,2000.0,2023-08-08
Maharashtra,Nagpur,Ramtek,B-002264,3.6,6000.0,2023-04-05
Maharashtra,PUNE,HAVELI,B-006763,1.65,,2023-07-07
Gujarat,Ahmedaabaad,Dholka,B-009872,2.14,,2023-03-10
Maharashtra, Pune,Baramati,B-011470,4.24,2000.0,2023-08-26
Maharashtra,Pune,Shirur,B-014524,1.72,,2023-06-26
Gujarat,Surat,Kamrej,B-016431,4.78,,2023-11-22
Maharashtra ,Nagpur,Nagpur Rural,B-008394,3.47,,2023-01-10
Maharashtra,THANE,Ambernath,B-004898,3.46,6000.0,2023-02-19
Maharashtra,Pune ,Junnar,B-013813,2.01,2000.0,2023-07-16
Gujarat,Surat,City ,B-011494,1.08,,2023-10-13
maharashtra,Pune,Khed,B-008976,2.52,4000.0,2023-05-11
Maharashtra,Pune,Shirur,B-014102,3.91,4000.0,2023-01-05
Maharashtra,Nagpur,Umred,B-005144,4.93,4000.0,2023-04-10
Gujarat, Surat,Kamrej,B-011664,1.95,4000.0,2023-04-24
Maharashtra ,Nagpur,Umred,B-012073,1.32,6000.0,2023-05-17
Gujarat,Vadodara,City,B-015328,1.29,,2023-08-06
Maharashtra,Nashik,Niphad,B-009070,4.51,2000.0,2023-11-01
Maharashtra,Naashik,Nashik,B-010365,2.76,,2023-11-14
Maharashtra,Nashik,Niphad,B-003561,2.23,6000.0,2023-09-10
 Maharashtra,Thaane,Bhiwandi,B-003292,3.75,4000.0,2023-07-26
GUJARAT,Ahmedabad,Sanand,B-003436,2.99,6000.0,2023-11-15
GUJARAT,Surat,City,B-010227,4.91,,2023-04-27
Maharashtra,Thane,Thane,B-011705,3.34,2000.0,2023-01-28
Maharashtra,Nagpur ,Hingna,B-016105,1.03,6000.0,2023-12-05
Maharashtra,Nagpur,Nagpur Rural,B-011250,3.6,2000.0,2023-06-06
Gujarat,Suraat,Choryasi,B-018216,1.32,6000.0,2023-04-07
Gujarat,Ahmedabad ,Bavla,B-015809,4.1,2000.0,2023-02-24
Maharashtra,Thane,Ambernath,B-011017,0.88,2000.0,2023-02-15
Gujarat,Ahmedabad,Daskroi,B-002174,3.05,4000.0,2023-08-21
maharashtra,Thane,Ulhasnagar,B-011640,1.85,2000.0,2023-11-25
Maharashtra,Thane,Ambernath,B-017977,0.84,4000.0,2023-10-04
Maharashtra,Nagpur,Kamptee,B-015702,3.39,,2023-03-09
Gujarat,Ahmedabad,Dholka,B-002914,4.96,,2023-03-09
Gujarat,Surat,Kamrej,B-008256,3.3,4000.0,2023-09-16
Gujarat,Ahmedabad,Bavla,B-018175,1.58,4000.0,2023-01-02
Gujarat,Surat ,Mangrol,B-011376,3.43,6000.0,2023-09-08
Maharashtra,Thane,Bhiwandi,B-010435,4.54,6000.0,2023-01-11
Gujarat,Surat,Mangrol,B-005282,3.83,6000.0,2023-02-01
Gujarat ,Vadodara,Vaghodia,B-011639,4.78,,2023-12-16
Gujarat,Vadodara,Karjan,B-001891,1.26,6000.0,2023-04-24
Maharashtra,Pune,Junnar,B-019201,3.34,2000.0,2023-01-14
Gujarat,Surat,Choryasi,B-019324,0.62,2000.0,2023-10-21
Gujarat,Surat,Choryasi,B-009213,0.96,6000.0,2023-03-26
Maharashtra,Pune,Shirur,B-007871,3.33,2000.0,2023-07-11
Maharashtra,Pune,Haveli,B-009549,0.88,,2023-10-01
MAHARASHTRA,Nagpur,Hingna,B-009350,4.96,2000.0,2023-02-14
Maharashtra ,Pune,Baramati,B-015445,4.92,,2023-03-18
Gujarat,Vadodara,Karjan,B-010931,4.83,4000.0,2023-11-05
Maharashtra, Nagpur,Kamptee,B-011635,1.69,4000.0,2023-12-20
maharashtra,Thane,Ulhasnagar,B-006840,3.93,4000.0,2023-10-20
Gujarat,surat,Kamrej,B-017872,3.41,4000.0,2023-05-03
Maharashtra, Thane, Bhiwandi,B-018719,1.5,2000.0,2023-08-06
Maharashtra,Thane,Thane,B-014646,3.73,6000.0,2023-06-19
Gujarat ,Ahmedabad,Bavla,B-013786,3.2,2000.0,2023-08-11
Gujarat, Vadodara,City,B-008748,3.24,,2023-03-19
Maharashtra ,Nashik,Igatpuri,B-004685,3.47,2000.0,2023-10-21
Gujarat, Vadodara,Karjan,B-014377,2.61,2000.0,2023-12-21
Maahaaraashtraa,Nagpur ,Hingna,B-013883,2.91,,2023-06-01
Maharashtra,thane,Bhiwandi,B-006921,2.03,4000.0,2023-07-24
Maharashtra,Pune,Khed,B-013244,3.35,4000.0,2023-10-21
Gujarat,Ahmedaabaad,Dholka,B-017600,2.11,4000.0,2023-11-15
 Gujarat,Surat,CITY,B-008565,0.89,6000.0,2023-02-17
MAHARASHTRA,Thane,Ulhasnagar,B-001745,4.27,,2023-05-04
GUJARAT,Vadodara,Savli,B-019333,1.82,,2023-09-12
Maharashtra,Nashik,Igatpuri,B-006241,4.1,2000.0,2023-11-08
Gujarat,Vadodara,City,B-002382,1.99,6000.0,2023-08-24
Gujarat,Surat,Choryasi,B-019982,1.95,4000.0,2023-04-16
Maharashtra,Thane,Kalyan,B-010982,3.77,6000.0,2023-12-05
GUJARAT,Ahmedabad,Daskroi,B-000928,3.85,,2023-05-14
Gujarat,Surat, Mangrol,B-003276,4.12,,2023-03-28
Maharashtra,Nashik,Nashik,B-018518,1.29,2000.0,2023-05-19
Gujarat,Suraat,Olpad,B-012292,1.65,2000.0,2023-10-19
MAHARASHTRA,Pune,Junnar,B-012871,0.67,,2023-01-02
Maharashtra,Thane,Kalyan,B-002637,4.74,4000.0,2023-05-05
Gujarat,Surat,Choryasi,B-004696,1.5,4000.0,2023-12-18
GUJARAT,Ahmedabad,Daskroi,B-011197,2.67,6000.0,2023-12-08
Gujarat ,Ahmedabad,Daskroi,B-004106,3.75,,2023-12-06
Maharashtra,Pune,Khed,B-002400,2.29,,2023-04-07
Maharashtra,Thaane,Kalyan,B-013753,2.87,4000.0,2023-04-15
Maharashtra,Nagpur,Umred,B-019373,4.98,4000.0,2023-04-22
Maharashtra,nashik,Sinnar,B-011315,3.26,,2023-08-03
GUJARAT,AHMEDABAD,Dholka ,B-012851,1.81,2000.0,2023-02-17
Maharashtra,Thane,Ambernath,B-018809,0.74,,2023-03-22
Maharashtra,Pune, Khed,B-003343,4.6,,2023-09-02
Maharashtra,Naashik,Nashik,B-012347,2.37,4000.0,2023-12-24
Gujarat,Surat,Choryasi,B-008867,1.58,4000.0,2023-07-11
Gujarat,Surat,Mangrol,B-000530,3.28,2000.0,2023-01-07
Maharashtra,Thane,Kalyan,B-016947,4.13,2000.0,2023-12-09
Maharashtra,Nashik,Niphad,B-013338,4.56,6000.0,2023-03-13
Maharashtra,Nashik,Sinnar,B-007416,0.72,,2023-10-24
MAHARASHTRA,nagpur,Ramtek,B-001680,3.55,4000.0,2023-02-10
Gujarat,Vadodara,savli,B-010095,1.14,2000.0,2023-05-01
 Gujarat, Surat,Olpad,B-014222,0.98,6000.0,2023-11-04
Maharashtra,Thane,Ambernath,B-018354,0.98,6000.0,2023-07-10
Maharashtra,THANE,Thane,B-012116,4.45,4000.0,2023-10-15
Maahaaraashtraa, Thane,Thane,B-016771,4.21,4000.0,2023-03-12
Maharashtra,Nashik ,Nashik,B-014170,1.43,6000.0,2023-08-25
Maahaaraashtraa,Nagpur ,Kamptee,B-019114,3.95,2000.0,2023-10-03
Maharashtra,Thane,Ambernath ,B-018428,3.31,6000.0,2023-02-24
Maharashtra,Thane,Bhiwandi,B-010603,1.82,,2023-05-14
Maharashtra,Thaane,Kalyan ,B-009196,0.83,,2023-06-06
Maharashtra,Thane,Ambernath,B-019494,3.82,4000.0,2023-07-16
Gujarat,vadodara,Karjan,B-003893,2.76,2000.0,2023-08-25
Gujarat,Vadodara,Padra ,B-008371,2.19,2000.0,2023-01-24
Maharashtra,Nashik ,Igatpuri,B-018771,3.84,,2023-09-23
Maharashtra ,Pune,Khed,B-013056,4.55,6000.0,2023-01-27
Gujarat,Vadodara,Padra,B-019895,3.53,4000.0,2023-02-14
Maharashtra, Nagpur,Hingna,B-011406,1.07,6000.0,2023-11-24
Maharashtra, Nagpur,Nagpur Rural,B-004713,1.3,6000.0,2023-06-10
Maharashtra,Nashik,Malegaon,B-011354,1.41,6000.0,2023-03-25
Gujarat,Surat,City,B-010888,0.91,2000.0,2023-06-22
Maharashtra,Pune,Junnar,B-000770,2.79,,2023-06-12
Gujarat ,Surat,Mangrol,B-015180,2.37,2000.0,2023-07-14
Maharashtra,Thane,Ambernath,B-017992,3.86,,2023-07-09
Gujarat,Surat,Choryasi,B-006350,1.91,4000.0,2023-12-14
Maharashtra,NAGPUR,Kamptee,B-006826,2.37,4000.0,2023-04-06
Maharashtra,Nagpur,RAMTEK,B-016383,2.18,6000.0,2023-10-13
Maharashtra,PUNE,Shirur,B-011226,2.43,,2023-10-15
Maharashtra,Thane,Ambernath,B-005123,3.11,,2023-09-10
Gujarat,Vadodara,Savli,B-009047,3.23,,2023-07-24
 Maharashtra,Nashik,NIPHAD,B-017399,2.73,6000.0,2023-01-09
Maharashtra,Nashik,Sinnar,B-019973,1.31,6000.0,2023-06-27
Maharashtra,nagpur,Nagpur Rural,B-018517,1.1,4000.0,2023-05-13
 Maharashtra,pune,Haveli,B-004118,0.91,2000.0,2023-09-28
Gujarat,Surat,Olpad,B-003328,4.27,,2023-06-22
Gujarat,Ahmedabad,Sanand,B-018590,1.17,,2023-04-01
 Gujarat,Surat,Choryasi,B-014236,2.09,2000.0,2023-08-12
Gujarat,Suraat,City,B-018345,4.1,,2023-01-26
Maharashtra,Thane,Ambernath,B-014098,1.48,6000.0,2023-12-06
Gujarat,VADODARA,City,B-014257,2.86,6000.0,2023-12-15
Maharashtra,Thane,Ambernath,B-018778,4.07,,2023-03-22
Maharashtra,Nashik,Igaatpuri,B-013599,2.82,6000.0,2023-03-01
Maharashtra,Thane,Thane,B-003696,2.43,6000.0,2023-11-23
Gujarat,Ahmedabad,Daskroi,B-014934,3.48,,2023-09-11
Maharashtra,Nashik,Niphad,B-010384,3.7,4000.0,2023-02-21
Maharashtra, Nashik,Nashik,B-018330,0.64,2000.0,2023-04-21
Gujarat,Surat,City,B-011626,3.74,6000.0,2023-10-10
gujarat,Vadodara,City,B-010611,4.78,4000.0,2023-06-19
Gujarat,VADODARA,Vaghodia,B-017693,2.71,6000.0,2023-01-23
Maharashtra,Nashik,Malegaon,B-012372,0.64,6000.0,2023-04-16
Gujarat,Ahmedabad,Bavla,B-009641,3.84,2000.0,2023-11-07
Maharashtra,Nagpur,Umred,B-008956,3.6,6000.0,2023-12-11
Gujarat,Surat ,CHORYASI,B-019626,0.75,2000.0,2023-07-17
Gujarat,Surat, Mangrol,B-009886,1.98,2000.0,2023-05-28
Maharashtra,Thane,Ulhasnagar,B-017720,1.22,2000.0,2023-12-20
Gujarat,Vadodara,Vaghodia,B-012717,0.52,4000.0,2023-12-03
Gujaaraat,Ahmedabad,City,B-011877,1.71,,2023-02-08
Gujarat,Surat,City,B-003171,2.36,4000.0,2023-06-05
Gujarat,VADODARA,Vaghodia,B-015918,4.12,,2023-07-04
Gujarat,Ahmedabad,City,B-007354,4.17,,2023-03-19
Maharashtra,Thane ,Ambernath,B-002907,4.34,2000.0,2023-05-24
Gujarat,Ahmedabad,City,B-011185,4.39,6000.0,2023-02-24
Maharashtra,Thane,Thane,B-001221,3.31,2000.0,2023-01-25
Maharashtra,Pune,Baramati ,B-017671,3.17,6000.0,2023-12-13
Gujarat,SURAT,Kamrej,B-002848,3.43,,2023-12-26
Gujarat,Ahmedabad,Bavla,B-017834,2.23,2000.0,2023-01-04
 Maharashtra, Thane,Ulhasnagar,B-008419,3.99,6000.0,2023-11-08
Gujaaraat,Surat, Choryasi,B-001956,1.11,4000.0,2023-11-05
Maharashtra,Pune,Khed,B-006181,3.7,6000.0,2023-09-18
Maharashtra,Naagpur,Hingna,B-000666,2.28,2000.0,2023-08-14
Maharashtra,Nashik,Igatpuri,B-019793,2.5,4000.0,2023-05-25
Maharashtra,Thane,Kalyan,B-019995,2.39,6000.0,2023-01-15
Maharashtra,Nagpur,Hingna,B-009120,3.47,6000.0,2023-06-16
Maharashtra,Thane,Ulhasnagar,B-004330,2.7,6000.0,2023-01-11
Maharashtra,Thane,Kalyan,B-002132,0.84,6000.0,2023-05-24
Maharashtra,Pune,Haveli,B-017382,4.94,6000.0,2023-09-21
Gujarat,Vadodara,Karjan,B-009569,0.73,4000.0,2023-06-17
Gujarat,VADODARA,Vaghodia,B-019736,4.91,,2023-03-19
Maharashtra,Nashik,Malegaon,B-004179,1.72,4000.0,2023-08-25
Gujarat,Vadodara,Vaghodia,B-018808,2.82,4000.0,2023-05-01
Maharashtra,Nagpur,Nagpur Rural,B-005416,3.24,4000.0,2023-08-25
maharashtra,Pune,Haveli,B-007641,4.85,,2023-01-15
Maharashtra,Nashik,Sinnar,B-011628,2.48,2000.0,2023-12-08
Maharashtra, Thane,Ambernath,B-015360,1.54,,2023-10-21
Maharashtra,PUNE,Baramati,B-002537,2.89,4000.0,2023-10-13
GUJARAT,VADODARA,Padra,B-000655,2.08,6000.0,2023-03-22
Gujarat,Vadodara,Karjan,B-002519,2.11,6000.0,2023-02-04
Maharashtra,Nagpur,Nagpur Rural ,B-015215,3.21,4000.0,2023-12-01
Maahaaraashtraa,THANE,Ulhasnagar,B-005286,2.52,6000.0,2023-10-24
Maharashtra,PUNE,Baramati,B-019858,2.94,4000.0,2023-08-22
Gujarat,Surat,Choryasi,B-000834,4.97,6000.0,2023-07-27
Maharashtra,Nashik,Nashik,B-017049,4.53,,2023-02-07
MAHARASHTRA,Thane,Ambernath,B-015277,2.62,2000.0,2023-04-18
Gujarat,Surat,Mangrol,B-010247,0.6,2000.0,2023-02-17
Maharashtra,Naashik,Niphad,B-010087,3.35,,2023-11-27
Gujarat, Surat,Kamrej,B-013815,1.25,,2023-01-16
Maharashtra,Nagpur,Kamptee ,B-010845,1.03,4000.0,2023-04-27
 Maharashtra,Nagpur, Hingna,B-004935,4.23,4000.0,2023-07-27
Gujarat,Surat,Kamrej,B-008038,4.02,4000.0,2023-11-18
Maharashtra,Nagpur,RAMTEK,B-012942,2.89,6000.0,2023-08-11
Gujarat,Surat,Kamrej,B-009383,4.59,4000.0,2023-04-22
Maharashtra, Pune,Haveli,B-009014,2.67,,2023-10-28
Maharashtra,Nashik,Nashik,B-005867,1.29,2000.0,2023-06-11
 Gujarat, Surat,Mangrol,B-001195,1.66,6000.0,2023-06-04
Maharashtra,Thane,Ambernath,B-012846,2.1,4000.0,2023-12-10
Maharashtra,Thane,Ambernath,B-011595,1.16,6000.0,2023-06-05
Gujarat,Surat,Choryasi,B-005208,0.72,6000.0,2023-02-27
Gujarat,vadodara,Savli,B-008609,1.92,4000.0,2023-07-16
Maharashtra,Thane,Thane,B-003604,1.94,6000.0,2023-07-10
Gujarat,Surat , Choryasi,B-003013,3.88,2000.0,2023-09-01
Gujarat,Vadodara,Karjan,B-018226,4.37,,2023-04-09
Gujarat, Surat,Olpad,B-001118,4.79,,2023-01-08
Maharashtra,Thane,Ambernath,B-012883,3.6,2000.0,2023-04-25
Gujarat,Vaadodaaraa,Karjan,B-008277,2.12,6000.0,2023-05-25
Gujarat,Ahmedabad,City,B-016048,4.46,4000.0,2023-06-24
Gujarat,Vadodara,City,B-006815,2.31,6000.0,2023-09-18
Maharashtra,PUNE,Haveli,B-008898,4.98,2000.0,2023-12-28
Maharashtra,Nagpur,Umred,B-008799,3.86,6000.0,2023-07-25
Maharashtra,Nashik,Nashik,B-015928,2.2,,2023-08-24
Maharashtra,Thane,Kalyan,B-017066,4.52,6000.0,2023-04-21
Gujaaraat,Vadodara,City,B-005725,2.61,2000.0,2023-08-25
Maharashtra,NASHIK,Malegaon,B-003625,4.08,,2023-03-06
MAHARASHTRA,Thane,Bhiwandi,B-014474,1.13,6000.0,2023-12-01
GUJARAT,Surat,City,B-003496,3.8,6000.0,2023-09-12
Maharashtra,Thaane,Bhiwandi,B-016089,1.93,,2023-09-08
Maharashtra,NAGPUR,Nagpur Rural,B-005438,1.51,4000.0,2023-04-06
 Gujarat,Vadodara ,Vaghodia,B-018457,0.54,,2023-08-19
Gujarat,Vadodara,Karjan,B-018690,4.23,4000.0,2023-09-19
Gujarat,SURAT,Olpad,B-004810,4.07,2000.0,2023-01-17
Gujaaraat,Surat,Choryasi,B-017930,2.24,2000.0,2023-11-07
Maharashtra,Thaane,Ambernath,B-012332,4.74,,2023-03-07
Maharashtra,Pune,Khed,B-015992,1.3,,2023-10-26
Maharashtra,Thane,Ulhasnagar,B-008692,2.27,2000.0,2023-02-13
Maharashtra,Nashik,Niphad,B-007781,0.69,4000.0,2023-08-06
Gujarat,surat,City,B-009197,1.43,2000.0,2023-07-10
Maharashtra,Pune,Junnar,B-013496,3.5,,2023-05-19
Maharashtra,Nagpur,Nagpur Rural,B-019705,1.64,2000.0,2023-11-23
Maharashtra,Nashik,Igatpuri,B-010639,0.93,,2023-12-23
Maharashtra, Nagpur,Hingna,B-000145,4.93,,2023-03-17
Maharashtra,Thane,bhiwandi,B-018264,2.9,2000.0,2023-06-15
Gujaaraat,Ahmedabad,Dholka,B-010960,0.97,4000.0,2023-01-17
Maharashtra, Thane,Ambernath,B-005669,3.98,6000.0,2023-12-02
 Maharashtra,Pune,Junnar,B-007302,3.16,2000.0,2023-11-04
Gujarat,Surat,Kamrej,B-003938,4.23,6000.0,2023-10-04
Gujarat,Ahmedabad ,Dholka,B-014820,4.84,2000.0,2023-07-13
Gujarat, Vadodara,Padra,B-010523,1.49,6000.0,2023-03-03
Gujarat,Surat,Olpad,B-010055,1.73,4000.0,2023-04-25
Gujarat,Vadodara,Savli,B-015051,4.31,4000.0,2023-01-15
Maharashtra,Pune, Shirur,B-010177,3.9,2000.0,2023-10-17
GUJARAT,Ahmedabad,Bavla ,B-003995,3.37,,2023-12-01
Gujarat,Suraat,Olpad,B-017230,4.69,6000.0,2023-11-07
Maharashtra, Nagpur,Kamptee,B-011183,1.93,,2023-05-24
Maahaaraashtraa,Pune,Shirur,B-014511,3.91,,2023-03-06
Maharashtra,Pune,HAVELI,B-005259,0.71,,2023-10-28
 Gujarat,Ahmedabad,Sanand,B-006249,1.04,4000.0,2023-03-14
gujarat,Surat,Olpad,B-015788,2.65,2000.0,2023-04-23
Maharashtra,Nagpur,Raamtek,B-013046,1.83,2000.0,2023-01-08
Maharashtra,Nashik,Nashik,B-015483,1.63,4000.0,2023-07-27
Maharashtra,NAGPUR,Umred,B-001858,1.77,4000.0,2023-01-25
Maharashtra,Nashik,Igatpuri,B-006323,3.18,2000.0,2023-10-09
Maharashtra,Nagpur,Umred,B-004204,2.86,,2023-04-08
Maharashtra,Pune,Khed,B-008852,1.79,6000.0,2023-07-21
Maharashtra,Thane,Thane ,B-019894,4.15,6000.0,2023-06-02
Maharashtra,Thane,Bhiwandi,B-004634,0.98,6000.0,2023-10-01
GUJARAT,Ahmedabad,City,B-017460,1.27,,2023-01-20
Maharashtra, Pune,Junnar,B-014932,1.54,2000.0,2023-02-23
Maharashtra,Pune,Shirur,B-008469,3.71,4000.0,2023-01-07
Maharashtra,Thane,Kalyan,B-013470,3.6,2000.0,2023-09-13
Gujarat,Ahmedabad,Daskroi,B-017461,1.82,,2023-05-20
Gujarat,Ahmedabad,Dholka,B-006144,1.49,4000.0,2023-07-24
Maharashtra,Pune,Junnar,B-008427,1.68,,2023-03-01
Maharashtra,Naagpur,Hingna,B-013154,2.75,6000.0,2023-03-12
Maharashtra,Nagpur,Ramtek,B-008336,1.77,6000.0,2023-05-07
Maharashtra,thane,Thane,B-007301,3.23,,2023-12-11
Gujarat,Vadodara,City,B-007976,2.44,4000.0,2023-09-10
Maharashtra,Pune,Junnar,B-016729,2.3,4000.0,2023-09-03
Gujarat,Suraat,Mangrol ,B-016543,1.6,2000.0,2023-07-09
Maharashtra,Nashik,Nashik,B-014718,3.9,6000.0,2023-04-01
Maharashtra,Nashik,Sinnar,B-010675,3.2,2000.0,2023-03-24
Gujaaraat,Surat,City,B-003155,3.2,2000.0,2023-09-27
Gujarat,surat,Mangrol ,B-005249,3.29,,2023-10-16
Maharashtra,Thane,Ambernath,B-008420,1.41,,2023-11-15
Gujaaraat,Surat, Mangrol,B-018141,2.56,2000.0,2023-02-20
Maharashtra,Thane,Ambernath,B-001573,2.01,6000.0,2023-08-15
Maharashtra,nashik,Igatpuri,B-002743,3.98,,2023-05-01
Gujarat,Ahmedabad,Daskroi,B-012671,4.57,2000.0,2023-12-19
Maharashtra,Nagpur,Hingna,B-008815,1.82,2000.0,2023-02-23
Gujarat,Vadodara,Padra,B-008737,1.75,2000.0,2023-04-02
Gujarat,Vadodara,City,B-000121,4.54,2000.0,2023-09-22
Gujarat,Vadodara, Vaghodia,B-010272,4.79,2000.0,2023-10-19
Maharashtra,Nagpur,Hingna,B-018841,2.35,2000.0,2023-05-25
Maharashtra ,Pune,Shirur,B-003454,4.99,,2023-12-14
Gujarat,SURAT,Kamrej,B-010983,4.14,6000.0,2023-12-06
Maharashtra,Pune,Shirur,B-010314,1.25,2000.0,2023-08-25
Gujarat,Vadodara,Karjan,B-012675,3.1,4000.0,2023-11-19
Maharashtra,Pune,Shirur,B-019487,1.81,,2023-12-23
Gujarat,Ahmedabad,Sanand,B-014172,2.16,,2023-08-23
Maharashtra , Nashik,Igatpuri,B-011230,2.88,2000.0,2023-06-19
Gujarat,surat,City,B-018823,3.3,,2023-05-09
Maharashtra,Nagpur,Hingna ,B-013692,0.66,2000.0,2023-08-12
GUJARAT,Surat,Choryasi,B-001703,0.73,6000.0,2023-07-10
Maharashtra,Pune,Baramati,B-018575,3.13,6000.0,2023-09-24
Maahaaraashtraa,Nashik,Nashik,B-008811,3.87,,2023-05-05
Gujarat,Surat,Mangrol,B-013579,3.15,,2023-08-19
Maharashtra,Nagpur,Umred,B-011514,3.39,4000.0,2023-10-16
Maharashtra,Nashik,Niphad,B-014396,1.95,,2023-05-15
Gujarat,Ahmedabad,Bavla,B-012147,3.66,4000.0,2023-11-24
Maharashtra,Thane,thane,B-012701,4.28,6000.0,2023-06-07
Maharashtra,Nagpur, Umred,B-007131,3.62,6000.0,2023-08-15
Maharashtra, Nagpur,kamptee,B-019105,2.64,2000.0,2023-04-23
Maharashtra,Pune,Khed,B-013382,2.2,6000.0,2023-01-02
maharashtra,Thane,Ulhasnagar,B-015397,2.72,4000.0,2023-06-05
Gujarat,vadodara,City,B-001182,4.47,,2023-10-23
 Gujarat,Surat ,Mangrol ,B-012238,1.3,2000.0,2023-12-15
Maharashtra,Nashik,Nashik ,B-011241,1.45,4000.0,2023-09-21
Maharashtra,Nagpur,Hingna,B-018242,1.11,,2023-03-28
Gujarat ,Surat,Kamrej,B-000390,2.28,2000.0,2023-04-19
Maharashtra,Pune,Shirur,B-007524,4.49,6000.0,2023-03-11
Gujarat ,Surat,Choryasi,B-011746,4.51,4000.0,2023-03-21
Maharashtra,Pune,baramati,B-005435,1.94,,2023-12-12
Maharashtra,pune,Baramati,B-017991,0.63,2000.0,2023-10-28
Gujarat,Vadodara,City,B-001434,3.97,2000.0,2023-01-27
Gujarat,Surat,Olpad,B-001201,1.79,6000.0,2023-01-11
Maharashtra,NASHIK,Igatpuri,B-015903,3.43,,2023-12-28
Gujarat,Surat ,Choryasi,B-002917,1.25,6000.0,2023-09-24
Gujarat,Surat,Olpad,B-013013,2.15,6000.0,2023-02-08
Gujarat ,Vadodara,Savli,B-004128,1.51,,2023-08-28
Gujarat,Ahmedabad,Dholka,B-009144,2.34,,2023-06-04
Maharashtra,Pune,Khed,B-001155,2.14,,2023-08-01
Gujarat,Ahmedabad , Bavla,B-009421,2.89,4000.0,2023-05-10
MAHARASHTRA,Nagpur,Nagpur Rural,B-018716,3.12,,2023-12-18
Gujarat,Surat,Olpad,B-018650,2.29,2000.0,2023-03-28
Gujarat,Surat,CITY,B-014926,2.01,6000.0,2023-06-03
Gujaaraat,Ahmedabad,Bavla,B-004238,4.78,4000.0,2023-02-28
Maharashtra,Nashik,Niphad,B-006679,1.48,,2023-03-15
Maharashtra,Nashik,Niphad,B-018443,2.0,4000.0,2023-11-01
Maharashtra,Pune,Shirur,B-016664,1.0,,2023-05-14
Maharashtra,Nagpur,NAGPUR RURAL,B-010326,4.72,4000.0,2023-07-25
Gujarat,Ahmedabad,Daskroi,B-006627,3.54,6000.0,2023-05-25
Gujaaraat,surat,Kamrej,B-007095,2.88,6000.0,2023-02-06
Gujaaraat,Surat,Kaamrej,B-016337,3.2,2000.0,2023-11-09
Maharashtra,Thane,Thane,B-000277,3.5,2000.0,2023-11-24
Maharashtra,Nagpur,Kamptee,B-006382,2.69,,2023-10-08
Maharashtra,Pune,Haaveli,B-011032,2.94,6000.0,2023-10-20
Maharashtra,Pune,Haveli,B-017907,0.69,4000.0,2023-02-09
Maharashtra ,Pune,khed,B-008763,2.99,4000.0,2023-12-04
Maharashtra,Pune,Junnar,B-000097,2.04,4000.0,2023-11-17
Gujarat,Surat,OLPAD,B-010510,4.83,2000.0,2023-04-03
Maharashtra,Nagpur,Hingna,B-011802,0.6,4000.0,2023-03-21
Maharashtra ,Pune,Shirur,B-010132,4.23,2000.0,2023-05-05
Gujarat ,Vadodara,Vaghodia,B-001037,2.28,2000.0,2023-03-02
Gujarat,Suraat,Mangrol,B-012386,4.03,,2023-05-19
Gujarat,Ahmedabad,City,B-012222,4.38,4000.0,2023-03-01
Maharashtra,Thane,Thane,B-009595,2.45,4000.0,2023-07-22
Gujarat,Ahmedabad,Sanand,B-000746,2.39,6000.0,2023-06-16
Gujarat,Vadodara ,Vaghodia,B-011484,3.31,,2023-01-10
Maharashtra,Thane,Thane,B-017750,1.81,6000.0,2023-02-13
Maharashtra,Thane,Bhiwandi,B-001190,3.76,,2023-10-11
Maharashtra,NASHIK,Niphad,B-005861,0.6,4000.0,2023-03-09
Gujarat,VADODARA,Padra,B-015206,4.52,2000.0,2023-11-28
Gujarat,Ahmedabad,Bavla,B-019876,1.63,2000.0,2023-09-13
Maharashtra,Nagpur ,Kamptee,B-001739,1.4,2000.0,2023-04-10
Maharashtra,Pune,Baramati,B-004749,4.66,2000.0,2023-03-22
Gujarat,Vadodara,City,B-012893,2.79,2000.0,2023-10-06
Maharashtra,Pune,Haveli,B-011238,1.38,6000.0,2023-06-22
Gujarat,Surat,Choryasi,B-004938,1.23,,2023-04-14
Gujarat,Vadodara,Karjan,B-009938,1.54,4000.0,2023-05-04
Gujarat,Vadodara,Karjan,B-001418,5.0,6000.0,2023-06-21
Gujarat,Vadodara,City,B-018890,0.65,,2023-03-17
 Maharashtra,Pune,Khed,B-012539,0.62,2000.0,2023-03-19
Maharashtra,Thane,Ulhasnagar,B-016864,2.24,,2023-10-10
Maharashtra,Thane,Bhiwandi,B-019485,1.75,,2023-11-10
Maharashtra,THANE,Thane,B-006250,1.57,2000.0,2023-12-04
Gujarat,Vadodara,Savli,B-006474,2.61,2000.0,2023-10-21
Maharashtra,Pune,Junnar,B-015520,3.85,2000.0,2023-08-16
Maharashtra,Nagpur,ramtek,B-010826,1.83,4000.0,2023-09-08
Gujarat,Vadodara,Vaghodia,B-000505,1.28,2000.0,2023-01-26
Maharashtra,Nagpur,Nagpur Rural,B-007766,4.04,4000.0,2023-06-21
Maharashtra ,Nashik ,Igatpuri,B-002562,1.52,2000.0,2023-10-05
Maharashtra,Nagpur,Ramtek,B-008741,2.65,4000.0,2023-03-15
Gujarat,Surat,Mangrol,B-018801,1.24,,2023-02-22
Gujarat,Vadodara,Savli ,B-002235,2.87,6000.0,2023-07-02
Maharashtra,NASHIK,Igatpuri,B-012235,2.28,,2023-09-16
Gujarat,Vadodara,Karjan,B-006407,4.03,,2023-12-26
Maharashtra,Thane,Ulhasnagar,B-013055,4.48,2000.0,2023-09-08
Gujarat,Ahmedabad,Bavla,B-018111,3.89,4000.0,2023-01-13
Maharashtra,Thane ,Thane,B-013918,3.4,6000.0,2023-01-05
Gujarat, Ahmedabad,City,B-008942,3.67,2000.0,2023-08-19
Maharashtra,Thane,Ulhasnagar,B-004833,2.86,2000.0,2023-02-17
Gujarat, Vadodara,Savli,B-019879,0.85,2000.0,2023-04-28
Gujarat,Ahmedabad ,City,B-002361,3.14,,2023-12-03
Maharashtra,Nagpur,Kamptee,B-004884,1.53,4000.0,2023-11-11
Maharashtra ,Pune,Junnar,B-011097,3.07,4000.0,2023-03-13
Maharashtra,Nashik,Niphad,B-014533,4.24,6000.0,2023-05-25
Gujarat,Vadodara,Padra,B-014978,2.99,4000.0,2023-11-05
Maahaaraashtraa,Nagpur,Ramtek,B-013026,4.05,4000.0,2023-02-24
 Maharashtra,Thane,Kalyan,B-014208,2.28,2000.0,2023-06-03
Gujarat,Ahmedabad,City,B-011950,4.4,2000.0,2023-01-19
Gujarat,Surat,City,B-010616,4.96,,2023-01-22
Gujarat ,Vadodara,Vaghodia,B-016598,3.63,2000.0,2023-03-09
Maharashtra,Nashik,Nashik,B-000183,3.38,2000.0,2023-12-23
Gujarat,Surat,City,B-009069,1.84,2000.0,2023-09-07
Maharashtra,Pune,Baramati,B-014333,3.14,2000.0,2023-03-24
GUJARAT,Ahmedabad,Daskroi,B-009095,3.91,,2023-04-11
Maharashtra,Nashik,Igatpuri,B-002317,3.56,2000.0,2023-08-15
Maharashtra,Nashik,Sinnar,B-016589,2.25,6000.0,2023-06-18
Gujarat,vadodara,City,B-000685,2.47,6000.0,2023-02-09
Maharashtra,Pune,Haveli,B-000083,3.59,6000.0,2023-03-28
 Gujarat,Vaadodaaraa,Vaghodia,B-009384,2.67,6000.0,2023-05-13
Gujarat,Surat,City,B-009776,2.74,2000.0,2023-11-09
gujarat,Vadodara,City,B-019550,1.27,6000.0,2023-04-12
Gujarat,Ahmedabad,Dholka,B-016520,4.95,2000.0,2023-01-07
Maharashtra,Naagpur,Umred,B-008971,1.15,,2023-06-11
Gujarat,Vadodara,Karjan,B-017538,1.43,6000.0,2023-12-01
Gujarat,Vadodara,City,B-004993,3.48,4000.0,2023-03-17
Maharashtra, Nashik,Igatpuri,B-003442,1.71,6000.0,2023-12-14
 Maharashtra,Pune,Shirur,B-012261,4.05,6000.0,2023-04-22
Gujarat,Suraat,City,B-017633,4.37,2000.0,2023-08-11
Gujarat,Suraat,City,B-014804,0.67,6000.0,2023-06-03
Gujarat,Ahmedabad,Daskroi,B-011894,0.57,4000.0,2023-11-13
Maharashtra,Nashik,Niphad,B-005634,4.96,2000.0,2023-06-22
Maharashtra,Pune,Shirur,B-003470,3.83,2000.0,2023-12-28
Maharashtra,Pune,Junnar,B-006761,0.91,,2023-12-21
Gujarat,Ahmedabad,Bavla,B-014838,4.69,,2023-12-16
Maharashtra,Thane,Thane,B-010583,4.65,6000.0,2023-03-25
Gujarat,Ahmedabad,City,B-013951,2.61,,2023-01-11
Gujarat,Ahmedabad,Bavla,B-008398,0.67,,2023-02-06
Gujarat,Ahmedabad,Dholka ,B-002334,3.67,,2023-03-27
GUJARAT,Vadodara,City,B-002638,3.63,2000.0,2023-02-07
Maharashtra,Nagpur,Ramtek,B-003015,1.68,2000.0,2023-01-06
Maharashtra,Pune,Shirur,B-003618,1.79,2000.0,2023-06-16
GUJARAT,Vadodara,City,B-010108,2.87,,2023-03-23
Gujaaraat,Ahmedabad,Bavla,B-013677,0.88,2000.0,2023-07-22
Gujarat,Ahmedabad,Bavla,B-016197,3.62,,2023-06-05
Gujarat,Vadodara, Karjan,B-018917,1.38,2000.0,2023-11-05
Maharashtra,Nagpur,Umred,B-001878,4.68,2000.0,2023-04-12
Maharashtra,Nagpur,Umred,B-002972,0.97,4000.0,2023-12-07
Gujarat,Ahmedabad,Sanand,B-010994,2.68,6000.0,2023-03-14
Gujarat,Vadodara,Savli,B-013102,2.36,,2023-11-12
GUJARAT,Ahmedabad,City,B-009295,3.91,4000.0,2023-02-18
Gujarat,Ahmedaabaad,Saanaand,B-016106,2.66,2000.0,2023-07-24
Maharashtra,Thane,Ambernath,B-000892,3.86,,2023-06-18
Maharashtra,Nagpur,kamptee,B-013950,3.03,2000.0,2023-11-18
Gujarat,Surat,Choryasi,B-012306,1.64,6000.0,2023-07-03
Maharashtra,Nashik,Sinnar,B-015276,4.8,4000.0,2023-07-07
Gujarat,Ahmedabad ,Dholka,B-008993,1.49,6000.0,2023-05-27
Gujarat,Surat,Kamrej,B-007558,1.53,4000.0,2023-08-19
 Maharashtra,Nagpur,Umred,B-010563,1.01,2000.0,2023-02-12
 Maharashtra,Pune,Haveli,B-009006,2.74,6000.0,2023-05-11
Maharashtra,Pune,Junnar,B-001199,1.94,6000.0,2023-11-01
Maharashtra,Thane, Kalyan,B-004763,4.39,2000.0,2023-11-19
gujarat,Suraat,Olpad,B-016138,1.56,6000.0,2023-07-13
Maharashtra,Pune,Khed,B-001104,3.11,,2023-10-18
Maharashtra,NAGPUR,Nagpur Rural,B-004108,2.14,4000.0,2023-10-15
Gujarat,Vadodara,Savli,B-001609,2.78,4000.0,2023-10-22
Gujarat,Ahmedabad,Sanand,B-003235,1.6,4000.0,2023-11-20
Gujarat,Vaadodaaraa,Karjan,B-011889,0.79,,2023-07-08
 Gujarat, Ahmedabad,City,B-009513,1.57,4000.0,2023-11-06
Maahaaraashtraa, Nagpur,Nagpur Rural,B-007983,2.23,2000.0,2023-02-26
Maharashtra,Nagpur,Nagpur Rural,B-005421,2.61,6000.0,2023-06-16
Gujarat,VADODARA,Karjan,B-019571,0.68,,2023-01-02
Gujarat,Ahmedabad,City,B-002101,1.01,4000.0,2023-04-13
Gujarat,Ahmedabad ,City,B-016390,0.8,2000.0,2023-04-09
Maharashtra,THANE,Ambernath,B-010740,3.83,6000.0,2023-08-04
MAHARASHTRA,nagpur,Ramtek,B-016141,3.93,6000.0,2023-06-08
Maharashtra,Nashik,Niphad,B-001640,2.16,,2023-08-11
 Gujarat,Vadodara,Karjan,B-004672,1.34,,2023-12-04
Gujarat,Surat,City,B-010151,3.94,,2023-06-21
Gujarat,Vadodara,City,B-001144,3.66,2000.0,2023-08-07
Gujarat,Surat, Mangrol,B-019464,2.55,2000.0,2023-10-21
Gujarat,Vadodara,Vaghodia,B-019426,2.35,,2023-10-16
Gujarat,Vadodara,Padra,B-005207,0.55,4000.0,2023-01-22
Maharashtra,Thane,ULHASNAGAR,B-007961,3.2,6000.0,2023-03-20
Maharashtra, Pune,Khed,B-007384,3.7,6000.0,2023-12-05
Gujarat,Surat,City,B-005380,1.8,2000.0,2023-04-01
Gujarat,Ahmedabad,Daskroi,B-017791,2.41,6000.0,2023-02-03
Gujarat,Suraat,Mangrol,B-018506,4.81,4000.0,2023-08-06
Maharashtra,Thane,Bhiwaandi,B-019855,4.04,6000.0,2023-09-15
Maharashtra,Pune,Baramati,B-011362,2.73,2000.0,2023-12-11
Maharashtra,Nashik,Niphad,B-018351,3.84,2000.0,2023-06-20
Gujaaraat,Vaadodaaraa,City,B-002497,0.65,4000.0,2023-08-24
Maharashtra,Pune,Khed,B-009267,2.34,4000.0,2023-07-15
MAHARASHTRA,Nashik,Malegaon,B-009288,2.96,6000.0,2023-09-15
Maharashtra,Pune,Khed,B-005972,1.51,6000.0,2023-10-27
Maahaaraashtraa,nagpur,Umred,B-013234,0.97,2000.0,2023-04-01
Gujarat,Surat,Olpad,B-019866,2.88,4000.0,2023-09-07
Maharashtra,Pune,Baramati,B-007018,4.37,4000.0,2023-09-04
Gujarat, Surat,Olpad,B-016317,3.5,4000.0,2023-01-13
Gujarat,Vadodara,City,B-000080,2.1,6000.0,2023-04-24
Gujarat,Ahmedabad,City,B-005132,3.85,4000.0,2023-11-22
Gujarat,Surat,Kamrej,B-004034,0.55,2000.0,2023-01-06
Gujarat,Ahmedabad,Daskroi,B-012873,3.27,2000.0,2023-09-18
Maahaaraashtraa,Pune,Shirur,B-003630,2.88,6000.0,2023-03-07
Gujarat,Ahmedabad ,Daskroi,B-011669,3.33,,2023-01-17
maharashtra,Pune ,khed,B-012122,4.05,6000.0,2023-12-25
Maharashtra, Thane,ambernath,B-010500,2.43,,2023-11-27
Maharashtra ,Nagpur,Kamptee,B-007146,0.9,4000.0,2023-11-10
Maharashtra,Pune,Khed,B-004534,0.7,6000.0,2023-01-28
Maharashtra,Thane,Ambernath,B-019332,2.99,2000.0,2023-03-05
Gujaaraat,Vadodara, City,B-005890,1.9,4000.0,2023-05-20
Maharashtra,Thane,Thane,B-002201,4.34,2000.0,2023-11-27
Gujarat,Vadodara,Vaghodia,B-011135,3.45,4000.0,2023-04-18
Maharashtra,Nashik,Sinnar,B-012010,1.87,6000.0,2023-06-25
Gujarat,vadodara,Vaghodia,B-005433,1.49,,2023-06-03
Maharashtra,Thane,Ulhasnagar,B-017726,3.41,4000.0,2023-10-21
Gujarat,Suraat,choryasi,B-007864,3.78,,2023-05-12
Maharashtra,Nashik,Sinnar,B-017597,1.73,4000.0,2023-12-18
Gujarat,Vadodara,Karjan,B-007297,4.29,2000.0,2023-02-10
Maharashtra,Pune,Haveli,B-017529,0.73,2000.0,2023-10-17
Gujarat,Surat,Kaamrej,B-012694,2.75,4000.0,2023-02-13
Gujarat,Surat,Choryasi,B-005005,4.52,,2023-04-28
Gujarat,Vadodara,Karjan,B-007979,2.97,6000.0,2023-06-02
Maharashtra,Nagpur,Hingna,B-009039,2.23,6000.0,2023-03-12
Gujarat,Surat ,Kamrej,B-001784,0.99,2000.0,2023-08-13
Gujarat,VADODARA,Vaghodia,B-002880,4.75,6000.0,2023-10-12
Gujarat,Vadodara,Padra,B-010577,2.7,2000.0,2023-06-02
Maharashtra,Pune,Junnar,B-009939,2.53,6000.0,2023-08-08
Maharashtra ,Nashik, Igatpuri,B-001344,0.67,4000.0,2023-05-06
Gujarat,Ahmedabad,Dholka,B-013792,4.59,2000.0,2023-05-15
Maharashtra,Nagpur,Nagpur Rural,B-017260,1.68,2000.0,2023-02-12
Maharashtra,Nashik ,Malegaon,B-014070,2.75,4000.0,2023-11-05
Gujarat,Surat ,Choryasi,B-015978,3.47,2000.0,2023-10-26
Maharashtra,Nagpur,Kamptee,B-002294,3.01,6000.0,2023-05-20
Gujarat,Vadodara,VAGHODIA,B-014604,4.15,6000.0,2023-04-15
Maharashtra,Thane,Thane,B-008825,1.91,2000.0,2023-03-27
Gujarat, Vadodara,City,B-015633,3.54,6000.0,2023-05-14
Maharashtra,Thane,KALYAN,B-004313,2.46,,2023-02-07
GUJARAT,Ahmedabad,Sanand,B-012019,0.89,2000.0,2023-04-05
Gujarat,Surat,Olpad,B-014522,1.65,4000.0,2023-02-28
Gujarat,Ahmedabad,Bavla,B-010267,2.08,,2023-03-28
Gujarat,Ahmedabad,Bavla,B-001253,2.16,2000.0,2023-09-17
Maharashtra,Pune,Junnar,B-011919,3.64,4000.0,2023-08-06
 Gujarat,Vadodara ,CITY,B-001236,3.45,6000.0,2023-04-16
Gujarat,Vadodara,Savli,B-014617,2.33,4000.0,2023-03-15
Maharashtra,Thane,Thane,B-019685,2.51,,2023-12-14
Gujarat,Surat,Kamrej,B-013920,2.78,6000.0,2023-09-28
Maharashtra,Nagpur,Kamptee,B-008310,2.92,2000.0,2023-08-21
Gujarat,Surat,Mangrol,B-010349,3.09,6000.0,2023-05-20
Maharashtra, Nashik,Niphad,B-000512,4.48,2000.0,2023-03-28
Gujarat,Suraat,City,B-013315,0.52,2000.0,2023-11-11
Maharashtra,Nashik,Igatpuri,B-009534,2.76,4000.0,2023-03-02
maharashtra,Nashik,Niphad,B-018632,1.43,4000.0,2023-02-16
Gujarat,Surat,Kamrej,B-006638,4.62,4000.0,2023-09-22
Gujarat,Vadodara ,Karjan,B-012603,3.49,,2023-12-04
 Gujarat,Vadodara,Vaghodia,B-017835,0.55,,2023-04-14
Maharashtra,Nagpur,Ramtek,B-003486,1.5,4000.0,2023-09-27
Gujarat,Ahmedabad ,Bavla,B-014849,4.48,,2023-04-19
Gujarat, Vadodara,City,B-000601,4.14,6000.0,2023-06-19
 Maharashtra,Nagpur, Nagpur Rural,B-009038,4.31,6000.0,2023-04-23
Gujarat,ahmedabad,Dholka,B-018368,2.35,,2023-11-06
Maharashtra,Nagpur,Umred,B-008905,3.22,,2023-03-11
Maharashtra,Nagpur,Hingna,B-014648,4.41,6000.0,2023-07-21
Maharashtra,Nagpur,Hingna,B-008843,4.8,2000.0,2023-03-03
Maharashtra,Pune ,Junnar,B-007735,4.3,6000.0,2023-10-16
Maharashtra,Pune,Khed,B-010714,0.79,6000.0,2023-10-20
Gujarat, Vadodara,City,B-017919,2.38,,2023-06-02
Gujarat,Vadodara,Karjan,B-015980,3.01,6000.0,2023-11-06
Maharashtra,Nagpur,Kamptee,B-005994,4.94,,2023-01-17
Gujarat ,Surat,Mangrol,B-006431,1.38,,2023-01-20
maharashtra,Nagpur,Umred,B-003659,3.49,4000.0,2023-03-13
Maharashtra,Pune,Baramati,B-014606,4.71,6000.0,2023-08-10
Gujarat,Vadodara,Vaghodia,B-015833,2.86,2000.0,2023-09-27
Gujarat,VADODARA,Savli,B-009661,2.9,4000.0,2023-06-06
Maharashtra,Nagpur,Umred,B-012014,3.09,,2023-11-22
Maharashtra,Nashik,Malegaon ,B-014044,3.17,,2023-11-08
Maharashtra,Thane,Ulhasnagar,B-004768,3.38,2000.0,2023-09-18
Gujarat,Surat,City,B-002194,2.96,,2023-01-16
Maharashtra, Nashik,Malegaon,B-007614,2.35,6000.0,2023-10-27
Gujarat,Vadodara,Savli,B-008211,3.37,4000.0,2023-06-21
Maharashtra,Pune,Khed,B-008363,2.93,,2023-06-02
Maharashtra,Pune,Haveli,B-001484,0.64,,2023-10-02
MAHARASHTRA,nashik,Niphad,B-006501,3.95,2000.0,2023-10-23
GUJARAT,vadodara,Vaghodia,B-005962,2.19,6000.0,2023-07-19
Gujarat,surat,Choryasi,B-008228,0.64,,2023-10-22
Maharashtra,Nashik,Niphad,B-000174,0.53,2000.0,2023-07-06
Maharashtra,Nashik,Malegaon,B-010858,1.43,,2023-07-24
 Maharashtra,Thane,Bhiwandi,B-017005,1.54,2000.0,2023-07-04
Maahaaraashtraa,Thane,Ulhasnagar,B-013894,0.54,2000.0,2023-08-03
Gujaaraat, Surat,Kamrej,B-013215,1.63,6000.0,2023-06-25
Maharashtra,Nagpur,Kamptee,B-010061,2.99,,2023-10-23
Maharashtra ,Pune,Haveli,B-011210,4.14,6000.0,2023-11-12
Maharashtra,Nashik,Nashik,B-002718,2.16,2000.0,2023-08-26
Gujarat,surat,Olpad,B-012407,4.75,4000.0,2023-03-23
Maharashtra,Nashik,Malegaon,B-008424,2.19,,2023-02-02
Gujarat,Surat,City ,B-002300,3.12,4000.0,2023-04-12
Gujarat,Surat ,Kamrej,B-007311,2.15,,2023-02-16
GUJARAT,Ahmedabad,Daskroi,B-002609,3.31,6000.0,2023-10-28
Gujarat,Vadodara,Padra,B-002936,2.27,6000.0,2023-02-11
Gujarat,Vadodara,Savli,B-009280,4.6,6000.0,2023-09-20
Maharashtra,Nagpur,Kamptee,B-009271,0.94,6000.0,2023-02-11
Maharashtra ,Nagpur ,Kamptee,B-015311,1.82,6000.0,2023-09-10
Gujarat,Ahmedabad,Bavla,B-014291,0.83,4000.0,2023-11-07
 Gujarat,Surat,Kamrej,B-002396,1.69,6000.0,2023-10-01
Gujarat,Surat,Choryasi,B-012058,1.93,2000.0,2023-01-18
Gujarat,Ahmedabad,Sanand,B-011994,0.53,2000.0,2023-02-21
Maharashtra,Nagpur,Nagpur Rural,B-018105,2.58,4000.0,2023-07-04
Maharashtra,nashik,Sinnar,B-005879,2.53,,2023-09-08
Maharashtra,Nagpur,Nagpur Rural,B-016518,0.9,2000.0,2023-03-01
Maharashtra,Thane,Thane,B-003586,4.8,,2023-07-09
Maahaaraashtraa,Pune ,Haveli,B-018623,1.08,4000.0,2023-07-24
Maharashtra,Pune,Junnar,B-007990,4.82,,2023-05-03
Maharashtra,Nagpur ,Kamptee,B-003797,1.28,,2023-11-23
Maharashtra, Pune,Shirur,B-019800,1.81,,2023-07-14
Maharashtra,Nagpur,Umred,B-017108,1.53,,2023-01-21
Gujarat,Surat,Olpad,B-006053,0.83,4000.0,2023-02-14
Gujarat,Vaadodaaraa,Vaghodia,B-003835,4.74,2000.0,2023-06-04
Gujarat, Ahmedabad,Daskroi,B-000702,1.16,6000.0,2023-08-10
Gujarat,SURAT, Olpad,B-010955,3.88,,2023-05-19
gujarat,Ahmedabad,City,B-003388,1.8,2000.0,2023-02-23
Maharashtra,Nashik,Sinnar,B-008486,4.69,2000.0,2023-11-22
Maharashtra,Thane,Ulhasnagar,B-014873,3.35,4000.0,2023-11-01
Gujarat,Vadodara, Padra,B-012968,2.91,2000.0,2023-10-27
Gujarat,Ahmedabad,City,B-005919,4.1,4000.0,2023-09-08
Maharashtra,Pune,Haveli,B-006359,4.36,,2023-05-21
Maharashtra,Thane,Ulhasnagar,B-007696,1.7,,2023-04-12
Gujarat,Vadodara,City,B-015039,0.92,6000.0,2023-07-17
Gujarat ,Ahmedabad, Bavla,B-007449,4.09,6000.0,2023-06-02
Maharashtra,Thane,Kalyan,B-014444,0.58,6000.0,2023-12-04
Gujarat,Vadodara,Savli,B-000761,2.51,2000.0,2023-11-01
gujarat,Ahmedabad,Sanand,B-015537,4.72,,2023-01-20
Gujarat,Ahmedabad,Sanand,B-010626,2.89,4000.0,2023-08-24
Maharashtra,Nagpur,Umred,B-005310,1.42,6000.0,2023-10-20
Maharashtra,Nashik,Malegaon,B-019091,0.91,4000.0,2023-06-28
 Maharashtra, Thane,Bhiwandi,B-011531,4.51,4000.0,2023-10-01
Gujarat,Vadodara,Vaghodia,B-008543,0.74,6000.0,2023-09-26
maharashtra,nashik,Niphad,B-010381,3.12,,2023-10-05
Maharashtra,Nagpur,Umred,B-013593,4.8,6000.0,2023-03-11
Gujarat,ahmedabad,Dholka,B-004481,3.69,4000.0,2023-04-17
Gujarat,Ahmedabad,Sanand,B-013679,1.29,6000.0,2023-08-23
Maharashtra,NAGPUR,Kamptee,B-018245,1.29,4000.0,2023-11-23
GUJARAT,Vadodara,Padra,B-004315,3.65,4000.0,2023-05-06
Maharashtra,Nagpur,Hingna,B-017197,3.24,6000.0,2023-03-02
Gujarat,Surat,Kamrej,B-008919,2.16,2000.0,2023-09-15
Maharashtra,Pune,Shirur,B-016780,0.73,6000.0,2023-11-11
Maharashtra,Nagpur,Ramtek,B-019992,4.79,2000.0,2023-11-26
Maharashtra,Pune,Haveli,B-006172,4.32,4000.0,2023-11-18
Gujarat,Vadodara,Padra,B-010710,1.51,4000.0,2023-05-22
Maharashtra,Nashik,Malegaon,B-006202,1.17,2000.0,2023-09-24
Maharashtra,Nagpur,Hingna,B-005986,1.07,4000.0,2023-03-03
Maharashtra,thane,Thane,B-009629,1.43,2000.0,2023-02-01
Gujarat,Vadodara,City,B-015931,0.7,2000.0,2023-05-13
Maharashtra,Thane,Bhiwandi,B-014717,3.7,4000.0,2023-02-06
MAHARASHTRA,NASHIK,Sinnar,B-013689,3.01,,2023-04-17
Gujarat,Ahmedabad,City,B-018032,4.74,2000.0,2023-12-19
Maharashtra,Thane,Ambernath,B-019299,2.66,6000.0,2023-09-12
Gujarat,Suraat,Kamrej,B-004122,1.51,6000.0,2023-02-14
maharashtra,Nashik,Malegaon,B-017664,4.14,4000.0,2023-04-15
Maharashtra,Pune, Shirur,B-018851,4.29,,2023-05-09
Gujarat,Vadodara,Karjan,B-003652,0.51,4000.0,2023-08-21
Maharashtra,Thane,Bhiwandi,B-008461,1.54,,2023-02-04
Maharashtra,Nashik,Igatpuri,B-006650,3.09,2000.0,2023-07-06
Maharashtra,Thane, Ambernath,B-005782,4.47,2000.0,2023-01-01
Gujarat,Ahmedabad,City,B-013390,4.74,2000.0,2023-09-05
Maharashtra,Nashik,Sinnar,B-014217,1.06,2000.0,2023-09-01
Maharashtra,Nashik,Malegaon,B-018436,1.95,6000.0,2023-03-24
Gujarat,Vadodara,Karjan,B-007977,3.94,6000.0,2023-06-17
Gujarat,vadodara,Padra,B-012987,2.42,4000.0,2023-05-04
Gujarat,Ahmedabad,City,B-007899,3.85,,2023-08-25
Maharashtra,Pune,Khed,B-014536,0.77,2000.0,2023-11-23
Gujarat,Surat,City,B-015919,4.05,2000.0,2023-02-23
Gujarat,Surat,Olpad,B-000109,3.16,,2023-06-24
MAHARASHTRA,Nashik,Igatpuri,B-008223,4.28,,2023-05-22
Maharashtra,Pune, Junnar,B-017990,0.54,4000.0,2023-04-16
maharashtra,Nashik,Sinnar,B-002277,4.46,,2023-01-10
Gujarat,AHMEDABAD,Bavla,B-007208,2.26,2000.0,2023-05-15
 Maharashtra,Thane,Ambernath,B-002714,1.6,2000.0,2023-06-26
 Gujarat,Ahmedabad,City,B-003769,3.09,2000.0,2023-10-01
Gujarat, Ahmedabad,Daskroi,B-001264,1.04,2000.0,2023-01-27
Gujarat,Surat,Kamrej,B-018282,0.65,2000.0,2023-06-16
Maharashtra,Pune,Khed,B-010543,1.94,4000.0,2023-09-04
Gujarat,Surat,Choryasi,B-004601,1.68,2000.0,2023-06-14
Gujarat,Ahmedabad,City,B-003466,3.64,4000.0,2023-09-25
Maharashtra,Nagpur,Nagpur Rural,B-002462,1.33,2000.0,2023-06-09
Maharashtra,Pune,Junnar,B-018485,4.88,6000.0,2023-06-23
Gujarat,Ahmedabad,City,B-002579,3.04,6000.0,2023-03-02
Maharashtra,Nagpur,Kamptee,B-005935,3.21,6000.0,2023-10-22
maharashtra,Thane ,Thane,B-009864,0.85,6000.0,2023-01-12
 Gujarat,vadodara,Karjan,B-011753,4.03,4000.0,2023-05-14
Gujarat,ahmedabad,Sanand ,B-013385,0.67,4000.0,2023-05-23
Gujarat,Surat,Choryasi,B-015443,2.23,,2023-04-10
Gujarat,Vadodara,Karjan,B-010832,0.59,2000.0,2023-09-19
Maharashtra,Nagpur,Umred,B-018893,2.5,6000.0,2023-01-03
Maharashtra,Nashik,Niphad,B-006794,3.82,4000.0,2023-02-17
maharashtra,Nagpur,Kamptee,B-013291,1.3,2000.0,2023-11-12
Maharashtra,Pune,Junnar,B-019829,0.6,2000.0,2023-04-04
Gujarat,Ahmedabad,Daskroi,B-016981,4.33,4000.0,2023-08-09
Maharashtra,Pune,Shirur,B-001857,4.12,6000.0,2023-12-22
Gujarat,Ahmedabad,Dholka,B-007890,0.96,,2023-01-23
Maharashtra,NASHIK,Igatpuri,B-011063,2.56,2000.0,2023-08-02
Maharashtra,Nashik,Naashik,B-007845,1.64,,2023-05-09
Gujarat,Ahmedaabaad,Dholka,B-007849,3.92,6000.0,2023-05-22
Maahaaraashtraa,Thaane,Ambernath,B-003453,0.8,6000.0,2023-02-28
Maharashtra,Thane,Thane,B-009680,3.86,,2023-11-09
Gujarat,Vadodara,Padra,B-017554,4.02,6000.0,2023-08-24
Gujarat,Ahmedabad ,City,B-010605,1.85,2000.0,2023-09-19
maharashtra,Thane,Ambernath,B-013654,2.03,,2023-09-09
Gujarat,Surat,City,B-017067,3.4,6000.0,2023-05-18
Gujarat, Vadodara,Vaghodia,B-000368,2.65,,2023-11-21
Gujarat,Vaadodaaraa,City,B-018375,1.43,2000.0,2023-09-02
Gujarat,Ahmedabad,City,B-000707,3.03,6000.0,2023-09-15
Maharashtra,Nagpur,Kamptee,B-002096,1.88,2000.0,2023-07-26
Gujarat,Surat,Mangrol,B-009397,0.76,6000.0,2023-10-03
Maharashtra,Nagpur,Kamptee,B-009706,4.27,4000.0,2023-03-11
 Maharashtra,Nashik,Sinnar,B-002640,4.68,6000.0,2023-01-17
Gujarat,Ahmedabad,Sanand,B-002208,1.03,,2023-11-12
Gujarat,Suraat,Olpad,B-010315,4.21,6000.0,2023-07-16
Maharashtra,Pune,Baramati,B-008400,2.65,2000.0,2023-08-27
Maharashtra,Nagpur,Kamptee,B-000643,4.31,2000.0,2023-01-05
Gujarat,Ahmedabad,Bavla,B-014595,2.12,6000.0,2023-05-09
Maahaaraashtraa,Thane,Ulhasnagar,B-009377,1.94,,2023-06-05
Gujarat,Ahmedabad,Bavla,B-002407,4.77,4000.0,2023-05-24
Maharashtra,Thane,Bhiwandi,B-000917,3.45,,2023-07-27
Gujarat,Surat,Choryasi,B-002726,4.87,4000.0,2023-01-23
Gujaaraat,Ahmedabad,Daskroi,B-004232,4.01,2000.0,2023-11-15
Maharashtra,Nashik,Nashik,B-002950,3.31,,2023-12-25
Maharashtra,Nagpur,Umred,B-008465,4.46,4000.0,2023-08-02
Maharashtra,Thane,Bhiwandi,B-016879,3.4,6000.0,2023-07-27
 Gujarat,Surat,City,B-009820,2.93,2000.0,2023-11-06
Gujarat,Surat,Mangrol,B-009235,1.28,6000.0,2023-10-27
Maharashtra , Thane,Ulhasnagar,B-010447,2.29,2000.0,2023-02-14
Gujarat,Ahmedabad,Sanand,B-015253,3.56,,2023-05-05
Maharashtra,Thane,Bhiwandi,B-014394,4.98,,2023-10-04
 Gujarat,Ahmedabad, Dholka,B-011790,4.11,2000.0,2023-06-20
Maharashtra,Naashik, Malegaon,B-011928,3.26,2000.0,2023-09-02
Gujarat,vadodara,City,B-019438,0.71,2000.0,2023-09-03
Maharashtra,Nashik,Niphad,B-013457,3.82,,2023-01-05
Maharashtra,Nashik,Sinnar,B-004645,4.24,4000.0,2023-07-19
Maharashtra,Nashik ,malegaon,B-001405,0.91,6000.0,2023-07-22
Gujarat,Ahmedabad,Sanand,B-003549,3.62,6000.0,2023-10-28
Maharashtra,THANE,ambernath,B-007360,2.94,,2023-09-15
Maharashtra,Nagpur,Hingna,B-018069,0.93,6000.0,2023-02-21
MAHARASHTRA,Nagpur,Umred,B-007724,4.58,2000.0,2023-01-12
Gujarat,Ahmedabad,Dholka,B-014210,1.64,4000.0,2023-04-19
Maharashtra,Thane,Ulhasnagar,B-019354,2.67,6000.0,2023-11-24
Maharashtra,Thane,Ulhasnagar,B-002795,1.59,4000.0,2023-12-16
Maharashtra,Thane,Thane,B-003595,0.74,2000.0,2023-04-01
Maharashtra,Nashik,Malegaon,B-013605,4.07,6000.0,2023-08-19
Maharashtra,Nashik,Sinnar,B-017804,4.77,,2023-06-12
 Maharashtra,Nashik,Niphad,B-017418,4.38,4000.0,2023-11-21
Maharashtra,Thane,Ambernath,B-002339,2.6,2000.0,2023-07-18
Gujarat,Surat,Mangrol,B-013019,3.8,4000.0,2023-11-17
Maharashtra,THANE,Bhiwandi,B-018901,4.85,6000.0,2023-08-06
Gujarat,Vaadodaaraa,Vaghodia,B-013443,3.27,6000.0,2023-01-10
Maharashtra,Pune,Khed,B-012575,1.24,,2023-07-28
Gujarat,Ahmedabad,Dholka,B-017802,3.85,2000.0,2023-08-08
Maharashtra,pune,Shirur,B-010211,1.69,2000.0,2023-12-01
Gujarat,Surat,Mangrol,B-019116,3.99,,2023-05-08
Maharashtra,Thane,Thane,B-008370,2.14,,2023-09-04
Maharashtra,Thane ,Ulhasnagar,B-004334,0.86,2000.0,2023-04-12
Maharashtra,Nashik,sinnar,B-002748,3.74,4000.0,2023-09-10
Gujarat,Ahmedabad,Bavla,B-011866,0.91,4000.0,2023-04-16
Maharashtra,Pune,Junnar,B-011233,4.94,,2023-12-15
Maharashtra, Thane,Bhiwandi,B-016346,4.78,4000.0,2023-08-08
maharashtra,Pune,Haveli,B-007430,4.99,2000.0,2023-08-07
Gujarat,Surat,Mangrol,B-009774,3.35,6000.0,2023-01-03
Maharashtra ,Pune,Haveli,B-009677,0.85,6000.0,2023-09-20
Maharashtra,Nashik ,nashik,B-001128,2.37,4000.0,2023-04-17
Gujarat,Ahmedabad,Dholka,B-003766,4.67,,2023-01-06
Gujarat,Ahmedabad,City,B-006197,2.04,,2023-12-02
Maharashtra,Thaane,Bhiwandi,B-016565,0.64,,2023-01-10
Gujarat ,Ahmedabad,Daskroi,B-018028,3.68,,2023-10-11
GUJARAT,Surat,Choryasi,B-001779,1.36,,2023-12-28
Maharashtra,Thane,Bhiwandi,B-000272,2.68,4000.0,2023-07-14
Maharashtra,Pune,Junnar,B-003316,2.0,6000.0,2023-03-11
Gujarat,Vadodara,City,B-015716,1.89,6000.0,2023-05-25
Maharashtra,Pune,Junnar,B-019622,3.62,4000.0,2023-07-25
Maharashtra,Nagpur,Kamptee,B-014899,1.66,,2023-02-24
 Gujarat,vadodara,Savli,B-008264,3.01,4000.0,2023-02-13
Maharashtra,Pune,Junnar,B-011213,3.05,6000.0,2023-11-26
Gujarat,Ahmedabad,Daskroi,B-017210,2.31,2000.0,2023-12-18
Gujarat,Ahmedabad,Dholka ,B-019098,3.8,4000.0,2023-02-10
Maharashtra,Thane,Bhiwandi,B-002451,3.95,,2023-12-13
Gujarat,Vaadodaaraa,Padra ,B-009921,4.32,6000.0,2023-02-11
Maharashtra,Nagpur,Kamptee,B-016676,4.91,6000.0,2023-03-14
Gujarat,Vadodara,Vaghodia,B-015627,0.69,6000.0,2023-03-09
Maharashtra,Pune,Shirur,B-018796,1.83,6000.0,2023-01-15
Gujarat,ahmedabad,Dholkaa,B-019312,0.85,,2023-05-08
Gujarat,Surat,Olpad,B-010073,1.52,2000.0,2023-12-21
Gujarat,Surat,Mangrol,B-009828,1.91,6000.0,2023-02-28
Gujarat,Surat, Mangrol,B-016786,2.45,4000.0,2023-02-23
Gujarat,Surat,Mangrol,B-014382,2.92,2000.0,2023-01-01
Gujarat,Surat,Kamrej,B-012843,1.78,6000.0,2023-06-12
Gujarat,Surat,Mangrol,B-008707,2.67,2000.0,2023-01-14
Gujarat,Surat,Olpad,B-016270,1.22,4000.0,2023-03-18
Maharashtra,Nashik,Igatpuri,B-018674,0.55,6000.0,2023-11-19
MAHARASHTRA,Nagpur,Umred,B-001926,2.14,4000.0,2023-08-18
 Maharashtra,Nashik,Igatpuri,B-001527,3.6,,2023-09-22
maharashtra,Nagpur,Hingna,B-018335,1.7,6000.0,2023-05-23
Gujarat,Surat,Mangrol,B-015197,4.31,6000.0,2023-09-01
MAHARASHTRA,Nagpur,Nagpur Rural,B-002136,1.08,6000.0,2023-09-07
gujarat,Surat,Choryasi,B-017257,1.17,6000.0,2023-08-27
Maharashtra,Pune,Baramati,B-009888,1.26,,2023-01-24
Gujarat,Surat,City,B-008836,2.17,6000.0,2023-06-20
Gujarat,Ahmedabad,Sanand,B-013559,2.26,2000.0,2023-07-25
Maharashtra,Pune,Shirur,B-000020,2.33,6000.0,2023-06-18
Gujarat,Surat,City,B-014696,4.94,,2023-03-25
Gujarat,Ahmedabad,Bavla,B-012696,1.35,6000.0,2023-03-26
Maharashtra,Pune ,Junnar,B-011118,4.12,2000.0,2023-01-13
 Maharashtra,Thane,Bhiwandi,B-010638,4.19,,2023-11-28
Gujarat,Vadodara,Padra,B-017039,1.4,,2023-05-04
Maharashtra,Pune,Junnar,B-008554,1.95,2000.0,2023-05-17
Maharashtra,Thane,Ulhasnagar,B-006893,3.7,2000.0,2023-10-08
Maharashtra,pune,Khed,B-006069,4.15,2000.0,2023-11-23
Gujaaraat,Surat,Choryasi,B-014334,3.33,2000.0,2023-01-13
Maharashtra,Thane,Bhiwandi,B-000712,2.18,2000.0,2023-01-10
Maharashtra,Thane,Ulhasnagar ,B-011431,3.86,,2023-04-02
Maharashtra,Thaane,Kalyan,B-016356,1.22,,2023-08-14
Maharashtra,Thane,kalyan,B-007029,1.94,6000.0,2023-11-26
Maharashtra,Pune,Junnar,B-003760,4.78,6000.0,2023-08-11
Maharashtra,Thane,Ambernath,B-016042,0.5,4000.0,2023-05-06
Gujarat,Vadodara,Padra,B-017056,2.76,6000.0,2023-01-15
Maharashtra,nashik,Nashik,B-016574,1.13,6000.0,2023-09-12
Maharashtra,Pune,SHIRUR,B-012594,1.98,2000.0,2023-05-15
 Maharashtra,Nagpur,Nagpur Rural,B-006247,3.92,2000.0,2023-06-01
Gujaaraat,Ahmedabad,Bavla,B-005743,2.89,6000.0,2023-05-03
gujarat,Vadodara,Vaghodia,B-016706,0.6,4000.0,2023-12-27
Maharashtra,Pune,Haveli ,B-013183,3.81,2000.0,2023-06-03
Gujarat,Ahmedabad,Daskroi,B-015481,1.47,6000.0,2023-03-16
Gujarat, Surat,Choryasi,B-014875,4.52,6000.0,2023-10-09
Gujarat,Surat,Kamrej,B-012478,0.69,,2023-03-22
GUJARAT,Ahmedabad,Bavla,B-013717,0.73,4000.0,2023-07-07
Gujarat,Surat,Choryasi,B-017344,4.23,,2023-02-07
Gujarat,Vadodara,City,B-009440,1.12,4000.0,2023-06-18
Maharashtra,Pune,Shirur,B-001601,1.79,2000.0,2023-04-14
Maharashtra,Thane,Ambernath,B-018707,1.38,4000.0,2023-11-10
Gujarat,Ahmedabad,City,B-015221,2.18,6000.0,2023-07-18
Maharashtra,Nagpur,Kamptee,B-019535,4.97,6000.0,2023-05-13
Maharashtra,Nashik,Igatpuri,B-017278,2.51,4000.0,2023-09-19
Gujarat,Vadodara,City,B-012548,3.53,4000.0,2023-01-05
MAHARASHTRA,Nashik,Niphad,B-003810,4.16,4000.0,2023-12-17
Gujarat,Vaadodaaraa,Savli,B-014911,3.96,,2023-06-01
Maharashtra,nagpur,Umred,B-014075,1.6,4000.0,2023-09-14
Gujarat,Ahmedabad, Dholka,B-018490,3.44,2000.0,2023-07-02
Maharashtra,Nashik,Nashik,B-016727,2.38,,2023-07-07
Gujarat,Surat,Choryasi,B-018947,2.68,,2023-09-02
Gujarat,VADODARA,Savli,B-014365,0.69,4000.0,2023-08-01
Maharashtra,Nagpur,Nagpur Rural,B-008909,1.83,2000.0,2023-08-02
Gujarat,Surat,Mangrol,B-006696,1.12,,2023-01-19
Gujarat,Vadodara,Vaghodia,B-004224,4.56,6000.0,2023-04-13
Gujarat,Surat,Mangrol,B-018505,3.42,,2023-02-14
Gujarat,Vadodara, Karjan,B-000090,4.34,4000.0,2023-09-22
GUJARAT,Vadodara,SAVLI,B-011619,2.16,2000.0,2023-09-22
Maharashtra,Thane,Bhiwaandi,B-016005,3.99,4000.0,2023-11-15
Maharashtra ,Naagpur,Ramtek,B-012934,2.55,6000.0,2023-10-15
Maharashtra,pune,Haveli,B-019641,1.69,6000.0,2023-12-01
Gujarat,Vadodara,Karjan,B-009470,1.66,6000.0,2023-09-15
Maharashtra,Pune,Baramati,B-008562,4.75,4000.0,2023-04-07
Maharashtra,Thane,Kalyan,B-001931,4.63,,2023-08-24
Maharashtra,NAGPUR,Raamtek,B-008516,3.59,4000.0,2023-07-23
Gujarat,Surat,Olpaad,B-000118,4.48,2000.0,2023-08-21
Maharashtra, Thane,Ambernath,B-006145,0.54,,2023-12-07
Gujarat,Surat,Kamrej,B-015910,2.0,6000.0,2023-04-15
Maahaaraashtraa,Nagpur,hingna,B-003366,2.0,4000.0,2023-06-16
Gujarat, Vadodara,Karjan,B-011269,0.85,6000.0,2023-03-04
Gujarat,Vadodara,City,B-013178,2.66,6000.0,2023-10-09
Maharashtra,Thane,Kalyan,B-017915,2.95,2000.0,2023-08-08
Maharashtra,Pune,Baramati,B-018637,2.46,,2023-01-17
Maharashtra,Thane,Ambernath,B-016397,1.73,2000.0,2023-07-09
Maharashtra,Pune,Haveli,B-001747,2.33,2000.0,2023-07-05
Maharashtra,Nagpur,Kamptee,B-002536,1.92,2000.0,2023-07-11
Maharashtra,Nagpur,Ramtek,B-006981,1.17,6000.0,2023-06-18
Gujarat,SURAT,Olpad,B-010676,0.75,2000.0,2023-08-06
Maharashtra,Nagpur,Ramtek,B-009591,0.7,2000.0,2023-11-01
Maharashtra,Nagpur,Hingna,B-004156,2.83,,2023-08-23
Maharashtra,Nashik,Igatpuri,B-004282,4.95,,2023-10-05
Maharashtra,Nashik,Niphad,B-014008,2.26,2000.0,2023-03-12
Maharashtra,Thane,Kalyan,B-008784,3.03,,2023-07-03
Maharashtra,Pune,Junnar,B-006940,3.39,,2023-01-18
Maharashtra,Thane,Ambernath ,B-009252,4.25,2000.0,2023-10-06
GUJARAT,Surat, Choryasi,B-005991,0.64,6000.0,2023-12-03
Maharashtra,Nagpur,Umred,B-010026,2.26,2000.0,2023-01-19
Gujaaraat,Surat,Olpad,B-004515,4.36,,2023-01-02
Maharashtra,Nagpur,Hingna,B-011152,4.43,6000.0,2023-05-11
Maharashtra,thane,Ambernaath,B-006512,4.41,4000.0,2023-07-05
Gujarat,Vadodara,Padra,B-019983,1.2,6000.0,2023-01-21
GUJARAT,Ahmedabad,City,B-003338,3.07,,2023-08-22
MAHARASHTRA, Nashik,Niphad,B-017205,2.18,6000.0,2023-07-19
 Maharashtra,Naagpur,Hingna,B-009046,2.32,2000.0,2023-02-28
Maharashtra,Nagpur ,KAMPTEE,B-012842,2.11,4000.0,2023-01-14
 Maharashtra,Thane,Bhiwandi,B-009136,1.66,4000.0,2023-05-27
Maharashtra,Thane,Ambernath,B-007905,2.44,4000.0,2023-11-12
Maharashtra,Pune,Junnar,B-002929,4.5,,2023-11-28
 Maharashtra,Thaane,Kalyan,B-006066,3.08,,2023-06-07
Gujarat,Vadodara,Karjan,B-009161,4.55,4000.0,2023-08-11
maharashtra,Nashik,Malegaon,B-009092,1.24,6000.0,2023-09-24
Maharashtra,nashik,Nashik,B-007926,4.74,4000.0,2023-12-08
Maharashtra,PUNE,Khed,B-017189,2.73,6000.0,2023-12-09
Maharashtra,THANE,Ulhasnagar,B-005025,4.89,6000.0,2023-10-23
Maharashtra,Thane,Ambernath,B-017261,4.64,,2023-08-23
Maharashtra, Thane,Ulhasnagar,B-016275,1.08,6000.0,2023-11-21
Gujarat,Surat,City,B-016581,4.04,4000.0,2023-12-26
Gujarat,Vadodara,Vaghodia,B-011559,4.08,,2023-07-15
Maahaaraashtraa,Pune,Shirur,B-018038,1.81,2000.0,2023-03-20
Gujaaraat, Vadodara,Vaghodia,B-012056,1.09,2000.0,2023-03-17
Maharashtra,Nagpur,Ramtek,B-002263,2.61,,2023-01-28
Maharashtra,Nashik,Malegaon ,B-014009,2.61,4000.0,2023-10-19
Maharashtra,Nagpur,Nagpur Rural,B-014153,1.67,2000.0,2023-05-22
Gujarat,Ahmedabad,Sanand,B-017850,1.16,2000.0,2023-04-10
Maharashtra, Nashik,Sinnar,B-016730,2.81,6000.0,2023-01-14
MAHARASHTRA,Nashik,Sinnar,B-016498,1.82,6000.0,2023-06-15
Gujarat,Vadodara,Karjan,B-018699,1.97,4000.0,2023-01-24
Gujarat,Vadodara,City,B-007318,1.2,,2023-03-03
Maharashtra,Nagpur ,Hingna,B-012831,0.93,4000.0,2023-11-17
Maharashtra, Nagpur,Nagpur Rural,B-019590,2.77,,2023-04-25
Gujarat,Surat,Mangrol,B-002651,2.16,2000.0,2023-01-15
Maharashtra,Pune,Khed,B-001643,3.37,6000.0,2023-03-13
 Maharashtra,Nashik ,Sinnar,B-003514,4.43,4000.0,2023-04-05
Gujarat, Surat,Olpad,B-019063,0.74,4000.0,2023-12-16
Maharashtra,Pune,Baramati,B-006563,4.31,,2023-04-15
Gujarat,Vadodara,Savli,B-017758,4.87,,2023-04-20
Gujarat,Suraat,Olpad,B-005545,4.15,4000.0,2023-05-12
Maharashtra,Thane,Bhiwandi,B-018594,2.95,,2023-04-17
Gujarat,Ahmedabad,Bavla,B-009021,2.87,4000.0,2023-07-26
Maharashtra, Nagpur,Umred,B-015208,2.08,4000.0,2023-06-20
Gujarat ,Ahmedabad,City,B-011421,4.24,4000.0,2023-08-04
Gujarat,Ahmedabad,Bavla,B-011216,1.42,2000.0,2023-11-15
MAHARASHTRA,Nashik,Igatpuri,B-011581,1.98,,2023-07-03
Gujarat,Surat,Olpad,B-000853,3.34,6000.0,2023-03-04
Maharashtra,Pune,Khed,B-002634,2.88,6000.0,2023-05-22
Gujarat,Ahmedabad,Sanand,B-006376,3.9,,2023-08-02
Maharashtra,Pune,Haveli,B-010419,1.52,4000.0,2023-11-02
Gujaaraat,Surat,Choryasi,B-000087,1.47,6000.0,2023-08-27
Gujarat,Ahmedaabaad,Dholka,B-013179,3.09,6000.0,2023-11-06
Gujarat,Vadodara,Padra,B-001493,1.34,,2023-07-17
Gujarat,Vadodara ,City,B-019115,1.67,6000.0,2023-04-18
gujarat,Vadodara,Padra,B-016665,1.37,4000.0,2023-02-10
Maharashtra,Thane,Ambernath,B-007728,4.1,,2023-10-23
Gujarat,Ahmedabad,Dholka,B-009835,4.87,4000.0,2023-11-13
Maharashtra,Nashik,Malegaon,B-019730,0.53,6000.0,2023-10-23
Maharashtra,Nagpur,Umred,B-019642,4.3,6000.0,2023-08-28
Maharashtra,Nashik,Igatpuri,B-001050,3.41,4000.0,2023-01-11
Maharashtra,nagpur,Kamptee,B-004311,1.03,2000.0,2023-01-07
Maharashtra,Nagpur,Nagpur Rural,B-015883,0.59,6000.0,2023-06-19
Maharashtra,Nagpur,Hingna,B-006076,2.43,2000.0,2023-02-20
Gujarat,Surat,Choryasi,B-001312,4.08,6000.0,2023-02-24
Gujarat ,ahmedabad,Daskroi,B-009979,0.5,2000.0,2023-03-13
Gujarat,Ahmedabad,Bavla,B-016297,2.17,2000.0,2023-11-28
Gujarat,Surat,City,B-011871,1.13,2000.0,2023-11-16
Gujarat,vadodara,City,B-006297,2.45,4000.0,2023-06-20
Maharashtra,Pune,Khed,B-006565,1.6,2000.0,2023-10-26
Maharashtra,Thane,Ambernath,B-010060,1.03,2000.0,2023-12-16
Maharashtra,Pune,Khed,B-010751,4.78,2000.0,2023-06-08
Gujarat,Surat,MANGROL,B-008537,3.99,6000.0,2023-05-06
Gujarat,Vadodara,Karjan,B-004694,0.82,2000.0,2023-07-05
Maahaaraashtraa,Nashik,Niphad,B-011659,2.08,6000.0,2023-01-16
Maharashtra, Nagpur,Kamptee,B-009789,3.22,2000.0,2023-04-14
Gujaaraat,surat,Mangrol,B-000942,3.46,2000.0,2023-10-21
Gujarat,Vadodara,City,B-015493,3.17,4000.0,2023-05-14
Gujaaraat,Surat, Kamrej,B-013439,1.72,6000.0,2023-07-27
Maharashtra,Pune,Shirur,B-016621,2.81,2000.0,2023-08-18
Gujarat,Vadodara,Savli,B-010491,2.93,6000.0,2023-09-05
Maharashtra,Thane,Kalyan,B-008100,4.94,6000.0,2023-12-13
Gujarat,Vadodara,Karjan,B-007193,1.64,,2023-09-06
maharashtra,Nashik,Igatpuri,B-000176,4.55,4000.0,2023-05-16
Gujarat,Ahmedabad,Daskroi,B-016156,4.97,4000.0,2023-04-13
Gujarat,Surat,Kamrej ,B-013936,2.22,4000.0,2023-12-17
Maharashtra,Pune,Shirur,B-010763,1.32,,2023-05-25
Gujarat,Surat,City,B-013172,4.08,,2023-02-21
Maharashtra,Thane,Thane,B-008490,3.06,4000.0,2023-11-21
Maharashtra,Nashik,Nashik,B-004686,2.18,,2023-10-14
Maharashtra,Thane,Thane,B-003191,1.03,,2023-11-27
Maharashtra,Pune,SHIRUR,B-000551,2.22,,2023-10-26
 Maharashtra,Pune,Khed,B-012845,3.8,4000.0,2023-05-20
Maharashtra ,Thane,Kalyan,B-017439,1.98,4000.0,2023-10-25
Maharashtra,Nashik,Igatpuri,B-008365,3.04,4000.0,2023-02-28
Maharashtra,Pune,Shirur,B-008452,4.29,,2023-10-02
Maharashtra,Pune,Khed,B-011444,3.55,4000.0,2023-11-14
Gujarat ,Vadodara, Savli,B-003796,4.42,,2023-07-04
Maharashtra,Nagpur,Hingna,B-019158,3.24,2000.0,2023-03-01
Gujarat,Surat,Choryasi,B-018492,0.63,,2023-12-17
Gujarat,ahmedabad,Sanand,B-011044,3.41,6000.0,2023-08-23
Gujarat,ahmedabad,city,B-000591,1.39,4000.0,2023-06-03
Gujarat,Vadodara ,Savli,B-005894,3.24,4000.0,2023-03-25
Maharashtra,Nagpur,Umred,B-003920,2.61,6000.0,2023-05-21
Maharashtra,Nagpur,Hingna,B-016013,4.39,,2023-04-06
Gujaaraat,ahmedabad,Bavla,B-000005,4.38,2000.0,2023-07-08
Maharashtra,Nashik,Sinnar,B-002580,1.15,6000.0,2023-08-23
Gujarat ,Vadodara,City,B-001423,1.24,6000.0,2023-09-06
Maharashtra,Thane,Thane,B-004521,1.69,,2023-12-09
Maharashtra,THANE,Kalyan,B-012775,0.52,4000.0,2023-02-11
Gujarat,Ahmedabad,Daskroi,B-006545,3.52,,2023-06-28
Maharashtra,Nagpur,Hingna,B-005786,4.92,6000.0,2023-04-06
Maharashtra,NASHIK,Sinnar,B-010972,1.59,6000.0,2023-08-11
Maharashtra,NASHIK,Nashik,B-006475,1.56,4000.0,2023-12-05
Maharashtra,Nagpur,Hingna,B-015071,2.67,4000.0,2023-10-14
Gujarat,ahmedabad,City,B-009603,4.49,4000.0,2023-06-01
Maharashtra,Pune ,Haveli,B-016347,3.74,,2023-01-10
Gujarat ,Vaadodaaraa,Savli,B-008483,2.21,4000.0,2023-06-24
Gujarat,Ahmedabad,Sanand,B-018638,4.4,6000.0,2023-12-15
Maharashtra,Pune,Khed,B-012074,3.38,6000.0,2023-09-15
Maharashtra,Nashik,Sinnar,B-019266,2.92,2000.0,2023-11-05
GUJARAT,Surat,Choryasi,B-001125,4.87,,2023-08-12
Maharashtra ,PUNE,Khed,B-001478,2.52,2000.0,2023-01-25
Maharashtra,Nashik,Sinnar,B-009005,4.43,6000.0,2023-08-16
Gujarat,Ahmedabad,Daskroi,B-004662,3.63,2000.0,2023-07-07
 Gujarat,Vadodara,Padra,B-011898,2.63,6000.0,2023-09-01
Gujarat,Ahmedaabaad,Daskroi,B-018846,4.98,2000.0,2023-03-23
Maharashtra,Nagpur,Umred,B-019109,4.41,4000.0,2023-07-26
Gujarat,Ahmedabad,Daskroi,B-017410,3.92,2000.0,2023-08-26
Gujarat,ahmedabad,Dholka,B-005704,1.97,4000.0,2023-07-05
Maahaaraashtraa,Nashik,Nashik,B-016490,4.03,4000.0,2023-07-27
Maharashtra,Thane,Kalyan,B-013362,3.05,,2023-12-13
Maharashtra,nagpur,Kamptee,B-004531,4.47,4000.0,2023-07-02
Gujarat,Surat,Olpad,B-016278,3.19,4000.0,2023-06-03
Maharashtra,Pune,Baramati,B-017659,2.83,2000.0,2023-03-20
MAHARASHTRA,Nagpur,Umred,B-017392,3.79,6000.0,2023-01-10
Maharashtra,Nashik,Malegaon,B-007451,4.09,,2023-01-08
Gujarat,Surat,Choryasi,B-006619,3.19,4000.0,2023-11-21
Gujarat,Surat,Choryaasi,B-009420,2.22,,2023-05-03
Maharashtra,Naagpur,Ramtek,B-016411,3.12,2000.0,2023-01-22
Gujarat,Vadodara,Vaghodia,B-004278,0.64,4000.0,2023-02-03
Maharashtra,PUNE,Haveli,B-002868,1.42,2000.0,2023-07-01
Maharashtra,Thane,Thane ,B-019090,4.92,,2023-11-17
Maharashtra,Thane,Ulhasnagar,B-008295,4.25,2000.0,2023-03-25
Maharashtra, Nagpur,Kamptee,B-015715,4.34,,2023-04-28
Maharashtra,Naashik,Igaatpuri,B-009153,0.75,2000.0,2023-05-08
Gujarat,Vadodara,Vaaghodiaa,B-001186,4.93,,2023-10-16
Gujarat,Ahmedabad,Daskroi,B-008244,1.68,6000.0,2023-02-18
Maharashtra,Nagpur,Kaamptee,B-004822,4.32,2000.0,2023-08-09
gujarat,Surat,Mangrol,B-016398,1.53,2000.0,2023-02-06
Gujarat,Ahmedabad,Dholka,B-001918,0.53,6000.0,2023-01-05
maharashtra,Nashik,Sinnar,B-013156,4.04,6000.0,2023-01-10
Maharashtra,Nashik,Malegaon,B-008410,1.92,2000.0,2023-09-18
Maharashtra,Nagpur,Nagpur Rural,B-004223,1.25,6000.0,2023-07-07
Maharashtra,Pune ,Khed,B-014355,2.54,4000.0,2023-07-03
Maharashtra ,nagpur,hingna,B-008814,2.57,,2023-11-27
Maharashtra, Nashik,Malegaon,B-013323,1.26,,2023-04-18
 Maharashtra,Pune,Khed,B-012999,4.33,,2023-11-18
Maharashtra,Nagpur,Nagpur Rural ,B-014997,2.25,4000.0,2023-07-03
Maharashtra, Thane,Thane,B-004099,4.53,6000.0,2023-03-02
Maharashtra,Thane,Ulhasnagar,B-011374,2.98,6000.0,2023-07-24
Maharashtra,Nashik,Sinnar,B-007255,1.58,2000.0,2023-04-12
 Maharashtra,Pune,Khed,B-006179,1.96,6000.0,2023-02-02
Maharashtra,Thane,Ambernath,B-009227,1.04,2000.0,2023-04-02
Gujarat,Ahmedabad,Bavla,B-007924,0.95,4000.0,2023-04-22
 Maharashtra,Nagpur,Raamtek,B-012616,4.26,,2023-03-10
Maharashtra,PUNE,Haveli,B-003986,3.34,,2023-07-14
Gujarat,Ahmedabad,Daskroi,B-012411,2.23,,2023-11-17
Gujarat,Ahmedaabaad,Bavla,B-005566,1.94,6000.0,2023-09-01
Maahaaraashtraa, Pune,Haveli,B-019339,2.2,2000.0,2023-06-02
Maharashtra,Nagpur,Nagpur Rural,B-007518,1.05,2000.0,2023-07-12
Maharashtra,Pune,Haveli,B-011168,1.65,4000.0,2023-11-12
Gujarat,Ahmedabad,Bavla,B-007549,1.81,6000.0,2023-12-10
Maahaaraashtraa,Naashik,NASHIK,B-014689,1.26,4000.0,2023-02-13
Gujaaraat,Ahmedabad,Sanand,B-009615,2.33,2000.0,2023-01-27
Maharashtra,Nagpur,Kamptee ,B-014124,1.04,2000.0,2023-12-19
Maharashtra,Nashik,Nashik,B-019077,2.09,,2023-01-09
 Gujarat,Surat,City,B-017568,3.53,6000.0,2023-09-21
Maharashtra,Thane,Ulhasnagar,B-001905,2.06,2000.0,2023-09-24
Gujarat,VADODARA,Padra,B-004225,1.66,,2023-09-16
Maharashtra,Nagpur,Nagpur Rural,B-001107,3.53,6000.0,2023-04-10
Gujarat,Vadodara ,Padra,B-006270,1.14,4000.0,2023-12-28
Gujaaraat,Vadodara,City,B-015878,2.02,6000.0,2023-02-28
Maharashtra,Thane,Ulhaasnaagaar,B-012922,4.82,6000.0,2023-01-05
Maharashtra,Pune,Khed,B-003611,2.62,2000.0,2023-06-14
 Maharashtra,Thane,Kalyan,B-011091,1.41,2000.0,2023-11-03
Maharashtra,Pune,Baramati,B-011489,4.73,6000.0,2023-05-11
Maharashtra, Pune,Junnar,B-003768,2.49,2000.0,2023-03-27
Maharashtra,Nashik,Niphad,B-013110,0.77,2000.0,2023-07-01
MAHARASHTRA,Nashik,Nashik,B-005173,1.41,2000.0,2023-11-03
Maharashtra, Nashik,Niphad,B-006758,1.34,,2023-01-19
Gujarat,Ahmedabad ,Sanand,B-014806,0.64,,2023-07-08
Gujarat,Surat,Kamrej,B-008463,3.0,6000.0,2023-09-04
GUJARAT,Suraat,Kamrej,B-008777,3.28,2000.0,2023-02-01
Gujaaraat,Vadodara,Karjan,B-000160,2.09,,2023-02-05
Maharashtra,Pune,Junnar,B-011483,1.75,6000.0,2023-07-27
Gujarat,Vadodara,City,B-013635,2.22,2000.0,2023-06-02
Maharashtra,thane,Kalyan,B-015157,4.99,4000.0,2023-05-08
Maharashtra,Nagpur,Umred,B-015785,3.11,2000.0,2023-03-17
GUJARAT,Surat,Olpad,B-004707,3.94,2000.0,2023-02-09
Maharashtra,Thane,Thane,B-001524,2.0,,2023-01-08
Maharashtra,Nashik,Malegaon,B-018316,3.93,6000.0,2023-06-27
Maharashtra,Nagpur,Kamptee,B-011038,3.03,6000.0,2023-09-02
GUJARAT,Ahmedabad,Sanand,B-012269,4.47,,2023-06-07
Maharashtra,Pune,Haveli,B-013453,3.8,2000.0,2023-09-08
Maharashtra,Pune,Junnar,B-005604,0.97,4000.0,2023-07-21
Gujarat,Vadodara,City,B-001246,3.6,2000.0,2023-02-19
Maharashtra,Nagpur,Kamptee,B-018807,4.47,2000.0,2023-10-15
Maharashtra,Pune,Baramati,B-002925,4.6,4000.0,2023-05-12
 Maharashtra,Thane,Bhiwandi,B-007808,1.02,,2023-05-08
Gujarat,Vadodara,Vaghodia,B-005143,3.4,6000.0,2023-04-04
Gujarat,Ahmedabad,City,B-005793,3.24,,2023-10-15
Maharashtra, Nashik,Nashik,B-019771,3.72,,2023-04-06
Maharashtra,Thane,Kaalyaan,B-014653,0.85,2000.0,2023-11-02
Gujarat,Ahmedabad,City,B-009400,4.89,6000.0,2023-05-03
Maharashtra, Nashik,Igatpuri,B-004409,3.43,6000.0,2023-04-05
Gujarat,Vadodara,Vaghodia,B-002995,3.38,,2023-12-14
Maharashtra,Pune,Baramati,B-012226,3.12,4000.0,2023-08-26
Maharashtra ,PUNE,Haveli,B-011193,1.58,,2023-05-24
Maharashtra,Nashik,sinnar,B-018738,2.86,4000.0,2023-05-07
Maharashtra ,Thane,Ulhasnagar,B-016486,1.04,6000.0,2023-07-24
Maharashtra,Nagpur ,Umred,B-012077,4.66,,2023-03-01
Gujarat,Surat,Kamrej,B-003272,4.06,2000.0,2023-04-24
Gujarat,Ahmedabad ,Sanand,B-017836,4.07,,2023-07-28
Maharashtra,Thane,Ambernath,B-012050,3.43,6000.0,2023-07-17
Gujarat, Vadodara,Karjan,B-019816,3.37,2000.0,2023-01-01
Gujarat,Vadodara,Karjan,B-019562,1.51,2000.0,2023-04-02
Maharashtra,Nagpur,Kamptee,B-017117,3.81,4000.0,2023-02-13
Gujarat,Ahmedaabaad,Bavla,B-015179,4.51,2000.0,2023-05-03
Gujarat,VADODARA,Vaghodia,B-003756,4.77,2000.0,2023-12-06
Gujarat,Vadodara,Savli,B-003323,1.68,,2023-07-02
Gujarat,Vadodara,Karjan,B-013680,1.41,6000.0,2023-05-19
Maharashtra,Nashik,Niphad,B-004092,4.6,4000.0,2023-03-19
Maharashtra,Nashik,Niphad,B-013703,0.53,,2023-04-01
Gujarat,Vaadodaaraa,Savli,B-010136,0.86,2000.0,2023-05-16
Gujarat, Surat,Choryasi,B-005834,3.61,2000.0,2023-07-18
Maharashtra, Nagpur,Hingna,B-002556,4.5,4000.0,2023-03-21
Gujarat,Vadodara,Padra,B-016333,0.84,6000.0,2023-06-07
Maharashtra,Nashik,Malegaon,B-001748,4.7,4000.0,2023-02-07
Gujarat,Surat,City,B-001965,1.6,,2023-05-03
Gujarat,Vadodara,City,B-001286,2.72,4000.0,2023-10-01
Gujarat ,Vadodara,City ,B-011073,3.63,2000.0,2023-04-19
Maharashtra,Nagpur,Nagpur Rural,B-010870,2.8,,2023-04-15
Maharashtra,Nashik,Igatpuri,B-008072,3.05,2000.0,2023-01-25
Maharashtra,Nagpur,Umred,B-010057,3.41,6000.0,2023-09-04
Maharashtra,Thane,Bhiwandi,B-019271,1.6,2000.0,2023-07-19
Gujarat,VADODARA,SAVLI,B-012522,3.35,2000.0,2023-09-14
Maharashtra, Nagpur,Hingna,B-014043,3.52,4000.0,2023-03-08
Maharashtra,Pune,Junnar,B-008872,0.79,2000.0,2023-10-09
Gujarat,Ahmedabad,Dholka,B-000693,4.93,,2023-03-18
Maharashtra,Pune,Haveli,B-015210,4.49,,2023-03-02
Maharashtra,Naashik,Niphad,B-015000,2.77,6000.0,2023-07-06
Maharashtra,Nashik,Sinnar,B-006082,2.42,,2023-02-16
Maharashtra, Nashik,Igatpuri,B-010170,2.33,4000.0,2023-12-14
Maharashtra,Nashik,Niphad,B-005168,0.8,6000.0,2023-04-14
Maharashtra,Pune,Junnar,B-008067,3.64,,2023-10-18
Maharashtra,Thane,Kalyan,B-014435,4.69,4000.0,2023-04-22
Maharashtra,Thane,Thane,B-017910,4.01,,2023-09-09
Gujarat,Ahmedabad,Sanand,B-014234,2.73,,2023-09-12
Maharashtra,Nagpur ,Ramtek,B-004502,2.36,2000.0,2023-09-22
Gujarat,Vadodara ,Vaghodia,B-008042,4.44,,2023-03-07
GUJARAT,Ahmedabad ,Dholka ,B-016073,4.25,,2023-07-16
 Maharashtra,Pune,Junnar,B-014671,2.0,4000.0,2023-10-18
Gujarat,Vadodara,Karjan,B-008375,3.75,4000.0,2023-04-15
Gujarat,Surat ,Choryaasi,B-017721,4.97,2000.0,2023-12-01
Maharashtra,THANE,Ambernath,B-015783,4.51,,2023-09-01
Gujarat,Vadodara,Vaghodia,B-003639,0.57,2000.0,2023-07-25
Maharashtra,Nagpur,Hingna,B-012291,0.51,,2023-08-28
Gujarat,Vadodara,Vaghodia,B-009449,1.56,6000.0,2023-10-10
 Maharashtra,Pune,Baramati,B-002102,1.32,6000.0,2023-01-03
Gujarat,Surat,City,B-000888,1.86,2000.0,2023-07-07
Maharashtra,Nagpur,Umred,B-008614,3.5,2000.0,2023-11-24
Maharashtra,Pune,Haveli,B-019491,2.02,2000.0,2023-06-16
Maharashtra,Nashik,Sinnar,B-006934,1.78,4000.0,2023-01-19
gujarat,Surat,City,B-007837,4.23,4000.0,2023-07-26
Maharashtra,pune,Shirur,B-008860,2.33,4000.0,2023-12-06
Maharashtra,Thane,Ulhasnagar,B-017146,3.66,2000.0,2023-02-17
Maharashtra, Nagpur,Nagpur Rural,B-008233,4.89,,2023-06-15
Gujarat,Ahmedabad,Daskroi,B-005690,0.58,6000.0,2023-09-07
Maharashtra,thane,Bhiwandi,B-006451,1.56,2000.0,2023-09-18
Maharashtra,Nashik,Nashik,B-018751,4.79,4000.0,2023-10-13
Gujarat,Ahmedabad,Dholka,B-016403,4.72,4000.0,2023-11-04
Gujarat,Vadodara,Vaghodia,B-012713,1.8,2000.0,2023-05-21
MAHARASHTRA,Pune,Khed,B-002864,1.67,2000.0,2023-02-05
Gujaaraat,Ahmedabad,Dholka,B-007491,3.26,4000.0,2023-03-06
Maharashtra,Nashik,Sinnar,B-001973,1.82,,2023-02-22
MAHARASHTRA,Nashik ,Nashik,B-011441,2.48,4000.0,2023-10-20
Maharashtra,Pune,Khed,B-008491,2.24,4000.0,2023-09-16
Maharashtra,NAGPUR,Ramtek,B-017620,2.07,2000.0,2023-09-07
Gujarat,Surat,Kamrej,B-005172,4.84,,2023-01-10
Maharashtra,Nagpur,Hingna,B-011293,2.21,4000.0,2023-08-20
Gujarat,Ahmedabad,Bavla,B-000138,3.85,4000.0,2023-12-05
Maharashtra,Thane,Bhiwandi,B-019425,0.86,6000.0,2023-07-16
Gujarat,Ahmedabad,City,B-011045,4.14,2000.0,2023-01-27
Maharashtra,Thane,Ambernath,B-015096,2.92,6000.0,2023-10-23
Maharashtra,Thaane,Bhiwandi,B-006217,4.28,6000.0,2023-08-13
Maharashtra, Thane,Bhiwandi,B-009520,1.71,4000.0,2023-09-17
Gujarat,Surat,Olpad,B-001651,3.21,2000.0,2023-01-17
Gujarat,vadodara,City,B-005332,1.84,,2023-09-23
Maharashtra,Thaane,Thane,B-005925,0.74,4000.0,2023-05-26
Maharashtra, Thane,ULHASNAGAR,B-010040,2.13,,2023-05-11
Maharashtra,Nagpur,Umred ,B-019059,1.64,,2023-11-06
Gujarat,Vadodara ,City,B-004255,4.42,2000.0,2023-04-20
Maharashtra,Nagpur, Kamptee,B-003067,2.96,6000.0,2023-09-01
Maharashtra,Nashik,Igatpuri,B-008988,3.6,2000.0,2023-11-01
Gujarat,Ahmedabad, Bavla,B-018911,2.11,,2023-02-07
Maharashtra,Nashik,Sinnar,B-003886,1.95,4000.0,2023-08-27
Gujarat,Vadodara,City,B-004414,2.27,,2023-04-03
Gujarat, Vadodara,City,B-007723,2.33,4000.0,2023-08-24
Gujarat,Vadodara,Savli,B-010045,1.52,4000.0,2023-09-13
Maharashtra,nashik,Sinnar,B-005622,1.14,2000.0,2023-07-05
Maharashtra,Thane,Ambernath,B-005996,0.62,,2023-05-13
Gujarat,Surat,City,B-016821,2.54,6000.0,2023-06-08
Gujarat,Surat,City,B-008172,4.18,,2023-10-21
Gujarat, Ahmedabad,Daskroi,B-006946,0.72,,2023-09-21
Maharashtra,Pune,Baramati,B-003450,3.27,6000.0,2023-05-17
Maharashtra,Nashik,Nashik,B-006867,3.15,2000.0,2023-01-12
Maharashtra,Thane,Thane,B-016179,2.1,,2023-09-14
Gujarat,surat,Choryasi,B-012324,4.44,,2023-04-03
Gujarat ,Ahmedabad ,City,B-006100,1.05,4000.0,2023-06-21
Gujarat,Surat,Mangrol,B-005982,1.15,,2023-07-17
Gujarat,SURAT,Choryasi,B-013998,4.16,6000.0,2023-12-27
Maharashtra,Nashik ,Niphad,B-006564,4.29,4000.0,2023-05-05
Maharashtra ,Pune ,Khed,B-017075,4.83,2000.0,2023-02-14
Maharashtra,Nashik,Malegaon,B-017689,3.97,4000.0,2023-01-24
Gujarat,surat,Choryasi,B-002948,0.78,6000.0,2023-11-16
Maharashtra,Thane,Thane,B-009362,1.13,6000.0,2023-05-21
Gujarat,Surat,Olpad,B-002149,2.43,4000.0,2023-02-05
Maharashtra,Pune,Junnar,B-009436,4.9,2000.0,2023-08-22
Maharashtra,Nashik,Maalegaaon,B-011240,4.75,4000.0,2023-09-20
Maharashtra,Nashik,Malegaon,B-003745,4.52,2000.0,2023-11-07
Gujarat,Ahmedabad,Daskroi,B-013340,1.68,4000.0,2023-03-11
Gujaaraat,Surat,Olpad,B-001637,3.87,6000.0,2023-01-16
GUJARAT,Vadodara,Vaghodia,B-011810,1.78,,2023-12-15
Gujarat,Ahmedabad ,Daskroi,B-004423,2.58,,2023-05-20
Maharashtra,Nagpur,Naagpur Ruraal,B-013175,4.48,2000.0,2023-03-22
Maharashtra ,Thane,Kalyan,B-003864,1.71,2000.0,2023-12-12
 Maharashtra,Pune,Shirur,B-009099,3.4,2000.0,2023-02-04
Gujarat,Ahmedabad,Sanand,B-007082,1.2,6000.0,2023-04-26
Maharashtra,Pune,Haveli,B-014030,1.89,4000.0,2023-10-26
Maharashtra,Thane,Kalyan,B-015713,0.57,6000.0,2023-06-09
MAHARASHTRA,Pune,Khed,B-003213,1.45,,2023-10-12
Maharashtra,Pune,Junnar,B-002390,4.46,2000.0,2023-06-22
Maharashtra,Nashik,Niphad,B-018297,1.72,4000.0,2023-12-25
Maharashtra,Nashik,Sinnar,B-016099,2.25,,2023-01-11
Gujarat,Ahmedabad,Bavla,B-015016,4.68,,2023-07-27
Maharashtra,Nagpur,Umred,B-007750,2.23,,2023-06-24
Gujarat,SURAT,Kamrej,B-017174,3.21,6000.0,2023-05-07
Maharashtra ,Pune,Shirur,B-014723,2.09,2000.0,2023-08-18
Gujarat,Suraat,Kamrej,B-002894,0.57,,2023-10-11
Gujaaraat, Vadodara,City,B-006907,0.55,2000.0,2023-02-18
Gujarat,Surat,Olpad,B-019760,3.95,6000.0,2023-09-10
Gujarat,Surat,City,B-018253,4.25,,2023-05-11
Gujarat ,Surat,Choryasi,B-013917,2.6,6000.0,2023-04-06
Gujaaraat,Surat,Kamrej,B-010333,2.11,6000.0,2023-08-27
Gujaaraat,Ahmedabad,DASKROI,B-008471,0.66,2000.0,2023-06-22
 Maharashtra,Nagpur,Ramtek,B-017851,0.71,,2023-08-10
Maharashtra,Nashik,Sinnar,B-011806,4.64,6000.0,2023-05-16
GUJARAT,Vadodara ,Padra,B-014728,1.65,,2023-05-01
Gujarat, Vadodara,City,B-012867,3.44,2000.0,2023-12-22
MAHARASHTRA,PUNE,Haveli,B-018596,2.7,6000.0,2023-03-20
Maharashtra,Pune,Shirur,B-004916,4.68,2000.0,2023-07-03
Gujarat,Surat,City,B-004112,4.96,,2023-08-23
Maharashtra,Nashik,Igatpuri,B-017201,1.11,,2023-12-23
Maharashtra,PUNE,khed,B-019202,0.84,2000.0,2023-07-03
Gujarat,VADODARA,Savli,B-009304,4.71,4000.0,2023-01-27
Gujarat,Vadodara,Padra,B-000782,2.2,6000.0,2023-12-09
Maharashtra,Nashik,Sinnar ,B-018942,1.17,,2023-11-08
Maharashtra,NAGPUR,Hingna,B-001622,1.85,,2023-12-09
Maharashtra,thane,Bhiwandi,B-011314,0.78,6000.0,2023-08-21
Maharashtra,Thane,Thane,B-002677,3.28,2000.0,2023-02-09
Maharashtra, Nagpur,Kamptee,B-000984,3.24,2000.0,2023-09-22
Maharashtra,Thane,Kalyan,B-003531,3.74,2000.0,2023-12-04
Maharashtra,Nagpur,Hingna,B-017914,1.72,4000.0,2023-11-28
Gujarat,Surat,Olpad,B-015858,3.9,4000.0,2023-08-19
Maharashtra,Pune,Khed,B-017970,3.33,,2023-12-11
Maharashtra,Thane,Bhiwandi,B-013746,4.25,2000.0,2023-01-27
Maharashtra,Nashik,Sinnar,B-010320,2.93,6000.0,2023-07-11
Maharashtra,nashik,Nashik,B-015014,4.28,,2023-04-09
Maahaaraashtraa,Nashik,Sinnar,B-007371,4.04,6000.0,2023-01-01
 Maharashtra,Pune,Khed,B-012200,2.06,,2023-12-25
Gujarat,Surat, Olpad,B-005484,1.45,4000.0,2023-03-11
MAHARASHTRA,Nagpur,Nagpur Rural,B-004257,0.74,,2023-06-17
MAHARASHTRA,Nashik,Nashik,B-005915,3.58,4000.0,2023-01-18
Maharashtra,Pune,Junnar,B-005904,4.7,,2023-11-21
Maharashtra,Pune,Haveli,B-009181,4.46,2000.0,2023-02-04
Maharashtra,Nashik,Nashik,B-009134,3.66,6000.0,2023-04-02
Gujarat,Surat,City,B-013272,4.65,2000.0,2023-03-03
maharashtra,Nagpur,Hingna,B-017502,0.5,,2023-09-04
Gujarat,Surat,Mangrol,B-005639,4.61,,2023-03-03
 Gujarat,Ahmedabad,Daskroi,B-000325,2.53,,2023-02-01
Gujarat,Surat,Kamrej,B-006747,2.87,4000.0,2023-07-09
Gujarat,Surat,Choryasi,B-019774,2.63,6000.0,2023-04-12
Maharashtra,Thane,Ambernath,B-016746,2.6,6000.0,2023-03-11
Maharashtra,Nashik,Malegaon,B-014211,3.12,,2023-10-21
Gujarat,Vadodara,Padra,B-018104,4.23,,2023-06-03
Gujarat,Ahmedabad,Dholka,B-009922,1.22,4000.0,2023-11-21
Maharashtra,Thane,Thane ,B-003260,3.54,2000.0,2023-01-20
Gujarat,Ahmedabad,Sanand,B-009452,4.08,2000.0,2023-02-12
Maharashtra,Nagpur,Hingna,B-014589,3.34,6000.0,2023-04-05
Maharashtra ,Nashik,Igatpuri,B-010648,2.02,4000.0,2023-10-14
Maharashtra,Pune,Shirur,B-010636,3.24,,2023-12-12
Maharashtra,Nashik,Igatpuri,B-008822,0.91,6000.0,2023-03-25
Maharashtra,Pune,Khed,B-002860,0.89,4000.0,2023-12-23
Gujarat,Surat,Choryasi,B-012785,1.37,2000.0,2023-10-18
Maharashtra,Pune,Junnar,B-004664,4.69,4000.0,2023-05-27
Maharashtra,Nashik,Sinnar,B-017253,3.62,2000.0,2023-09-16
Gujarat,Surat,Kamrej,B-005327,1.62,4000.0,2023-08-05
Maharashtra, Thane,Ulhasnagar,B-019966,1.15,6000.0,2023-09-16
Maharashtra,Thane,Ulhasnagar,B-008364,1.86,2000.0,2023-10-21
Maahaaraashtraa,Nashik ,Niphad,B-007988,0.61,6000.0,2023-12-21
Maharashtra,Nashik,Malegaon,B-015278,1.26,6000.0,2023-12-19
Maharashtra,Pune,Baramati,B-016928,1.19,2000.0,2023-03-15
Gujarat,VADODARA,City,B-007323,0.93,2000.0,2023-11-25
Gujarat,Surat,Mangrol,B-001285,1.65,,2023-02-20
Gujarat,Surat,Kamrej,B-006244,4.94,,2023-07-11
Maharashtra, Nashik,Malegaon,B-018731,2.31,,2023-06-25
Maharashtra, Nagpur,Kamptee,B-017713,2.58,6000.0,2023-04-12
Maharashtra,Nagpur ,Umred,B-016376,0.63,6000.0,2023-11-27
gujarat,Ahmedabad,City,B-010350,1.67,,2023-06-23
Gujarat,Vadodara,Savli,B-002374,2.91,6000.0,2023-09-10
Maharashtra,Nagpur,Kamptee,B-014226,2.55,6000.0,2023-01-16
Gujarat,Vaadodaaraa,Karjan,B-002746,1.29,2000.0,2023-03-09
Gujaaraat,Ahmedabad,Bavla,B-010496,0.57,2000.0,2023-04-12
Maharashtra,Thane,Thane,B-015303,2.09,6000.0,2023-07-04
Maahaaraashtraa,Thane,kalyan,B-005528,1.82,,2023-08-28
Maharashtra,Nashik,Igatpuri,B-006912,3.33,4000.0,2023-10-17
Maharashtra,Thane,Thane,B-010343,3.02,,2023-12-01
 Maharashtra, Nagpur,Hingna,B-010033,3.64,4000.0,2023-06-13
Gujarat,Vaadodaaraa,Vaaghodiaa,B-009366,0.93,,2023-08-10
Maharashtra,Thane,Bhiwandi,B-006632,4.6,2000.0,2023-01-22
Maahaaraashtraa,Nashik,Niphad,B-013909,3.05,6000.0,2023-01-28
Gujarat,Suraat,City,B-001169,1.97,6000.0,2023-12-10
Maahaaraashtraa, Pune,Baramati,B-001297,1.07,2000.0,2023-07-21
Gujarat,Ahmedabad,City,B-002655,4.68,4000.0,2023-04-18
Gujarat, Ahmedabad,dholka,B-005630,2.99,4000.0,2023-06-19
gujarat,Vadodara,Karjan,B-003740,2.8,4000.0,2023-01-23
Maharashtra ,Thane,Thane,B-005137,1.19,2000.0,2023-07-28
Gujarat,Vadodara,Savli,B-005192,3.45,4000.0,2023-11-05
Maharashtra,Pune,junnar,B-010699,0.78,2000.0,2023-09-03
Gujarat,SURAT,Olpad,B-004774,3.68,,2023-08-13
Gujarat ,Surat ,City,B-018429,3.64,,2023-10-18
Maharashtra,Pune,Junnar,B-004383,1.07,2000.0,2023-12-05
Maharashtra,Nashik,Nashik,B-009919,4.2,6000.0,2023-03-22
Gujarat,Surat,Choryasi,B-019142,1.88,,2023-03-23
Gujarat,Ahmedabad,Dholka,B-016824,4.19,4000.0,2023-08-21
Maharashtra,Thane,Bhiwaandi,B-016492,1.13,2000.0,2023-12-08
Maharashtra,Thane,Thane,B-007290,2.55,4000.0,2023-03-17
Maharashtra,Nashik,Igatpuri,B-012796,4.17,4000.0,2023-02-14
Maharashtra,Nagpur ,Nagpur Rural,B-014137,3.0,6000.0,2023-06-07
Maharashtra, Pune,Khed,B-005951,3.21,4000.0,2023-01-26
 Maharashtra,Thane,Ambernath,B-015726,1.21,6000.0,2023-01-06
Gujarat,Surat,Mangrol,B-009617,3.79,,2023-02-09
Gujarat,Ahmedabad,daskroi,B-008536,3.03,2000.0,2023-10-04
Gujarat,Vadodara,City,B-007378,2.82,4000.0,2023-09-24
Gujarat,vadodara,City,B-006783,1.28,2000.0,2023-03-18
Gujarat,Vadodara,Savli,B-002742,0.6,4000.0,2023-08-22
Maharashtra,Nashik,Malegaon,B-015578,3.48,2000.0,2023-06-15
 Maharashtra,PUNE,Khed,B-016351,3.46,4000.0,2023-06-15
Gujarat,Ahmedabad,City,B-000379,1.99,4000.0,2023-12-25
Gujarat,Ahmedabad,Baavlaa,B-002049,1.71,4000.0,2023-10-24
Maharashtra ,Pune,Haveli,B-011924,1.07,4000.0,2023-04-13
Maharashtra,Naagpur,Umred,B-017655,3.58,4000.0,2023-08-22
Maharashtra ,pune,Baramati,B-010847,3.43,4000.0,2023-03-10
Maharashtra,Thane ,Bhiwandi,B-004123,2.63,4000.0,2023-08-06
Maharashtra,Thane,Ulhasnagar,B-012188,1.59,4000.0,2023-01-22
Gujarat,Vadodara,Karjan,B-014600,3.21,4000.0,2023-10-04
 Maharashtra, Pune,Junnar,B-012284,3.97,2000.0,2023-02-17
Maharashtra,Pune,Haveli,B-014853,3.55,6000.0,2023-03-07
Maharashtra,Pune,Haveli,B-003451,2.05,4000.0,2023-04-07
Gujarat,Surat,Olpad,B-002735,4.69,6000.0,2023-08-13
Gujarat,Ahmedabad,Sanand,B-006506,1.12,4000.0,2023-09-14
Gujarat,Ahmedabad,City,B-001688,3.76,4000.0,2023-07-25
Gujarat,Ahmedabad,Dholka,B-001566,1.26,2000.0,2023-07-10
Gujarat,vadodara,Vaghodia ,B-001046,2.09,,2023-07-21
Maharashtra,Thane ,Kalyan,B-014397,2.79,,2023-03-19
Maharashtra,Thane,Kalyan,B-007753,2.55,2000.0,2023-05-27
Maharashtra,Nagpur, Kamptee,B-008986,1.45,6000.0,2023-04-16
Maharashtra,Pune,Baramati,B-015657,4.34,,2023-09-04
Gujarat, Surat,City,B-000432,2.14,2000.0,2023-10-12
Gujarat,Ahmedaabaad,City,B-012631,0.96,2000.0,2023-04-08
Maharashtra,Nagpur,Umred,B-006505,4.31,,2023-08-24
maharashtra,Nagpur,Nagpur Rural,B-008585,2.2,6000.0,2023-12-26
Gujarat,Surat,Mangrol,B-016785,4.23,2000.0,2023-09-20
Maharashtra,Pune,Haveli,B-017225,2.47,4000.0,2023-05-08
Gujarat,Surat ,Choryasi,B-015487,1.42,6000.0,2023-11-10
Gujarat,Vadodara,City,B-004301,1.46,6000.0,2023-09-14
Maharashtra,Nagpur,Nagpur Rural,B-010127,2.87,,2023-08-26
Gujarat,Surat,Mangrol,B-002545,3.53,,2023-09-10
Maahaaraashtraa,Nashik,Niphad,B-001382,3.77,4000.0,2023-12-15
Maharashtra,Pune ,Baramati,B-010729,0.79,2000.0,2023-07-01
Gujarat,Ahmedabad,Bavla,B-006388,1.13,,2023-11-26
Gujarat,Vadodara,Karjan,B-005069,2.15,,2023-08-14
Gujarat,Ahmedabad,CITY,B-003758,2.37,6000.0,2023-02-08
Maharashtra,PUNE,Baramati,B-004054,2.84,,2023-12-08
Gujarat,Ahmedabad,Sanand,B-012085,1.56,,2023-12-09
Gujarat,AHMEDABAD,City,B-004656,3.62,,2023-01-24
Maharashtra,Nashik,Malegaon,B-018588,4.63,,2023-07-06
Gujarat,surat,Mangrol,B-010265,1.77,6000.0,2023-03-17
Gujarat,Surat,CHORYASI,B-018867,0.95,4000.0,2023-05-21
maharashtra, Pune, Baramati,B-016495,2.25,4000.0,2023-05-09
Maharashtra,Nashik, Sinnar,B-019863,4.87,2000.0,2023-04-08
Gujarat, Ahmedabad,Bavla,B-016028,3.17,,2023-09-22
GUJARAT,Vadodara,padra,B-002796,1.71,6000.0,2023-11-24
Maharashtra,Nashik,IGATPURI,B-000469,3.42,2000.0,2023-11-13
Gujarat,Vadodara ,Vaghodia,B-000576,1.26,2000.0,2023-01-21
Maharashtra,Nagpur,Umred,B-010872,3.45,4000.0,2023-03-06
Maharashtra ,Thane,Kalyan,B-005847,4.11,6000.0,2023-04-02
Gujarat,Surat,City,B-014637,3.26,6000.0,2023-01-09
Gujarat,Ahmedabad,Bavla,B-005329,2.14,6000.0,2023-11-06
Maharashtra,Nashik,Niphad ,B-014160,2.38,4000.0,2023-11-08
Maharashtra,Nashik,Igatpuri,B-007802,2.79,4000.0,2023-10-18
Maharashtra,Pune ,Shirur,B-016881,3.26,4000.0,2023-08-10
Gujarat,Vadodara,Savli ,B-014269,3.72,4000.0,2023-08-23
Maharashtra,Nashik,Sinnar,B-008857,0.51,4000.0,2023-10-24
Maharashtra,Nagpur,Ramtek,B-004464,1.8,,2023-05-09
Gujarat,Surat,Mangrol,B-014613,4.13,,2023-01-11
Gujarat,Surat,Choryasi,B-019593,2.82,6000.0,2023-10-21
Maharashtra,Pune,Baramati,B-018337,4.4,2000.0,2023-08-28
MAHARASHTRA,nagpur,Ramtek,B-019468,0.58,6000.0,2023-07-08
Maharashtra,Pune,Shirur,B-014995,4.34,2000.0,2023-08-27
Maharashtra,NAGPUR,Hingna,B-002901,0.85,4000.0,2023-11-26
Maharashtra,Nagpur,Nagpur Rural,B-017349,0.72,2000.0,2023-03-18
GUJARAT,Suraat,City,B-016420,4.35,6000.0,2023-02-09
Maharashtra,Pune ,Haveli,B-007481,1.84,6000.0,2023-03-09
MAHARASHTRA,NAGPUR,Umred,B-019258,3.98,2000.0,2023-01-01
MAHARASHTRA,Pune,Khed,B-017770,1.27,,2023-11-22
Maharashtra,nashik,Nashik,B-010418,4.26,4000.0,2023-10-04
Maharashtra,Nashik,Igatpuri,B-014374,4.88,4000.0,2023-02-21
Gujarat,Vadodara ,Padra,B-009241,3.63,6000.0,2023-05-14
Gujarat,Vaadodaaraa,Padra,B-007127,4.54,,2023-10-28
Gujarat,Surat,Mangrol,B-008577,0.81,2000.0,2023-05-01
 Maharashtra,nashik,Niphad,B-010483,4.53,4000.0,2023-04-13
MAHARASHTRA,Pune,Junnar,B-010479,2.0,,2023-08-27
Maharashtra,Nashik,Nashik,B-016296,4.01,4000.0,2023-07-06
Maharashtra,Nagpur,Umred,B-005074,3.07,,2023-12-15
GUJARAT,Surat,Mangrol,B-005689,2.76,,2023-02-09
GUJARAT,SURAT,Olpad,B-015054,4.34,6000.0,2023-04-17
Maharashtra ,NAGPUR,Nagpur Rural,B-008842,3.21,4000.0,2023-01-13
Maharashtra,Naagpur,Umred,B-003722,1.81,2000.0,2023-01-24
Maharashtra,NAGPUR,Hingna,B-013185,4.66,6000.0,2023-03-19
Maharashtra,Nagpur,Umred,B-001468,0.62,6000.0,2023-11-27
Maharashtra,Nashik , Igatpuri,B-007240,4.59,2000.0,2023-12-20
 Maharashtra,Nashik ,Niphad,B-005045,4.37,6000.0,2023-09-27
Maharashtra,Nashik,Igatpuri,B-005993,4.74,,2023-06-26
Maharashtra,Nagpur,Nagpur Rural,B-006754,2.03,,2023-01-19
Maharashtra,Thane,Bhiwandi,B-018766,0.77,4000.0,2023-12-06
Gujarat,Ahmedabad,Sanand,B-018612,3.83,4000.0,2023-11-07
maharashtra,Pune,Haveli,B-004974,0.82,2000.0,2023-07-20
Maharashtra, Thane,Ambernath,B-018388,3.74,4000.0,2023-06-06
Maharashtra,Nagpur ,Hingna,B-000002,2.21,,2023-06-02
Gujarat,Ahmedabad,Dholka,B-008575,4.3,2000.0,2023-11-01
Maharashtra,Nashik ,Malegaon,B-013360,3.36,2000.0,2023-12-09
Maharashtra,Nagpur,Hingna ,B-019386,2.1,4000.0,2023-07-06
Maharashtra, Thane,Ambernath,B-013893,4.53,,2023-09-01
Maharashtra,Thane,Kalyan,B-002234,1.86,2000.0,2023-01-08
Maharashtra,Nashik ,Niphad,B-005635,1.96,,2023-04-23
Maharashtra ,NAGPUR,Umred,B-004699,2.34,,2023-02-10
Maharashtra,NASHIK,Igatpuri,B-007688,2.05,,2023-12-09
Maharashtra,nashik,Niphad,B-008768,4.29,4000.0,2023-07-18
Maharashtra,Thane ,Thane,B-000137,4.86,6000.0,2023-02-24
Maharashtra , Nashik,Malegaon,B-015644,2.5,6000.0,2023-08-18
 Gujarat,Surat,Mangrol,B-008060,1.81,2000.0,2023-03-17
Gujarat,Surat,choryasi,B-012378,2.57,,2023-02-24
Maharashtra,Pune,Baramati,B-019368,1.82,4000.0,2023-05-17
Maharashtra,Pune,Haveli,B-004909,1.08,,2023-02-24
Gujarat,Vadodara,Vaghodia,B-000150,0.61,,2023-05-19
Maharashtra,Pune,Shirur,B-012549,0.78,4000.0,2023-03-23
Maharashtra,Nashik,Niphad,B-007053,4.63,6000.0,2023-03-01
Maharashtra, Thane,Ulhasnagar,B-013074,4.5,,2023-02-05
maharashtra,Pune,Shirur,B-017945,4.85,,2023-02-01
Gujarat,ahmedabad,Sanand,B-017961,2.85,6000.0,2023-08-18
 Gujarat, Ahmedabad,City,B-003789,4.14,4000.0,2023-11-04
Maahaaraashtraa,thane,Bhiwandi,B-015403,0.59,2000.0,2023-06-04
Maharashtra,Thane,Bhiwandi,B-000119,3.58,6000.0,2023-02-11
Maharashtra,Nashik ,Igatpuri,B-008982,0.86,2000.0,2023-12-14
Maharashtra,Nashik,MALEGAON,B-018293,3.88,2000.0,2023-10-07
 Maharashtra, Thane,Kalyan,B-003090,0.55,6000.0,2023-05-23
Gujarat ,Vadodara,Padra,B-006746,3.64,,2023-08-07
Gujarat,vadodara,Padra,B-019474,1.95,2000.0,2023-01-18
Maharashtra,Thane,Ambernath,B-017223,4.67,2000.0,2023-09-17
Gujarat,Suraat,Olpad,B-006468,3.17,4000.0,2023-06-25
Maharashtra,Nashik,igatpuri,B-004095,4.65,,2023-10-24
Maharashtra,Thane,Thane,B-002676,0.94,2000.0,2023-12-27
Maharashtra,Thaane,Bhiwandi,B-011714,2.77,4000.0,2023-03-27
Gujarat,Suraat,Kamrej,B-014992,3.65,,2023-11-06
Gujarat,Vadodara,Savli,B-010584,0.85,6000.0,2023-12-19
Maharashtra,Thane,Kalyan,B-006386,1.36,6000.0,2023-12-11
 Maharashtra,PUNE,Baramati,B-013573,2.9,4000.0,2023-12-14
Gujarat,Surat,City,B-006200,4.45,6000.0,2023-01-11
Maharashtra,PUNE,Shirur,B-003615,2.61,2000.0,2023-05-07
Maharashtra,Pune,Khed,B-016160,2.82,,2023-11-13
Gujarat, Surat,MANGROL,B-001298,1.63,2000.0,2023-01-17
Maharashtra,NASHIK,Igatpuri,B-006918,3.93,2000.0,2023-06-15
MAHARASHTRA,Nashik,Malegaon,B-010246,2.23,6000.0,2023-12-13
 Maharashtra,Nashik,Nashik,B-003925,3.15,2000.0,2023-06-24
Maharashtra,Nagpur,Kamptee,B-015072,2.31,6000.0,2023-11-18
Gujarat,Surat,Choryasi,B-012527,0.89,,2023-01-18
MAHARASHTRA,Thane,Bhiwandi,B-013107,1.31,,2023-11-22
Gujarat,Vadodara,City,B-010047,0.59,2000.0,2023-09-14
Maharashtra,Naashik,Igatpuri,B-013232,4.87,4000.0,2023-01-13
Gujarat,Surat,City,B-011370,0.54,6000.0,2023-12-11
gujarat,Ahmedabad,Sanand,B-018758,4.65,6000.0,2023-11-20
Maharashtra,Pune,Junnar,B-004455,0.72,2000.0,2023-12-19
Gujarat,Vadodara,Vaghodia,B-004665,2.17,6000.0,2023-07-10
Maharashtra,Thane,Ambernath,B-010625,3.99,6000.0,2023-03-09
Maharashtra,Nashik,Sinnar,B-018875,3.65,4000.0,2023-10-21
Maharashtra,pune,Baramati,B-008716,2.77,4000.0,2023-12-10
Gujarat,Vadodara,Karjan,B-016844,0.56,2000.0,2023-03-27
Maharashtra,nagpur,Nagpur Rural,B-004405,3.95,4000.0,2023-07-15
Gujarat,Ahmedabad,Daskroi,B-006766,4.06,2000.0,2023-05-07
Gujarat,Vadodara,Padra,B-003081,0.97,,2023-08-12
Maharashtra,Nagpur,Raamtek,B-019469,1.62,2000.0,2023-09-13
Maharashtra,Pune, Baramati,B-001122,2.73,,2023-09-14
Gujarat,Surat,Kamrej,B-016854,2.15,2000.0,2023-04-25
Gujarat,Ahmedabad,City,B-002239,3.48,6000.0,2023-08-10
Maharashtra,nashik,Niphad,B-004745,1.27,4000.0,2023-08-18
Maharashtra,Pune,Baramati,B-001809,2.93,,2023-01-04
Maharashtra,pune,Haveli,B-015741,4.31,2000.0,2023-05-04
Gujaaraat, Surat,City,B-007461,3.67,4000.0,2023-09-26
 Gujarat,Ahmedabad,Sanand,B-016171,2.74,2000.0,2023-07-09
Maharashtra,Thane,Ambernath,B-007419,4.03,4000.0,2023-05-24
Gujarat,Surat,City,B-004459,1.06,4000.0,2023-03-15
gujarat,Surat ,Kamrej,B-011477,4.06,2000.0,2023-01-06
GUJARAT,Ahmedabad,Dholka,B-019147,4.08,,2023-06-24
Gujarat,Ahmedabad,Daskroi,B-008061,3.14,,2023-07-18
Gujarat,Vadodara,Vaghodia,B-003077,3.31,6000.0,2023-04-28
Maharashtra,Nashik,Niphad,B-015959,1.36,4000.0,2023-10-03
GUJARAT,Vadodara,Karjan,B-000318,2.35,6000.0,2023-11-10
Maharashtra,Thane,Ambernath,B-002493,3.51,6000.0,2023-08-08
Gujarat,Ahmedabad,Dholka,B-000814,4.31,2000.0,2023-09-11
Gujarat,Surat,Kamrej,B-018102,1.88,2000.0,2023-07-25
MAHARASHTRA,Nashik,Sinnar,B-000363,3.08,2000.0,2023-01-06
Maharashtra, Thane,Ulhasnagar,B-003047,4.08,4000.0,2023-03-28
Maharashtra,Nashik,Niphad,B-001676,1.93,2000.0,2023-03-04
Gujarat,Surat,Olpad,B-004623,4.69,2000.0,2023-07-02
 Maharashtra,Nagpur,Nagpur Rural,B-004411,3.3,4000.0,2023-09-22
Maharashtra,Nashik ,Nashik,B-014457,2.12,4000.0,2023-03-25
Maharashtra,Nashik,Sinnar,B-011718,4.62,,2023-11-22
Maharashtra,Thane,AMBERNATH,B-007184,4.47,2000.0,2023-09-13
Maharashtra,Nashik,Niphad,B-011913,2.2,2000.0,2023-07-20
Maharashtra,Pune,Khed,B-000135,2.89,2000.0,2023-01-05
Gujarat,Surat,City,B-003815,3.0,,2023-04-28
Maharashtra,Pune,shirur,B-019817,2.6,2000.0,2023-10-26
Maharashtra,Nagpur,Hingna,B-002469,3.63,,2023-09-14
maharashtra,Pune,Khed,B-000242,4.11,6000.0,2023-04-09
Gujaaraat,Ahmedabad,City,B-008087,3.41,,2023-05-12
Maharashtra,Thane,Bhiwandi,B-003559,2.73,6000.0,2023-09-04
Maharashtra,Thane,Ambernath,B-005602,1.15,2000.0,2023-06-01
Gujarat,Surat,Mangrol,B-006886,1.1,6000.0,2023-04-20
Gujarat,ahmedabad,Sanand,B-005105,2.43,,2023-08-28
Gujarat,Ahmedabad ,Daskroi,B-012874,3.87,4000.0,2023-08-26
Gujarat,Ahmedabad,Dholka,B-013099,2.54,6000.0,2023-04-13
Maharashtra,Pune,Shirur,B-019479,0.88,6000.0,2023-06-25
Maharashtra,Nagpur,Nagpur Rural,B-006085,1.92,2000.0,2023-07-23
Maharashtra,Pune,Shirur,B-017316,4.08,,2023-03-23
Maharashtra,Thane,Kalyan,B-011419,0.84,6000.0,2023-09-06
Gujarat,Surat,Kamrej,B-017426,0.77,6000.0,2023-07-03
Maharashtra,Thane,Kalyan ,B-000520,3.95,6000.0,2023-10-13
maharashtra,Thaane,Ambernath,B-015103,2.36,6000.0,2023-09-26
Maharashtra,Nashik,Niphad,B-001315,3.45,4000.0,2023-07-27
Maharashtra,Naagpur,Ramtek,B-013821,2.65,,2023-06-09
Maharashtra ,Pune,Haveli,B-012298,1.05,2000.0,2023-06-04
Maharashtra,Nashik,NIPHAD,B-017785,2.89,2000.0,2023-03-14
Gujarat,Ahmedabad,Sanand,B-000919,2.04,4000.0,2023-10-08
Gujarat,Ahmedabad,Dholka,B-004367,3.93,,2023-06-22
Maharashtra ,Thane,Kalyan,B-012709,3.9,6000.0,2023-10-08
Gujarat,Surat,Kamrej,B-006430,3.46,4000.0,2023-11-06
Maharashtra,Nashik,Malegaon,B-001170,0.65,,2023-05-09
Gujarat,Vadodara,Padra,B-008900,3.64,6000.0,2023-10-22
Maahaaraashtraa,Pune,Haveli,B-007703,3.98,4000.0,2023-10-06
GUJARAT,Surat,Kamrej,B-002976,3.75,,2023-09-15
Maharashtra,Pune,Shirur,B-003149,1.55,2000.0,2023-11-21
Maharashtra,Thaane,Bhiwandi,B-013788,3.48,2000.0,2023-12-08
Gujarat,Ahmedabad,City,B-004098,1.76,,2023-03-20
Maharashtra,Thane, Kalyan,B-015135,2.82,2000.0,2023-07-23
Maharashtra,Pune,Baramati,B-015664,4.54,,2023-05-22
Maharashtra,Nashik,Malegaon,B-013571,0.97,6000.0,2023-06-15
Gujaaraat, Surat,Mangrol,B-000207,4.47,,2023-03-03
Gujarat,Vadodara,Padra,B-016582,1.56,6000.0,2023-09-24
Gujarat ,VADODARA,Padra,B-012586,3.06,4000.0,2023-02-13
Gujarat,Surat,Olpad,B-011710,1.26,,2023-12-22
Gujarat,Surat,City,B-018300,3.39,4000.0,2023-07-16
gujarat,Surat,City,B-006305,2.59,2000.0,2023-11-21
 Maharashtra,Nashik,Malegaon,B-012636,4.68,6000.0,2023-07-15
Maharashtra,Pune,Baramati,B-007258,2.49,,2023-11-09
Gujarat,Vadodara,Savli,B-018880,2.0,4000.0,2023-09-12
Maharashtra ,Nashik,Malegaon,B-012086,0.75,6000.0,2023-01-26
Maharashtra, Nashik,Niphad,B-000550,2.04,6000.0,2023-03-10
Gujarat,Vadodara,city,B-003264,2.06,2000.0,2023-06-17
Maharashtra,Nashik,Malegaon,B-007551,4.22,2000.0,2023-06-03
Gujaaraat,Surat,Kamrej,B-012048,0.62,6000.0,2023-08-16
Gujarat,Surat,Olpad,B-012632,1.03,6000.0,2023-02-26
Gujarat,SURAT,City,B-001540,1.37,,2023-05-06
Gujarat,AHMEDABAD,Sanand,B-008539,1.6,6000.0,2023-12-24
Maharashtra,nashik,Malegaon,B-010912,4.77,,2023-12-13
Gujarat,Surat,Kaamrej,B-003416,3.15,6000.0,2023-10-12
Gujarat, Surat, Kamrej,B-007747,2.9,2000.0,2023-12-05
Gujarat,ahmedabad,Bavla,B-018753,4.11,,2023-04-11
Maharashtra,Thane,Ambernath,B-019224,4.04,4000.0,2023-08-20
Gujarat,Vadodara,Vaghodia,B-016274,2.47,2000.0,2023-07-08
Gujarat,Surat,Choryasi,B-019853,1.9,,2023-05-19
Gujarat, Vadodara,Vaghodia,B-002599,1.37,,2023-03-26
Gujarat,Surat,Choryasi,B-017258,3.35,4000.0,2023-07-27
Maharashtra,Pune,Khed,B-011932,1.16,,2023-10-28
Maharashtra,NAGPUR,Ramtek,B-000692,1.68,6000.0,2023-04-21
Gujaaraat,Ahmedabad,Daskroi,B-012202,1.26,4000.0,2023-10-19
Maharashtra,nashik,sinnar,B-014794,1.47,2000.0,2023-03-24
Gujaaraat,Vadodara,Vaghodia,B-008535,0.97,2000.0,2023-01-25
Gujarat,Ahmedabad,Bavla,B-002002,2.42,6000.0,2023-07-18
Maharashtra,Pune,Junnar,B-004151,4.78,2000.0,2023-01-10
Maharashtra ,Pune,Khed,B-007885,4.42,,2023-09-01
Maharashtra,Nagpur,Nagpur Rural,B-010462,4.41,,2023-05-07
Maharashtra,Thane,Thane,B-004896,1.38,6000.0,2023-02-24
Maharashtra ,Nagpur ,Hingna,B-018834,3.83,2000.0,2023-11-20
Maharashtra,Nagpur,Ramtek,B-005906,3.81,2000.0,2023-02-20
Gujarat,Ahmedabad,Dholka,B-000854,3.46,6000.0,2023-10-28
Maharashtra, Pune,Shirur,B-017497,1.93,4000.0,2023-12-19
Maharashtra ,Nagpur,Ramtek,B-018499,3.36,2000.0,2023-07-01
Maharashtra,Pune,Khed,B-003569,2.84,4000.0,2023-02-25
Maharashtra,Nagpur,Nagpur Rural,B-016020,4.96,2000.0,2023-07-01
Gujarat,Ahmedabad,Dholka,B-003867,4.3,2000.0,2023-04-21
Maharashtra,Thane,Bhiwandi,B-010370,0.51,2000.0,2023-10-14
Maharashtra,Pune,Baramati,B-007114,4.12,2000.0,2023-01-12
Maharashtra ,Nashik,Igatpuri,B-018459,4.67,,2023-11-18
Gujarat,Vadodara,Karjan,B-000247,4.19,4000.0,2023-09-01
Maharashtra,Thane,Ambernath,B-015503,1.74,4000.0,2023-12-11
Gujarat,Ahmedabad,City,B-013016,3.07,2000.0,2023-04-06
Maharashtra ,Thane,Ulhasnagar,B-004524,2.53,2000.0,2023-11-26
Maahaaraashtraa,THANE,Ulhasnagar,B-009580,3.32,4000.0,2023-04-17
Maharashtra,Pune,Shirur,B-001961,2.48,,2023-01-20
Gujaaraat,Ahmedabad,Bavla,B-006485,2.77,6000.0,2023-07-17
Maharashtra,Pune,Baramati,B-018884,1.15,6000.0,2023-01-02
Gujarat,Vadodara,Vaghodia,B-003983,1.97,4000.0,2023-09-27
Gujarat,Ahmedabad,City,B-000147,4.19,2000.0,2023-09-02
Maharashtra, Nashik,Niphad,B-000689,0.87,2000.0,2023-01-12
Gujarat,Surat,Choryasi,B-009521,1.42,,2023-01-15
Maharashtra,Thane,KALYAN,B-017063,1.65,6000.0,2023-01-24
Gujarat,Ahmedabad ,sanand,B-018112,3.85,,2023-09-04
Maharashtra,Thane,thane,B-018377,0.51,6000.0,2023-05-17
Gujarat,Ahmedabad,Sanand,B-011279,3.97,4000.0,2023-12-05
Maharashtra,Nashik,Niphad,B-009769,4.44,6000.0,2023-10-10
Gujarat ,Ahmedabad,City,B-002540,2.23,,2023-06-27
Gujarat,ahmedabad,Bavla,B-014263,3.48,,2023-12-25
Gujarat,vadodara,Karjan,B-012629,3.48,,2023-02-11
Maharashtra, Nagpur,Umred,B-001467,0.93,4000.0,2023-05-17
maharashtra,Nashik,Igatpuri,B-004076,4.68,6000.0,2023-03-22
Gujarat, Surat,Choryasi,B-002584,2.36,6000.0,2023-12-19
Maharashtra,Thane,Ambernath,B-008191,0.77,,2023-02-03
Maharashtra,nashik,Nashik,B-001498,2.55,6000.0,2023-07-11
Gujarat,Ahmedabad,Bavla,B-011239,1.61,2000.0,2023-04-18
Maharashtra,Nashik,Niphad,B-014683,1.88,2000.0,2023-07-06
Maharashtra, Nashik,Malegaon,B-014877,3.21,2000.0,2023-01-11
Maharashtra,Nashik,Niphad,B-012445,4.0,6000.0,2023-01-11
Gujarat ,ahmedabad,Bavla,B-018114,1.54,4000.0,2023-03-11
Gujarat,Suraat,Kamrej,B-018271,2.6,4000.0,2023-02-02
Gujarat,Ahmedabad,Bavla,B-000980,3.84,4000.0,2023-10-17
Maharashtra,Nagpur,Nagpur Rural,B-005825,3.17,4000.0,2023-12-26
 Gujarat,Ahmedabad ,Bavla,B-010561,0.93,2000.0,2023-04-05
Maahaaraashtraa,Thane,Ambernath,B-017523,1.27,2000.0,2023-09-02
MAHARASHTRA,Nashik,Nashik,B-011491,2.57,,2023-03-13
Gujarat,Ahmedabad,City,B-008788,1.68,6000.0,2023-01-10
Gujarat,Ahmedabad,Daskroi,B-015176,4.95,6000.0,2023-02-10
Gujarat,Ahmedabad,Bavla,B-017512,2.18,4000.0,2023-01-07
Maharashtra,pune,Junnar,B-002062,0.57,2000.0,2023-02-07
Maharashtra,Pune,Shirur,B-017323,0.88,4000.0,2023-04-15
Gujarat,Vadodara,City ,B-003813,2.01,,2023-10-05
Maharashtra,Nagpur,RAMTEK,B-019080,2.42,6000.0,2023-12-10
Gujarat,Surat,Mangrol,B-009149,3.13,6000.0,2023-09-15
Maharashtra,Nashik,Malegaon,B-012920,4.01,4000.0,2023-02-03
Maharashtra,Nashik,Sinnar,B-014473,4.04,,2023-10-20
Gujarat,Ahmedabad,Dholka,B-012398,1.36,6000.0,2023-10-14
gujarat,Vadodara,Vaghodia,B-005691,3.27,,2023-05-16
Gujarat ,Ahmedabad,City,B-013198,0.93,,2023-03-27
Gujarat,Vadodara,City,B-007188,1.14,4000.0,2023-12-12
Maharashtra,Nashik,Igatpuri,B-012013,3.94,2000.0,2023-02-26
Maharashtra,thane,Ambernath,B-003162,2.33,4000.0,2023-10-22
Gujarat,Vadodara,City,B-000350,3.12,2000.0,2023-01-16
Maahaaraashtraa,Nagpur,Kamptee,B-014627,4.54,,2023-02-04
Gujarat,Ahmedabad,Bavla,B-006190,3.12,2000.0,2023-04-16
Maharashtra,Nagpur,Kamptee,B-005869,2.3,,2023-03-13
 Maharashtra,Thane,Ambernath,B-019328,1.86,6000.0,2023-09-18
Maharashtra,Thane,Ulhasnagar,B-015083,2.51,6000.0,2023-05-15
Gujarat,vadodara,Padra,B-015334,3.62,6000.0,2023-11-03
Maharashtra,Pune,Shirur,B-016107,1.66,4000.0,2023-05-09
 Maharashtra,Pune,Junnar,B-007952,3.21,4000.0,2023-03-09
Maharashtra,Thane,Ambernath,B-011578,2.33,,2023-07-02
Maharashtra,Thane,Ulhasnagar,B-007169,3.81,6000.0,2023-02-04
Gujarat,Vadodara,Karjan,B-009160,3.83,4000.0,2023-12-15
Maharashtra,Nashik,Igatpuri,B-018417,2.38,6000.0,2023-09-24
Maharashtra,THANE,Ulhasnagar,B-008893,1.59,4000.0,2023-11-21
Maharashtra,Nagpur,Hingna,B-015177,0.97,2000.0,2023-07-16
Gujarat,AHMEDABAD,City,B-008030,1.75,2000.0,2023-11-12
Gujarat,Ahmedabad,Daskroi,B-003110,0.63,6000.0,2023-08-20
Maharashtra,Pune,Junnar ,B-009285,3.34,,2023-06-11
maharashtra,NASHIK,Sinnar,B-003058,4.68,4000.0,2023-02-05
Gujarat ,Vadodara,City,B-008907,1.33,4000.0,2023-11-18
Gujarat,Ahmedabad,Sanand,B-005697,2.15,2000.0,2023-06-26
Maharashtra,Nashik,Nashik,B-005304,1.8,2000.0,2023-09-12
Gujarat,Surat,Olpad,B-012000,4.61,,2023-12-09
Maharashtra,NASHIK,Sinnar,B-007675,0.61,,2023-03-02
 Maharashtra,Thaane,Bhiwandi,B-004511,2.56,,2023-07-11
Maharashtra,Nashik,Nashik,B-013621,0.98,6000.0,2023-05-17
Gujarat,Surat,Mangrol,B-009809,1.54,2000.0,2023-03-12
MAHARASHTRA,Pune,Baramati,B-014100,3.81,6000.0,2023-06-13
Maharashtra,nashik,Niphad,B-018564,2.06,2000.0,2023-07-19
Gujarat,Ahmedabad ,Dholka,B-016151,2.84,2000.0,2023-05-22
 Gujarat,Ahmedabad ,sanand,B-001129,4.1,4000.0,2023-11-06
Maharashtra,Pune,Baramati,B-008703,0.65,2000.0,2023-01-26
GUJARAT,Surat ,Choryasi,B-014175,4.83,2000.0,2023-08-11
Maharashtra,Nagpur,Kamptee,B-019073,4.51,6000.0,2023-07-01
Gujarat,Ahmedabad,Daskroi ,B-004845,3.55,2000.0,2023-04-09
 Maharashtra,Nashik,Malegaon,B-013426,1.48,6000.0,2023-11-02
Gujarat,Suraat,Mangrol,B-019976,3.28,,2023-10-28
Gujarat,Ahmedabad,Daskroi,B-008874,2.69,2000.0,2023-05-06
Gujarat, Vadodara,Karjan,B-006015,4.93,2000.0,2023-12-21
Gujarat,Vadodara,City,B-007440,4.58,6000.0,2023-09-02
MAHARASHTRA,Nagpur ,Kamptee,B-000012,4.7,,2023-03-07
Gujarat,Vadodara,Savli,B-014635,1.45,4000.0,2023-08-11
Maharashtra,Pune,Baramati,B-010454,2.29,,2023-04-21
Maharashtra,Nashik,Malegaon,B-008290,2.97,6000.0,2023-07-02
Maharashtra,Thane,Bhiwandi,B-006211,2.38,,2023-07-24
Gujarat,Ahmedabad,Bavla,B-012021,1.61,6000.0,2023-11-19
gujarat,Vadodara,City,B-019964,2.21,6000.0,2023-12-13
Maharashtra,Pune,BARAMATI,B-000307,4.84,4000.0,2023-07-22
Gujarat,ahmedabad,Bavla,B-010154,1.69,2000.0,2023-08-15
 Maharashtra,Pune,Baramati,B-019897,1.99,6000.0,2023-04-11
Gujarat,Surat,Choryasi,B-005966,2.53,6000.0,2023-03-25
Maharashtra,Thane ,Bhiwandi,B-012715,4.14,4000.0,2023-01-10
Gujarat,Vadodara,Karjan,B-010162,0.88,6000.0,2023-10-02
Gujarat,Surat,City,B-016950,4.38,2000.0,2023-11-13
Gujarat,Vadodara, Padra,B-005255,2.79,4000.0,2023-02-06
Gujarat, Ahmedabad,Sanand,B-011813,4.85,2000.0,2023-02-13
Maharashtra,Thane,Ulhasnagar,B-016015,4.32,2000.0,2023-03-12
Maharashtra, Thane,Thane,B-010786,4.37,4000.0,2023-07-03
Gujarat,Vadodara,Padra,B-008831,3.51,6000.0,2023-06-27
Gujarat,Vadodara,Savli,B-013420,1.56,2000.0,2023-07-01
Gujarat,Vadodara ,PADRA,B-006349,3.8,2000.0,2023-04-16
Gujarat,Vadodara,Vaghodia,B-003111,4.25,2000.0,2023-10-06
Gujarat,Ahmedabad,Dholka,B-008587,0.61,2000.0,2023-01-16
Gujarat,ahmedabad,BAVLA,B-011194,2.68,4000.0,2023-06-01
Maharashtra,Nashik, Niphad,B-008152,4.43,4000.0,2023-10-05
Maharashtra,pune,Baramati,B-018249,3.57,,2023-04-26
Gujarat,Vadodara,City,B-009036,3.06,,2023-10-06
Maharashtra,Nagpur,Umred,B-016985,3.3,2000.0,2023-10-11
 Maharashtra,Thane,Kalyan,B-016597,1.61,6000.0,2023-12-25
Maharashtra,Thane,Thane,B-004639,2.8,2000.0,2023-03-25
 Maharashtra,Thaane,Ambernaath,B-015599,4.23,6000.0,2023-10-17
Maharashtra,Nagpur,Hingna,B-006715,3.49,2000.0,2023-01-19
Gujarat,Vaadodaaraa,Vaghodia,B-010501,0.78,,2023-01-20
Maharashtra,Nashik,Sinnar,B-005277,4.98,,2023-05-11
Maharashtra ,Nagpur,Ramtek,B-016135,2.7,6000.0,2023-03-23
GUJARAT,Vadodara ,City,B-018984,1.57,2000.0,2023-06-02
Maharashtra,Nagpur,Hingna,B-008573,4.43,6000.0,2023-10-15
Maharashtra, Thane,Kalyan,B-019084,3.66,,2023-02-14
Maharashtra,Pune ,Haveli,B-001093,4.02,2000.0,2023-02-08
Maharashtra,Nashik,Niphad,B-000718,4.77,2000.0,2023-06-27
Gujarat,Suraat,Mangrol,B-017625,3.85,6000.0,2023-08-03
Maharashtra,NAGPUR,Nagpur Rural,B-002127,2.54,4000.0,2023-04-24
Maharashtra,Nagpur ,Kamptee,B-016389,1.98,6000.0,2023-06-28
Maharashtra,Pune,Junnar,B-017737,3.63,,2023-09-11
Maharashtra,Pune,Shirur,B-016721,2.39,,2023-06-12
Maharashtra,Pune,Shirur,B-001754,2.36,,2023-08-13
Maharashtra, Pune,Junnar,B-007953,1.88,,2023-12-19
Gujarat,Ahmedabad,Sanand,B-003140,3.5,,2023-12-09
Maharashtra,NASHIK,Niphad,B-001618,0.97,4000.0,2023-07-05
 Gujarat,Surat,Olpad,B-000522,3.69,2000.0,2023-05-05
MAHARASHTRA,Nashik,Malegaon,B-009356,3.41,6000.0,2023-12-26
Gujaaraat,Vaadodaaraa,CITY,B-016507,1.66,6000.0,2023-04-04
Gujarat,SURAT,Mangrol,B-018094,2.14,,2023-04-24
GUJARAT, Ahmedabad,City,B-006367,1.84,6000.0,2023-04-24
GUJARAT,Ahmedabad,City,B-010780,1.41,,2023-11-23
Maharashtra, Thane,Ulhasnagar,B-008027,3.22,4000.0,2023-11-03
Gujarat,Ahmedabad,Dholka,B-008616,1.68,4000.0,2023-11-03
Gujarat,Ahmedabad,Sanand,B-010224,4.72,2000.0,2023-11-17
Maharashtra, Nashik,Nashik,B-019722,4.84,4000.0,2023-12-22
Maahaaraashtraa,Naagpur,Umred,B-018895,1.65,4000.0,2023-09-23
Maahaaraashtraa,Pune,Baramati,B-004194,1.03,2000.0,2023-09-14
Maharashtra,Nagpur,Hingna,B-017352,0.88,6000.0,2023-12-06
Gujarat,Ahmedabad,Bavla,B-006003,4.64,,2023-06-08
Gujarat,Suraat,Choryasi,B-003617,1.0,,2023-04-14
Gujarat,Surat,mangrol,B-009928,2.43,6000.0,2023-01-11
Maharashtra,Thane,BHIWANDI,B-011762,2.22,2000.0,2023-02-05
Gujarat,Vadodara,Padra,B-001162,3.89,6000.0,2023-06-08
 Maharashtra,Pune,Shirur,B-000215,3.18,4000.0,2023-01-22
Gujarat,Ahmedabad,Dholka,B-003420,2.42,2000.0,2023-03-28
Maharashtra,Pune,Junnar,B-010744,1.38,2000.0,2023-10-25
Maharashtra,Nagpur,Hingna,B-008052,4.48,2000.0,2023-08-11
Gujarat,Ahmedabad,Dholka,B-013633,4.5,,2023-02-20
Maharashtra,Nagpur,Umred,B-001311,2.54,6000.0,2023-06-11
Maharashtra,Pune,Haveli,B-007669,1.83,2000.0,2023-04-18
Maahaaraashtraa,Thane,Bhiwandi,B-013124,2.2,2000.0,2023-06-10
Gujarat,Ahmedabad,Sanand,B-010469,3.12,2000.0,2023-02-09
Maharashtra,Nagpur,Ramtek ,B-000995,2.27,6000.0,2023-07-22
Maharashtra,Pune,Junnar,B-018283,2.78,,2023-09-06
MAHARASHTRA,Naashik,Niphad,B-017962,2.69,4000.0,2023-04-27
Maharashtra,Thane,Ambernath,B-012182,3.52,,2023-10-19
Maharashtra,Nagpur,Hingna,B-016521,2.34,2000.0,2023-09-12
Gujarat,Vadodara,Vaghodia,B-013469,1.17,,2023-06-23
Maharashtra,Thane,Bhiwandi,B-006047,2.32,,2023-09-16
maharashtra,Nagpur,Hingna,B-015462,4.38,4000.0,2023-11-11
Gujarat,Ahmedabad ,Daskroi,B-011607,4.13,6000.0,2023-07-22
Gujarat,Vadodara,Savli,B-000956,3.23,6000.0,2023-09-14
Maharashtra,Thaane,Thane,B-013495,3.67,,2023-09-11
Gujarat, Ahmedabad,City,B-015356,3.65,,2023-10-10
Maahaaraashtraa,Nashik,Igatpuri,B-004356,4.6,6000.0,2023-06-09
Maharashtra,Thane, Ambernath,B-019958,2.58,6000.0,2023-07-05
Maharashtra,Thane,Ambernath,B-018346,2.73,4000.0,2023-01-10
Maharashtra,Pune,Khed,B-012031,3.61,2000.0,2023-11-23
Gujarat,Surat,Mangrol,B-001154,1.63,,2023-08-14
Gujarat,Ahmedabad,Dholka,B-013672,4.84,6000.0,2023-11-15
Gujarat,Vadodara,padra,B-004980,2.28,,2023-11-12
Maharashtra, Nagpur,Hingna,B-001277,4.1,,2023-04-09
gujarat,surat,Choryasi,B-018768,2.81,6000.0,2023-10-05
MAHARASHTRA,Nagpur,RAMTEK,B-008512,3.28,4000.0,2023-01-06
gujarat,Ahmedabad,Sanand,B-001592,3.53,,2023-08-06
Maharashtra,Pune,Junnar,B-019076,1.58,4000.0,2023-09-07
Maharashtra,Pune,Khed,B-018480,2.66,6000.0,2023-05-11
Gujarat,AHMEDABAD,Dholka,B-016610,1.54,2000.0,2023-04-27
Maharashtra,Thane,Thane,B-008711,4.51,2000.0,2023-12-28
Gujarat,Surat,Choryasi ,B-006314,3.03,,2023-01-18
Maharashtra,nagpur,Ramtek,B-003105,0.72,6000.0,2023-11-25
Maharashtra,Thane,Kalyan,B-018725,0.68,4000.0,2023-06-21
Maharashtra,thane,Thane,B-008622,3.57,,2023-12-21
Maharashtra,Nashik,Niphad,B-014831,4.71,6000.0,2023-12-21
Maharashtra,Pune,Baramati,B-014171,2.54,6000.0,2023-09-24
Maharashtra,Naagpur,Umred,B-009340,4.1,4000.0,2023-11-01
Gujarat,Surat,Olpad,B-017510,0.8,,2023-07-15
gujarat,Vadodara,Savli,B-017906,2.95,6000.0,2023-01-05
Maharashtra,Thane,Thane,B-009150,4.99,6000.0,2023-11-16
Maharashtra,Pune ,Haveli,B-012275,4.47,6000.0,2023-04-26
Gujarat,ahmedabad,Sanand,B-009145,3.23,4000.0,2023-11-07
Gujarat,Ahmedabad,Sanand,B-006803,2.86,,2023-04-19
gujarat,Surat,City,B-019256,3.66,,2023-10-05
Maharashtra,Pune,Junnar,B-001729,0.84,,2023-06-01
Maharashtra,PUNE,Baramati,B-012555,2.14,,2023-08-05
Gujarat,Vadodara,Savli,B-018113,1.56,2000.0,2023-11-26
 Maharashtra,NAGPUR,Nagpur Rural,B-009447,1.33,2000.0,2023-07-11
Maharashtra,nashik,Sinnar,B-016155,3.62,,2023-10-13
Gujarat,Surat,City,B-011051,4.83,4000.0,2023-06-18
Gujarat,Ahmedabad,sanand,B-007516,3.56,2000.0,2023-02-21
Gujarat,Ahmedabad,Bavla,B-011511,4.32,6000.0,2023-08-20
Maharashtra ,nagpur,Umred,B-010900,4.21,2000.0,2023-09-28
GUJARAT,Surat,Mangrol,B-006998,3.75,6000.0,2023-08-15
Gujarat,Ahmedabad ,Daskroi,B-001706,3.87,,2023-11-20
Gujarat,VADODARA,Savli,B-002734,3.61,2000.0,2023-02-24
Maharashtra,Pune,Junnar,B-012984,0.8,4000.0,2023-03-25
Gujarat ,Surat,Mangrol,B-002956,4.97,2000.0,2023-02-05
Gujarat,surat,Olpad,B-017640,3.23,2000.0,2023-11-24
Maharashtra,NASHIK,Sinnar,B-018905,0.97,2000.0,2023-07-14
Gujarat,Surat,Olpad,B-008269,4.58,,2023-08-10
GUJARAT,Surat ,Choryasi,B-005530,3.73,4000.0,2023-09-06
Gujarat,Ahmedabad,Bavla,B-010774,0.79,2000.0,2023-03-20
Gujarat,Ahmedaabaad,City,B-002592,1.84,4000.0,2023-05-16
Gujarat,Ahmedabad,Bavla,B-017954,1.38,,2023-08-25
Maharashtra,Nashik,Malegaon,B-015894,2.79,6000.0,2023-09-14
Maharashtra,Thane,Ambernath,B-007259,4.54,2000.0,2023-06-22
Gujarat,vadodara,Padra,B-005773,4.38,4000.0,2023-01-13
Gujarat,Surat,Mangrol,B-005164,1.76,4000.0,2023-06-03
Maharashtra,Nagpur,Hingna,B-019998,1.12,,2023-06-14
Gujarat,Vadodara,Vaghodia,B-005320,1.68,2000.0,2023-10-16
Gujaaraat,Ahmedabad ,Sanand,B-013843,2.33,6000.0,2023-01-23
Gujarat,Ahmedabad,Dholka,B-006091,1.33,4000.0,2023-06-02
MAHARASHTRA,Thane,Ulhasnagar,B-015927,4.37,2000.0,2023-11-21
Maahaaraashtraa,Nashik ,Nashik,B-012521,1.33,6000.0,2023-04-18
Maharashtra , Pune,Haveli,B-015838,4.45,4000.0,2023-03-16
Gujarat,Ahmedabad,Dholka ,B-007055,2.8,4000.0,2023-05-19
Gujarat,Vadodara,City,B-016902,4.77,6000.0,2023-05-12
Maharashtra,Thane,Thane,B-011893,3.34,6000.0,2023-04-11
Gujarat,Vaadodaaraa,Vaghodia,B-005300,3.21,,2023-10-27
Maharashtra,Pune,Shirur,B-016859,4.65,2000.0,2023-11-21
Gujaaraat,Ahmedabad,Daskroi,B-003944,1.95,2000.0,2023-03-01
maharashtra,Pune,Baramati,B-014754,3.09,,2023-04-25
Maharashtra ,Pune,Shirur,B-008940,1.44,4000.0,2023-01-19
Gujarat,vadodara,Karjan,B-003505,0.51,6000.0,2023-11-25
Gujarat,Ahmedabad,City,B-006146,3.28,6000.0,2023-08-21
Maharashtra ,Thane,Bhiwandi,B-014956,2.84,6000.0,2023-05-22
Maharashtra,Thane,Ulhasnagar,B-009016,0.57,4000.0,2023-05-06
Maharashtra,Pune,Khed,B-014537,4.44,6000.0,2023-03-18
Gujarat,Surat,Choryasi,B-004163,2.96,6000.0,2023-03-11
Gujarat ,Ahmedabad,Daskroi,B-005899,4.49,,2023-10-02
Maharashtra,Nashik,Sinnar,B-007413,4.92,4000.0,2023-08-27
Gujarat, Ahmedabad, Dholka,B-007332,3.14,2000.0,2023-02-07
Gujarat,Ahmedaabaad,Bavla,B-014446,4.38,,2023-04-13
Gujarat,Ahmedabad,City,B-000004,2.14,,2023-03-16
Gujarat,Surat,Mangrol,B-011900,4.31,2000.0,2023-03-14
Maharashtra,Nagpur,Kamptee,B-000568,4.51,,2023-10-01
Gujarat,Surat,Olpad,B-019162,2.74,4000.0,2023-02-01
MAHARASHTRA,Pune,HAVELI,B-009761,0.62,6000.0,2023-10-25
Maharashtra,Thane,Kalyan,B-018427,3.13,4000.0,2023-06-25
Gujarat,Vadodara ,City,B-008481,3.03,2000.0,2023-11-22
Gujarat,Surat,Olpad,B-018519,2.8,2000.0,2023-12-09
Maharashtra,Nagpur,Nagpur Rural,B-004946,3.68,,2023-08-28
Maahaaraashtraa,pune,Haveli,B-000108,1.54,4000.0,2023-08-20
Gujarat,Ahmedabad,City,B-004921,0.92,4000.0,2023-04-06
 Maharashtra, Thane,Bhiwandi,B-003636,3.93,2000.0,2023-03-16
Gujarat,Vadodara,Vaghodia,B-003520,3.86,4000.0,2023-08-25
Maharashtra,Pune,Baramati,B-005160,4.76,2000.0,2023-03-24
Maharashtra,Pune,Junnar,B-000356,0.74,4000.0,2023-05-17
Maharashtra,Thane,Ulhasnagar,B-012641,1.0,4000.0,2023-08-17
Maharashtra,Nagpur ,Hingna,B-013467,4.11,4000.0,2023-01-26
Maharashtra,Thane,Ulhasnagar,B-016204,3.3,2000.0,2023-01-01
Maharashtra,Nashik ,Malegaon,B-013474,2.74,,2023-12-04
Gujarat,Vadodara,Karjan,B-004522,1.5,4000.0,2023-11-26
Maharashtra,Nagpur,Hingna,B-009072,1.66,2000.0,2023-04-02
Gujarat,Ahmedabad,Daskroi,B-008377,3.68,2000.0,2023-11-03
Gujarat,Vadodara ,Padra,B-019128,1.55,4000.0,2023-09-06
Maharashtra ,Nashik,Nashik,B-015732,4.67,4000.0,2023-08-20
Gujarat,Surat,Choryasi,B-014488,0.87,,2023-07-15
Maharashtra,Pune,HAVELI,B-002535,4.75,2000.0,2023-03-09
Maharashtra,Pune,Haveli,B-001545,1.78,2000.0,2023-11-21
Gujarat,AHMEDABAD,Daskroi,B-014851,1.08,6000.0,2023-12-08
gujarat,Ahmedabad ,Daskroi,B-007543,3.23,2000.0,2023-09-23
GUJARAT,Ahmedabad,City,B-005828,1.78,,2023-10-19
Maharashtra,Thane,Kalyan,B-002558,1.75,6000.0,2023-10-15
Maharashtra,Nagpur,Umred,B-017409,4.55,6000.0,2023-01-10
Gujarat,Vadodara,Padra,B-017474,3.55,6000.0,2023-08-27
Gujarat,Ahmedabad,Bavla,B-015766,4.74,4000.0,2023-07-11
Maharashtra,Nagpur,Hingna,B-009539,3.62,4000.0,2023-06-16
Maharashtra,Thane,Ambernath,B-004094,1.22,2000.0,2023-03-23
Gujarat,Vadodara,Vaghodia,B-003818,1.84,6000.0,2023-06-28
Maharashtra,Pune,Khed,B-004199,1.63,,2023-02-16
MAHARASHTRA,Thane, Ulhasnagar,B-013289,3.66,4000.0,2023-10-16
Gujarat,AHMEDABAD,Daskroi,B-013923,2.68,,2023-03-24
Gujarat,Surat,Kamrej,B-017149,1.18,,2023-05-04
Maharashtra,Nashik,Nashik,B-009347,0.51,4000.0,2023-04-28
Gujarat,vadodara,Savli,B-006551,2.64,4000.0,2023-03-08
Gujarat,Surat ,Mangrol,B-009324,3.2,4000.0,2023-06-07
gujarat,Vadodara,City,B-003563,1.56,4000.0,2023-10-18
Gujarat,Vadodara ,Padra,B-014892,4.97,6000.0,2023-09-11
 Gujarat,Vadodara,Savli,B-001265,2.96,6000.0,2023-03-14
maharashtra,Nashik,Igatpuri,B-017322,4.95,6000.0,2023-06-04
Maharashtra,Pune,Junnar,B-013957,3.68,6000.0,2023-10-17
Maharashtra,Nagpur,Nagpur Rural,B-012991,3.21,2000.0,2023-05-06
Maharashtra,Nagpur,Kamptee,B-007906,1.78,6000.0,2023-11-01
Gujarat,Suraat,Choryasi,B-002833,4.52,4000.0,2023-06-11
Maharashtra,Nashik ,Niphad,B-008000,2.54,,2023-02-25
gujarat,Suraat,Kamrej,B-013529,1.47,6000.0,2023-05-05
Maharashtra,Thane,Bhiwandi,B-018336,4.26,2000.0,2023-01-28
Maharashtra, Pune,Khed,B-011516,2.19,4000.0,2023-04-05
Maharashtra,Thaane,Ulhasnagar,B-018378,3.49,,2023-03-10
Maharashtra,Thaane,Kalyan,B-013427,4.65,,2023-02-05
Maharashtra, Nagpur,Nagpur Rural,B-001563,2.93,6000.0,2023-10-14
Maharashtra ,Pune,Shirur,B-017959,2.76,,2023-11-06
Gujarat,Vadodara,City,B-015542,3.31,6000.0,2023-03-02
Gujarat,Surat,Kamrej,B-004922,2.1,6000.0,2023-09-07
Maahaaraashtraa,Nagpur,Nagpur Rural,B-016221,2.11,4000.0,2023-07-13
Gujarat,ahmedabad,Sanand,B-017047,0.72,4000.0,2023-06-09
Maharashtra,Thane,Ulhasnagar,B-015718,2.25,2000.0,2023-02-22
Maharashtra,Nagpur,Ramtek,B-016316,2.62,4000.0,2023-02-01
 Maharashtra,Pune,Baramati,B-014241,2.07,4000.0,2023-05-08
Gujarat,Vadodara ,City,B-014677,2.53,6000.0,2023-11-27
Maharashtra,Nagpur,Nagpur Rural,B-012782,2.15,4000.0,2023-02-28
Gujarat,AHMEDABAD,Dholka,B-015076,3.17,6000.0,2023-02-18
MAHARASHTRA,Nashik,Nashik,B-014437,1.1,6000.0,2023-02-03
Maharashtra,Nagpur,RAMTEK,B-005479,4.8,4000.0,2023-12-03
MAHARASHTRA,pune,Junnar,B-005701,2.23,2000.0,2023-08-22
Maharashtra,Thane,Ulhasnagar,B-013389,1.22,2000.0,2023-03-19
Maharashtra,Nashik,Nashik,B-007116,2.01,,2023-12-22
Maharashtra,thane,Bhiwandi,B-006825,0.92,,2023-06-12
Maharashtra,Pune,Junnar,B-017779,3.87,4000.0,2023-05-06
Maharashtra,Nashik,Sinnar,B-019559,2.41,2000.0,2023-07-24
 Maharashtra,Nagpur,Ramtek,B-003715,3.4,6000.0,2023-10-01
Maharashtra,Thane,Bhiwandi,B-012250,1.25,,2023-03-10
Maharashtra,Nashik,Nashik,B-010696,1.67,6000.0,2023-03-12
Maharashtra,Thane,Ulhasnagar,B-018376,1.53,,2023-02-20
GUJARAT,Suraat,City,B-000188,4.61,4000.0,2023-04-03
Maharashtra, Nagpur,Hingna,B-010386,1.56,2000.0,2023-10-20
gujarat,Ahmedabad ,Bavla,B-012738,1.33,,2023-01-03
Gujarat , Ahmedabad,Sanand,B-010358,4.05,2000.0,2023-12-17
Gujarat,Suraat,Choryasi,B-006267,2.87,6000.0,2023-12-12
Gujarat,Ahmedabad,Sanand,B-000887,2.42,4000.0,2023-06-09
Gujarat,Surat,Kamrej,B-019369,3.97,2000.0,2023-12-16
Maharashtra ,Thane,Kalyan,B-017040,3.42,4000.0,2023-01-24
Maharashtra,Thane,Ambernath,B-000675,1.97,2000.0,2023-09-09
Gujarat,Vadodara, Padra,B-019972,2.85,6000.0,2023-11-28
Gujarat,Surat,Olpad,B-008847,1.93,6000.0,2023-01-25
Gujaaraat, Vadodara,Vaghodia,B-009256,2.85,4000.0,2023-10-09
Gujaaraat,Ahmedabad,Bavla,B-018837,4.35,6000.0,2023-05-14
Gujaaraat,Vadodara,City,B-019926,2.01,,2023-04-15
maharashtra,Nagpur,Hingna,B-008232,3.3,2000.0,2023-06-28
gujarat,Ahmedabad,Dholka,B-011433,2.69,6000.0,2023-08-02
Gujarat,Ahmedaabaad,Bavla,B-015357,2.19,,2023-04-22
Maharashtra ,Pune,Khed,B-002510,4.84,4000.0,2023-10-16
Maharashtra,Nashik,Nashik,B-000828,0.82,,2023-01-07
Gujarat,Surat,Olpaad,B-011037,4.01,4000.0,2023-04-05
Gujarat,vadodara,Savli,B-017298,2.55,4000.0,2023-04-02
Maharashtra,Thane,Thane,B-006437,0.96,2000.0,2023-05-14
Gujarat,Surat,Mangrol,B-015514,3.64,2000.0,2023-08-07
Maharashtra,Nagpur,Hingna,B-012335,2.51,,2023-10-06
Gujarat,Vadodara,padra,B-009751,4.86,2000.0,2023-11-20
Gujarat,Suraat,Kamrej,B-009425,0.75,2000.0,2023-09-07
Maharashtra,Nagpur,Ramtek,B-008270,2.22,2000.0,2023-02-18
Maharashtra,Pune ,Haveli,B-016128,4.15,,2023-01-01
gujarat,VADODARA,Padra,B-014651,1.1,6000.0,2023-02-06
Gujarat,Suraat,city,B-018812,4.3,2000.0,2023-01-04
Maharashtra,Pune,Shirur,B-004748,3.8,2000.0,2023-10-07
Maharashtra, Thane,Bhiwandi,B-012884,2.46,,2023-09-16
maharashtra,Pune , Shirur,B-006461,1.53,6000.0,2023-03-18
Maharashtra,Nagpur,Umred,B-002426,1.66,2000.0,2023-03-19
Gujarat,Ahmedabad,Daskroi,B-002166,1.16,4000.0,2023-02-28
GUJARAT,Vadodara,Padra,B-005508,1.86,,2023-10-13
Gujarat,Ahmedabad,City,B-001353,4.66,2000.0,2023-03-23
Maharashtra,Nagpur,Nagpur Rural,B-015012,4.62,2000.0,2023-05-21
 Gujarat,Vadodara,Savli,B-019454,4.87,4000.0,2023-01-06
Maharashtra ,Thane,Ulhasnagar,B-012212,1.47,4000.0,2023-06-06
 Maharashtra,Nashik,Igatpuri,B-000808,2.49,,2023-02-28
MAHARASHTRA,nashik,Niphad,B-016149,3.27,,2023-11-05
Maharashtra,Pune,Haveli,B-006541,2.41,4000.0,2023-12-26
Gujarat,Surat,Mangrol,B-004302,2.8,,2023-08-18
Maharashtra,pune,Haveli ,B-001394,3.25,4000.0,2023-04-02
Gujarat,Ahmedabad,Dholka,B-006530,2.47,2000.0,2023-10-13
Maharashtra,Pune,Baramati,B-008222,4.32,4000.0,2023-11-10
Maharashtra,Pune,Shirur,B-017084,3.72,4000.0,2023-02-14
Maharashtra,Thane,Ambernath,B-012679,4.94,6000.0,2023-06-21
Gujarat,Vadodara,Vaghodia,B-011434,2.05,4000.0,2023-08-23
Maharashtra,Nagpur,Kamptee,B-002137,1.0,4000.0,2023-04-09
Maharashtra,Nashik,Nashik,B-018876,4.29,6000.0,2023-09-28
Gujarat,SURAT,Mangrol,B-002210,3.95,,2023-07-11
Maharashtra,Thane,Kalyan,B-017520,2.75,6000.0,2023-05-25
Maharashtra,Thane,Ulhasnagar,B-019297,1.74,2000.0,2023-01-07
Maharashtra,pune,Khed,B-003246,1.55,6000.0,2023-07-11
Maharashtra,Thane,Ulhasnagar,B-007994,2.99,2000.0,2023-04-05
Maharashtra,Thane,Thane,B-006477,1.48,,2023-07-14
Gujarat,Vadodara,Vaghodia,B-016551,2.86,6000.0,2023-12-25
Gujarat,Surat,Choryasi,B-009361,1.86,6000.0,2023-11-05
Maharashtra,Pune,Haveli,B-014576,3.27,,2023-01-04
Maharashtra,Nashik,Niphad,B-009195,0.83,2000.0,2023-10-03
Gujarat,Ahmedabad,Bavla ,B-010093,4.44,6000.0,2023-02-03
Gujarat,Ahmedabad,Sanand,B-018442,4.27,2000.0,2023-04-03
Gujarat,Ahmedaabaad,Sanand ,B-008590,2.95,6000.0,2023-12-13
gujarat,Ahmedabad,Daskroi,B-004035,2.52,4000.0,2023-11-12
Maharashtra,Pune,Khed,B-003971,3.89,6000.0,2023-03-04
Gujaaraat,Ahmedabad,bavla,B-001174,3.4,,2023-05-10
MAHARASHTRA,Nashik,Igatpuri,B-017095,3.88,,2023-11-13
Gujarat, Ahmedabad,Daskroi,B-016778,3.33,2000.0,2023-09-01
GUJARAT,Vadodara,Savli,B-007047,4.14,6000.0,2023-07-24
Maharashtra,Nashik ,Igatpuri,B-005299,3.86,2000.0,2023-08-11
Maharashtra,Nashik,Igatpuri,B-011219,4.38,2000.0,2023-02-09
Maharashtra,Nagpur,Hingna,B-009438,3.75,4000.0,2023-05-05
 Maharashtra,Nashik,Igatpuri,B-014376,3.79,4000.0,2023-02-10
Maharashtra,Naashik,Niphad,B-001844,0.78,,2023-08-10
Maharashtra,Nagpur,Ramtek,B-019451,4.59,2000.0,2023-01-12
Gujarat,Vadodara,Karjan,B-006777,4.06,,2023-05-16
Gujaaraat,Ahmedabad,Daskroi,B-014920,4.21,6000.0,2023-11-10
Gujarat,Ahmedabad,Daskroi,B-005985,4.74,2000.0,2023-09-06
Maharashtra,Nashik ,Malegaon,B-005707,0.62,2000.0,2023-11-09
maharashtra,Naagpur,Umred,B-017194,1.03,6000.0,2023-08-15
Gujarat,VADODARA,Savli,B-014086,4.26,6000.0,2023-01-24
Gujarat,Ahmedabad,Sanand,B-005645,4.7,,2023-12-14
Maharashtra,Naashik,Malegaon,B-016212,1.59,,2023-12-27
MAHARASHTRA,Pune,Haveli,B-010739,4.74,6000.0,2023-10-11
Maharashtra,Nashik,Malegaon,B-000397,2.54,,2023-08-22
Maharashtra ,Nashik ,Sinnar,B-012611,4.28,6000.0,2023-01-04
Maharashtra,Nashik,Igatpuri,B-017623,2.5,2000.0,2023-02-16
Maharashtra,Thane,Thane,B-002774,1.14,2000.0,2023-05-27
maharashtra,Nashik,Malegaon,B-005730,1.9,4000.0,2023-09-16
gujarat,Vaadodaaraa,City,B-010097,4.53,2000.0,2023-11-17
Maharashtra,Nagpur,Nagpur Rural,B-018183,1.75,6000.0,2023-03-11
 Gujarat, Surat,Olpad,B-015516,1.4,,2023-04-28
Maharashtra,Nagpur,Kaamptee,B-007246,3.27,4000.0,2023-09-14
Gujarat,Vadodara,Karjan,B-015042,1.19,,2023-12-16
Gujarat,Vadodara,City,B-014575,2.48,6000.0,2023-03-02
Gujarat,Surat,Kamrej,B-019806,4.22,2000.0,2023-07-20
Maharashtra,Nagpur,Hingna,B-000736,2.96,4000.0,2023-12-13
Gujarat,Vadodara,Savli,B-013405,2.39,6000.0,2023-10-08
maharashtra, Nashik,Sinnar,B-003826,3.68,4000.0,2023-06-10
MAHARASHTRA,pune,Khed,B-017438,3.62,4000.0,2023-01-23
Maharashtra,Thane,Thane,B-011229,3.58,2000.0,2023-12-04
Gujarat,ahmedabad,City,B-006125,2.09,6000.0,2023-02-07
Maharashtra,Pune,Junnar,B-014681,3.29,,2023-08-03
Maharashtra,Thane,Ulhasnagar,B-012415,1.89,4000.0,2023-04-01
Maharashtra,Pune ,Haveli,B-011936,3.93,4000.0,2023-08-24
Gujarat,Vadodara ,Padra,B-001406,4.2,,2023-12-27
Gujarat,Ahmedabad,SANAND,B-016497,1.4,6000.0,2023-03-12
Maharashtra,Nashik,Igatpuri,B-012118,2.45,4000.0,2023-01-11
Gujarat,Surat,Mangrol,B-000894,2.21,4000.0,2023-01-15
Maharashtra , Pune,Junnar,B-014184,0.7,4000.0,2023-07-19
Gujarat ,Ahmedabad,Sanand,B-010175,4.77,6000.0,2023-07-17
Gujarat,Surat,Choryasi,B-002420,1.11,6000.0,2023-05-16
Maharashtra,Thane,Bhiwandi,B-013639,1.31,,2023-05-01
 Maharashtra,Thane,Kalyan,B-013438,1.45,6000.0,2023-10-26
gujarat,Ahmedabad,Dholka,B-016528,3.59,6000.0,2023-01-17
GUJARAT,Vadodara,Padra,B-000226,3.17,2000.0,2023-12-22
Maharashtra,Nagpur,Umred,B-005625,3.09,,2023-04-18
Maharashtra,Nagpur,Hingna,B-011368,1.08,4000.0,2023-07-11
Maahaaraashtraa,Pune,Haveli,B-014933,2.13,6000.0,2023-07-24
maharashtra,Pune,Haveli,B-017799,2.48,4000.0,2023-06-24
MAHARASHTRA,Nagpur,Ramtek,B-005000,2.0,4000.0,2023-11-17
maharashtra,Nashik,Igatpuri,B-007374,2.32,2000.0,2023-07-11
Maharashtra,Nagpur,nagpur rural,B-007720,4.31,6000.0,2023-08-10
Maharashtra , Thane,Thane,B-000373,2.42,,2023-03-26
Gujarat, Ahmedabad,Sanand,B-018012,2.16,6000.0,2023-02-28
Gujarat,Vadodara,Savli,B-003425,2.41,4000.0,2023-06-04
Gujarat,AHMEDABAD,Dholka,B-012125,3.95,,2023-05-18
Maharashtra,Nashik,Niphad,B-016533,4.94,6000.0,2023-04-10
Maharashtra,Nagpur,Kamptee,B-017682,1.77,4000.0,2023-01-23
Gujarat,Vadodara,City,B-016839,4.83,4000.0,2023-08-11
Gujarat,Surat,Kamrej,B-018301,1.92,2000.0,2023-12-09
Gujaaraat,Vadodara,Karjan,B-008574,2.7,2000.0,2023-10-18
MAHARASHTRA,Nashik,Malegaon,B-017178,2.8,2000.0,2023-08-16
Maharashtra,Thane,Bhiwandi,B-017982,1.48,4000.0,2023-02-11
Maharashtra,Pune,Shirur,B-008992,0.74,6000.0,2023-12-22
Gujarat,Surat,Choryasi,B-007914,2.43,2000.0,2023-12-08
Gujarat, Vadodara,Karjan,B-010208,0.85,6000.0,2023-05-03
Maharashtra,Naashik,Nashik,B-011960,4.65,2000.0,2023-11-08
Maharashtra, Thane,Kalyan,B-002316,2.56,,2023-03-20
Gujarat,Surat,Kamrej,B-011389,1.21,,2023-12-25
Maharashtra,Pune,Baramati,B-018579,4.4,2000.0,2023-10-08
Maharashtra,Nashik,Sinnar,B-010949,2.54,4000.0,2023-05-28
Maahaaraashtraa,Naagpur,Hingna,B-000302,1.05,2000.0,2023-02-17
Maharashtra,nashik,Malegaon,B-006171,4.63,2000.0,2023-05-02
Maharashtra,Thane,Thane,B-009552,3.81,4000.0,2023-02-16
Maharashtra,Nashik,Niphad,B-018559,4.62,,2023-04-03
Maharashtra,Pune,Haveli,B-016592,3.66,6000.0,2023-02-27
Gujarat,Vadodara,Vaghodia,B-000713,2.74,2000.0,2023-11-20
Gujarat,Surat,Mangrol,B-004186,4.34,4000.0,2023-11-23
Gujarat,Vadodara,Padra,B-002791,3.11,2000.0,2023-02-04
Maharashtra,Thaane,Ulhasnagar,B-000985,2.38,4000.0,2023-11-28
Maharashtra,Pune,Junnar,B-004654,1.3,6000.0,2023-04-21
Gujaaraat,Ahmedabad,Sanand,B-019014,3.75,6000.0,2023-12-07
Maharashtra,Nagpur,Ramtek,B-012931,2.27,,2023-07-18
Gujarat,VADODARA,Savli,B-011412,2.23,4000.0,2023-06-02
Maharashtra,Nashik,Igatpuri,B-018688,1.68,4000.0,2023-02-09
 Maharashtra,Nashik,Nashik,B-014471,0.93,,2023-04-07
Gujaaraat,Ahmedabad ,Daskroi,B-015711,0.74,,2023-12-21
Gujarat,surat,Choryasi,B-007618,4.04,4000.0,2023-11-22
Maharashtra,Nashik,Nashik ,B-010728,1.43,,2023-07-18
Gujarat,Suraat,Kamrej,B-019085,2.71,6000.0,2023-03-04
Maharashtra,Nashik,Niphad,B-001092,0.81,2000.0,2023-05-24
Maharashtra,NASHIK,Igatpuri,B-006368,4.62,6000.0,2023-11-07
Maharashtra,Thane,Ambernath,B-019546,3.14,,2023-06-08
maharashtra,Pune ,Shirur,B-018853,0.69,4000.0,2023-01-25
Maharashtra, Pune, Khed,B-018152,3.72,4000.0,2023-03-08
Gujarat,VADODARA,Padra,B-010816,3.35,6000.0,2023-05-03
Maharashtra,Thane,Ulhasnagar,B-016104,3.08,4000.0,2023-08-28
gujarat,Surat,City,B-001768,2.61,,2023-11-27
Maharashtra,Thane,Ulhasnagar,B-000313,1.3,6000.0,2023-01-27
Maharashtra,Nagpur,Hingna,B-019449,3.95,4000.0,2023-02-23
Gujarat,Ahmedabad,Daskroi,B-010640,4.93,2000.0,2023-12-16
Gujarat,Surat ,Choryasi,B-006333,3.48,2000.0,2023-12-09
Gujarat,Ahmedabad,Dholka,B-016118,3.4,,2023-11-11
Maharashtra,Nagpur,Nagpur Rural,B-006238,1.74,4000.0,2023-08-02
Gujarat,Surat,Olpad,B-008332,2.45,,2023-09-14
Maharashtra,Nashik,Nashik,B-015605,2.8,6000.0,2023-12-25
Gujarat,Surat,Kamrej,B-001632,1.05,2000.0,2023-02-19
Maharashtra,Nashik,Niphad,B-005169,0.89,6000.0,2023-07-24
 Gujarat,Vadodara,CITY,B-007941,3.41,4000.0,2023-10-28
Gujarat,Surat,Olpad,B-009783,1.32,,2023-09-28
Maharashtra,thane,Ulhasnagar,B-008710,2.95,,2023-09-21
Maharashtra,Pune,Baramati,B-015939,4.54,,2023-06-27
Maharashtra,Thaane,Ambernath,B-018727,3.4,6000.0,2023-05-20
Gujarat,VADODARA,Vaghodia,B-003259,0.53,2000.0,2023-12-19
Maahaaraashtraa,Nagpur,Umred,B-008203,2.62,6000.0,2023-11-22
Maharashtra,Nashik,Sinnar,B-007504,4.07,6000.0,2023-09-12
Maharashtra,Thane,Ulhasnagar,B-016514,4.49,4000.0,2023-04-01
Maharashtra,Nagpur,Umred,B-011674,0.58,4000.0,2023-09-04
MAHARASHTRA,Nashik,Igatpuri,B-000353,0.59,4000.0,2023-02-05
Maharashtra,Nashik,Nashik,B-000652,4.09,2000.0,2023-12-25
Maharashtra,Pune,Haveli,B-014423,4.85,2000.0,2023-11-21
Gujarat,Suraat,Kamrej,B-008674,4.81,4000.0,2023-07-06
Maharashtra, Nagpur,Umred,B-004996,1.41,4000.0,2023-09-05
gujarat,VADODARA,Vaghodia,B-005466,2.87,2000.0,2023-12-17
Gujarat,Surat,Olpad,B-008028,1.58,,2023-10-27
Gujarat,Ahmedabad,Dholka,B-006446,3.91,2000.0,2023-11-08
Maharashtra,NASHIK,Niphad,B-012197,4.19,2000.0,2023-09-17
Maharashtra,Nashik,Sinnar,B-002573,4.06,2000.0,2023-03-12
 Gujarat, Vadodara,Vaghodia,B-019851,0.96,4000.0,2023-07-12
Maharashtra,nashik,Malegaon,B-005682,4.23,,2023-10-27
Maharashtra,Thane,Thane,B-011212,3.34,2000.0,2023-03-04
Gujaaraat,Vaadodaaraa,Savli,B-005766,3.5,4000.0,2023-04-10
Maharashtra,Nashik,Malegaon,B-005823,2.08,6000.0,2023-09-13
GUJARAT,Surat,Mangrol,B-010244,1.33,6000.0,2023-02-02
Gujarat,Surat,Kamrej,B-004954,4.13,2000.0,2023-09-28
Gujarat,Surat,Choryasi,B-003870,3.21,6000.0,2023-02-18
Maharashtra,Pune,Shirur,B-019948,4.58,,2023-09-26
Maharashtra,Nashik,Igatpuri,B-004520,1.76,6000.0,2023-11-14
Maharashtra,nashik,NASHIK,B-013303,1.59,6000.0,2023-05-18
Gujarat,Vadodara,City,B-016645,2.91,,2023-10-04
Gujarat,Vadodara,KARJAN,B-010253,3.11,2000.0,2023-01-13
Maharashtra,Thane,Thane,B-004222,2.6,2000.0,2023-04-20
Gujarat, Ahmedabad,Sanand,B-006344,2.86,,2023-01-01
Gujarat ,Surat,Mangrol,B-013351,3.7,,2023-06-17
Maahaaraashtraa,Pune,Haveli,B-000483,2.43,,2023-11-23
Maharashtra,Nashik,Nashik,B-017027,4.44,6000.0,2023-06-23
Maharashtra,Pune ,Khed,B-004591,1.9,,2023-08-24
Maharashtra,Nashik,Igatpuri,B-015645,1.52,4000.0,2023-05-26
Gujarat,Ahmedabad,City,B-002486,3.04,6000.0,2023-02-23
Maharashtra,Pune,Junnar,B-005600,3.36,2000.0,2023-08-05
 Maharashtra,Nagpur,Umred,B-013830,3.79,2000.0,2023-02-25
Gujarat,ahmedabad, City,B-018488,0.55,2000.0,2023-08-25
Gujarat,Ahmedabad,Bavla,B-018815,2.39,6000.0,2023-10-16
Gujarat,Suraat,Olpad,B-016904,4.54,4000.0,2023-02-09
Gujarat,Ahmedabad,Sanand,B-011959,3.55,,2023-02-14
Gujarat,vadodara,Savli,B-018306,4.43,,2023-01-01
Gujarat,Surat,City,B-008532,0.86,2000.0,2023-06-12
Gujarat,Vadodara,Savli,B-011109,4.4,2000.0,2023-11-06
Maharashtra,Nagpur ,Umred,B-010035,2.02,6000.0,2023-04-06
Maahaaraashtraa,Nagpur,Ramtek,B-010249,3.95,4000.0,2023-04-20
Gujarat,Ahmedabad,Bavla,B-011248,3.2,,2023-04-02
Maharashtra,Thane,Thane,B-003727,3.14,6000.0,2023-01-16
Maharashtra,Pune,Haveli,B-006838,3.19,,2023-12-03
Maharashtra,Pune,Haveli,B-003939,4.57,2000.0,2023-11-26
Maharashtra,Pune,Shirur,B-009387,0.68,,2023-09-21
MAHARASHTRA,Nagpur,Kamptee,B-018585,3.1,4000.0,2023-10-08
Gujarat ,Vadodara,Savli,B-006988,4.5,4000.0,2023-09-19
Gujaaraat,Surat,City,B-005119,4.01,2000.0,2023-03-18
MAHARASHTRA,Thane , Ulhasnagar,B-015565,4.39,4000.0,2023-09-07
Maharashtra, Nagpur,Hingnaa,B-018162,2.09,4000.0,2023-09-19
Gujarat,Surat,Choryasi,B-015058,2.97,6000.0,2023-05-09
Maharashtra, Pune,Haveli,B-017534,1.89,,2023-02-20
Maharashtra,Nashik,Malegaon,B-002159,3.59,2000.0,2023-06-09
Gujarat,Vadodara, Vaghodia,B-018246,2.21,2000.0,2023-04-01
Maharashtra,Pune,Junnar ,B-017866,1.72,2000.0,2023-07-28
Maharashtra,Nagpur,Hingna,B-002271,4.5,2000.0,2023-11-25
Maharashtra, Nashik,Igatpuri,B-014621,4.37,2000.0,2023-07-27
Maharashtra,Pune,Junnar ,B-008870,3.28,4000.0,2023-09-28
Gujarat,Ahmedabad,Bavla,B-011208,2.68,6000.0,2023-10-07
Gujarat,Vadodara,City,B-013109,4.67,2000.0,2023-05-16
Maharashtra,Thaane,Bhiwandi,B-018468,0.69,6000.0,2023-04-11
Maahaaraashtraa,Nagpur,Umred,B-014893,4.14,6000.0,2023-01-19
 Maharashtra,Nagpur,Kamptee,B-005063,2.74,4000.0,2023-05-06
Maharashtra,thane,Kalyan,B-017838,4.16,2000.0,2023-10-02
Maharashtra,Nagpur,Ramtek,B-018267,1.56,4000.0,2023-08-07
Maharashtra,Nagpur,Hingna,B-008583,0.53,2000.0,2023-09-08
Maharashtra,Nagpur,Hingna,B-002216,2.71,4000.0,2023-01-07
Maharashtra,Thane,Ambernath,B-013781,1.31,6000.0,2023-08-09
Maharashtra,Nagpur,Umred,B-012617,4.54,2000.0,2023-09-13
Gujarat,Surat ,Choryasi,B-002379,0.68,,2023-01-23
Gujarat,Ahmedabad,Bavla,B-019035,4.46,6000.0,2023-04-18
Maharashtra,Nagpur,Kamptee,B-009255,0.74,,2023-02-28
Gujarat,Ahmedabad,City,B-017024,3.86,6000.0,2023-06-15
gujarat,Vadodara,Karjan,B-018516,4.85,4000.0,2023-12-26
Maharashtra,Thane,Bhiwandi,B-001112,1.77,2000.0,2023-09-17
Maharashtra,Nagpur,Kamptee,B-009132,4.04,6000.0,2023-02-10
Maharashtra,Thaane,Bhiwandi,B-008733,2.04,4000.0,2023-02-15
 Maharashtra,Nagpur,Nagpur Rural,B-011788,1.14,2000.0,2023-07-13
Gujarat,Surat,Olpad,B-001940,1.91,2000.0,2023-06-08
Gujarat,Surat,City,B-003017,2.45,6000.0,2023-10-20
Gujarat,AHMEDABAD,Sanand,B-005204,4.65,2000.0,2023-03-08
Maharashtra, Nagpur,Hingna,B-017665,1.71,6000.0,2023-05-20
Maharashtra,Nagpur,Hingna,B-018595,4.49,2000.0,2023-09-17
Maharashtra,Nashik,Igatpuri,B-019753,0.77,,2023-06-25
Maharashtra,Nashik,SINNAR,B-012541,0.85,4000.0,2023-04-12
gujarat,Surat,Olpad,B-019185,1.24,,2023-09-10
Gujarat ,Vadodara,City,B-006784,4.05,6000.0,2023-08-06
Maharashtra,Nashik,Malegaon,B-006738,1.0,,2023-07-03
Gujarat,Surat,Choryasi,B-004971,2.96,6000.0,2023-11-17
Maharashtra,Thane ,Bhiwandi,B-013961,3.56,2000.0,2023-05-01
Gujarat,Vadodara, Savli,B-016951,1.38,2000.0,2023-08-05
 Gujarat,Surat,Choryasi,B-013463,2.68,6000.0,2023-10-26
Maharashtra,Pune,Junnar,B-014299,1.8,,2023-03-11
maharashtra,Nagpur,Kamptee,B-012097,1.91,2000.0,2023-10-22
Maharashtra,Nagpur,Ramtek,B-004486,4.81,4000.0,2023-04-10
 Maharashtra,Thane, Kalyan,B-002490,0.72,2000.0,2023-11-22
Gujarat,Ahmedabad,Dholka,B-012765,1.96,4000.0,2023-04-16
Gujarat,Ahmedabad ,Sanand,B-003080,0.93,,2023-07-22
Maharashtra,Nagpur,Hingna,B-001750,2.08,4000.0,2023-08-08
Maharashtra,Nashik,Niphad,B-002156,0.53,4000.0,2023-10-03
Maharashtra,Nashik,Niphad,B-003027,0.57,4000.0,2023-01-16
Maharashtra,Nagpur,Kamptee,B-000430,4.81,4000.0,2023-06-04
Maharashtra,Thaane,Ambernath,B-012492,3.43,2000.0,2023-06-18
Maharashtra,Nashik,Niphad,B-010027,0.66,4000.0,2023-08-06
Gujarat,Suraat,City ,B-010109,1.59,2000.0,2023-09-17
Maharashtra,Pune,Shirur,B-004373,4.36,4000.0,2023-12-06
Maharashtra,Naashik,Niphad,B-016180,2.55,6000.0,2023-01-26
Maharashtra,Thane,Ambernath,B-009291,0.51,,2023-01-22
Maharashtra,Pune ,Haveli,B-019517,1.06,4000.0,2023-10-20
Maharashtra,Pune,Junnar,B-003784,1.45,6000.0,2023-01-06
Gujarat,Vadodara,Padra,B-016257,1.12,4000.0,2023-08-06
Maharashtra,Nashik,Nashik,B-003805,3.26,4000.0,2023-06-02
Maharashtra, Thane,Kalyan,B-013549,1.99,4000.0,2023-01-09
Gujarat,SURAT,Mangrol,B-011262,3.91,6000.0,2023-11-12
Maharashtra,Thane ,Kalyan,B-000428,4.83,,2023-10-15
Maharashtra,Nashik,Niphad ,B-005887,4.14,6000.0,2023-10-14
maharashtra,Thane,Ulhasnagar,B-019703,3.72,,2023-10-18
Gujarat ,Surat,Mangrol,B-011275,0.9,4000.0,2023-11-23
 Maharashtra,thane,Thane,B-012777,4.35,2000.0,2023-12-07
Gujarat,Surat,OLPAD,B-007809,3.64,4000.0,2023-05-27
Maharashtra,NASHIK,Malegaon,B-002197,3.41,,2023-11-06
Maharashtra , Nashik,Nashik,B-008231,3.27,6000.0,2023-09-21
Gujarat,Ahmedabad,City,B-009908,3.03,4000.0,2023-03-05
 Gujarat, Ahmedabad,City,B-007681,3.18,6000.0,2023-10-15
Gujarat,Surat,Mangrol,B-011666,2.82,6000.0,2023-09-22
Gujarat,AHMEDABAD,Daskroi,B-018603,2.34,6000.0,2023-06-25
gujarat,Surat,MANGROL,B-017299,3.32,4000.0,2023-04-08
Gujarat,Vadodara,Savli,B-015358,3.56,6000.0,2023-05-06
Maharashtra,Pune,Shirur,B-014080,4.07,6000.0,2023-05-22
Gujarat,Ahmedabad,Daskroi,B-014578,2.87,4000.0,2023-11-08
Gujarat,Surat,Olpad,B-007764,1.07,6000.0,2023-03-12
Maharashtra,Thane,Ulhasnagar,B-002254,2.04,4000.0,2023-04-25
gujarat,Ahmedabad,Daskroi,B-019382,3.56,,2023-05-26
Gujarat,Ahmedabad,Dholka,B-003167,2.45,,2023-09-24
Maharashtra,nagpur,Umred,B-014784,2.64,,2023-06-14
maharashtra,Nagpur,HINGNA,B-000529,4.19,6000.0,2023-03-06
Maharashtra,Nagpur ,Hingna,B-006695,0.98,2000.0,2023-02-28
Gujarat,SURAT,Choryasi,B-014320,2.1,2000.0,2023-05-04
Maharashtra,Thane,Kalyan,B-000246,1.54,6000.0,2023-03-14
Maharashtra ,Nagpur,Ramtek,B-004422,0.98,2000.0,2023-11-02
Maharashtra,Thane,Bhiwandi,B-006768,2.95,4000.0,2023-08-16
Gujarat,Vadodara,Vaghodia,B-003647,3.56,2000.0,2023-11-12
Maharashtra,Nagpur,Hingna,B-012163,1.38,6000.0,2023-03-23
Gujarat ,Surat,City,B-011000,3.56,6000.0,2023-04-07
Gujarat,Ahmedabad,Dholka,B-016666,0.66,4000.0,2023-06-15
Maharashtra,NAGPUR,Nagpur Rural,B-012416,0.95,,2023-05-11
Gujaaraat,Ahmedabad,Daskroi,B-003352,4.0,6000.0,2023-11-13
Maharashtra,Pune,Haveli,B-016485,1.78,4000.0,2023-11-19
Maahaaraashtraa,Nashik,Igatpuri,B-002902,2.79,2000.0,2023-02-20
Gujaaraat,Ahmedabad,Bavla,B-007198,4.96,2000.0,2023-10-19
Maharashtra,Nashik,Sinnar,B-010110,4.99,4000.0,2023-02-21
Maharashtra,Thane,Ulhasnagar,B-015092,1.73,4000.0,2023-02-06
Maharashtra,thane,Thane ,B-011270,0.91,6000.0,2023-06-04
Gujarat,Vadodara,Padra,B-017521,4.58,2000.0,2023-08-07
Gujarat, Ahmedabad,Daaskroi,B-016339,3.99,4000.0,2023-10-20
Gujarat,Surat,City,B-004044,4.49,2000.0,2023-09-12
Gujarat,vadodara,KARJAN,B-007006,4.61,4000.0,2023-01-23
Gujarat,Surat,City,B-006634,1.64,2000.0,2023-08-07
Gujarat,Surat,City,B-016553,1.4,,2023-01-11
Gujarat,ahmedabad,Sanand,B-000686,3.56,6000.0,2023-11-25
Maharashtra,Nagpur,Umred,B-009961,4.95,2000.0,2023-06-18
Gujarat,Ahmedabad,Dholka,B-017939,4.4,,2023-05-07
Maharashtra,Thane ,Kalyan,B-019768,3.96,2000.0,2023-03-24
Maahaaraashtraa,Nagpur,Hingna,B-011800,3.39,2000.0,2023-01-25
gujarat,Vadodara,Vaaghodiaa,B-005127,4.43,,2023-12-24
Maharashtra,Nagpur,Kamptee,B-017296,0.97,2000.0,2023-01-12
Maharashtra,pune,Junnar,B-010019,3.54,2000.0,2023-08-21
Maharashtra,Thane,Bhiwandi,B-012165,4.59,6000.0,2023-07-09
Maharashtra, Pune,Shirur,B-009371,1.11,,2023-12-09
Maharashtra,Nashik,Igatpuri,B-009729,2.03,,2023-10-24
Gujarat ,surat,City,B-008785,0.88,4000.0,2023-05-23
MAHARASHTRA,Thane,Bhiwandi,B-008606,4.2,2000.0,2023-07-17
Gujarat, Ahmedabad,Daskroi,B-015982,1.3,6000.0,2023-10-04
Maharashtra ,Nagpur,Hingna,B-011537,2.25,2000.0,2023-05-06
 Gujarat,vadodara,Karjan,B-019594,4.29,2000.0,2023-10-23
Maharashtra,Pune,Haveli,B-000631,4.61,4000.0,2023-11-11
Maharashtra ,Pune,Shirur,B-008531,2.48,2000.0,2023-03-22
Gujarat,Ahmedaabaad,Sanand,B-001792,2.89,6000.0,2023-01-10
Maharashtra,Thane,Thane,B-007400,2.57,6000.0,2023-06-07
GUJARAT,surat,Mangrol,B-007486,1.58,4000.0,2023-01-01
Maharashtra, Nashik,Niphad,B-000695,4.14,2000.0,2023-05-15
Maharashtra,THANE,kalyan,B-004026,2.11,6000.0,2023-10-14
Gujarat,Vaadodaaraa,Vaghodia,B-008499,3.62,2000.0,2023-03-05
Gujarat,Surat ,Choryasi,B-008813,1.46,2000.0,2023-10-27
Maharashtra,Pune,Khed,B-006482,1.9,2000.0,2023-10-04
 Maharashtra,Thane,Thane,B-012046,4.19,4000.0,2023-07-14
 Gujarat,Vadodara,Padra,B-000644,3.68,2000.0,2023-06-03
Maharashtra,THANE,Ambernath,B-009138,4.47,6000.0,2023-11-07
Maharashtra,Thane,Ambernath,B-015799,3.73,2000.0,2023-08-25
Maharashtra,Nashik,Sinnar,B-008457,4.88,6000.0,2023-08-11
Maharashtra,THANE,Thane,B-012537,3.23,2000.0,2023-01-22
Gujarat,Ahmedabad,Dholka,B-014563,1.15,6000.0,2023-12-26
Maharashtra,Pune ,Shirur,B-013811,2.57,6000.0,2023-04-01
Gujarat, Surat,Kamrej,B-017160,2.74,2000.0,2023-01-07
Maharashtra,thane,Bhiwandi,B-018973,1.06,2000.0,2023-10-21
Gujarat,Surat,City,B-007202,1.25,6000.0,2023-03-24
 Maharashtra,Pune,Shirur,B-006522,1.91,,2023-05-07
Gujarat,Ahmedabad,Dholka,B-004990,2.66,4000.0,2023-07-16
Maharashtra,Thane,Ambernath,B-015596,2.24,,2023-09-14
maharashtra,Nashik,Niphad,B-015722,1.1,,2023-10-25
Maharashtra,Nagpur, Ramtek,B-007559,3.5,2000.0,2023-08-04
Gujaaraat,ahmedabad,Dholka,B-002728,2.08,4000.0,2023-05-24
Gujarat,Surat,Mangrol,B-018635,3.83,,2023-04-18
Maharashtra,Thane,Ulhasnagar,B-004824,2.29,2000.0,2023-07-17
Maharashtra,Nashik,Malegaon,B-010046,1.91,,2023-07-03
Maharashtra,Thane,Ambernath,B-013741,2.21,,2023-02-22
Gujarat,Ahmedabad,Bavla,B-011305,3.79,2000.0,2023-08-17
Maharashtra,Pune,Baramati,B-014562,0.69,2000.0,2023-10-01
MAHARASHTRA, Nashik,Niphad,B-002331,4.18,2000.0,2023-12-03
MAHARASHTRA,Nagpur,NAGPUR RURAL,B-007596,4.57,4000.0,2023-09-21
Gujarat,Ahmedabad,Bavla,B-010586,4.19,,2023-12-22
Maharashtra,nagpur,Ramtek,B-017578,1.16,2000.0,2023-01-26
Maharashtra,Nashik,Sinnar,B-001482,1.51,6000.0,2023-09-20
gujarat,Ahmedabad,Sanand,B-011840,4.96,,2023-10-16
Gujarat, Vadodara,City,B-013664,2.48,6000.0,2023-08-13
Gujarat,Surat,Kamrej,B-001855,0.53,4000.0,2023-09-23
Maahaaraashtraa,Thane,Ulhasnagar,B-002946,3.91,2000.0,2023-07-11
Maharashtra,Nagpur,Hingna,B-012759,2.2,6000.0,2023-08-09
 Maharashtra,nashik,Niphad,B-009592,0.79,4000.0,2023-11-22
Maharashtra,Thane,Ambernath,B-017830,2.78,2000.0,2023-08-05
Maahaaraashtraa,Pune,junnar,B-018435,3.92,6000.0,2023-09-09
Maharashtra,thane,Thane,B-002217,4.54,6000.0,2023-10-23
Maharashtra, Nagpur,Kamptee,B-006441,1.62,4000.0,2023-04-01
Gujarat,Ahmedabad,Daskroi,B-006776,1.76,2000.0,2023-06-02
Maharashtra,Thane,Ulhasnagar,B-013948,0.94,2000.0,2023-10-06
Maahaaraashtraa,Pune ,Haveli,B-007388,1.0,6000.0,2023-07-03
Gujarat,Ahmedabad,Dholka,B-000409,4.14,6000.0,2023-05-27
Maharashtra,Pune,Junnar,B-002931,4.39,6000.0,2023-11-21
Gujarat,surat,Olpad,B-007434,0.56,2000.0,2023-12-11
Gujarat,vadodara,City,B-014041,2.35,4000.0,2023-03-06
Gujarat,Surat,Choryasi,B-011676,3.73,4000.0,2023-03-12
Gujarat,Vadodara,Karjan,B-003309,1.55,2000.0,2023-08-17
Maharashtra,Pune ,Shirur,B-007450,1.75,,2023-07-14
Gujarat,Vadodara,Vaghodia,B-014274,1.27,4000.0,2023-10-02
Maharashtra,Nagpur,Hingna,B-014243,3.42,6000.0,2023-06-17
Gujarat,Ahmedabad,Daskroi,B-015166,2.87,,2023-02-27
 Maharashtra,PUNE,Junnar,B-017513,2.17,,2023-06-21
Gujarat,Surat,City ,B-019920,4.83,4000.0,2023-09-04
Maharashtra,Nagpur,Ramtek,B-016852,0.87,,2023-08-27
Gujarat,ahmedabad,Dholka,B-017412,3.12,,2023-08-17
Maharashtra,Thane,Bhiwandi,B-019702,2.57,4000.0,2023-02-18
Maharashtra,Pune,Shirur,B-011770,2.74,4000.0,2023-08-24
Maharashtra,Pune ,Baramati,B-015224,4.96,,2023-11-18
Maahaaraashtraa,pune,Khed,B-016199,3.67,6000.0,2023-12-10
gujarat,Vadodara,Vaghodia,B-001495,1.55,2000.0,2023-05-25
Maharashtra,Thane,Ulhasnagar,B-001871,3.15,,2023-03-26
Gujarat,Ahmedaabaad,City,B-011571,3.88,,2023-01-03
Gujarat,Surat,Kamrej,B-014107,1.61,6000.0,2023-06-01
Maharashtra,Pune,junnar,B-015398,1.39,,2023-01-07
Maharashtra,Pune,Khed,B-005947,2.65,,2023-07-23
Maharashtra,Nagpur,Hingna,B-001398,1.7,2000.0,2023-07-10
Gujarat,vadodara,Karjan,B-015161,2.85,2000.0,2023-03-17
Maharashtra,Thane,Ambernath,B-011589,2.8,2000.0,2023-09-13
Gujarat,Surat ,City,B-006293,1.65,4000.0,2023-06-12
Gujarat ,Surat,Kamrej,B-011910,0.87,4000.0,2023-04-25
Gujarat,Surat,Choryasi,B-012961,0.62,2000.0,2023-10-03
Gujarat ,Surat,Choryasi,B-016126,4.78,2000.0,2023-08-24
Maharashtra,Naashik, Nashik,B-010029,0.75,4000.0,2023-07-14
Gujarat, Vadodara,Savli,B-002620,3.64,6000.0,2023-06-26
Maharashtra,Nashik,Sinnar,B-006205,3.74,,2023-11-02
Maharashtra,Thane,Ambernath,B-017708,3.62,,2023-02-27
Maharashtra,Nashik,Nashik,B-006236,2.23,2000.0,2023-12-09
Maharashtra,Nagpur,Hingna,B-000720,2.56,6000.0,2023-06-15
Maharashtra,Nagpur,Kamptee,B-018095,4.72,4000.0,2023-01-04
Gujarat,Vadodara ,Savli,B-002800,3.96,2000.0,2023-04-25
Gujarat,Ahmedabad,Bavla,B-005492,1.34,6000.0,2023-07-06
Gujarat,Ahmedabad,Bavla,B-009266,2.39,6000.0,2023-06-01
Maahaaraashtraa,Thane,Thane,B-010806,1.66,6000.0,2023-01-27
Gujarat,Vadodara,Savli,B-019184,3.51,4000.0,2023-11-17
Maharashtra,Nashik,Niphad,B-002657,4.79,4000.0,2023-03-19
Gujarat,vadodara,Padra,B-002370,0.52,,2023-12-08
Maharashtra,Nashik,Igatpuri,B-013431,0.54,,2023-01-09
 Maharashtra,Pune,Haveli,B-012602,2.05,6000.0,2023-05-27
Maharashtra ,Pune ,Khed,B-011667,3.81,6000.0,2023-03-27
Gujarat,Ahmedabad,Sanand,B-000841,4.18,4000.0,2023-10-02
Gujarat, Ahmedabad,City,B-006875,3.04,,2023-05-13
Maharashtra,Nashik,Niphad,B-005048,3.93,6000.0,2023-02-17
Maharashtra,Nashik,Niphad,B-005072,3.89,,2023-04-13
Maharashtra,Nagpur,Ramtek,B-011963,2.36,,2023-04-13
Gujarat,Surat, Kamrej,B-018027,1.93,6000.0,2023-10-14
Maharashtra,Thane,Ambernath,B-007312,3.3,4000.0,2023-06-28
Maharashtra,Thane,Bhiwandi,B-004732,2.93,6000.0,2023-12-03
MAHARASHTRA,THANE,Kalyan,B-010264,3.89,6000.0,2023-08-02
Gujaaraat,Ahmedabad,Bavla,B-002961,4.69,,2023-01-11
Gujarat ,Surat,Olpad,B-001927,2.95,6000.0,2023-12-28
Gujarat,Vadodara,Karjan,B-018381,2.82,4000.0,2023-10-23
Gujarat,Ahmedaabaad,Bavla,B-017599,3.1,6000.0,2023-09-15
Maharashtra,pune,Junnar,B-000058,1.26,4000.0,2023-02-08
Maharashtra,Thane,Bhiwandi,B-010201,4.36,4000.0,2023-04-18
Maharashtra,Nashik,Malegaon ,B-017998,0.57,,2023-07-06
Maharashtra,Thane,Ambernath,B-004147,4.08,2000.0,2023-08-25
Maharashtra,Nashik,Malegaon,B-018685,1.52,2000.0,2023-01-17
Maharashtra,Pune,Haveli,B-007515,2.29,,2023-09-10
Maharashtra,thane,Thane,B-008154,4.74,6000.0,2023-01-28
Gujarat,Ahmedabad,City,B-008170,0.96,,2023-08-26
 Maharashtra,Nashik,Niphaad,B-019519,0.84,4000.0,2023-12-19
Gujarat,Vadodara,Vaghodia,B-013230,2.29,2000.0,2023-07-03
Gujaaraat,Surat,mangrol,B-000095,1.47,,2023-06-13
Maharashtra,Nashik,Nashik,B-009962,0.76,6000.0,2023-12-21
maharashtra,Pune,Baramati,B-008085,4.37,,2023-12-11
gujarat,Ahmedabad,Bavla,B-003898,0.83,2000.0,2023-07-28
Gujarat,Ahmedabad ,Dholka,B-003554,4.53,,2023-08-12
GUJARAT,surat,Olpad,B-015835,2.93,,2023-03-27
Maharashtra,NASHIK,Sinnar,B-010805,1.03,2000.0,2023-04-21
Gujarat,Vadodara, City,B-007795,1.33,4000.0,2023-11-27
Maharashtra ,Nashik,Sinnar,B-007435,4.24,4000.0,2023-03-08
Gujarat,Surat,Mangrol,B-006720,2.71,2000.0,2023-10-09
Gujarat,Ahmedabad,Dholka,B-014375,1.34,,2023-02-25
Maharashtra,Thaane,Ulhasnagar,B-001301,4.88,2000.0,2023-12-02
Gujarat,Vadodara,Padra,B-009851,1.79,4000.0,2023-06-17
Gujarat,Ahmedabad,Daskroi,B-009833,4.2,6000.0,2023-06-03
Maharashtra,Nashik,Malegaon,B-013924,2.24,,2023-11-05
Gujarat ,Ahmedaabaad,Bavla,B-004010,4.48,4000.0,2023-06-04
Maharashtra,Nagpur,Nagpur Rural,B-008968,1.67,,2023-11-03
Maharashtra,Thane,Bhiwandi,B-004557,2.49,2000.0,2023-08-14
Maharashtra,Nashik,niphad,B-015956,1.37,6000.0,2023-09-18
Gujarat,Surat,Kamrej,B-010300,1.31,2000.0,2023-08-28
Gujarat,Surat,Choryasi,B-009135,2.77,6000.0,2023-09-22
Gujarat,Ahmedabad,Dholka,B-003402,4.64,,2023-01-11
Maharashtra,Pune,Khed,B-000802,4.86,,2023-07-06
Maharashtra,Nagpur,Umred,B-003029,2.33,2000.0,2023-02-18
Gujarat,Surat,City,B-002430,0.89,6000.0,2023-02-10
Maharashtra,Pune,Shirur,B-000903,3.27,6000.0,2023-11-27
Gujarat,Vadodara,City,B-010704,2.44,,2023-09-14
Gujarat,Ahmedabad,City,B-005719,4.27,2000.0,2023-01-26
Maharashtra,Nagpur,Hingna,B-000602,3.05,6000.0,2023-10-14
Gujarat ,Surat,Mangrol,B-018125,1.33,,2023-05-03
Maharashtra,Nagpur,Ramtek,B-017692,2.01,4000.0,2023-12-22
Gujarat,Ahmedabad,Bavla,B-018820,4.86,2000.0,2023-04-11
Maharashtra,nagpur,Kamptee,B-009472,1.31,4000.0,2023-08-23
maharashtra,Nagpur,kamptee,B-017068,3.86,2000.0,2023-10-17
Maahaaraashtraa,Pune ,Junnar,B-017696,2.0,,2023-08-22
Gujarat,Vadodara,Padra,B-015561,3.02,6000.0,2023-04-20
maharashtra,Pune,Shirur,B-001437,1.58,6000.0,2023-07-19
Maharashtra,Thaane,Kalyan,B-000804,0.54,6000.0,2023-05-13
Gujarat,Vadodara,Savli,B-001785,4.91,2000.0,2023-08-11
Gujarat,Vadodara,Vaghodia,B-006832,0.98,,2023-11-07
GUJARAT,Surat ,Mangrol,B-002921,3.25,4000.0,2023-05-12
Gujarat,Vadodara,Karjan,B-002644,2.21,,2023-01-19
Maharashtra,thane,Ambernath,B-011012,1.16,4000.0,2023-07-10
Gujarat,Surat,City,B-004660,4.65,2000.0,2023-10-18
Gujarat ,Vadodara ,Padra,B-010013,4.81,2000.0,2023-04-03
Maharashtra,Nagpur,Umred,B-010829,3.59,4000.0,2023-01-19
Maharashtra,Nashik,Malegaon,B-011330,4.22,4000.0,2023-10-17
Maharashtra,nagpur,Nagpur Rural,B-011467,3.88,4000.0,2023-06-21
Maharashtra,Nagpur,Hingna,B-009748,0.85,,2023-07-17
Maharashtra ,Thane,Bhiwandi,B-015078,3.51,4000.0,2023-03-08
Gujaaraat,Vadodara,Padra,B-012900,2.64,2000.0,2023-02-20
Maharashtra,PUNE,Junnar,B-014554,2.44,2000.0,2023-08-08
Maharashtra,Thane,Ulhasnagar,B-016549,1.58,6000.0,2023-07-15
Maharashtra,Thane,Kalyan,B-014298,3.36,4000.0,2023-02-25
Maharashtra,Pune,Junnar,B-012278,4.93,,2023-09-22
Gujarat, Ahmedabad,Sanand,B-017895,2.66,,2023-01-24
Gujarat,Ahmedabad, Sanand,B-013682,4.48,,2023-05-25
Gujarat,Ahmedabad,Daskroi,B-015926,1.12,6000.0,2023-04-03
Maharashtra,Nagpur,Ramtek,B-017533,4.79,2000.0,2023-06-17
Gujarat,Vaadodaaraa,Vaghodia,B-012592,1.43,,2023-08-18
Maharashtra,Nagpur ,Kamptee,B-016544,3.48,2000.0,2023-08-02
Gujarat,Surat,Mangrol,B-005290,4.88,6000.0,2023-11-27
Maharashtra,Nashik,Malegaon,B-006039,4.18,4000.0,2023-05-24
Gujarat,Vadodara,City,B-006209,0.96,4000.0,2023-02-12
Gujarat,Surat,Choryasi,B-017603,3.53,4000.0,2023-03-10
Maharashtra,Naashik,Nashik,B-012427,2.43,,2023-04-19
Maharashtra,Thane,Bhiwandi,B-007002,1.46,4000.0,2023-02-26
Maharashtra,Pune ,Haveli,B-009019,2.05,,2023-12-16
Maharashtra,Nagpur,Ramtek,B-001064,2.63,6000.0,2023-01-27
Maharashtra,NASHIK,Malegaon,B-004798,1.33,6000.0,2023-12-01
Maharashtra,Nashik,Malegaon,B-007714,4.68,,2023-09-27
Maharashtra,Pune,Khed,B-017734,3.82,2000.0,2023-12-21
Maharashtra,Thane,Ambernath,B-002000,3.31,4000.0,2023-06-19
Maharashtra,Pune,Haveli,B-011381,4.2,4000.0,2023-11-21
Maharashtra,Thane,Bhiwandi,B-016790,2.05,4000.0,2023-03-07
Gujarat,ahmedabad,Daskroi,B-005394,4.47,,2023-09-16
Maharashtra,Pune,HAVELI,B-008636,1.3,6000.0,2023-01-12
MAHARASHTRA,Thaane,Thane,B-006780,3.73,4000.0,2023-07-25
Maharashtra,Pune,Junnar,B-008596,2.22,6000.0,2023-08-04
Maharashtra,Pune,Haveli,B-003439,4.14,4000.0,2023-06-19
Maharashtra,Nagpur,Hingna,B-017287,0.7,4000.0,2023-07-14
 Gujarat,Ahmedabad,City,B-018240,2.76,,2023-08-23
Gujarat,SURAT,Olpad,B-010028,0.59,2000.0,2023-06-02
Maharashtra,Nagpur,Umred,B-000954,2.27,,2023-04-05
Gujarat,Surat,Mangrol,B-001791,3.63,4000.0,2023-06-05
Maharashtra,Thane,Bhiwandi,B-014591,3.24,4000.0,2023-05-25
Gujarat,Ahmedaabaad,City,B-018912,2.6,2000.0,2023-11-22
Maharashtra,Thane,Kalyan,B-019877,1.25,6000.0,2023-09-10
maharashtra,Pune,Haveli,B-018062,3.92,6000.0,2023-08-09
Maharashtra,nashik, Niphad,B-013325,1.58,4000.0,2023-03-07
Maahaaraashtraa,Nashik,Malegaon,B-007925,2.42,6000.0,2023-03-21
Maharashtra,NAGPUR,Umred,B-018783,0.7,4000.0,2023-06-09
Maharashtra,Nagpur,Kamptee,B-011283,5.0,2000.0,2023-07-03
Maharashtra,pune,Baramati,B-009909,3.19,2000.0,2023-02-17
Gujarat ,Ahmedabad,Dholka,B-012914,3.3,4000.0,2023-11-07
Maharashtra,Thane,Ambernath,B-014871,1.08,2000.0,2023-10-21
Gujarat,Ahmedabad,Dholka ,B-004706,4.87,,2023-06-21
Gujarat,ahmedabad,Sanand,B-006997,2.17,,2023-06-15
GUJARAT,AHMEDABAD,Daskroi,B-009976,2.98,2000.0,2023-04-16
Maharashtra,Pune,Junnar,B-005186,2.25,4000.0,2023-11-11
MAHARASHTRA,Pune,Khed,B-016290,2.15,4000.0,2023-11-10
Maharashtra,Nagpur,Hingna,B-015580,1.22,2000.0,2023-07-24
Maharashtra,Thane, Bhiwandi,B-009424,1.62,6000.0,2023-08-22
 Maharashtra,Pune,Baramati,B-019707,2.06,,2023-12-27
 Gujarat,Vadodara,padra,B-005798,2.9,6000.0,2023-07-06
Gujarat,Vadodara,City,B-002126,3.77,4000.0,2023-10-23
Maharashtra,pune,Haveli,B-010065,3.27,4000.0,2023-07-01
Gujarat,Ahmedabad,Bavla,B-009219,4.19,6000.0,2023-09-06
Maharashtra,Nagpur,Ramtek,B-016148,1.91,2000.0,2023-07-10
Maharashtra,Nashik, Igatpuri,B-008515,1.95,6000.0,2023-04-23
Gujarat ,Ahmedabad,Dholka,B-011947,1.11,6000.0,2023-11-19
Gujarat, Surat,Choryasi,B-010353,2.64,,2023-11-13
Gujarat,Vadodara ,Karjan,B-016165,4.09,,2023-07-09
 Maharashtra,Nashik,Nashik,B-008070,4.51,6000.0,2023-10-22
Maharashtra,Nagpur,Umred,B-013238,0.75,6000.0,2023-04-26
Gujarat,Ahmedabad,Sanand,B-014592,4.0,4000.0,2023-06-13
Maharashtra,thane,Thane,B-009985,4.38,,2023-09-17
Gujarat,Ahmedaabaad,Sanand,B-014200,1.58,,2023-02-20
Maharashtra,Nashik,Malegaon,B-017967,4.31,4000.0,2023-08-17
Maharashtra,Nashik,Sinnar,B-004760,3.32,2000.0,2023-04-05
Gujaaraat, Vadodara, Vaghodia,B-003172,2.53,,2023-02-04
Maharashtra,pune,Haveli,B-000026,2.71,,2023-04-14
Maharashtra,Pune,Shirur,B-001937,1.68,2000.0,2023-08-21
Maharashtra,Pune,shirur,B-000393,0.63,,2023-01-27
Maharashtra,NAGPUR,Nagpur Rural,B-007617,1.74,,2023-09-19
Maharashtra,pune,Khed,B-019951,4.54,2000.0,2023-11-19
Maahaaraashtraa,Nashik,Nashik,B-013054,3.11,2000.0,2023-08-25
Gujarat,VADODARA,Padra,B-001933,3.7,6000.0,2023-05-11
Gujarat ,Ahmedabad,Dholka,B-018544,0.94,4000.0,2023-12-21
Gujarat, Vadodara,Karjan,B-018334,3.29,4000.0,2023-08-10
Gujarat,Vadodara,Padra,B-013101,3.16,2000.0,2023-05-17
Gujarat,Surat,Mangrol,B-018006,3.64,2000.0,2023-10-25
Maharashtra,Pune,Haveli,B-015105,2.85,,2023-03-27
Gujarat, Ahmedabad,Dholka,B-018654,4.11,6000.0,2023-10-13
Gujarat, Vadodara,Karjan,B-015433,3.28,6000.0,2023-02-13
Maharashtra,Nashik,Nashik,B-018165,3.53,2000.0,2023-11-27
Gujarat,Vadodara,Vaghodia,B-005729,2.1,,2023-05-18
Gujarat,Surat,Olpad,B-009182,4.79,,2023-10-15
Gujarat,Vaadodaaraa, Padra,B-013207,1.93,4000.0,2023-12-27
Gujarat,SURAT,Choryasi,B-017699,1.56,4000.0,2023-04-19
Maharashtra,Thane,Thane,B-003479,4.67,,2023-12-06
Gujarat,Surat,Olpad,B-000186,2.52,4000.0,2023-08-08
Gujarat,Vadodara,Karjan,B-014494,0.51,2000.0,2023-12-25
 Gujarat,Ahmedabad,Bavla,B-003297,1.11,,2023-04-07
Maharashtra,Pune,Haveli,B-011306,3.02,4000.0,2023-03-26
Gujarat,VADODARA,Vaghodia,B-004615,3.99,6000.0,2023-03-19
Gujarat,Ahmedabad,Sanand,B-004169,2.29,,2023-04-02
Gujarat,vadodara,Vaghodia,B-012947,3.79,,2023-12-03
Maharashtra,pune,Haveli,B-013584,1.77,6000.0,2023-05-10
Maharashtra,Nagpur,Nagpur Rural,B-005043,2.54,2000.0,2023-11-18
Maharashtra,Thane,Ulhasnagar,B-004920,3.66,6000.0,2023-03-10
Gujarat,Vadodara,Savli,B-008302,1.65,,2023-07-12
Maharashtra, Pune,Junnar,B-018759,3.34,2000.0,2023-12-25
Gujarat,surat,City,B-018814,2.21,4000.0,2023-09-22
GUJARAT,vadodara,Padra,B-012568,4.34,4000.0,2023-07-15
Maahaaraashtraa, Pune,Junnar,B-000101,1.0,4000.0,2023-05-26
Gujarat,Ahmedabad,Daskroi,B-016072,3.72,,2023-01-16
Maharashtra,Nagpur,Nagpur Rural,B-011237,3.51,6000.0,2023-01-05
maharashtra,Nashik,Malegaon,B-018272,2.29,2000.0,2023-06-02
Maharashtra,Nashik,Niphad,B-015881,3.35,4000.0,2023-08-08
 Maharashtra,Thane,Ulhasnagar,B-006489,0.9,2000.0,2023-07-27
Gujarat,Ahmedabad,Sanand,B-014136,1.32,,2023-04-28
Maharashtra,Nashik,Sinnar,B-016041,2.37,4000.0,2023-05-24
Maharashtra,Nagpur,Nagpur Rural,B-013789,3.61,,2023-07-07
Maharashtra,Nashik,Igatpuri,B-000478,2.0,6000.0,2023-01-15
Maharashtra,Thane,Ulhasnagar,B-002878,1.93,,2023-11-01
Maharashtra,Pune ,Shirur,B-016617,1.67,,2023-01-26
Gujarat,Surat,City,B-019678,3.31,6000.0,2023-11-16
Gujarat,VADODARA,Padra,B-019320,1.89,2000.0,2023-06-05
Maharashtra, Thane,Bhiwandi,B-011018,3.13,6000.0,2023-11-27
Gujarat,Ahmedabad,City,B-007850,3.51,6000.0,2023-04-12
Maharashtra, Pune,Shirur,B-007775,3.19,,2023-10-23
Maharashtra,Thane,KALYAN,B-013063,1.15,2000.0,2023-08-03
Maahaaraashtraa,Pune,Junnar,B-000583,1.28,4000.0,2023-05-25
Maharashtra, Thane,Thane,B-010579,3.8,6000.0,2023-09-04
Maharashtra,Nashik,Nashik,B-002225,0.93,2000.0,2023-07-28
Maharashtra,Nashik,Sinnar,B-018076,3.46,6000.0,2023-07-05
Gujarat,Ahmedaabaad,City,B-002546,2.7,6000.0,2023-02-04
Maharashtra,Nashik,Nashik,B-019725,1.13,6000.0,2023-12-25
maharashtra,Nashik,Sinnar,B-007547,3.91,6000.0,2023-02-17
Maharashtra,Nashik,Sinnar,B-008798,1.71,,2023-02-14
Gujarat,Vadodara,Padra,B-005491,3.57,2000.0,2023-10-14
Maharashtra,Pune,HAVELI,B-019445,3.26,2000.0,2023-03-08
Maharashtra,Nashik,Igatpuri,B-014825,1.62,2000.0,2023-04-12
Maharashtra , Nashik,Sinnar,B-014462,3.89,6000.0,2023-08-24
Maharashtra,Nagpur,Ramtek,B-012167,3.35,,2023-05-23
Maharashtra, Pune,Khed,B-000918,0.91,6000.0,2023-07-18
Maharashtra,Nashik,Nashik,B-008538,2.91,6000.0,2023-03-10
Maharashtra,thane,Ulhasnagar,B-004905,2.19,2000.0,2023-10-16
Maharashtra,Pune,Haveli,B-009257,3.4,6000.0,2023-12-22
Gujarat,SURAT,Kamrej,B-011878,1.13,4000.0,2023-03-09
Maharashtra,Naashik,Nashik,B-018041,2.27,6000.0,2023-12-03
Maharashtra,Nashik ,Nashik,B-019670,4.7,4000.0,2023-08-27
Gujarat,Vadodara,Karjan ,B-009097,2.6,6000.0,2023-12-03
Gujarat,Surat ,Kamrej ,B-008780,2.56,,2023-05-22
Maharashtra,Pune,Baramati,B-018746,1.48,,2023-10-08
Maharashtra,Nagpur,Ramtek,B-003413,3.9,2000.0,2023-05-24
Gujaaraat,Ahmedabad,Bavla,B-009461,3.89,6000.0,2023-11-23
Gujarat,Surat,Kamrej,B-011232,1.11,4000.0,2023-09-26
Maharashtra,Nagpur, Kamptee,B-015468,2.41,4000.0,2023-06-26
 Maharashtra,Pune,Haveli,B-013100,1.85,6000.0,2023-11-27
Gujarat,Suraat,Kamrej,B-013039,2.97,4000.0,2023-08-06
Maharashtra,Thane,Ulhasnagar,B-005794,1.03,,2023-03-17
 Maharashtra,Thane,Thane,B-001085,4.37,4000.0,2023-09-28
Maharashtra, Pune,Junnar,B-002447,4.34,2000.0,2023-10-17
Gujarat,vadodara,Vaghodia,B-004596,1.08,,2023-03-21
Maahaaraashtraa,NAGPUR,Kamptee,B-000511,2.05,,2023-05-16
Maharashtra,Nagpur,Nagpur Rural,B-017453,4.0,,2023-03-19
maharashtra,PUNE,Haveli,B-017248,3.19,6000.0,2023-03-28
Gujarat,Ahmedabad,Bavla,B-014419,4.23,6000.0,2023-09-08
Gujarat,Ahmedabad,Daskroi,B-008754,1.63,,2023-04-06
Gujarat,SURAT,Olpad,B-002720,2.98,6000.0,2023-11-15
Gujarat, Vadodara,City,B-009355,0.97,4000.0,2023-02-26
 Gujarat,Ahmedabad,Sanand,B-017390,2.22,6000.0,2023-09-17
Gujarat,ahmedabad,Bavla,B-006383,1.03,6000.0,2023-06-03
Maahaaraashtraa,Nashik,Malegaon,B-019987,0.7,,2023-10-19
Gujarat,Surat ,Mangrol,B-009752,0.96,2000.0,2023-08-04
Gujarat,Ahmedabad,Bavla,B-001915,1.83,2000.0,2023-09-24
Gujarat,Vadodara ,Padra,B-012818,4.11,2000.0,2023-01-25
Maahaaraashtraa,Nagpur,Hingna,B-012314,2.85,4000.0,2023-04-09
Maharashtra,Nashik,Igatpuri,B-018582,3.59,6000.0,2023-09-22
Gujarat,Surat ,Olpad,B-011556,4.98,2000.0,2023-03-26
Gujarat,Ahmedabad,Daskroi,B-005153,4.54,,2023-08-03
Maharashtra,Thane,Ambernath,B-011631,0.7,2000.0,2023-02-20
Maharashtra,Nagpur,Nagpur Rural,B-000519,1.54,2000.0,2023-04-08
Gujarat,Surat,City,B-004449,1.01,6000.0,2023-08-06
Maharashtra,Nashik,Niphad,B-006781,0.89,6000.0,2023-06-18
Gujarat,Vadodara,Karjan,B-014810,4.68,6000.0,2023-11-21
Maharashtra,Thane,bhiwandi,B-008144,0.79,4000.0,2023-05-05
Maahaaraashtraa,Nagpur,Kamptee,B-018046,2.02,4000.0,2023-05-20
Maharashtra,Nagpur,Kamptee,B-006089,3.52,2000.0,2023-06-04
Gujarat,Vadodara,City,B-007405,1.87,6000.0,2023-02-09
 Maharashtra,Nashik,igatpuri,B-004959,3.65,2000.0,2023-10-18
Maharashtra,Pune, Junnar,B-003542,1.62,,2023-03-06
Maharashtra, Thane,Bhiwandi,B-008604,1.69,,2023-10-27
Gujaaraat,Ahmedabad,City,B-013644,1.04,6000.0,2023-10-16
Gujarat,Vadodara,Vaghodia,B-014776,4.96,6000.0,2023-10-04
Gujarat,Ahmedaabaad,Sanand,B-017547,4.06,,2023-11-07
Maharashtra,Thane,Bhiwandi,B-006132,3.18,6000.0,2023-01-10
maharashtra,Thane,bhiwandi,B-012861,2.37,4000.0,2023-06-13
Gujaaraat,Vadodara,Karjan,B-013871,4.87,4000.0,2023-04-03
Gujarat,Surat,City,B-012744,4.1,6000.0,2023-05-01
Maharashtra,Thane,Thaane,B-003312,4.18,,2023-10-01
Gujarat,Surat, Olpad,B-001518,1.0,2000.0,2023-10-04
Gujarat,Surat,Kamrej ,B-007271,3.22,6000.0,2023-01-18
Gujarat,Ahmedabad,Dholka,B-008291,1.72,6000.0,2023-12-12
GUJARAT,Vadodara ,Karjan,B-013432,3.79,2000.0,2023-07-24
Gujarat,Ahmedabad,Daskroi,B-013092,4.63,6000.0,2023-09-04
Maharashtra,Nagpur,Umred,B-007908,3.79,2000.0,2023-01-16
Gujarat,Ahmedabad,Dholka,B-018431,1.29,,2023-02-20
GUJARAT,Suraat,Mangrol,B-002525,3.82,4000.0,2023-03-08
Maharashtra,Nashik,Malegaon,B-003117,0.88,,2023-12-23
 Maharashtra,Nagpur,Kamptee ,B-005573,4.33,4000.0,2023-09-01
Gujarat,Surat,Kamrej,B-015192,1.68,2000.0,2023-08-14
MAHARASHTRA,Pune,Khed,B-012001,2.5,4000.0,2023-07-11
Gujarat ,Vadodara ,Padra,B-008580,4.09,,2023-08-19
 Gujarat,Ahmedaabaad,Sanand,B-005085,3.27,4000.0,2023-02-27
Maahaaraashtraa,Thane,Kalyan,B-012707,4.69,2000.0,2023-05-10
Gujarat ,surat,Olpad,B-005364,1.61,4000.0,2023-10-15
Maharashtra,Nashik,Sinnar,B-002348,3.53,6000.0,2023-08-13
Gujarat,Ahmedabad,Dholka,B-012608,4.31,,2023-11-10
MAHARASHTRA,Nashik ,Malegaon,B-001610,3.17,6000.0,2023-01-13
Gujarat,AHMEDABAD,Sanand,B-017140,3.91,2000.0,2023-08-15
Maharashtra,Nashik,Igatpuri,B-016283,3.31,4000.0,2023-12-17
Maharashtra,Pune,Junnar,B-002175,2.57,6000.0,2023-07-14
Maharashtra,Nashik,Nashik,B-018279,2.11,6000.0,2023-07-01
Maharashtra,Nagpur,Nagpur Rural,B-011872,4.37,4000.0,2023-06-11
GUJARAT, Vadodara,Vaghodia ,B-000599,3.45,4000.0,2023-05-05
Gujarat,Surat,Kaamrej,B-007527,1.08,,2023-04-21
Maharashtra,Nagpur,Ramtek ,B-006351,4.38,6000.0,2023-11-08
Maharashtra,Pune,Baramati,B-018581,2.62,6000.0,2023-05-01
Gujarat ,surat,Mangrol,B-008559,2.03,2000.0,2023-05-23
Gujarat,Vadodara,Vaghodia,B-016203,4.28,,2023-12-18
Gujarat,Surat,Mangrol,B-016282,1.66,2000.0,2023-04-08
Gujarat,Ahmedabad ,Dholka,B-005096,3.67,6000.0,2023-10-14
Maharashtra,Thane,Kalyan,B-000722,2.2,2000.0,2023-04-21
Maharashtra,NASHIK,Sinnar,B-011257,2.45,6000.0,2023-09-23
gujarat,VADODARA,Vaghodia,B-009737,0.88,6000.0,2023-12-27
Gujarat,ahmedabad,Daskroi,B-018343,4.77,2000.0,2023-06-04
Maahaaraashtraa,NASHIK,Malegaon,B-013203,4.35,2000.0,2023-02-16
Maharashtra,Pune,Shirur,B-007650,3.69,4000.0,2023-11-12
Gujarat,Vadodara,City,B-000756,3.9,4000.0,2023-07-05
Gujarat,Ahmedabad,Sanand,B-001690,2.68,4000.0,2023-12-05
Maharashtra,Pune,Baramati,B-015577,2.66,6000.0,2023-05-04
Gujarat,Surat,Kamrej,B-012554,3.28,2000.0,2023-03-07
MAHARASHTRA,PUNE,Haveli,B-010797,4.86,,2023-08-03
Gujarat,Surat,City,B-012216,3.48,6000.0,2023-04-24
Gujarat,Ahmedabad,Sanand,B-005120,2.53,,2023-12-06
Maharashtra ,Pune,Shirur,B-000369,3.88,2000.0,2023-01-27
Maharashtra,Nashik,Sinnar,B-009463,3.34,6000.0,2023-03-02
Maharashtra,NAGPUR,kamptee,B-017550,0.68,,2023-02-01
Maharashtra,Thane ,Kalyan,B-005115,4.66,,2023-05-19
Gujarat,Ahmedabad,Daskroi,B-010467,2.3,4000.0,2023-06-03
Maharashtra,Pune,Khed,B-013282,2.62,4000.0,2023-11-06
Maharashtra,Nagpur,Ramtek,B-005258,4.22,4000.0,2023-03-24
MAHARASHTRA,Pune ,Haveli,B-003286,2.95,6000.0,2023-01-16
Gujarat,Surat,Choryasi,B-019273,2.58,2000.0,2023-07-11
Maharashtra,Thane,Ambernath,B-015703,1.24,2000.0,2023-10-04
Maharashtra,Thane,Kalyan,B-019892,3.45,4000.0,2023-05-11
Maharashtra,thane,Thane,B-008721,2.33,4000.0,2023-12-17
Maharashtra,Thane,Kalyan,B-005229,1.04,4000.0,2023-03-05
Maharashtra,Nashik,Nashik,B-012662,3.35,,2023-05-09
Gujarat,Surat,Mangrol,B-007228,1.87,4000.0,2023-06-26
Gujarat,Surat,City,B-010996,1.86,,2023-06-03
Maharashtra ,Thane,Kalyan,B-001928,3.14,2000.0,2023-05-05
Gujarat,Ahmedabad,Dholka,B-004468,4.05,6000.0,2023-02-09
Maharashtra, Nashik,Igatpuri,B-013157,3.48,6000.0,2023-02-25
Maharashtra,Nagpur,Ramtek,B-019838,2.15,6000.0,2023-11-05
Gujarat,Ahmedabad,Daskroi,B-004484,2.49,6000.0,2023-01-27
Gujarat,Surat,Choryasi,B-001876,1.48,,2023-10-22
Gujarat,Suraat,Mangrol,B-000250,1.46,,2023-07-18
 Gujarat,Surat,City,B-010207,1.45,4000.0,2023-02-27
Maharashtra,Nagpur,Nagpur Rural,B-009169,1.36,,2023-03-17
Maharashtra,Nagpur,Nagpur Rural,B-008423,3.76,4000.0,2023-01-15
Maharashtra,Thane,Thane,B-001678,1.95,4000.0,2023-01-12
Maharashtra,pune,Baramati,B-017467,1.69,6000.0,2023-03-15
Gujarat,Vadodara,Vaghodia,B-015743,1.22,,2023-08-23
Gujarat,Surat,City,B-005740,1.3,,2023-04-27
Gujarat,Vadodara,Vaghodia,B-018554,4.42,4000.0,2023-07-28
Gujarat ,Ahmedabad,Sanand,B-005219,1.42,4000.0,2023-01-03
Maharashtra,Thane,Ulhasnagar,B-004441,1.68,2000.0,2023-06-10
Gujarat,AHMEDABAD,Daskroi,B-002320,4.58,2000.0,2023-11-26
Gujarat,Vadodara,Savli,B-017610,1.42,4000.0,2023-03-02
Gujarat,Ahmedaabaad,Sanand,B-014954,3.28,2000.0,2023-04-01
Maharashtra,nagpur,Umred,B-009406,4.8,2000.0,2023-05-03
Gujarat,Vadodara,Padra,B-004012,0.71,4000.0,2023-11-13
Gujarat,Vadodara,Savli,B-019837,2.2,4000.0,2023-07-15
maharashtra,Thane,Ulhasnagar,B-001168,4.95,,2023-08-16
Maharashtra,Nashik,Igatpuri,B-005102,2.34,4000.0,2023-06-22
Gujarat,Ahmedabad,Sanand,B-019263,1.48,4000.0,2023-06-07
Maharashtra ,PUNE,Junnar,B-005550,1.66,6000.0,2023-07-19
Maharashtra,Nashik,Igatpuri,B-014403,4.62,,2023-05-10
Maharashtra,Pune,Khed,B-007269,1.04,,2023-10-24
Maharashtra,Thane,Kalyan,B-000832,3.64,,2023-03-01
Gujarat,Ahmedabad,Sanand,B-015613,2.28,6000.0,2023-12-24
Gujarat,Ahmedabad, City,B-000476,4.21,4000.0,2023-10-10
Gujaaraat,Ahmedabad,Bavla,B-007713,0.74,,2023-03-05
Gujarat,Vadodara,Vaghodia,B-015684,4.78,,2023-03-26
Gujarat,Vadodara,Karjan,B-000827,2.33,2000.0,2023-07-17
gujarat,Vadodara,Savli,B-001736,4.73,,2023-12-06
Gujarat,Vadodara,Savli,B-016271,0.64,4000.0,2023-03-22
Maharashtra,Nashik,Sinnar,B-014439,4.41,4000.0,2023-02-14
Maharashtra,NASHIK,Igatpuri,B-001411,1.67,2000.0,2023-03-01
Maharashtra,Pune,Baramati,B-013612,4.34,,2023-01-06
Maharashtra, Thane,Ulhasnagar,B-006422,4.98,,2023-10-15
Gujarat,Vadodara,City ,B-002933,2.79,,2023-10-04
Gujarat,Ahmedabad ,Sanand,B-011546,1.27,6000.0,2023-05-18
Gujarat,Surat,Kamrej,B-009767,3.95,,2023-08-04
Maahaaraashtraa,Thane,Kalyan,B-009712,2.83,4000.0,2023-08-27
Gujarat, Ahmedabad,Sanand,B-015494,4.24,4000.0,2023-03-19
Maharashtra,Naagpur,kamptee,B-011308,2.29,6000.0,2023-09-10
Maharashtra,Pune,Haveli,B-011459,1.56,6000.0,2023-01-25
Maharashtra,Thane,Ambernath,B-019587,0.96,,2023-06-21
Maharashtra,Nashik,Malegaon,B-010098,2.6,2000.0,2023-07-16
Gujarat,Surat,Mangrol,B-005827,2.5,6000.0,2023-07-24
Gujarat,Ahmedabad,Dholka,B-014348,2.39,6000.0,2023-11-15
Maharashtra,nagpur,Hingna,B-005445,3.68,,2023-02-13
Gujarat,Vadodara,Savli,B-018398,1.12,,2023-02-16
Maharashtra,Nagpur,Kamptee,B-011681,1.24,6000.0,2023-07-21
Maharashtra,Thane,Thane,B-012426,0.9,2000.0,2023-02-28
Maahaaraashtraa,Nagpur,Nagpur Rural,B-010992,4.03,6000.0,2023-10-22
Maharashtra,pune,Shirur,B-015408,0.7,,2023-02-21
Gujarat,Surat,Mangrol,B-001287,0.92,,2023-06-22
Gujarat,Vaadodaaraa,City,B-012383,1.73,6000.0,2023-03-07
gujarat,Vadodara ,Vaghodia,B-012525,2.93,2000.0,2023-05-28
Gujarat,Vadodara, City,B-017924,0.69,6000.0,2023-03-15
Gujarat,Vadodara,Savli,B-009303,1.37,6000.0,2023-12-10
Maharashtra,Nashik ,Nashik,B-018507,0.77,,2023-03-13
Maharashtra,Nagpur,Hingna,B-017501,2.29,2000.0,2023-07-20
Maharashtra,NAGPUR,Ramtek,B-011446,1.17,4000.0,2023-04-23
Maharashtra,Nagpur,Kamptee,B-017125,0.61,2000.0,2023-07-23
Maharashtra,Thane,Thane,B-001594,1.74,6000.0,2023-04-19
Gujarat,Surat,KAMREJ,B-007465,3.06,6000.0,2023-11-01
Maharashtra,Nashik,Niphad,B-005086,3.65,6000.0,2023-10-17
Maharashtra,Pune,Baramati,B-016030,4.7,2000.0,2023-03-15
Gujarat,Vadodara,Savli,B-010559,2.98,,2023-12-09
Maharashtra ,Thane,Ulhasnagar,B-011637,0.75,6000.0,2023-05-15
GUJARAT,Ahmedabad,City,B-012559,1.25,6000.0,2023-11-01
Gujaaraat,Surat,Olpad,B-007626,1.62,2000.0,2023-09-05
Maharashtra,PUNE,Haveli,B-016373,2.91,4000.0,2023-07-21
Gujarat,Vadodara,City,B-015186,2.4,4000.0,2023-11-11
MAHARASHTRA,NASHIK,Niphad,B-003667,2.81,,2023-02-13
Maharashtra,Pune,Khed,B-002355,4.19,,2023-03-23
Maharashtra,Nagpur,Umred,B-014013,1.67,6000.0,2023-05-03
Gujarat,Surat,City,B-004228,4.7,2000.0,2023-11-03
Maharashtra,Thane,Kalyan,B-019395,2.94,6000.0,2023-11-06
Maharashtra,Nashik,Nashik,B-006424,2.76,,2023-12-10
Gujarat,Surat,Olpad,B-003005,3.13,2000.0,2023-08-03
Maharashtra,Pune,Baramati,B-018496,1.16,2000.0,2023-02-08
Maharashtra,Nashik,Igatpuri,B-010899,4.75,,2023-03-03
Maharashtra,Thane,Kalyan,B-005413,2.51,4000.0,2023-03-16
Maharashtra,Pune,Khed,B-012924,4.59,4000.0,2023-11-21
Gujarat,Vadodara,Padra,B-005321,1.29,2000.0,2023-06-20
Gujarat,Surat ,Kamrej,B-007427,4.13,6000.0,2023-11-02
Gujarat,Vadodara,Savli,B-014507,4.31,4000.0,2023-03-24
Maharashtra,Pune,Junnar,B-000496,2.3,6000.0,2023-01-27
 Maharashtra,Thane,Thane,B-001071,3.86,4000.0,2023-07-16
Gujarat,Ahmedabad,Bavla,B-007788,4.57,4000.0,2023-02-24
Gujarat,AHMEDABAD,City,B-017722,1.5,6000.0,2023-04-16
Maahaaraashtraa,Pune,Baramati,B-005759,3.16,,2023-05-26
Maharashtra,Pune,Junnar,B-017060,4.24,4000.0,2023-07-25
Maharashtra,Naagpur,Hingna,B-007557,3.84,4000.0,2023-01-15
Gujaaraat,Suraat,City,B-002799,2.09,6000.0,2023-03-09
Maharashtra,Nagpur,Ramtek,B-004625,2.52,,2023-04-15
 Maharashtra,Nagpur,Umred,B-017250,4.74,4000.0,2023-02-04
Gujarat,Surat,Kamrej,B-005712,2.55,4000.0,2023-05-16
Maharashtra, Thane,Thane,B-009904,1.87,,2023-05-09
Gujarat, Vadodara,Vaghodia,B-009416,3.65,4000.0,2023-08-21
Gujarat,Vadodara,Padra,B-002088,0.74,,2023-01-26
Maharashtra,Nashik,Nashik,B-018958,1.11,,2023-11-22
Maharashtra,PUNE,Haveli,B-001687,1.04,6000.0,2023-09-16
Maharashtra,Nagpur,Kamptee,B-006647,0.58,2000.0,2023-04-20
MAHARASHTRA,Nashik,Niphad,B-011703,0.54,,2023-06-09
MAHARASHTRA,Nashik,Sinnar,B-015859,1.18,6000.0,2023-12-19
Gujarat,Ahmedabad ,Bavla,B-005340,2.82,2000.0,2023-12-18
Maharashtra,Nagpur,Hingna,B-009112,3.04,4000.0,2023-10-15
MAHARASHTRA,Nashik,Igatpuri,B-010641,4.25,2000.0,2023-09-02
Maharashtra,Naagpur,Umred,B-001163,2.28,,2023-10-04
Maharashtra, Pune,Baramati,B-004950,3.03,,2023-04-02
Maharashtra,Nashik,Igatpuri,B-008729,4.61,,2023-05-18
Gujarat,Surat,City,B-007553,3.26,,2023-09-24
Gujarat,Surat,Choryasi,B-016745,1.73,,2023-02-04
Gujarat,Vadodara ,Karjan,B-009676,1.25,6000.0,2023-03-11
Gujarat,ahmedabad,Daskroi,B-006774,3.86,,2023-09-16
Maharashtra,Nagpur,Ramtek,B-003909,0.57,6000.0,2023-03-21
Gujarat,Vadodara,City,B-010173,3.61,4000.0,2023-06-06
Maharashtra,Nagpur,Kamptee,B-015089,4.0,,2023-12-22
Maharashtra,Nagpur,Umred,B-018437,1.5,,2023-02-24
Gujarat,Ahmedabad,Dholka,B-002606,2.38,2000.0,2023-08-25
Gujarat,Ahmedabad,Bavla,B-007904,2.6,4000.0,2023-11-19
Gujarat,Vadodara,Vaghodia,B-006289,3.66,,2023-05-13
Gujarat,Ahmedabad,Daskroi,B-001083,3.88,,2023-10-13
Gujarat,Vadodara,Karjan,B-005583,2.46,4000.0,2023-11-20
Gujarat,Vadodara,Vaghodia,B-017065,4.9,6000.0,2023-03-20
Maharashtra,Nagpur,Ramtek,B-011372,1.37,,2023-01-11
Maharashtra,Thane,Thane,B-009683,4.95,2000.0,2023-02-03
 Maharashtra,Pune,Haveli,B-019157,1.56,,2023-02-27
Gujarat, Vadodara,Savli,B-015673,3.38,2000.0,2023-02-19
Gujarat,Vadodara,Karjan,B-007133,1.33,2000.0,2023-06-02
GUJARAT,VADODARA,Vaghodia,B-009294,4.88,,2023-05-21
Maharashtra,Thane ,Ulhasnagar,B-018262,1.78,,2023-05-16
Maharashtra,Nashik,Nashik,B-005607,4.26,2000.0,2023-05-10
Gujarat,Surat,Kamrej,B-008922,4.17,4000.0,2023-08-10
Maharashtra,Pune,Khed,B-011373,3.06,4000.0,2023-10-24
maharashtra,Thane,Kalyan,B-017698,1.48,,2023-07-20
Gujarat, Vadodara,Kaarjaan,B-002836,1.09,6000.0,2023-12-20
Maharashtra,Nashik,Sinnar,B-010857,3.97,4000.0,2023-10-01
maharashtra,pune,Shirur,B-010971,4.54,,2023-04-11
Maharashtra,Nagpur, Kamptee,B-014005,1.27,4000.0,2023-12-11
Maharashtra, Nagpur,Hingna,B-012114,4.85,6000.0,2023-09-28
Maharashtra,Thane,Ulhasnagar,B-015764,2.93,,2023-09-09
Maharashtra,PUNE,Khed,B-017775,3.64,6000.0,2023-01-02
Maharashtra,thane,Kalyan,B-014557,2.75,,2023-11-04
Maharashtra,Nagpur,Umred,B-019724,2.39,6000.0,2023-11-15
Gujarat,vadodara,Vaghodia,B-009703,3.19,4000.0,2023-05-02
Maharashtra,Nashik, Sinnar,B-016434,2.37,4000.0,2023-11-18
Maharashtra,Thane,Kalyan,B-016903,3.71,6000.0,2023-12-13
Gujarat,Vadodara,Padra,B-005331,3.0,6000.0,2023-06-03
Maharashtra ,Nagpur,Umred,B-015384,2.08,6000.0,2023-09-11
Maharashtra,Nagpur ,Nagpur Rural,B-001600,2.93,,2023-11-12
Maharashtra,nashik, Sinnar,B-007295,2.14,4000.0,2023-03-18
Gujarat,Surat,Kamrej,B-002887,1.24,,2023-06-16
GUJARAT,Ahmedabad,City,B-005047,3.73,4000.0,2023-02-22
Maharashtra, Nashik,Nashik,B-006649,1.71,2000.0,2023-05-22
Gujarat,Ahmedabad,Bavla,B-018255,0.56,,2023-10-11
Gujarat ,Vadodara,Karjan,B-009802,2.48,4000.0,2023-04-20
Gujarat,Ahmedabad,Dholka,B-001782,0.55,4000.0,2023-08-11
Maharashtra,Nagpur,Nagpur Rural,B-013163,1.31,,2023-08-20
Maahaaraashtraa,Thane,Ambernath,B-009772,2.57,,2023-08-24
maharashtra,Nagpur,Ramtek,B-012638,0.57,4000.0,2023-07-03
Maharashtra,Thane,Ulhasnagar,B-013298,0.61,,2023-12-06
Maharashtra,Nagpur,Nagpur Rural,B-005365,0.59,6000.0,2023-06-24
Gujarat,Vadodara,Savli,B-008099,1.72,,2023-03-26
Maharashtra,Nagpur,Ramtek,B-010568,0.65,,2023-03-05
Maharashtra,Nashik, Igatpuri,B-010817,3.98,,2023-09-21
Gujaaraat,Suraat,City,B-001008,2.08,4000.0,2023-05-13
Maharashtra,Pune,Baramati,B-015217,1.68,6000.0,2023-06-22
Maharashtra,Nagpur,HINGNA,B-003566,2.4,2000.0,2023-02-02
Gujarat, Vadodara,Karjan,B-015124,3.4,2000.0,2023-05-15
GUJARAT,Surat,City,B-009516,3.7,6000.0,2023-10-16
Gujarat,Ahmedabad,Bavla,B-015808,4.49,6000.0,2023-10-20
Gujarat,Vadodara,City,B-016884,2.42,6000.0,2023-07-17
Maharashtra,Pune,Baramati,B-013933,2.97,4000.0,2023-09-18
Gujarat,Surat,Kamrej,B-019953,4.06,2000.0,2023-02-16
Gujarat,Surat,Kamrej,B-002404,2.58,6000.0,2023-08-22
gujarat,Surat,Mangrol,B-019799,2.04,4000.0,2023-06-18
Gujarat,Vadodara,Vaghodia,B-002445,4.38,2000.0,2023-05-25
Maharashtra,Nashik,Igatpuri,B-007422,1.89,,2023-02-24
Gujarat, Ahmedabad,city,B-019163,4.69,4000.0,2023-06-27
 Gujarat,Ahmedabad,Dholka,B-004776,2.92,2000.0,2023-09-02
Gujaaraat,ahmedabad,Bavla,B-006390,1.65,4000.0,2023-04-27
Maharashtra,Nagpur,Hingna,B-010086,3.71,2000.0,2023-07-02
Gujarat,Surat,City,B-009469,4.01,2000.0,2023-03-08
Gujarat,Vadodara,Padra,B-007327,2.82,,2023-04-24
Maharashtra,Naashik,Igatpuri,B-003206,1.2,4000.0,2023-05-17
Gujarat,Ahmedabad,City,B-003370,4.71,6000.0,2023-11-06
Maharashtra,Pune,Haveli,B-016733,1.95,,2023-05-16
Gujarat,Surat,kamrej,B-005188,0.6,,2023-09-03
MAHARASHTRA,Pune,Haveli,B-017810,2.3,2000.0,2023-02-15
Maharashtra,Pune,Haveli,B-009344,1.66,6000.0,2023-12-20
Maharashtra,Pune,Shirur,B-011134,3.63,4000.0,2023-07-12
Maahaaraashtraa,Pune,Haveli,B-013759,1.23,6000.0,2023-01-25
Maahaaraashtraa,NAGPUR,Nagpur Rural,B-007123,2.55,6000.0,2023-10-06
Gujaaraat,Vadodara,City,B-011761,2.27,6000.0,2023-02-13
Maharashtra,Nashik,Nashik,B-005641,1.46,6000.0,2023-01-04
Maharashtra,Pune,Junnar,B-016596,1.02,6000.0,2023-08-25
Maharashtra,THANE,Ulhasnagar,B-009548,3.02,2000.0,2023-07-09
Maharashtra,Nagpur,Kamptee,B-000134,3.92,2000.0,2023-04-04
Maharashtra,Nagpur ,Ramtek,B-019601,1.52,,2023-10-16
 Gujarat,ahmedabad,Dholka,B-015218,4.85,2000.0,2023-04-15
gujarat,Ahmedabad,Sanand,B-006623,3.82,,2023-12-13
Gujarat,Vadodara,Savli,B-019437,1.35,,2023-12-15
Maharashtra,Naashik,Niphad,B-015629,1.22,4000.0,2023-09-10
Gujarat,Surat,Choryasi,B-001023,3.45,6000.0,2023-01-03
Maahaaraashtraa,Nagpur,Umred,B-006050,0.86,2000.0,2023-11-19
GUJARAT,Ahmedabad,Sanand,B-015342,2.14,4000.0,2023-01-03
Gujarat,Ahmedabad,Dholka,B-000871,2.02,2000.0,2023-10-28
Maharashtra,Thane,Ulhasnagar,B-019526,3.05,,2023-05-11
Maharashtra,NAGPUR,UMRED,B-019515,2.77,2000.0,2023-11-16
Maharashtra, Pune,Haveli ,B-009176,4.74,6000.0,2023-02-05
Maharashtra,Nagpur ,Hingna,B-017433,2.68,,2023-08-12
maharashtra,Nagpur,Umred,B-001798,1.91,,2023-03-12
Gujarat,Ahmedabad,Daskroi,B-004624,4.16,4000.0,2023-03-06
Maharashtra,Pune,Junnar,B-013155,1.77,6000.0,2023-02-15
 Maharashtra,Nagpur,Nagpur Rural,B-003855,1.15,,2023-04-23
Gujarat,Surat,Choryasi,B-007074,0.54,6000.0,2023-07-09
Gujarat,VADODARA,Savli,B-011506,2.86,2000.0,2023-12-07
Gujarat ,Ahmedabad, Daskroi,B-009670,2.67,6000.0,2023-01-10
gujarat,Vadodara,Savli,B-006460,1.08,,2023-04-06
Gujarat,Ahmedabad,Bavla,B-013645,3.78,4000.0,2023-04-18
 Maharashtra,Nashik,Igatpuri,B-005213,1.07,,2023-01-14
Maharashtra,NASHIK,Sinnar,B-011662,3.56,6000.0,2023-03-08
 Maharashtra, Pune,Haveli,B-006272,4.0,6000.0,2023-01-08
Gujaaraat,Vadodara,Savli,B-006653,4.55,,2023-02-18
Gujarat,Ahmedaabaad,City,B-013867,4.3,6000.0,2023-02-23
Maharashtra,PUNE,khed,B-015479,3.13,2000.0,2023-01-27
Maharashtra,Thaane,Thane,B-008932,3.64,,2023-01-24
Gujarat,Vadodara,Savli,B-016232,1.81,4000.0,2023-09-13
Gujarat,Ahmedabad,Bavla,B-016184,2.08,,2023-08-15
Gujarat,Ahmedabad,Dholka,B-002842,2.46,2000.0,2023-05-10
Maharashtra,Nagpur,Umred,B-015554,0.89,2000.0,2023-04-05
 Gujarat,Ahmedabad,Bavla,B-002279,1.76,2000.0,2023-03-25
 Maharashtra,Nashik ,Malegaon,B-003084,2.79,2000.0,2023-02-09
Gujarat ,surat,Kamrej,B-009101,3.65,2000.0,2023-11-11
Gujarat,Surat,Mangrol,B-006302,1.3,4000.0,2023-01-10
Maharashtra,Thane,Thane,B-005903,1.16,6000.0,2023-04-03
Gujarat,Vadodara,Padra,B-006836,2.6,2000.0,2023-11-10
Gujarat,Vadodara,City,B-002528,4.43,2000.0,2023-12-14
Gujarat,Ahmedabad,City,B-004727,4.47,,2023-07-12
Maharashtra,Thane,Ambernath,B-017890,4.85,4000.0,2023-10-19
Maharashtra,Pune,Shirur,B-002057,2.7,4000.0,2023-11-01
Maharashtra,Thane,Thane,B-015287,5.0,6000.0,2023-02-09
Maharashtra,Thaane,Ambernath,B-015973,3.7,4000.0,2023-07-18
Gujarat,Surat,Mangrol,B-001176,0.61,,2023-07-03
Maharashtra,Nagpur,Hingna,B-010624,2.14,,2023-02-02
Gujarat,Vadodara,Padra,B-000258,1.05,6000.0,2023-09-13
Gujarat,Ahmedaabaad,Dholka,B-002360,0.62,,2023-08-03
Gujarat, Vadodara,Vaghodia,B-011819,4.21,2000.0,2023-12-06
Gujarat,Surat,Choryasi,B-007975,2.33,2000.0,2023-11-28
 Maharashtra,thane,Kalyan,B-014046,2.32,,2023-08-14
Maharashtra,PUNE,Haveli,B-007156,4.44,6000.0,2023-03-24
Maharashtra,Pune,Shirur,B-015779,0.88,4000.0,2023-12-01
Maharashtra,nagpur, Ramtek,B-018268,4.02,6000.0,2023-03-11
Gujarat,Surat,Kamrej,B-013626,1.31,4000.0,2023-01-26
Maharashtra,Nashik,Niphad,B-013873,4.21,,2023-01-11
Gujarat,Surat,Choryasi,B-006814,4.87,,2023-02-15
Maharashtra,nagpur,Ramtek,B-007472,1.76,2000.0,2023-07-07
Maharashtra,Pune,Shirur,B-011394,4.5,4000.0,2023-08-28
Maharashtra,Pune,Khed,B-019428,4.73,6000.0,2023-04-12
Maharashtra,Pune,Khed,B-006975,3.29,,2023-02-18
Maharashtra,Nagpur ,Hingna,B-016407,2.49,6000.0,2023-10-19
gujarat,vadodara,Padra,B-013442,1.75,2000.0,2023-01-15
Gujarat,Surat,Choryasi,B-007445,3.0,4000.0,2023-11-13
Maharashtra, Nagpur,Ramtek,B-019556,1.0,4000.0,2023-02-10
Gujarat,Ahmedabad,Daskroi,B-006949,1.77,,2023-11-01
Gujarat,Surat,Mangrol,B-009045,2.48,4000.0,2023-09-28
Maharashtra,Thane,Kalyan,B-013728,1.75,,2023-09-10
MAHARASHTRA,Pune,Junnar,B-006304,2.2,2000.0,2023-01-05
Maharashtra, Nagpur,Hingna,B-005822,1.07,4000.0,2023-03-15
Maharashtra,Nashik,Niphad,B-003699,4.56,,2023-06-04
Maharashtra,Pune,Baramati,B-003045,0.79,6000.0,2023-01-28
MAHARASHTRA,Nashik,Niphad,B-006960,4.25,,2023-08-04
Maharashtra,Pune,Khed,B-009906,2.5,4000.0,2023-12-12
MAHARASHTRA,Thane,Bhiwandi,B-000122,1.45,2000.0,2023-05-19
Gujarat ,Surat,Mangrol,B-017183,3.28,4000.0,2023-09-27
Maharashtra ,Nashik,Niphad,B-008162,1.5,4000.0,2023-01-06
Maharashtra,Nashik,Malegaon,B-011976,3.38,,2023-01-07
Maharashtra,Nashik,Igatpuri,B-003879,4.68,6000.0,2023-01-11
Gujarat,Vadodara,Savli,B-011668,3.78,4000.0,2023-03-06
Maharashtra,Nashik,Malegaon,B-008221,3.5,6000.0,2023-12-02
Maharashtra,PUNE,Baramati,B-004412,4.87,,2023-03-02
Maharashtra,Nashik,Niphad,B-006732,1.45,6000.0,2023-05-12
Maharashtra,nashik,Sinnar,B-008949,1.91,,2023-12-14
Maharashtra,Thane,Thane,B-009443,1.76,2000.0,2023-04-14
Gujarat,Ahmedabad,Daskroi,B-019763,3.27,6000.0,2023-10-19
Gujarat,Vadodara,City,B-017581,1.01,6000.0,2023-04-23
Maharashtra,Thane,Ambernath,B-015467,3.63,2000.0,2023-10-13
Gujarat,Vadodara,Padra,B-009309,1.9,6000.0,2023-03-18
Maahaaraashtraa,Nashik,Sinnar,B-007918,2.29,2000.0,2023-07-13
Maharashtra,Naashik,Igatpuri,B-011549,3.21,4000.0,2023-02-11
Maharashtra,Thane,Kalyan,B-013299,3.23,,2023-08-15
Maharashtra,Pune,Haveli,B-015045,3.08,2000.0,2023-02-22
Maharashtra,Thane,Kalyan,B-016368,3.39,6000.0,2023-08-13
GUJARAT,Ahmedabad,Sanand,B-015100,3.58,2000.0,2023-11-24
Maharashtra,Thane,Bhiwandi,B-018243,4.12,6000.0,2023-06-04
Maharashtra,Nashik ,Niphad,B-014449,4.2,4000.0,2023-04-08
Maharashtra,Thane,Ambernath,B-002328,0.99,2000.0,2023-12-18
MAHARASHTRA,Nagpur,Umred,B-011964,4.95,4000.0,2023-08-13
Maharashtra,Pune,Baramati,B-011982,3.83,,2023-06-22
Gujarat ,Surat,Olpad,B-008625,1.48,6000.0,2023-05-09
Maharashtra,Nagpur,Hingna,B-014255,2.23,6000.0,2023-12-24
Maharashtra,NASHIK,Sinnar,B-004579,0.95,4000.0,2023-05-21
Maharashtra,Nashik,Igatpuri,B-013691,3.38,,2023-11-06
Maharashtra,pune,Junnar,B-008470,3.6,2000.0,2023-09-14
Gujarat,Surat,Kamrej,B-001282,4.19,2000.0,2023-09-14
Gujarat,vadodara,Savli,B-014366,2.89,6000.0,2023-02-13
Maharashtra,Thaane,Kalyan,B-009996,2.27,4000.0,2023-10-16
Maharashtra,Nagpur,Nagpur Rural,B-017728,3.71,4000.0,2023-06-08
Gujarat,Surat,Mangrol,B-004018,1.72,2000.0,2023-10-03
Maharashtra,Thane,Ambernath,B-007741,1.93,,2023-02-28
Maharashtra, Nagpur,KAMPTEE,B-014564,1.14,,2023-08-10
Maharashtra,PUNE,Khed,B-012152,2.86,2000.0,2023-06-28
Gujarat,Vadodara,Vaghodia,B-015984,2.57,2000.0,2023-09-04
Maharashtra,Pune,Junnar,B-010957,1.51,4000.0,2023-02-18
Maharashtra ,Nagpur,Kamptee,B-001280,1.31,,2023-07-02
Maharashtra,Nagpur,Kamptee,B-013600,2.11,2000.0,2023-11-21
Gujarat,Surat,Mangrol,B-010383,0.95,2000.0,2023-06-02
Gujaaraat,Vadodara,Vaghodia,B-008835,0.74,6000.0,2023-11-25
Maharashtra,Nagpur,Ramtek,B-009497,3.19,2000.0,2023-04-11
Maharashtra,Thane,Bhiwandi,B-017562,1.17,2000.0,2023-11-17
Maharashtra,Nashik,Nashik,B-014072,1.76,,2023-09-17
Gujarat,Vadodara, Padra,B-000865,1.77,4000.0,2023-09-23
MAHARASHTRA,THANE,Ulhasnagar,B-005629,2.21,,2023-06-20
Maharashtra, Nashik,Sinnar,B-008766,1.14,4000.0,2023-06-05
Gujarat,Surat,City,B-000177,0.9,6000.0,2023-04-28
Gujarat,Vadodara,Savli ,B-007682,2.61,2000.0,2023-07-06
Gujarat,Vadodara,Vaghodia,B-007439,2.77,6000.0,2023-01-24
Maharashtra,pune,Junnar,B-015081,3.08,4000.0,2023-05-17
Maharashtra,Thane,Thane,B-018256,3.34,,2023-07-24
 Maharashtra,Pune,Baramati,B-009404,3.92,,2023-08-26
Gujarat,Surat,Kamrej,B-012023,1.88,6000.0,2023-08-25
Gujarat,Ahmedabad, Daskroi,B-005432,4.69,4000.0,2023-10-19
maharashtra,Naashik,Sinnar,B-006898,3.6,6000.0,2023-07-04
Gujarat,Ahmedabad,Bavla,B-005783,1.78,6000.0,2023-03-28
Maharashtra,Nashik,Niphad,B-004828,2.86,2000.0,2023-11-07
gujarat,Surat,Kamrej,B-004739,4.46,6000.0,2023-01-15
Maharashtra,Thane,Ulhasnagar,B-002745,0.68,2000.0,2023-07-11
Maharashtra,Thane,Ambernath,B-000579,3.61,2000.0,2023-12-25
Maharashtra,Nashik,Sinnar,B-011388,3.9,,2023-04-20
Maharashtra,Nagpur,Umred,B-009792,1.45,2000.0,2023-01-10
MAHARASHTRA,Nashik,Malegaon,B-012279,4.85,2000.0,2023-09-27
Maharashtra,Nashik,Malegaon,B-004982,3.03,,2023-12-24
Maharashtra,nashik,Sinnar,B-011911,1.4,6000.0,2023-08-27
Maharashtra,Nashik,Sinnar,B-009236,2.06,4000.0,2023-01-03
Maharashtra,Nashik,Malegaon,B-004268,1.08,4000.0,2023-03-01
Maharashtra,Pune,Shirur,B-001007,1.94,4000.0,2023-08-09
Maharashtra,Pune, Haveli,B-010311,3.68,6000.0,2023-10-21
Maharashtra,NAGPUR,Nagpur Rural,B-015824,2.92,2000.0,2023-04-28
Gujarat,Surat,Choryasi,B-009473,2.96,4000.0,2023-03-25
Gujarat,Suraat,olpad,B-002771,3.71,6000.0,2023-04-08
Maharashtra,Nashik,Niphad,B-009386,3.86,2000.0,2023-04-23
gujarat, Surat,City ,B-000846,4.48,,2023-07-03
Gujarat,Ahmedabad,City,B-010754,0.55,4000.0,2023-12-20
Maharashtra,Thaane,Ulhasnagar,B-004781,4.69,2000.0,2023-02-24
Gujarat,Vadodara,Padra,B-012082,2.04,4000.0,2023-11-17
Maharashtra,nashik,Sinnar,B-010229,0.67,4000.0,2023-11-18
Gujarat,Vadodara,Savli,B-000448,1.53,4000.0,2023-12-26
Maharashtra,Nagpur,Umred,B-004700,4.18,2000.0,2023-05-24
Gujarat,Surat,Kamrej ,B-007943,1.7,6000.0,2023-01-17
Gujarat,Vadodara,Karjan,B-001352,1.18,2000.0,2023-04-16
Maahaaraashtraa,Thane, Ulhasnagar,B-002078,2.76,4000.0,2023-09-09
Gujarat,VADODARA,City,B-015969,2.78,2000.0,2023-11-07
maharashtra,Nagpur,Nagpur Rural,B-001260,3.19,,2023-02-01
Maharashtra,Thane,Ulhasnagar,B-004553,3.1,6000.0,2023-03-08
Maharashtra,THANE,Ambernath,B-004130,1.85,2000.0,2023-06-02
Gujarat,Ahmedabad,City,B-016054,4.63,,2023-03-14
Maharashtra,Thaane,Ulhasnagar,B-010090,4.03,6000.0,2023-07-27
Gujarat, Vadodara,Karjan,B-004604,3.35,,2023-08-23
Maharashtra,Nashik,Malegaon,B-004510,0.59,6000.0,2023-03-25
Gujarat,Vadodara,Padra,B-004210,0.76,2000.0,2023-02-23
maharashtra,Thane,Ambernath,B-000233,2.05,,2023-10-21
Maharashtra,Nashik, Malegaon,B-015370,2.36,4000.0,2023-03-28
Gujarat,Ahmedabad,City,B-001828,4.07,,2023-09-17
Maharashtra,Pune,Khed,B-009894,4.74,6000.0,2023-06-09
Gujarat,Surat,Choryasi ,B-017473,3.39,2000.0,2023-10-24
Gujarat,ahmedabad,Daskroi,B-018933,1.07,6000.0,2023-01-25
Maharashtra,Thane,Ulhasnagar,B-012108,4.23,,2023-09-18
Gujarat,SURAT,Kamrej,B-002477,4.42,,2023-09-28
Maharashtra,THANE,Kalyan,B-010800,3.43,4000.0,2023-03-22
 Maharashtra,Pune,SHIRUR,B-014886,1.57,2000.0,2023-04-11
Gujarat ,Vadodara,Karjan,B-016602,2.46,2000.0,2023-08-10
Maharashtra,Nagpur,Nagpur Rural,B-002874,4.54,,2023-09-28
Gujarat,Vadodara,Savli,B-004281,0.66,2000.0,2023-02-13
Maharashtra,Nagpur,Hingna,B-011482,4.14,4000.0,2023-05-19
Maharashtra,Nagpur,Kamptee,B-012917,1.18,6000.0,2023-05-27
Gujarat,Ahmedabad,Sanand,B-017928,2.39,2000.0,2023-05-24
MAHARASHTRA,nashik,Igatpuri,B-016861,4.46,,2023-11-22
Gujarat,ahmedabad,Daskroi,B-008641,2.81,6000.0,2023-06-08
 Gujarat,AHMEDABAD,Daskroi,B-000543,4.27,6000.0,2023-11-02
Maharashtra,Thane,Bhiwandi,B-015782,3.95,4000.0,2023-04-15
Maharashtra,Naashik,Niphad,B-001383,3.64,,2023-07-24
Gujarat,Ahmedabad,Sanand,B-019668,3.46,2000.0,2023-03-05
Maharashtra,PUNE,Haveli,B-009758,1.84,,2023-08-27
Maharashtra,Nagpur,Umred,B-014073,1.33,6000.0,2023-12-09
Gujarat,Surat,City,B-008126,4.45,,2023-10-04
Maharashtra,Thane,Kalyan ,B-012334,0.68,2000.0,2023-08-19
Gujarat,vadodara,Vaghodia,B-014307,2.5,2000.0,2023-02-26
Gujarat,surat,Choryasi,B-012622,4.12,4000.0,2023-04-25
Maharashtra,Nagpur,Kamptee,B-006278,4.25,2000.0,2023-12-19
Gujarat,Surat ,Olpad,B-003899,3.93,2000.0,2023-10-26
Gujarat,Surat,Mangrol,B-010825,4.92,,2023-03-27
Gujarat,Vadodara,Karjan,B-007212,1.21,,2023-01-21
Maharashtra ,Pune,Junnar,B-019844,3.69,6000.0,2023-09-03
Gujarat,vadodara,Karjan,B-015068,3.02,4000.0,2023-12-09
Maharashtra,Pune,Haveli,B-002741,4.91,,2023-08-23
Gujarat,Vadodara,Savli,B-003455,2.06,2000.0,2023-11-18
Maharashtra, Pune,Baramati,B-009466,1.0,6000.0,2023-05-19
Maharashtra,Nagpur,Ramtek,B-012032,2.24,,2023-04-23
Maharashtra,Thane,Bhiwandi,B-015133,4.68,4000.0,2023-08-21
Gujarat,Surat,Choryasi,B-000891,1.39,4000.0,2023-11-28
Maharashtra ,Nagpur,Umred,B-012797,4.1,6000.0,2023-12-21
Gujarat ,Surat,Mangrol,B-015184,1.35,6000.0,2023-12-08
Maharashtra,Pune ,Haveli,B-014354,2.13,6000.0,2023-10-18
Gujarat,Vadodara,Vaghodia,B-001901,1.82,6000.0,2023-04-08
Gujarat,Vadodara ,Padra,B-017466,0.55,6000.0,2023-10-01
Maharashtra,nashik,Igatpuri,B-014495,4.08,2000.0,2023-04-20
Maharashtra ,Nagpur ,Nagpur Rural,B-007603,3.07,2000.0,2023-09-26
 Gujarat,Surat,Olpad,B-006534,1.88,,2023-12-10
Maharashtra,Nashik,Igatpuri,B-007803,1.67,4000.0,2023-11-16
Gujarat,Ahmedaabaad,Daskroi,B-015422,1.53,2000.0,2023-03-17
Gujarat,Vadodara, Karjan,B-007804,3.44,2000.0,2023-10-11
Gujarat,Vadodara,Vaghodia,B-014305,4.06,2000.0,2023-03-16
Maharashtra,Nagpur ,Kamptee,B-015003,2.9,,2023-07-27
Gujarat,Vaadodaaraa,Savli,B-008725,0.74,6000.0,2023-03-07
Gujarat,VADODARA,Savli,B-003829,1.9,,2023-05-08
Maharashtra,Nagpur, Ramtek,B-019732,2.09,4000.0,2023-09-11
Maharashtra,Nashik,MALEGAON,B-011199,3.75,4000.0,2023-04-04
Maharashtra,Pune,Khed,B-011561,3.74,4000.0,2023-12-01
Gujarat,Ahmedabad,City,B-006391,3.47,4000.0,2023-09-23
Maharashtra,Nashik,Malegaon,B-007776,1.7,2000.0,2023-10-02
Maharashtra,Thane,kalyan,B-004303,3.75,2000.0,2023-03-10
Maharashtra,Pune,Baramati,B-013589,4.86,,2023-02-08
Maharashtra,Nashik,Sinnar,B-016684,1.61,6000.0,2023-01-06
Gujarat,Ahmedabad,City,B-012859,2.26,4000.0,2023-05-21
Maharashtra,Nagpur ,Kamptee,B-000195,2.54,,2023-02-18
Maharashtra,Pune,Junnar,B-013377,1.15,2000.0,2023-11-21
Maharashtra,Nashik,Niphad,B-015628,2.9,2000.0,2023-06-23
Maharashtra,nagpur,Hingna,B-006259,4.3,6000.0,2023-03-25
Gujarat,Surat,Kamrej,B-011117,2.35,6000.0,2023-10-21
Maharashtra, Nagpur,Umred,B-014559,4.92,6000.0,2023-08-27
Maharashtra,Nashik,Igatpuri,B-008688,3.9,,2023-04-16
Maharashtra ,Nagpur,kamptee,B-011189,3.42,2000.0,2023-01-20
Gujarat,Ahmedabad,Daskroi,B-000673,3.97,2000.0,2023-09-13
maharashtra, Nashik,Sinnar,B-017730,1.94,6000.0,2023-08-10
Gujarat,VADODARA,City,B-015296,2.71,4000.0,2023-06-05
Maharashtra,Nagpur,Hingna,B-016657,1.25,6000.0,2023-09-19
Gujarat,Surat,Mangrol,B-013257,3.94,,2023-11-19
Maharashtra,Nashik,Sinnar,B-007075,3.6,6000.0,2023-05-16
Maharashtra,Nashik,Niphad,B-010003,2.01,6000.0,2023-07-06
Maharashtra, Nagpur,Hingna,B-010684,2.36,,2023-02-17
Gujarat,Vadodara,Karjan,B-004467,2.34,6000.0,2023-08-02
Maharashtra,nagpur,Nagpur Rural,B-005489,2.48,2000.0,2023-03-26
 Maharashtra,Nagpur,Umred,B-004430,4.95,4000.0,2023-10-09
Maharashtra,Pune,Shirur,B-004376,0.61,6000.0,2023-05-11
Maharashtra,Nashik,Igatpuri,B-001611,4.04,,2023-10-26
Gujarat,Surat,Mangrol,B-004184,2.29,4000.0,2023-05-08
Gujarat, Surat,Choryasi,B-010721,0.67,,2023-08-19
Gujarat,VADODARA,Savli,B-015308,4.21,4000.0,2023-09-19
Maharashtra,Pune,Shirur,B-006409,3.32,4000.0,2023-07-08
Maahaaraashtraa,Nashik,Malegaon,B-019261,3.89,6000.0,2023-12-13
Maharashtra,Nagpur,Umred,B-018142,2.65,2000.0,2023-04-11
Maharashtra,Nagpur,Kamptee,B-012274,4.16,6000.0,2023-10-15
Maharashtra,Nashik,Sinnar,B-003962,2.04,,2023-01-02
Maharashtra,Thane,Ulhasnagar,B-016442,3.5,,2023-10-06
Maharashtra,Nashik,Igatpuri,B-011009,4.32,4000.0,2023-02-13
Gujarat,Surat,Choryasi,B-009646,3.24,4000.0,2023-01-18
Gujarat,Surat,Kamrej,B-003194,2.93,2000.0,2023-07-08
Gujarat,Surat,Olpad,B-008519,1.54,6000.0,2023-07-13
Maharashtra,NASHIK,Igatpuri,B-005529,0.58,,2023-08-12
gujarat,Ahmedabad,Bavla,B-011104,3.69,4000.0,2023-09-08
Gujarat, Vadodara,Vaghodia,B-017946,1.17,2000.0,2023-09-21
 Maharashtra,Nagpur,Ramtek,B-013246,2.68,,2023-11-19
Gujarat,Vadodara,Vaghodia,B-005133,4.63,4000.0,2023-03-12
Gujarat,Surat,Choryasi,B-008973,4.49,,2023-09-21
Maahaaraashtraa,PUNE,Haveli,B-015213,1.31,2000.0,2023-05-10
Gujarat,Ahmedabad,Dholka,B-019307,0.92,2000.0,2023-12-27
Gujarat,Ahmedabad,Bavla,B-000139,4.32,,2023-06-16
Maharashtra,Pune,Junnar,B-001114,3.89,6000.0,2023-03-07
Gujarat,Vadodara,Savli,B-000196,1.34,,2023-07-20
Maharashtra,Pune,Shirur,B-019565,2.14,4000.0,2023-08-10
Maharashtra,Nashik,Nashik,B-014964,4.8,6000.0,2023-01-22
Gujarat ,SURAT,Maangrol,B-013487,1.1,4000.0,2023-05-28
Gujarat,Ahmedabad,Dholka,B-014432,2.36,,2023-12-20
Maharashtra,Thaane,Kalyan,B-012894,0.85,6000.0,2023-07-14
GUJARAT,Vadodara,Karjan,B-007307,4.75,4000.0,2023-01-03
Gujarat,Surat,Kamrej,B-005760,3.51,,2023-01-06
MAHARASHTRA,Nashik,Nashik,B-015052,3.98,,2023-04-17
Maharashtra ,Nashik,Nashik,B-011883,3.21,6000.0,2023-02-06
Maharashtra,Thane,Kalyan,B-013038,3.35,,2023-02-05
Maharashtra ,Pune,Khed,B-015461,0.62,2000.0,2023-05-04
Maharashtra,Nagpur,Nagpur Rural,B-003164,1.67,4000.0,2023-03-11
 Gujarat,Ahmedabad,City,B-000558,3.02,4000.0,2023-07-10
Gujaaraat,Ahmedabad,City,B-017582,1.16,,2023-10-26
Gujarat,Vadodara,City,B-010149,4.86,,2023-11-24
Maharashtra,NASHIK,Niphad,B-015568,2.32,2000.0,2023-05-08
Maharashtra,Nashik,Malegaon,B-000932,3.1,6000.0,2023-05-15
Maharashtra,Pune,Baramati,B-009735,2.37,,2023-10-24
Maharashtra, Nagpur,Kamptee ,B-010758,1.86,,2023-01-16
Maharashtra, Nagpur,Hingna,B-019567,2.93,,2023-10-02
Gujarat,Ahmedabad,Dholka,B-009821,1.91,,2023-01-07
 Maharashtra,Nagpur,Hingna,B-010455,4.04,4000.0,2023-06-07
Gujarat,Vadodara,Karjan,B-001996,2.78,,2023-10-11
Maharashtra,NASHIK,Sinnar,B-011602,3.1,4000.0,2023-11-02
Maharashtra,Nashik,Igatpuri,B-018721,4.03,,2023-04-08
gujarat,vadodara,Vaghodia,B-001416,4.79,6000.0,2023-04-06
Gujarat,Surat,Choryasi,B-015345,1.91,2000.0,2023-05-04
Maharashtra,Pune,Haveli,B-002129,4.16,6000.0,2023-01-02
Gujarat,Ahmedabad,Dholka,B-006160,3.62,,2023-04-09
Gujarat,Vadodara,Padra,B-010755,1.25,,2023-02-03
Maharashtra, Thane,Ulhasnagar,B-012516,4.54,,2023-04-06
Gujarat , Ahmedabad,CITY,B-015389,4.39,6000.0,2023-03-09
Maahaaraashtraa,Nashik,Igatpuri,B-009275,1.64,,2023-08-26
Gujarat,Surat,City ,B-003028,3.36,6000.0,2023-04-23
Maharashtra ,Pune,Baramati,B-016980,1.72,4000.0,2023-08-05
Gujarat,Vaadodaaraa,Padra,B-011398,2.71,2000.0,2023-06-09
Maharashtra,Nagpur,Kamptee,B-003019,3.73,2000.0,2023-01-28
Maharashtra,Nagpur,Hingna,B-014207,4.6,6000.0,2023-09-21
Maahaaraashtraa,Naagpur,Ramtek,B-004827,0.84,4000.0,2023-04-07
Gujarat ,Surat,Maangrol,B-007651,2.34,6000.0,2023-01-16
Maharashtra, Nashik,Nashik,B-010822,2.56,4000.0,2023-05-11
Maharashtra ,Nagpur,Kamptee,B-001241,3.53,,2023-03-18
Gujarat,Ahmedabad,Daskroi,B-010466,1.59,4000.0,2023-07-28
Maharashtra,Pune,Baramati,B-015034,4.86,4000.0,2023-12-10
Gujarat,Vadodara,Karjan,B-004529,2.13,4000.0,2023-07-24
maharashtra,Nagpur,Hingna,B-006996,3.23,2000.0,2023-06-11
Maharashtra,Naashik,Nashik,B-011342,1.45,4000.0,2023-07-28
Maharashtra,Nagpur,Kamptee,B-010938,2.99,,2023-06-20
Gujarat,surat,Kamrej,B-013780,4.76,,2023-03-20
Maharashtra,Nagpur,Umred,B-018045,0.54,,2023-03-28
Maharashtra,Nashik,Sinnar,B-002654,1.64,4000.0,2023-10-13
Gujarat,Ahmedabad,City,B-001213,0.69,6000.0,2023-09-11
Gujarat,Ahmedabad,City,B-004544,2.81,6000.0,2023-11-25
Maharashtra,PUNE,Baramati,B-012848,2.97,,2023-09-17
Gujarat,Vadodara,Karjan,B-012829,3.38,2000.0,2023-09-28
Maharashtra,Thane,Ambernath,B-014047,1.16,6000.0,2023-07-19
Maharashtra,Pune,Baramati,B-016672,2.05,4000.0,2023-11-05
Maharashtra,Nagpur,Hingna,B-016207,1.34,6000.0,2023-01-26
Gujarat,Vaadodaaraa,Padra,B-004231,2.76,,2023-02-11
Maahaaraashtraa,NASHIK,Igatpuri,B-004337,4.09,2000.0,2023-08-15
Maharashtra,Pune,Junnar,B-002916,2.09,6000.0,2023-09-10
Maharashtra, Nagpur,Hingna,B-007219,0.97,6000.0,2023-04-05
Gujarat,Ahmedabad ,Bavla,B-016573,3.02,,2023-05-25
Maharashtra,PUNE,Khed,B-008057,1.3,2000.0,2023-02-05
Maharashtra ,Nagpur,Kamptee,B-003288,3.41,2000.0,2023-09-25
Gujarat ,Ahmedabad,Sanand,B-010000,0.58,,2023-12-03
Gujarat,ahmedabad,Dholka,B-018153,1.61,4000.0,2023-08-16
Gujarat,Vadodara,Padra,B-002924,2.01,6000.0,2023-02-23
Maharashtra,Thane,AMBERNATH,B-010576,4.39,4000.0,2023-03-02
MAHARASHTRA,Thane,Ambernath,B-008062,0.54,6000.0,2023-05-01
 Maharashtra,Nagpur,Hingna,B-019097,4.83,6000.0,2023-11-28
Maharashtra,Nashik,Sinnar,B-002358,0.81,4000.0,2023-06-12
Maahaaraashtraa,PUNE,BARAMATI,B-008858,2.88,,2023-07-18
Gujarat,Surat,Olpad,B-007066,2.3,,2023-10-26
Gujarat,VADODARA,Vaghodia,B-003579,4.99,6000.0,2023-01-19
Maharashtra,Thaane,Ulhasnagar,B-014847,1.36,,2023-10-19
Maharashtra,Pune,Haveli,B-015950,0.65,6000.0,2023-05-13
Maharashtra,Nagpur,Kamptee,B-001741,4.03,,2023-12-06
Gujarat,Vaadodaaraa,City,B-007235,4.1,6000.0,2023-08-18
 Maharashtra,Nashik ,Igatpuri,B-011722,2.79,,2023-09-24
Maharashtra,Nashik,Malegaon,B-004244,3.31,2000.0,2023-10-14
Maharashtra,Thane,Ambernath,B-001693,2.71,4000.0,2023-03-08
Gujaaraat,Vadodara,Padra,B-000572,1.25,2000.0,2023-02-08
maharashtra,Nashik, Igatpuri,B-015584,3.58,4000.0,2023-11-10
 Gujarat,Surat,City,B-014922,4.6,4000.0,2023-05-12
Maharashtra,Pune,Khed,B-015269,2.11,6000.0,2023-09-06
 Gujarat,Ahmedabad,Dholka ,B-011921,4.85,4000.0,2023-11-25
Gujarat,Vadodara ,Savli,B-015701,0.71,2000.0,2023-06-28
Gujaaraat,Surat,City,B-007306,0.71,2000.0,2023-12-10
Maharashtra,Pune ,Junnar,B-018955,3.55,,2023-06-13
Maharashtra,Nagpur, Umred,B-019409,1.84,2000.0,2023-01-24
Maharashtra,Pune,Khed,B-002439,4.52,,2023-12-01
Gujarat,AHMEDABAD,Sanand,B-010697,2.66,4000.0,2023-09-07
Gujarat,Surat,Mangrol,B-016218,3.21,2000.0,2023-04-16
Gujarat,Vadodara,City,B-000015,3.97,4000.0,2023-03-09
Maharashtra,Nashik,Nashik,B-000620,1.29,2000.0,2023-09-22
Gujarat,Vadodara,Padra,B-010889,0.98,2000.0,2023-12-17
Maharashtra,Nagpur ,Umred,B-006398,3.12,,2023-09-15
Gujarat,Surat,Kamrej,B-004366,4.96,4000.0,2023-09-03
Maharashtra,Thaane,Ambernath,B-002484,4.31,2000.0,2023-06-13
Maharashtra,nagpur,Nagpur Rural,B-019747,2.62,6000.0,2023-04-05
Gujarat,Ahmedabad,City,B-005404,1.7,4000.0,2023-02-01
Gujarat,ahmedabad,Dholka,B-006412,2.24,4000.0,2023-07-20
Maharashtra,Nashik,Niphad,B-009415,2.91,4000.0,2023-07-11
Maharashtra,Pune ,Shirur,B-000061,4.06,,2023-09-01
Gujarat,Vadodara,City,B-008445,3.95,6000.0,2023-01-04
Gujarat,Surat,Choryasi,B-011594,0.57,4000.0,2023-12-05
MAHARASHTRA,Thane,Thane ,B-008040,3.96,2000.0,2023-11-18
Maharashtra,Pune,Shirur,B-007834,4.75,2000.0,2023-12-05
Maharashtra,Nashik,Niphad,B-007145,4.69,,2023-03-19
Maharashtra,Pune,Khed,B-006618,2.37,2000.0,2023-12-18
Gujarat,Ahmedabad,Sanand,B-014456,4.18,4000.0,2023-01-11
Maharashtra ,Pune,Baramati,B-001149,4.77,2000.0,2023-12-13
Gujarat,Ahmedaabaad,Dholka,B-008850,3.1,4000.0,2023-10-06
Maharashtra,Thane,Kalyan,B-003701,0.88,2000.0,2023-09-21
Gujarat,Vadodara ,Vaghodia,B-000055,0.75,6000.0,2023-02-04
Gujarat,Surat,Choryasi,B-006299,4.18,,2023-03-27
Gujarat,Vadodara,Karjan,B-014139,4.45,,2023-02-09
Gujarat,Vadodara,Vaghodia,B-015130,4.37,6000.0,2023-10-22
Maharashtra,Nagpur,Hingna,B-001986,3.94,6000.0,2023-06-09
Maharashtra,Nashik,Niphad,B-014734,0.81,,2023-04-18
Maharashtra,Nashik,Igatpuri,B-008771,4.32,6000.0,2023-05-10
Maharashtra,Nashik,Niphad,B-005881,1.55,4000.0,2023-11-05
Gujarat,Surat,Olpad,B-005464,1.71,2000.0,2023-06-26
Gujarat,Surat,City ,B-011172,4.7,,2023-07-18
Maharashtra,Pune,Shirur,B-004962,2.22,6000.0,2023-11-02
Gujarat,Ahmedabad,Bavla,B-015079,0.62,4000.0,2023-12-03
Gujarat,Vaadodaaraa,City,B-019574,0.93,,2023-05-24
Gujarat,Vadodara,City,B-018561,3.74,6000.0,2023-03-15
Gujarat,Vadodara,Padra,B-010602,4.56,,2023-04-01
Maharashtra,Nagpur,Kamptee,B-018861,4.06,6000.0,2023-10-10
Gujarat,Surat,City,B-015149,0.98,,2023-05-28
Gujarat,Ahmedabad,Bavla,B-017563,3.62,4000.0,2023-09-09
Maharashtra,Nashik,Niphad,B-005572,1.86,4000.0,2023-04-23
Maharashtra,Pune,Khed,B-019133,4.21,2000.0,2023-06-15
Gujarat,Ahmedabad,Sanand,B-007531,3.75,,2023-08-07
Maharashtra,Pune,Shirur,B-004751,4.73,2000.0,2023-08-21
Maharashtra,Nagpur,Ramtek,B-010614,1.35,,2023-01-05
Maharashtra,Nashik,Igatpuri,B-015653,2.31,6000.0,2023-10-03
Gujarat,Surat,City,B-014568,3.21,6000.0,2023-04-25
Gujarat,Surat,Kamrej,B-009085,2.15,2000.0,2023-07-10
gujarat,Vadodara,Padra,B-000645,4.87,,2023-05-02
Gujaaraat,Surat,Olpad,B-006295,3.97,2000.0,2023-06-04
Maharashtra,Nagpur,Nagpur Rural,B-019381,4.2,4000.0,2023-05-27
maharashtra,thane,Bhiwandi,B-003130,4.49,2000.0,2023-03-14
Gujarat,Surat,Choryasi,B-004897,3.97,2000.0,2023-08-26
Gujarat,Vadodara,Vaghodia,B-019896,1.29,6000.0,2023-03-13
Maharashtra,Naashik,Sinnar,B-006392,2.82,2000.0,2023-05-07
Gujarat,Surat,Choryasi,B-017458,4.49,,2023-01-14
Gujarat,Vadodara,City,B-012741,2.56,6000.0,2023-06-14
Maharashtra,Nagpur,Nagpur Rural,B-018804,4.85,2000.0,2023-02-06
Gujarat,Vadodara,Karjan,B-013543,3.96,4000.0,2023-11-12
 Maharashtra,thane,Ulhasnagar,B-007971,0.98,2000.0,2023-01-01
Gujarat,Surat,Olpad,B-001391,1.25,2000.0,2023-06-07
Maharashtra ,Pune,Junnar,B-010368,2.79,2000.0,2023-07-18
Gujarat,AHMEDABAD,Daskroi,B-007176,4.89,6000.0,2023-01-25
Gujarat,Ahmedabad,Dholka,B-013497,4.56,,2023-11-15
Maharashtra,THANE,Ambernath,B-014459,0.87,4000.0,2023-11-01
Maharashtra,Nashik, Sinnar,B-019547,5.0,2000.0,2023-09-15
 Maharashtra, Nashik,Malegaon,B-000585,4.97,,2023-11-26
Maharashtra,Pune,Khed,B-012561,3.01,,2023-08-20
gujarat,Ahmedabad,Dholka,B-018157,1.16,6000.0,2023-01-09
Gujarat,Ahmedabad,Dholka,B-011793,2.29,4000.0,2023-06-20
gujarat,Vadodara,Karjan,B-009715,2.96,6000.0,2023-11-04
Maharashtra,Nashik,Igatpuri,B-003908,3.93,,2023-03-28
Maharashtra,Pune,Baramati,B-008016,1.13,,2023-04-28
Maharashtra,Pune,Khed,B-006370,4.67,,2023-04-20
Maharashtra,Thane ,Kalyan,B-001033,0.82,6000.0,2023-05-13
Maharashtra,Pune,Haveli,B-013030,1.67,4000.0,2023-08-10
Maharashtra,Pune,Haveli,B-015972,1.86,2000.0,2023-04-10
Maharashtra, Thane,Ambernath,B-005042,2.19,6000.0,2023-07-03
GUJARAT,SURAT,City,B-008187,1.31,,2023-06-01
Maharashtra,Nagpur,Kamptee,B-014561,4.14,6000.0,2023-02-02
maharashtra,Nashik,Niphad,B-019505,2.76,,2023-01-18
 Gujarat,Surat,Mangrol,B-000269,1.99,2000.0,2023-02-24
Maharashtra,Nagpur,Kamptee,B-000607,4.68,2000.0,2023-01-20
Maharashtra,Pune, Khed,B-005559,4.27,4000.0,2023-10-28
Maharashtra,Nagpur ,Nagpur Rural,B-019480,4.93,,2023-02-18
Gujarat,Ahmedabad,Bavla,B-005534,1.52,4000.0,2023-02-25
Gujarat,Surat,Kamrej,B-011814,4.65,4000.0,2023-03-09
 Maharashtra,Nagpur,Hingna,B-015181,3.65,2000.0,2023-09-10
Maahaaraashtraa,Nagpur,Kamptee,B-006644,4.96,6000.0,2023-11-23
Maharashtra ,Nashik,Malegaon,B-013239,1.72,6000.0,2023-05-01
Gujarat,Surat,City ,B-018597,3.08,4000.0,2023-03-23
Maahaaraashtraa,Nagpur,Ramtek,B-010713,3.54,2000.0,2023-09-13
Maharashtra,Pune,Shirur,B-010934,2.07,,2023-06-23
Maharashtra,nagpur,Kamptee,B-015995,3.69,6000.0,2023-03-09
Gujarat,Ahmedabad ,SANAND,B-007510,0.75,4000.0,2023-11-02
 Gujarat,Surat, Choryasi,B-018294,4.63,6000.0,2023-04-11
Maharashtra,Nashik,Igatpuri,B-008792,1.38,6000.0,2023-05-05
Maharashtra,Pune,Junnar,B-002441,0.77,,2023-04-14
Gujarat,Ahmedabad,Bavla,B-018109,2.65,2000.0,2023-08-24
Maharashtra,Nashik,Malegaon,B-009493,3.09,,2023-10-01
Maharashtra,Thane,Kalyan,B-013897,3.27,2000.0,2023-02-27
Maharashtra,pune,Shirur,B-019849,1.53,6000.0,2023-01-06
Gujarat,Surat, Olpad,B-000605,1.31,4000.0,2023-08-02
Maharashtra ,NAGPUR,Umred,B-014693,0.94,,2023-09-07
Maharashtra,Pune,Haaveli,B-013040,0.89,2000.0,2023-12-08
Maharashtra,Nagpur ,Kamptee,B-008011,4.02,6000.0,2023-04-03
Maharashtra,Pune,Shirur,B-012388,0.74,2000.0,2023-04-03
Maharashtra,Naashik,Igatpuri,B-019807,4.17,2000.0,2023-09-15
gujarat,Surat,Mangrol,B-007721,2.78,2000.0,2023-11-13
Gujarat,Vadodara, Vaghodia,B-015438,4.16,6000.0,2023-12-15
Gujarat,Surat,Olpad,B-015869,3.82,4000.0,2023-10-15
Gujarat,VADODARA,Savli,B-018201,3.96,4000.0,2023-10-03
Maharashtra,Nashik,Niphad,B-014042,0.81,4000.0,2023-02-28
Gujarat,Suraat,Mangrol,B-018667,2.01,2000.0,2023-12-04
Gujarat,Ahmedabad,Sanand,B-002139,1.42,6000.0,2023-05-02
Maharashtra,Nashik,Malegaon,B-019805,2.13,2000.0,2023-06-03
Maharashtra,Pune,Haveli,B-002823,0.97,4000.0,2023-02-01
Gujarat,Vadodara ,Savli,B-010366,2.03,4000.0,2023-11-26
Gujarat,Surat,Olpad,B-000819,3.02,6000.0,2023-08-22
Maharashtra,Nagpur,Ramtek,B-005036,2.73,2000.0,2023-08-11
Maharashtra,Thane,Thane,B-018073,3.85,,2023-07-18
Maharashtra, Nashik,Igatpuri,B-015908,4.13,,2023-12-04
Maharashtra,Pune,Haveli,B-010015,2.42,4000.0,2023-02-20
Gujarat,Vadodara,Savli,B-002797,4.99,6000.0,2023-07-19
Maahaaraashtraa,Nashik,Niphad,B-009684,4.42,2000.0,2023-12-12
Maharashtra,Pune,Shirur,B-001048,0.59,2000.0,2023-01-21
Maharashtra,Thane,Bhiwandi,B-001743,2.2,4000.0,2023-10-28
Maharashtra, Nashik,Maalegaaon,B-013413,0.56,4000.0,2023-08-21
Maharashtra,Thane,Bhiwandi,B-008146,1.82,2000.0,2023-06-06
Maharashtra,Thane,Bhiwandi,B-009749,1.04,2000.0,2023-04-02
Gujarat,Ahmedabad,Dholka,B-015593,4.21,4000.0,2023-08-07
Maharashtra,Pune,Khed,B-003614,2.9,2000.0,2023-10-18
Maharashtra ,Nashik,Sinnar,B-001034,3.21,,2023-12-27
Gujarat,Ahmedabad,Bavla,B-003321,1.36,4000.0,2023-02-23
Gujarat,Surat,Choryasi,B-006984,1.1,2000.0,2023-03-09
Gujarat,Surat,Choryasi,B-014492,3.28,4000.0,2023-09-17
Maharashtra,Nashik,Niphad,B-012091,2.67,6000.0,2023-03-25
Maharashtra,Pune,Junnar,B-017292,4.35,4000.0,2023-09-17
maharashtra,Thane,Bhiwandi,B-006587,2.41,4000.0,2023-07-10
Gujarat,Ahmedaabaad,Sanand,B-005313,1.23,6000.0,2023-05-01
Maharashtra,Nashik,Sinnar,B-001980,2.31,,2023-12-12
Maharashtra,Thane,Bhiwandi,B-011209,2.83,2000.0,2023-10-19
MAHARASHTRA,THANE,Ambernath,B-009437,1.54,6000.0,2023-11-18
Maahaaraashtraa,Pune,Khed,B-019415,1.35,4000.0,2023-09-24
Maharashtra,Nashik,niphad,B-016349,4.15,2000.0,2023-07-21
Gujarat,Ahmedabad,Daskroi,B-005269,2.92,6000.0,2023-11-04
Gujarat, Surat,choryasi,B-003494,4.48,2000.0,2023-04-27
Gujarat,Surat,Olpad,B-000747,3.17,2000.0,2023-09-02
Gujarat,Ahmedabad , Bavla,B-009718,4.59,6000.0,2023-04-12
Maharashtra,Pune,Baramati,B-012822,2.57,2000.0,2023-05-03
Gujarat,Ahmedaabaad,Dholka,B-005497,2.33,,2023-04-27
Maharashtra,Nashik,Igatpuri,B-001036,0.52,6000.0,2023-03-08
gujarat,Ahmedabad,Daskroi,B-015854,1.1,,2023-02-04
Maharashtra,Nashik,Malegaon,B-004488,4.16,4000.0,2023-06-03
maharashtra,Pune,Khed,B-002315,3.38,2000.0,2023-02-09
Gujarat,Surat,Mangrol,B-006802,0.73,4000.0,2023-06-13
Maharashtra,Nagpur,Ramtek ,B-016829,2.56,4000.0,2023-12-23
Gujarat,Surat,Kamrej,B-011409,1.7,2000.0,2023-05-26
Gujarat,Ahmedabad,Dholka,B-006061,1.2,6000.0,2023-06-09
Gujarat,Surat,City,B-009068,1.43,2000.0,2023-04-01
Maharashtra, Pune, Baramati,B-002704,4.15,4000.0,2023-03-08
Maharashtra,THANE,Ulhasnagar,B-014143,4.24,4000.0,2023-02-05
Gujarat,Vadodara,Savli,B-003992,0.55,6000.0,2023-01-04
Maharashtra , Nagpur,Nagpur Rural,B-009536,2.76,2000.0,2023-09-16
 Maharashtra,Thane,Ulhasnagar,B-014010,3.43,4000.0,2023-08-02
Gujarat ,Vadodara,Padra,B-015778,3.47,,2023-04-25
Gujarat,SURAT,Mangrol,B-001638,1.58,4000.0,2023-06-12
Maharashtra,THANE,Kalyan,B-013848,4.48,4000.0,2023-05-15
Gujarat, Surat,City,B-017245,4.58,6000.0,2023-10-01
Maharashtra,Nagpur,Nagpur Rural,B-006163,2.18,,2023-02-12
Maharashtra,Nagpur,Hingna,B-018194,3.3,4000.0,2023-05-02
Maharashtra,Pune,Junnar,B-019665,2.31,4000.0,2023-07-01
Maharashtra,Thane,Kalyan,B-015343,3.19,,2023-06-13
Gujarat,Surat,Mangrol,B-001323,4.45,2000.0,2023-02-06
Maharashtra,thane,Thane,B-000105,1.98,2000.0,2023-03-20
Maharashtra,pune,Khed,B-014343,2.67,4000.0,2023-03-19
maharashtra,thane,Bhiwandi,B-002940,4.0,4000.0,2023-01-19
Maharashtra,thane,Ambernath,B-001461,1.12,2000.0,2023-02-22
Gujarat,Ahmedabad,Bavla,B-011580,1.8,6000.0,2023-11-23
Maharashtra,thane,Thane,B-017407,2.56,,2023-06-16
Maharashtra,Nagpur, Hingna,B-009728,2.6,,2023-10-16
Gujarat,Vadodara,Vaghodia,B-018679,4.4,6000.0,2023-11-12
Maharashtra,Nashik,Nashik,B-006820,1.93,6000.0,2023-11-24
Gujarat ,Ahmedabad ,Daskroi,B-018925,4.68,6000.0,2023-05-08
Gujarat ,Vaadodaaraa,Padra,B-016692,3.01,6000.0,2023-07-24
Maharashtra,pune,Baramati,B-011344,1.84,6000.0,2023-12-05
Gujarat,Ahmedabad, Bavla,B-002080,3.11,6000.0,2023-04-25
Gujarat,Vadodara,Padra,B-003378,0.95,,2023-06-01
Gujarat,Vadodara,Savli,B-002345,2.03,6000.0,2023-05-11
Maharashtra,Thane,Bhiwandi,B-014385,3.47,2000.0,2023-03-20
Gujarat,Ahmedabad,Dholka,B-017429,4.64,6000.0,2023-08-14
Gujarat,Vadodara,Vaghodia,B-015436,4.37,6000.0,2023-09-08
gujarat,Ahmedabad,City,B-007380,1.89,,2023-01-06
Gujarat, Surat,Mangrol,B-006751,1.06,,2023-05-06
GUJARAT,Ahmedabad,Daskroi,B-014814,2.95,6000.0,2023-05-02
Maharashtra,Nagpur ,Umred,B-014514,3.89,,2023-09-02
Maharashtra,Thane,Ulhasnagar,B-010004,1.88,4000.0,2023-10-07
Maharashtra,Pune,Khed,B-011333,4.66,,2023-05-20
Maharashtra,Nagpur,Kamptee,B-000617,1.95,,2023-08-07
Maharashtra,Pune,Baramati,B-009770,2.37,,2023-03-26
Maahaaraashtraa,Nashik,Igatpuri,B-015073,1.45,,2023-12-05
Maharashtra,Pune,Shirur,B-011751,4.84,2000.0,2023-01-07
Gujarat,Vaadodaaraa,karjan,B-014169,4.76,2000.0,2023-12-16
Gujaaraat,Vadodara,Savli,B-013279,4.66,2000.0,2023-01-23
Gujarat,Surat,Choryasi,B-013667,2.78,6000.0,2023-04-27
Maharashtra,Nashik,Niphaad,B-010276,1.46,6000.0,2023-09-03
Maharashtra,Nashik,Malegaon,B-015590,0.7,4000.0,2023-05-02
Gujarat,Ahmedabad,Bavla,B-005700,2.19,2000.0,2023-10-17
Gujarat,Vadodara,Savli,B-006862,1.77,6000.0,2023-10-11
Maharashtra,Nashik ,Sinnar,B-000075,0.56,,2023-06-25
Maharashtra,Nashik,Igatpuri,B-019778,2.36,,2023-01-02
MAHARASHTRA,nashik,Sinnar,B-003861,3.74,2000.0,2023-03-13
Gujarat,Vadodara,karjan,B-003145,2.71,4000.0,2023-09-12
Gujarat,Ahmedabad,city,B-015002,3.32,4000.0,2023-02-27
Gujarat,Surat,Mangrol,B-008687,0.91,,2023-03-13
Gujarat , Surat,Choryasi,B-001568,3.68,4000.0,2023-05-21
Maahaaraashtraa,NAGPUR,Nagpur Rural,B-018445,2.27,2000.0,2023-05-20
Maharashtra,Nagpur,Hingna,B-005930,1.66,,2023-09-19
Gujarat,Ahmedabad ,Sanand,B-015235,2.02,6000.0,2023-04-03
Gujarat,Surat,Kamrej ,B-008316,3.99,6000.0,2023-08-06
Gujarat,Ahmedabad,Sanand,B-019887,2.73,4000.0,2023-05-07
Maharashtra,Thane,Ambernath,B-007606,0.61,,2023-01-01
Maharashtra,nashik,Nashik,B-013376,2.52,,2023-07-26
Maharashtra,Pune,Khed,B-010803,2.18,6000.0,2023-10-12
Gujarat,vadodara,City,B-003410,1.9,,2023-05-06
Maharashtra,Nagpur,Nagpur Rural,B-012528,2.69,,2023-11-05
Maharashtra,Pune,Shirur ,B-015488,4.92,,2023-08-18
Maharashtra,Nagpur,Nagpur Rural,B-003174,3.34,4000.0,2023-09-10
Gujarat,Vadodara,Vaghodia,B-001847,0.84,,2023-03-13
Maharashtra,Thane,Thane,B-016628,4.46,2000.0,2023-05-03
Maharashtra,Thane,Ambernath,B-011228,3.16,4000.0,2023-04-28
maharashtra,Nashik,Sinnar,B-016196,0.71,,2023-09-06
Maharashtra,Thane,Bhiwandi,B-017539,3.87,,2023-08-02
Maharashtra,Thane,Ulhasnagar,B-002889,1.88,2000.0,2023-05-27
Gujarat,Ahmedabad,Dholka,B-002618,1.67,4000.0,2023-05-19
Gujarat,Surat,Olpad,B-010980,0.87,6000.0,2023-02-25
GUJARAT,Ahmedabad,Bavla,B-015088,3.31,6000.0,2023-02-12
Gujarat,Ahmedabad,Sanand,B-018231,2.42,4000.0,2023-12-18
Gujarat,Vaadodaaraa,Savli,B-010566,1.54,,2023-04-12
Maahaaraashtraa,Nagpur,Hingna,B-016700,1.95,,2023-05-19
Maharashtra,thane,Ulhasnagar,B-004671,2.96,6000.0,2023-02-02
Maharashtra,Nagpur,Nagpur Rural,B-003434,1.75,6000.0,2023-01-28
Gujaaraat,vadodara,City,B-007122,4.77,6000.0,2023-08-12
Gujarat,Surat,Kamrej,B-004119,4.96,2000.0,2023-06-28
Maharashtra,Nagpur,Kamptee,B-016567,3.91,6000.0,2023-04-01
Maharashtra,Pune,Shirur,B-010106,2.78,2000.0,2023-07-12
Gujarat,Surat,Kamrej,B-007425,3.04,4000.0,2023-07-13
Gujarat,Ahmedabad, Sanand,B-000710,1.15,,2023-09-13
MAHARASHTRA,Thane,Kalyan,B-001711,2.66,6000.0,2023-02-10
Gujarat,VADODARA,City,B-019934,1.06,,2023-12-26
Maharashtra,Thane,Ulhasnagar,B-000860,3.68,,2023-06-03
Gujarat,ahmedabad,Dholka,B-008805,0.57,6000.0,2023-06-09
Maharashtra ,Pune,Haveli,B-002882,4.14,6000.0,2023-01-22
Maharashtra, Thane,Bhiwandi,B-013586,2.29,4000.0,2023-02-23
Maharashtra,Pune,Baramati,B-000477,4.07,2000.0,2023-07-11
Maharashtra, Nagpur,Naagpur Ruraal,B-007948,2.57,2000.0,2023-12-03
Gujarat,Ahmedaabaad,Daskroi,B-008437,1.04,,2023-08-03
Gujarat,Surat,Olpaad,B-001902,2.87,6000.0,2023-07-14
Gujarat,Vadodara,Padra,B-001161,3.79,4000.0,2023-09-06
Maharashtra,Pune,Khed,B-003856,2.15,4000.0,2023-11-17
Gujarat,ahmedabad,Bavla ,B-017483,4.77,4000.0,2023-05-23
Maharashtra,Nagpur,Nagpur Rural,B-007288,4.03,4000.0,2023-09-11
Maahaaraashtraa,Nagpur, Nagpur Rural,B-009711,4.93,4000.0,2023-09-16
Maharashtra,Nashik,Niphad,B-009499,1.94,2000.0,2023-12-09
Gujarat,Surat,City,B-005341,0.95,2000.0,2023-07-19
Gujarat,ahmedabad,City,B-019932,4.88,2000.0,2023-12-10
Maharashtra,Nashik,Malegaon,B-003257,4.01,6000.0,2023-07-19
Gujarat,Ahmedabad,Sanand,B-011090,3.36,,2023-10-27
Gujarat, Ahmedabad,Sanand,B-005337,1.82,4000.0,2023-02-21
Maharashtra ,Nagpur,Umred,B-003770,1.28,6000.0,2023-09-25
Gujarat,Surat,Kamrej,B-001805,1.35,4000.0,2023-04-18
Maharashtra,Nagpur,Kamptee,B-005344,4.21,2000.0,2023-05-01
Gujarat,Surat,City,B-017926,2.4,6000.0,2023-10-06
Maharashtra,Nagpur,Umred,B-001607,3.7,2000.0,2023-04-15
gujarat,Surat,Olpad,B-003885,2.12,4000.0,2023-03-23
GUJARAT,Surat, Kamrej,B-019360,2.58,4000.0,2023-05-19
Maharashtra,Pune,Haveli,B-006760,0.57,,2023-08-11
Maharashtra,thane,Thane,B-019682,3.96,4000.0,2023-09-07
Maharashtra,Pune,Haveli,B-006153,1.67,2000.0,2023-02-28
Gujarat,Suraat,Kamrej,B-003616,2.7,4000.0,2023-10-10
Maharashtra,Nagpur,Raamtek,B-017378,4.72,,2023-07-28
Maharashtra,Nashik,Sinnar,B-007717,0.63,,2023-05-25
GUJARAT,Surat,Kamrej,B-015814,2.92,2000.0,2023-12-06
Maharashtra,Nashik,Sinnar,B-017995,2.7,6000.0,2023-09-15
gujarat,Vadodara,City,B-012642,3.85,4000.0,2023-11-06
Maharashtra,THANE,Bhiwandi,B-007142,1.48,,2023-03-04
Maharashtra,Pune,Khed,B-002375,4.34,4000.0,2023-01-02
Maharashtra,Nashik,Malegaon,B-015942,3.8,4000.0,2023-03-16
Maharashtra,Pune,Khed,B-019103,4.38,6000.0,2023-02-18
Maharashtra,pune,Junnar,B-018989,0.97,,2023-09-26
Maharashtra,Nashik,Sinnar,B-002918,1.88,4000.0,2023-01-26
Maharashtra,Nagpur,Ramtek,B-006347,3.2,,2023-12-13
Gujarat,Vadodara,Savli,B-006120,2.72,2000.0,2023-09-18
Maharashtra,Thane,Ambernath,B-018344,1.2,2000.0,2023-04-06
Gujarat,Vadodara,Karjan,B-007500,2.01,4000.0,2023-05-14
Maharashtra, Thane,Bhiwandi,B-017477,2.24,,2023-09-18
Maharashtra,Thane,Ambernath,B-003182,4.07,4000.0,2023-03-09
gujarat,Ahmedabad,sanand,B-010356,1.21,,2023-11-09
Maharashtra, Nagpur, Kamptee,B-016034,1.3,,2023-02-01
Gujarat,Surat,City,B-018323,3.8,6000.0,2023-02-13
Maharashtra,Thane,Bhiwandi,B-003314,2.21,6000.0,2023-02-26
maharashtra,Thane,Ambernath,B-005504,1.66,6000.0,2023-03-19
Gujarat,Ahmedabad,Sanand ,B-002085,4.09,4000.0,2023-09-23
Gujarat,Ahmedabad,Dholka,B-000526,3.85,6000.0,2023-12-16
Maharashtra,Nashik,Malegaon,B-016315,4.58,6000.0,2023-03-26
Gujarat,Vaadodaaraa,Padra,B-019228,0.67,2000.0,2023-01-10
Maharashtra, Thane,Bhiwandi,B-000978,1.8,,2023-06-16
Maharashtra, Pune,Shirur,B-019436,1.4,,2023-12-05
Maharashtra,Pune,shirur,B-002237,2.59,6000.0,2023-09-25
Maharashtra,Pune,Shirur,B-001821,4.2,,2023-10-05
Maharashtra,PUNE,Haveli,B-016767,1.81,2000.0,2023-08-04
Maharashtra, Nashik,Igatpuri ,B-007514,3.49,2000.0,2023-10-05
Maharashtra,Nagpur,Ramtek,B-006853,4.16,6000.0,2023-02-14
maharashtra,Thaane,Ulhasnagar,B-002805,3.68,2000.0,2023-06-27
Maharashtra,Nashik ,Nashik,B-014482,4.53,,2023-12-23
Gujarat,Ahmedabad,Bavla,B-015407,3.22,4000.0,2023-02-27
gujarat,vadodara,Vaghodia,B-015695,1.58,,2023-08-12
Gujarat,Vadodara,City,B-009890,2.32,4000.0,2023-06-14
Maharashtra,Thane,Bhiwandi,B-002569,4.71,6000.0,2023-05-19
Maharashtra,Nagpur,Nagpur Rural,B-010453,4.63,4000.0,2023-12-09
Maharashtra,Pune,Haveli,B-010020,1.0,2000.0,2023-12-09
GUJARAT,Ahmedabad,Sanand,B-017376,4.99,,2023-12-21
 Maharashtra,nagpur,Ramtek,B-013329,2.81,4000.0,2023-06-20
Maharashtra,Pune,Baramati,B-009057,3.94,,2023-09-07
Gujarat,Surat,Olpad,B-003764,0.76,6000.0,2023-10-22
Maharashtra, Nagpur,Nagpur Rural,B-001417,3.29,6000.0,2023-10-25
 Maharashtra,Pune,Baramati,B-014339,1.65,2000.0,2023-01-18
Maharashtra,Pune,Junnar,B-008549,3.46,6000.0,2023-04-11
Maharashtra,Thane,Bhiwandi,B-015205,2.43,4000.0,2023-05-02
Maharashtra,Nagpur,Ramtek,B-018703,4.86,6000.0,2023-03-23
Maharashtra,Pune,Baramati,B-018469,0.51,2000.0,2023-04-26
maharashtra,Nagpur,Hingna,B-018198,2.11,,2023-10-28
Gujarat,Ahmedabad , Bavla,B-007582,1.0,,2023-07-11
Gujarat,ahmedabad,City,B-004574,0.89,6000.0,2023-11-16
Maharashtra,Pune,Haveli,B-000238,1.18,4000.0,2023-06-07
gujarat,Vadodara,Karjan,B-017403,4.22,2000.0,2023-12-20
Maharashtra,nagpur,Kamptee,B-007015,2.02,4000.0,2023-05-27
gujarat,Vadodara ,Karjan,B-012062,2.34,2000.0,2023-08-06
 Gujarat,ahmedabad,Dholka,B-004042,2.19,6000.0,2023-09-27
Maharashtra,Thane,Kalyan,B-004061,3.32,2000.0,2023-10-13
Gujarat,surat,Mangrol,B-005363,1.41,2000.0,2023-02-24
Maharashtra, Nashik,Malegaon,B-007115,2.25,6000.0,2023-10-04
Maharashtra,Nashik,Niphad,B-009494,0.85,4000.0,2023-04-19
Maharashtra, Thane,Bhiwandi ,B-018379,2.39,6000.0,2023-02-23
Maahaaraashtraa,Naagpur,Ramtek,B-013460,4.7,2000.0,2023-06-08
Maharashtra, Nashik,Niphad,B-012382,0.99,6000.0,2023-04-28
Maharashtra,NASHIK,Niphad,B-014703,4.59,2000.0,2023-05-03
Gujarat,Surat,Kamrej,B-000084,2.52,6000.0,2023-06-13
Gujarat,Ahmedabad,Bavla,B-017661,2.8,,2023-04-17
Gujarat,Surat,Olpad,B-000725,4.14,,2023-02-05
Maharashtra,Nashik,Niphad,B-000657,2.69,6000.0,2023-01-11
Maharashtra,Pune,HAVELI,B-007712,3.05,4000.0,2023-11-22
Gujarat,Vadodara,Savli,B-012018,2.42,2000.0,2023-08-07
Maharashtra,Naagpur,Hingna,B-008262,3.87,,2023-12-17
Gujarat,Surat,City,B-019666,1.88,4000.0,2023-01-04
Maharashtra ,Nagpur ,Nagpur Rural,B-012792,4.09,2000.0,2023-04-20
Maharashtra, Nashik,Igatpuri,B-008702,2.8,,2023-12-25
Maharashtra,Nagpur,Umred,B-013819,3.96,,2023-07-12
gujarat, Ahmedabad,Dholka,B-007853,2.57,6000.0,2023-01-13
Maharashtra,Thane ,Bhiwandi,B-017337,4.89,2000.0,2023-03-20
Maharashtra,Nagpur,Umred,B-001606,1.54,4000.0,2023-06-25
Maharashtra,Pune,Baramati,B-014832,3.16,4000.0,2023-10-26
Maharashtra,Nashik,Igatpuri,B-008115,2.25,4000.0,2023-07-23
Maharashtra,NAGPUR,Umred,B-003941,0.99,2000.0,2023-03-19
Maharashtra,Thane,Ulhasnagar,B-001362,3.46,4000.0,2023-05-12
Maharashtra,Thane,Kalyan,B-009151,4.13,4000.0,2023-04-22
Maharashtra,Nagpur,Kamptee,B-000204,2.77,4000.0,2023-07-12
Maharashtra,Nashik,Malegaon,B-011357,4.67,6000.0,2023-02-27
Maharashtra,Nashik,Malegaon,B-011990,4.59,6000.0,2023-09-27
Maharashtra,Nagpur ,Ramtek,B-017677,4.78,2000.0,2023-02-20
MAHARASHTRA,Thane,Kalyan,B-003572,2.5,2000.0,2023-03-19
Maahaaraashtraa,Nagpur,Hingna,B-019577,0.7,4000.0,2023-02-26
Maharashtra,Thane,Kalyan,B-005873,4.86,6000.0,2023-02-22
GUJARAT,Ahmedabad,Dholka,B-004847,1.1,,2023-11-17
Maharashtra,Thane,Kalyan,B-003917,2.49,,2023-02-21
Gujarat,Vadodara ,Vaghodia,B-015640,0.91,4000.0,2023-03-18
gujarat,Ahmedabad,Bavla,B-001487,2.65,4000.0,2023-05-25
Maharashtra,Thane,Ambernath,B-000261,3.88,6000.0,2023-12-08
Gujarat,Surat,City,B-007861,4.0,6000.0,2023-01-10
GUJARAT, Surat,Mangrol,B-016132,3.45,6000.0,2023-03-12
Maharashtra,Pune,Khed,B-013763,4.8,2000.0,2023-01-08
Gujarat,Ahmedabad,Bavla,B-014883,4.67,2000.0,2023-11-22
Gujarat,Surat,Kamrej,B-018710,3.3,4000.0,2023-11-14
Maharashtra,Nashik,Malegaon,B-007525,2.15,2000.0,2023-09-19
Gujarat ,Surat,Mangrol,B-009346,3.06,6000.0,2023-11-20
Gujarat,Vadodara,Vaghodia,B-016613,2.11,6000.0,2023-03-20
Maharashtra,Nagpur,Umred ,B-000400,3.34,2000.0,2023-09-10
Gujarat,Ahmedabad,Sanand,B-007453,1.78,,2023-03-27
Maharashtra,Pune,Baramati,B-014499,4.57,4000.0,2023-03-27
Maahaaraashtraa,Nagpur,Kamptee,B-002272,3.03,,2023-08-08
Maharashtra,Thane,Thane,B-011521,2.55,4000.0,2023-11-14
maharashtra,nashik,Sinnar,B-006642,3.24,,2023-12-12
Gujarat,Ahmedabad,Sanand,B-003031,1.1,2000.0,2023-06-21
Maharashtra,Nagpur,Kamptee ,B-014985,3.61,4000.0,2023-11-28
Gujarat,Vadodara,City,B-019827,2.74,4000.0,2023-08-02
Maharashtra, Thane,Thane,B-007608,4.36,4000.0,2023-07-22
Maahaaraashtraa,Pune,Junnar,B-018552,2.55,6000.0,2023-09-09
Maharashtra,Pune,Khed,B-010378,2.33,6000.0,2023-09-11
Maahaaraashtraa,Nashik,Malegaon,B-016737,1.05,,2023-03-15
Maharashtra,THANE,Bhiwandi,B-010278,0.9,2000.0,2023-06-28
Maharashtra,Nashik,Malegaon,B-019818,2.18,6000.0,2023-08-03
Maharashtra,Thane,Bhiwandi,B-015981,2.02,4000.0,2023-01-20
Gujarat ,Vadodara,City,B-014179,0.73,6000.0,2023-12-16
Maharashtra,Pune,Shirur,B-005455,1.8,2000.0,2023-07-04
Maharashtra,Nagpur,Hingna,B-019569,1.32,6000.0,2023-05-21
Maharashtra,Pune,Khed,B-000536,3.56,4000.0,2023-03-02
Maharashtra,NAGPUR,Kamptee,B-004860,4.52,,2023-11-08
gujarat,Ahmedabad,Sanand,B-006978,1.95,4000.0,2023-11-27
Maharashtra,NAGPUR,Kamptee,B-004421,4.06,2000.0,2023-01-27
 Gujarat,Surat,Olpad,B-019675,4.37,,2023-08-28
Gujarat,Ahmedabad,Dholka,B-010036,3.02,6000.0,2023-01-13
Maharashtra,Pune,Haveli,B-008888,0.77,6000.0,2023-07-10
Maharashtra,PUNE,Khed,B-019990,3.79,6000.0,2023-01-27
Maharashtra,Nagpur,Hingnaa,B-003394,0.59,,2023-04-17
Maharashtra,NASHIK,Niphad,B-014315,4.39,4000.0,2023-07-04
Gujarat,Ahmedabad,Sanand,B-001327,3.43,,2023-02-03
Maharashtra,Thaane,Thane,B-018495,0.97,,2023-07-24
Maharashtra,Nagpur,Ramtek,B-005501,1.49,2000.0,2023-11-06
Gujarat,Vaadodaaraa,City,B-012055,2.75,,2023-06-14
Maharashtra,Pune,Khed,B-000899,3.25,6000.0,2023-06-25
Gujarat,Surat,City,B-008434,4.82,4000.0,2023-04-03
Gujarat,Ahmedabad,Bavla,B-011054,3.04,4000.0,2023-03-21
Maharashtra,Thane ,Thane,B-005964,4.91,4000.0,2023-10-09
Maahaaraashtraa,Nashik,Sinnar,B-018800,4.24,6000.0,2023-05-09
Maharashtra,PUNE, Junnar,B-001819,1.02,6000.0,2023-05-21
Gujarat,Ahmedabad,DHOLKA,B-006275,3.0,6000.0,2023-01-27
Maharashtra,Pune,Shirur,B-005990,4.26,6000.0,2023-02-02
Gujaaraat,Vadodara,Vaghodia,B-007625,3.63,6000.0,2023-04-16
gujarat, Vadodara,Savli ,B-010144,1.75,,2023-05-09
Gujarat,AHMEDABAD,City,B-000670,2.61,6000.0,2023-02-27
Maharashtra,Pune,shirur,B-012053,0.53,6000.0,2023-05-12
Maharashtra,Nagpur,Ramtek,B-006004,4.71,6000.0,2023-02-14
Gujarat,Ahmedabad,Daskroi,B-015364,3.56,6000.0,2023-01-28
Maahaaraashtraa,Pune,Haveli,B-010620,4.88,4000.0,2023-08-21
Gujarat,Surat,Choryasi,B-009156,2.56,6000.0,2023-08-06
Maharashtra ,Nashik,Nashik,B-012762,4.05,,2023-12-22
Maharashtra ,Nashik,Niphad,B-001098,2.91,,2023-02-24
Maharashtra,Pune,Baramati,B-017531,2.37,,2023-12-28
Maharashtra,Pune,Shirur,B-011622,1.57,2000.0,2023-08-15
maharashtra,Thane,Thane,B-003355,1.94,4000.0,2023-04-26
Gujarat,Surat,Mangrol,B-013902,1.49,6000.0,2023-06-18
Gujarat ,Ahmedabad,City,B-005488,3.09,2000.0,2023-01-22
Maharashtra,Pune,Khed,B-003910,4.33,6000.0,2023-03-08
Gujarat,Surat,Mangrol,B-014379,2.85,2000.0,2023-02-04
Gujarat,vadodara,Savli,B-016416,4.35,2000.0,2023-11-02
Gujarat,Ahmedabad,City,B-010634,4.51,,2023-09-22
Gujarat,SURAT,Mangrol,B-019458,3.62,,2023-08-14
Gujarat,Surat ,Choryasi,B-009505,3.14,2000.0,2023-07-01
Gujarat, Vadodara,Padra,B-013878,3.89,,2023-08-27
Maharashtra, Nagpur,Ramtek,B-003438,1.2,2000.0,2023-07-28
 Gujarat,Surat,Olpad,B-003694,3.34,4000.0,2023-12-06
Gujarat,Vaadodaaraa,City,B-005251,3.44,,2023-05-06
Gujarat,Surat,City,B-005779,2.27,,2023-01-21
Gujarat,Surat,City,B-004381,2.78,,2023-10-20
Maharashtra,thane,Thane,B-008251,4.16,4000.0,2023-04-07
Maharashtra,pune,Baramati,B-011145,1.96,2000.0,2023-04-10
Gujarat,Vadodara,Karjan,B-006930,3.87,6000.0,2023-05-10
gujarat,Surat,Choryasi,B-004541,3.95,,2023-11-10
Maharashtra, Nagpur,Hingna,B-000893,3.72,2000.0,2023-07-25
Maharashtra,Thane,ULHASNAGAR,B-017553,1.49,4000.0,2023-10-01
Maharashtra,Thane,Kalyan,B-006109,1.06,6000.0,2023-03-24
Maharashtra,Pune,Baramati,B-005657,2.19,,2023-11-25
Gujaaraat,Vadodara,Vaghodia,B-016959,4.66,4000.0,2023-03-24
Maharashtra,Naagpur,Hingna,B-007967,2.48,4000.0,2023-03-09
Maharashtra,Nagpur,Umred,B-008216,4.83,6000.0,2023-09-23
Gujarat, Surat,Kamrej,B-008630,2.41,2000.0,2023-07-15
Maharashtra,Nashik,Igatpuri,B-002011,3.63,,2023-07-02
Maharashtra,Nagpur,Nagpur Rural ,B-007704,4.05,,2023-06-25
Maharashtra,Thane,Bhiwandi,B-011630,2.08,2000.0,2023-07-16
Maharashtra,nashik,Nashik,B-008715,4.8,2000.0,2023-06-05
gujarat,Surat,City,B-011114,3.5,2000.0,2023-07-17
Maharashtra,Thane,Thane,B-008731,1.13,6000.0,2023-01-03
Gujarat,Surat,Olpad,B-004789,1.67,6000.0,2023-02-08
Maharashtra ,Nashik,Igatpuri,B-007406,3.67,,2023-04-09
Maharashtra,Nagpur,Nagpur Rural,B-010174,4.86,6000.0,2023-04-13
Maharashtra,Nagpur,Umred,B-006032,1.02,4000.0,2023-06-08
Maahaaraashtraa,Thane,Thaane,B-015444,2.75,,2023-07-06
 Maharashtra,Thane,ulhasnagar,B-011358,0.66,6000.0,2023-11-23
Maharashtra,Pune,Shirur,B-001076,4.07,2000.0,2023-02-17
