Beneficiary_ID,Location_Name,Land_Holding_Size,Subsidy_Disbursed
B-001825,Thane,4.12,0
B-000410,Baramati ,1.24,6000
B-004507,Shirur,4.87,0
B-004013,Thane,3.78,0
B-003658,Thane,1.13,6000
B-002287,Nashik,3.19,0
B-001680,pune ,1.44,6000
B-008936,thane,4.95,0
B-001425,THANE,4.94,0
B-009675,PUNE,4.7,0
B-006913,Nashik,3.9,0
B-000521,PUNE,0.53,6000
B-000489,NASHIK,4.61,0
B-001536,Thane,1.29,6000
B-003583,thane,3.7,0
B-003812,pune ,1.4,6000
B-008280,Thane,1.8,6000
B-009864,thane,0.69,6000
B-000435,Baramati ,4.26,0
B-009196,Baramati ,2.72,0
B-003258,Shirur,2.59,0
B-008929,Pune,4.06,0
B-006874,pune ,1.68,6000
B-003612,NASHIK,4.25,0
B-007360,thane,1.06,6000
B-009655,NASHIK,4.52,0
B-004558,Thane,1.31,6000
B-000107,Shirur,3.4,0
B-002616,Pune,1.04,6000
B-006925,Baramati ,2.72,0
B-005575,PUNE,3.2,0
B-004553,BARAMATI,3.11,0
B-002548,Nashik,2.46,0
B-003528,Baramati ,3.33,0
B-005515,thane,4.88,0
B-001675,PUNE,2.18,0
B-001520,Shirur,3.09,0
B-006225,Baramati ,1.23,6000
B-001585,Pune,1.16,6000
B-005882,thane,4.45,0
B-005636,pune ,2.11,0
B-009892,Pune,1.73,6000
B-004334,Thane,3.36,0
B-000712,BARAMATI,0.72,6000
B-007528,Baramati ,2.88,0
B-008786,PUNE,2.81,0
B-002046,NASHIK,1.32,6000
B-006202,PUNE,3.19,0
B-001292,pune ,2.95,0
B-009045,BARAMATI,4.22,0
B-004804,NASHIK,4.1,0
B-005926,Baramati ,3.58,0
B-009460,Shirur,2.13,0
B-003151,THANE,3.11,0
B-001140,pune ,0.56,6000
B-000751,THANE,1.77,6000
B-003734,thane,2.35,0
B-004742,pune ,0.96,6000
B-001308,pune ,2.77,0
B-003815,Baramati,4.08,0
B-001655,THANE,3.26,0
B-006228,THANE,4.31,0
B-004555,Shirur,2.98,0
B-007429,PUNE,2.38,0
B-005978,PUNE,1.02,6000
B-002665,pune ,4.66,0
B-006066,thane,2.07,0
B-005821,Shirur,2.13,0
B-003433,thane,4.5,0
B-004375,Nashik,2.85,0
B-001170,BARAMATI,1.27,6000
B-002804,Baramati ,0.63,6000
B-008752,PUNE,1.5,6000
B-004011,Shirur,1.14,6000
B-002678,Baramati,1.88,6000
B-007574,Baramati,1.09,6000
B-006217,PUNE,2.41,0
B-004423,PUNE,0.85,6000
B-009126,thane,3.91,0
B-003599,Pune,1.38,6000
B-005314,Pune,4.07,0
B-000917,THANE,3.17,0
B-003753,thane,1.04,6000
B-000526,Baramati ,0.69,6000
B-005169,Baramati ,3.5,0
B-006573,PUNE,4.02,0
B-004387,Nashik,1.42,6000
B-001085,Baramati,1.33,6000
B-003457,BARAMATI,0.63,6000
B-009293,pune ,4.31,0
B-005156,Baramati ,4.77,0
B-003484,BARAMATI,2.08,0
B-008180,THANE,4.01,0
B-006483,Nashik,1.59,6000
B-007518,Nashik,0.81,6000
B-002341,Nashik,3.93,0
B-004340,THANE,1.48,6000
B-002288,Baramati,4.84,0
B-004041,pune ,4.56,0
B-009198,THANE,0.52,6000
B-008831,Shirur,0.94,6000
B-004305,Baramati,4.64,0
B-009578,Shirur,2.64,0
B-007020,Shirur,3.15,0
B-009561,thane,3.53,0
B-006544,PUNE,1.31,6000
B-005931,BARAMATI,4.92,0
B-003594,Thane,1.46,6000
B-002267,Baramati,2.33,0
B-008349,BARAMATI,1.06,6000
B-008086,PUNE,2.84,0
B-001490,thane,3.93,0
B-000772,Shirur,1.8,6000
B-001797,Shirur,0.68,6000
B-002505,BARAMATI,2.72,0
B-002622,Thane,1.78,6000
B-006917,Nashik,3.81,0
B-009772,NASHIK,4.89,0
B-001041,thane,1.52,6000
B-006305,Thane,1.81,6000
B-006253,Thane,1.35,6000
B-009764,PUNE,4.53,0
B-007669,thane,4.73,0
B-008670,BARAMATI,1.31,6000
B-004120,NASHIK,2.71,0
B-009065,PUNE,2.28,0
B-000189,THANE,3.46,0
B-001877,PUNE,1.04,6000
B-008798,Thane,2.3,0
B-004372,Nashik,4.9,0
B-005574,Shirur,4.66,0
B-001828,pune ,0.79,6000
B-004809,Baramati,2.02,0
B-007124,Nashik,4.3,0
B-002592,Thane,1.05,6000
B-007434,Thane,3.76,0
B-000054,Baramati ,3.94,0
B-004316,Nashik,3.17,0
B-008202,NASHIK,4.74,0
B-002928,BARAMATI,2.64,0
B-008318,Nashik,4.78,0
B-001744,thane,2.8,0
B-004890,pune ,3.96,0
B-009860,PUNE,1.05,6000
B-003259,thane,2.74,0
B-009886,NASHIK,4.74,0
B-006127,Pune,0.95,6000
B-002647,Pune,4.24,0
B-008838,thane,3.55,0
B-008690,pune ,2.22,0
B-000010,NASHIK,1.97,6000
B-009814,Baramati ,3.3,0
B-005311,PUNE,3.92,0
B-008006,NASHIK,3.88,0
B-000320,thane,4.07,0
B-001833,Baramati,1.82,6000
B-005948,thane,2.71,0
B-005039,Baramati ,2.94,0
B-003924,THANE,2.96,0
B-000950,Pune,4.96,0
B-003947,PUNE,2.23,0
B-009296,BARAMATI,4.34,0
B-001291,thane,2.57,0
B-001404,Pune,1.3,6000
B-007963,NASHIK,4.37,0
B-001134,Baramati ,4.48,0
B-008728,pune ,2.71,0
B-002061,pune ,1.91,6000
B-002104,Thane,2.69,0
B-007788,PUNE,3.06,0
B-009008,thane,3.47,0
B-002706,NASHIK,2.93,0
B-004343,thane,2.64,0
B-008646,pune ,2.78,0
B-006933,Thane,1.69,6000
B-003471,Nashik,4.87,0
B-008836,Nashik,3.54,0
B-003296,Baramati ,1.94,6000
B-005108,Pune,3.16,0
B-006538,pune ,4.27,0
B-006119,BARAMATI,4.14,0
B-007178,Nashik,0.62,6000
B-008480,NASHIK,2.04,0
B-007398,PUNE,2.43,0
B-001983,BARAMATI,2.35,0
B-004062,Pune,3.48,0
B-003682,Baramati,1.56,6000
B-001050,Baramati ,3.17,0
B-005540,Shirur,0.79,6000
B-000345,Baramati ,1.02,6000
B-009639,pune ,0.59,6000
B-009076,BARAMATI,0.67,6000
B-003771,NASHIK,4.39,0
B-009642,Nashik,2.82,0
B-003609,Thane,1.7,6000
B-000118,Shirur,2.61,0
B-001164,Pune,4.94,0
B-000965,Thane,3.07,0
B-003751,BARAMATI,3.08,0
B-001105,thane,0.95,6000
B-000515,NASHIK,1.43,6000
B-005414,thane,2.76,0
B-001161,NASHIK,2.03,0
B-008424,Nashik,1.85,6000
B-003900,Thane,1.41,6000
B-004563,NASHIK,4.31,0
B-007954,PUNE,4.28,0
B-003511,THANE,1.46,6000
B-008835,Baramati ,0.71,6000
B-002168,Nashik,2.31,0
B-009356,Baramati,3.31,0
B-009441,PUNE,3.73,0
B-007745,Nashik,0.93,6000
B-003982,BARAMATI,1.73,6000
B-007750,Nashik,4.11,0
B-006670,thane,2.42,0
B-003120,BARAMATI,4.08,0
B-001546,NASHIK,4.21,0
B-001589,THANE,4.12,0
B-007063,Thane,3.49,0
B-005805,BARAMATI,1.4,6000
B-006940,Thane,1.63,6000
B-006736,THANE,2.54,0
B-007652,THANE,1.31,6000
B-000888,Pune,3.33,0
B-001613,THANE,4.38,0
B-000994,Nashik,2.75,0
B-006597,NASHIK,4.83,0
B-005560,Shirur,4.72,0
B-001791,Baramati ,4.72,0
B-004074,THANE,4.14,0
B-003140,Thane,4.71,0
B-003117,Shirur,3.32,0
B-008787,THANE,1.4,6000
B-007351,thane,1.16,6000
B-002297,pune ,3.86,0
B-009990,Baramati ,4.3,0
B-003007,Thane,1.93,6000
B-004564,PUNE,3.35,0
B-007580,Thane,1.7,6000
B-004093,Baramati ,3.41,0
B-001236,Baramati ,3.59,0
B-007261,Baramati,2.33,0
B-009017,PUNE,1.17,6000
B-001605,Pune,1.61,6000
B-000829,Baramati ,2.59,0
B-008857,THANE,4.96,0
B-000242,Thane,3.41,0
B-001529,Pune,1.41,6000
B-003873,Baramati ,1.11,6000
B-002725,Baramati ,4.05,0
B-006659,Baramati ,3.46,0
B-007957,pune ,3.4,0
B-007887,Pune,4.84,0
B-003503,thane,4.02,0
B-006571,Pune,4.37,0
B-000961,PUNE,1.91,6000
B-002698,Baramati ,4.4,0
B-006210,Thane,4.54,0
B-000036,NASHIK,3.46,0
B-006397,PUNE,2.29,0
B-004346,Shirur,4.29,0
B-007455,Baramati,1.0,6000
B-004674,Shirur,2.75,0
B-006931,PUNE,2.85,0
B-009106,Nashik,4.77,0
B-007974,THANE,1.63,6000
B-002537,PUNE,1.57,6000
B-003112,PUNE,3.98,0
B-004862,BARAMATI,1.98,6000
B-003567,Nashik,3.82,0
B-000959,Shirur,3.85,0
B-009490,Thane,1.48,6000
B-008884,PUNE,1.29,6000
B-000999,Baramati ,2.48,0
B-005139,Baramati ,4.38,0
B-000937,Pune,2.71,0
B-000822,BARAMATI,3.65,0
B-009572,PUNE,1.92,6000
B-007812,Thane,2.64,0
B-008239,Baramati,4.83,0
B-008702,pune ,2.13,0
B-002580,Shirur,2.15,0
B-000932,Baramati ,0.59,6000
B-008321,Nashik,0.66,6000
B-001313,Shirur,3.48,0
B-003045,Pune,3.61,0
B-001123,NASHIK,1.58,6000
B-001114,THANE,2.23,0
B-003854,NASHIK,4.81,0
B-006616,BARAMATI,4.56,0
B-001965,NASHIK,1.05,6000
B-009334,Baramati,4.36,0
B-004034,Thane,0.54,6000
B-009486,Thane,4.67,0
B-000652,Baramati ,1.85,6000
B-001344,Baramati,1.84,6000
B-006869,pune ,4.62,0
B-009563,NASHIK,1.93,6000
B-009261,NASHIK,2.33,0
B-008566,Pune,1.73,6000
B-005184,PUNE,4.2,0
B-004273,thane,2.62,0
B-003347,Thane,4.67,0
B-005148,BARAMATI,3.73,0
B-003911,PUNE,4.21,0
B-004352,Shirur,1.67,6000
B-006485,PUNE,2.08,0
B-002145,Nashik,3.78,0
B-004916,THANE,3.82,0
B-007492,thane,3.63,0
B-005181,Pune,3.39,0
B-001189,pune ,3.34,0
B-000153,NASHIK,1.11,6000
B-007509,Thane,1.4,6000
B-009225,Baramati ,1.91,6000
B-001639,PUNE,1.0,6000
B-001201,Baramati,2.82,0
B-008809,NASHIK,3.93,0
B-003493,Nashik,3.59,0
B-008289,BARAMATI,2.53,0
B-009739,Shirur,1.1,6000
B-002171,pune ,3.59,0
B-005719,BARAMATI,4.1,0
B-001128,Baramati,0.88,6000
B-004003,BARAMATI,1.32,6000
B-006055,Thane,4.75,0
B-004670,Nashik,1.51,6000
B-002585,Pune,4.65,0
B-007180,NASHIK,3.25,0
B-008901,Baramati,4.58,0
B-004957,thane,1.39,6000
B-008667,Shirur,4.33,0
B-000129,Pune,2.3,0
B-009087,Thane,3.2,0
B-004906,pune ,0.9,6000
B-001698,BARAMATI,1.27,6000
B-002201,Nashik,1.03,6000
B-009958,Shirur,2.87,0
B-001892,thane,4.22,0
B-001754,thane,1.03,6000
B-009875,Shirur,1.41,6000
B-002547,Baramati ,1.8,6000
B-004463,thane,2.22,0
B-004617,Thane,4.35,0
B-003451,Nashik,1.47,6000
B-005618,Baramati ,3.77,0
B-003336,Baramati,2.38,0
B-004326,Thane,4.07,0
B-008281,Pune,1.81,6000
B-008005,Baramati ,1.56,6000
B-004115,thane,4.58,0
B-000833,BARAMATI,3.12,0
B-001513,NASHIK,2.56,0
B-009779,Pune,2.61,0
B-004534,BARAMATI,4.88,0
B-000723,Thane,3.59,0
B-000059,Shirur,2.23,0
B-005465,Thane,3.81,0
B-002144,Baramati ,0.83,6000
B-004292,THANE,0.76,6000
B-002648,BARAMATI,4.69,0
B-007240,thane,4.59,0
B-009039,Nashik,4.73,0
B-007008,Nashik,3.69,0
B-009190,Pune,0.52,6000
B-000159,THANE,3.29,0
B-009845,Baramati ,4.9,0
B-001233,NASHIK,2.17,0
B-002443,THANE,0.69,6000
B-008939,pune ,1.67,6000
B-000591,THANE,2.72,0
B-006050,BARAMATI,4.45,0
B-009544,pune ,0.9,6000
B-009053,Shirur,2.89,0
B-002427,pune ,1.67,6000
B-007042,BARAMATI,0.7,6000
B-002089,pune ,2.75,0
B-000686,Baramati ,3.87,0
B-005051,Thane,1.77,6000
B-005975,Baramati ,3.26,0
B-000654,Baramati ,2.83,0
B-005863,Thane,4.52,0
B-003442,BARAMATI,3.82,0
B-004089,thane,3.94,0
B-001685,pune ,3.0,0
B-005795,NASHIK,3.36,0
B-009174,thane,0.74,6000
B-009749,pune ,0.75,6000
B-002533,pune ,0.66,6000
B-003879,Baramati ,1.24,6000
B-002663,thane,2.46,0
B-002901,thane,0.68,6000
B-006756,BARAMATI,4.95,0
B-000407,THANE,2.68,0
B-002939,thane,1.01,6000
B-005443,Shirur,4.4,0
B-006746,PUNE,2.07,0
B-004066,Baramati,4.41,0
B-009871,pune ,4.26,0
B-002609,Shirur,2.79,0
B-001772,Baramati ,3.03,0
B-006268,NASHIK,3.14,0
B-000635,Nashik,4.99,0
B-007712,Pune,2.87,0
B-003645,Nashik,1.31,6000
B-003270,PUNE,1.61,6000
B-007542,thane,3.55,0
B-005729,BARAMATI,0.62,6000
B-005001,NASHIK,4.92,0
B-003729,PUNE,2.27,0
B-003653,Nashik,4.68,0
B-000388,PUNE,4.27,0
B-003165,pune ,0.63,6000
B-006529,thane,4.24,0
B-005379,NASHIK,2.66,0
B-004565,NASHIK,4.8,0
B-001138,Nashik,3.46,0
B-004574,BARAMATI,4.86,0
B-005754,NASHIK,3.3,0
B-008347,thane,1.96,6000
B-006549,Shirur,5.0,0
B-009955,Nashik,1.08,6000
B-005426,Pune,4.11,0
B-000453,Baramati ,1.95,6000
B-001890,Pune,3.85,0
B-004280,THANE,4.78,0
B-002926,Thane,0.92,6000
B-009513,Baramati ,1.3,6000
B-004350,Thane,0.9,6000
B-000627,Baramati,1.23,6000
B-001777,Thane,1.78,6000
B-007120,NASHIK,1.19,6000
B-005664,Baramati ,2.71,0
B-005140,Thane,3.81,0
B-007150,Baramati ,4.57,0
B-008380,Nashik,1.09,6000
B-001895,NASHIK,0.93,6000
B-006312,BARAMATI,2.81,0
B-009447,thane,2.5,0
B-003115,Thane,2.64,0
B-004174,Nashik,3.2,0
B-000728,PUNE,3.9,0
B-007145,BARAMATI,3.26,0
B-000028,Thane,3.34,0
B-008519,PUNE,0.68,6000
B-008822,BARAMATI,4.88,0
B-003229,NASHIK,1.51,6000
B-005968,NASHIK,3.71,0
B-007067,thane,2.87,0
B-001147,NASHIK,2.86,0
B-005410,Baramati ,2.61,0
B-005144,PUNE,4.58,0
B-002042,thane,1.85,6000
B-004921,pune ,3.58,0
B-008309,Baramati ,4.29,0
B-005068,THANE,2.42,0
B-006692,Nashik,0.71,6000
B-005345,PUNE,4.63,0
B-006593,THANE,0.98,6000
B-004845,Thane,2.36,0
B-009084,thane,3.47,0
B-002086,Nashik,4.16,0
B-003144,BARAMATI,1.65,6000
B-006889,PUNE,3.96,0
B-006212,Pune,1.01,6000
B-002852,NASHIK,2.58,0
B-009325,pune ,4.29,0
B-004931,Pune,0.87,6000
B-006654,Shirur,1.84,6000
B-008978,Nashik,3.76,0
B-000007,NASHIK,2.52,0
B-004979,Baramati ,2.04,0
B-004701,pune ,1.45,6000
B-003444,PUNE,3.86,0
B-007044,Nashik,1.67,6000
B-009503,NASHIK,0.98,6000
B-005280,THANE,0.58,6000
B-007619,Thane,1.03,6000
B-007239,pune ,3.45,0
B-007245,thane,3.61,0
B-003502,NASHIK,4.85,0
B-008376,Nashik,3.77,0
B-007753,Baramati ,3.28,0
B-002781,Nashik,2.12,0
B-001390,NASHIK,4.83,0
B-004650,NASHIK,2.28,0
B-008446,Baramati ,0.89,6000
B-005492,pune ,0.56,6000
B-001531,PUNE,4.17,0
B-003849,Shirur,4.87,0
B-005086,Pune,1.44,6000
B-003681,NASHIK,1.15,6000
B-003263,Baramati,2.46,0
B-002415,NASHIK,4.36,0
B-000401,THANE,1.36,6000
B-000758,Baramati ,3.96,0
B-004012,pune ,2.63,0
B-007785,Pune,1.02,6000
B-001194,pune ,3.82,0
B-007462,thane,4.84,0
B-006791,thane,0.59,6000
B-009432,thane,3.13,0
B-003186,Baramati,1.83,6000
B-006292,Thane,0.73,6000
B-008100,Pune,0.96,6000
B-006548,Shirur,2.44,0
B-003998,Thane,4.32,0
B-002418,Shirur,3.1,0
B-000091,Shirur,2.99,0
B-001747,Baramati ,0.67,6000
B-006966,Thane,2.69,0
B-003586,Nashik,3.76,0
B-002882,NASHIK,4.57,0
B-008487,thane,1.54,6000
B-007612,Pune,2.88,0
B-000823,Thane,3.09,0
B-009133,THANE,0.79,6000
B-004083,NASHIK,2.38,0
B-001989,thane,1.03,6000
B-007479,Nashik,4.73,0
B-002185,BARAMATI,2.52,0
B-007613,Thane,0.59,6000
B-008703,Baramati ,3.77,0
B-009158,thane,2.05,0
B-005199,Baramati,2.78,0
B-007252,Nashik,4.59,0
B-008271,BARAMATI,4.65,0
B-006992,Shirur,3.46,0
B-008977,pune ,4.47,0
B-007306,Shirur,3.7,0
B-002608,Thane,4.25,0
B-007778,NASHIK,3.44,0
B-007374,BARAMATI,4.08,0
B-004247,pune ,3.3,0
B-004051,Baramati ,3.61,0
B-004544,PUNE,3.5,0
B-008541,pune ,1.28,6000
B-007940,pune ,3.23,0
B-003920,PUNE,4.07,0
B-004500,thane,1.87,6000
B-007207,Baramati,3.01,0
B-001270,Pune,2.11,0
B-004682,Baramati ,2.11,0
B-003842,pune ,1.29,6000
B-004452,THANE,0.64,6000
B-005503,PUNE,2.02,0
B-005239,PUNE,3.28,0
B-008850,PUNE,3.03,0
B-001321,thane,1.66,6000
B-002268,BARAMATI,4.03,0
B-002472,Pune,3.97,0
B-003789,THANE,1.7,6000
B-006276,pune ,4.34,0
B-002504,THANE,3.22,0
B-003506,PUNE,3.68,0
B-001053,thane,4.1,0
B-006798,PUNE,4.89,0
B-006679,Nashik,3.24,0
B-005422,PUNE,4.21,0
B-008891,Pune,2.78,0
B-007634,pune ,3.33,0
B-006813,Baramati,4.6,0
B-001021,pune ,3.78,0
B-003389,Shirur,2.49,0
B-006884,THANE,2.74,0
B-006382,PUNE,1.19,6000
B-000321,BARAMATI,2.01,0
B-006233,pune ,1.05,6000
B-007815,Baramati,2.48,0
B-000097,Thane,3.96,0
B-005764,Pune,1.6,6000
B-004893,thane,2.04,0
B-006390,THANE,1.27,6000
B-006866,Baramati ,2.18,0
B-008819,Thane,2.12,0
B-008948,NASHIK,1.6,6000
B-003614,THANE,2.4,0
B-008000,Baramati,1.12,6000
B-003596,Thane,2.36,0
B-004472,Thane,4.54,0
B-007141,THANE,4.08,0
B-009748,BARAMATI,4.75,0
B-000476,thane,1.16,6000
B-006372,Pune,3.73,0
B-005508,THANE,4.75,0
B-006625,PUNE,2.02,0
B-002705,Thane,4.92,0
B-007658,pune ,2.45,0
B-002092,Thane,3.92,0
B-009928,NASHIK,4.65,0
B-000442,pune ,4.56,0
B-006456,Pune,4.9,0
B-009247,Shirur,4.1,0
B-000445,THANE,4.88,0
B-001376,Thane,2.31,0
B-007023,NASHIK,3.65,0
B-002224,Baramati ,3.75,0
B-007565,BARAMATI,4.59,0
B-002978,Pune,4.22,0
B-000824,THANE,3.25,0
B-004263,pune ,3.65,0
B-009535,thane,3.4,0
B-005364,THANE,3.31,0
B-003468,Nashik,3.43,0
B-007450,Shirur,2.05,0
B-005356,NASHIK,2.32,0
B-005530,Baramati,4.46,0
B-009398,PUNE,0.67,6000
B-004559,BARAMATI,2.25,0
B-006907,Shirur,3.83,0
B-004134,pune ,2.84,0
B-001342,THANE,1.78,6000
B-007706,PUNE,2.8,0
B-000318,Baramati ,2.85,0
B-009852,NASHIK,1.22,6000
B-000854,Pune,4.51,0
B-005734,THANE,3.17,0
B-003674,Baramati,4.25,0
B-001125,Baramati ,3.77,0
B-000660,THANE,1.0,6000
B-000509,Pune,4.29,0
B-004052,Baramati ,3.32,0
B-003267,BARAMATI,1.06,6000
B-000334,NASHIK,4.74,0
B-002497,thane,1.84,6000
B-003909,Shirur,0.52,6000
B-002069,BARAMATI,4.92,0
B-007759,Shirur,4.95,0
B-001875,Nashik,3.72,0
B-009241,NASHIK,3.49,0
B-003572,Nashik,1.55,6000
B-007620,Baramati ,1.78,6000
B-004199,Shirur,3.08,0
B-006044,pune ,3.71,0
B-002750,THANE,3.82,0
B-009873,PUNE,1.98,6000
B-002684,Nashik,1.37,6000
B-005097,BARAMATI,2.54,0
B-009599,pune ,3.7,0
B-000421,Thane,0.87,6000
B-005112,Pune,2.41,0
B-006150,pune ,2.64,0
B-006499,thane,0.85,6000
B-003250,NASHIK,2.87,0
B-001246,Nashik,3.02,0
B-003979,Thane,4.42,0
B-001670,Nashik,2.74,0
B-004942,Thane,4.98,0
B-001984,Shirur,4.69,0
B-009273,thane,3.79,0
B-000673,Thane,4.21,0
B-005689,pune ,2.78,0
B-008729,thane,3.7,0
B-007019,pune ,4.86,0
B-006072,THANE,4.38,0
B-001130,PUNE,3.63,0
B-008290,thane,2.63,0
B-005591,Shirur,1.21,6000
B-000208,THANE,2.16,0
B-006883,PUNE,3.21,0
B-008032,Thane,1.0,6000
B-001730,BARAMATI,3.07,0
B-007103,Pune,2.85,0
B-005935,PUNE,2.17,0
B-007533,BARAMATI,1.86,6000
B-002507,thane,0.63,6000
B-007136,pune ,1.14,6000
B-002886,Nashik,2.4,0
B-008549,Baramati ,4.5,0
B-004426,Baramati,1.32,6000
B-008818,Shirur,2.7,0
B-007922,PUNE,2.96,0
B-007617,PUNE,4.42,0
B-007137,Thane,2.67,0
B-004398,Baramati ,3.05,0
B-005281,BARAMATI,4.02,0
B-004023,thane,4.26,0
B-001420,Nashik,1.1,6000
B-004570,pune ,2.77,0
B-007386,thane,3.93,0
B-003996,NASHIK,2.52,0
B-007614,Shirur,1.96,6000
B-009742,Nashik,3.49,0
B-005512,Thane,2.24,0
B-000471,Thane,2.03,0
B-008099,Pune,4.81,0
B-005326,thane,3.81,0
B-002980,NASHIK,0.9,6000
B-007989,pune ,3.68,0
B-003476,Nashik,3.34,0
B-005814,Shirur,1.89,6000
B-004233,NASHIK,1.06,6000
B-005577,THANE,0.88,6000
B-004582,Nashik,2.94,0
B-004527,Pune,4.81,0
B-009107,THANE,1.35,6000
B-000167,thane,2.76,0
B-008465,Pune,1.04,6000
B-003131,THANE,1.31,6000
B-001403,Pune,1.74,6000
B-003955,Baramati,1.6,6000
B-009612,Shirur,4.28,0
B-009650,Nashik,2.5,0
B-009097,THANE,3.23,0
B-003938,Thane,3.15,0
B-007801,thane,4.38,0
B-008042,Pune,2.03,0
B-007343,pune ,2.37,0
B-000283,THANE,1.93,6000
B-001525,Baramati ,0.91,6000
B-004821,PUNE,2.94,0
B-003631,Baramati ,1.15,6000
B-006626,Baramati ,3.96,0
B-003987,pune ,1.88,6000
B-005017,Thane,3.55,0
B-006047,Pune,3.27,0
B-007754,BARAMATI,1.32,6000
B-009069,Shirur,0.76,6000
B-008699,Thane,0.94,6000
B-005633,pune ,2.36,0
B-006972,BARAMATI,1.66,6000
B-009018,PUNE,0.73,6000
B-005420,Baramati,3.88,0
B-005765,Nashik,1.56,6000
B-007435,THANE,3.89,0
B-004439,Thane,4.77,0
B-005024,Baramati ,0.77,6000
B-004119,thane,2.99,0
B-003778,PUNE,2.68,0
B-001977,Thane,3.35,0
B-003156,Pune,1.71,6000
B-005170,Nashik,3.54,0
B-001959,Baramati,3.93,0
B-008780,NASHIK,4.03,0
B-003034,Baramati ,3.06,0
B-003139,thane,0.88,6000
B-003546,NASHIK,2.75,0
B-007934,pune ,2.18,0
B-004531,pune ,4.02,0
B-008596,THANE,4.79,0
B-004637,THANE,2.53,0
B-001648,Pune,4.16,0
B-003181,Nashik,1.8,6000
B-004854,pune ,0.5,6000
B-003728,thane,1.73,6000
B-005913,Baramati ,4.28,0
B-002940,Thane,5.0,0
B-004953,NASHIK,1.46,6000
B-000232,THANE,1.77,6000
B-009410,pune ,3.83,0
B-002074,Nashik,0.81,6000
B-004495,PUNE,2.28,0
B-000746,PUNE,4.24,0
B-000894,Shirur,3.0,0
B-009067,Baramati ,4.45,0
B-004787,Baramati,3.25,0
B-009373,BARAMATI,4.48,0
B-008043,BARAMATI,3.36,0
B-001681,Shirur,2.54,0
B-000201,Baramati,3.48,0
B-004659,BARAMATI,2.04,0
B-007691,thane,4.82,0
B-007844,BARAMATI,0.57,6000
B-007217,Shirur,1.1,6000
B-005583,Pune,3.24,0
B-003021,Pune,4.56,0
B-000842,NASHIK,1.28,6000
B-004137,THANE,4.53,0
B-007828,Shirur,2.7,0
B-001870,Thane,2.92,0
B-001071,NASHIK,3.43,0
B-006566,THANE,0.64,6000
B-008057,NASHIK,2.5,0
B-001214,PUNE,2.09,0
B-000879,Thane,4.22,0
B-002486,BARAMATI,2.24,0
B-002445,Shirur,4.93,0
B-009222,PUNE,2.58,0
B-009528,Baramati,2.5,0
B-001396,Baramati,3.84,0
B-004067,Baramati ,3.56,0
B-001941,Shirur,2.11,0
B-009144,PUNE,4.17,0
B-006819,NASHIK,1.86,6000
B-003698,Shirur,1.5,6000
B-008562,thane,4.85,0
B-009498,Pune,1.76,6000
B-007382,Shirur,3.68,0
B-007254,Baramati,0.53,6000
B-004872,NASHIK,2.28,0
B-007026,Baramati ,3.06,0
B-005004,thane,1.27,6000
B-000987,Baramati,3.47,0
B-001626,Nashik,3.52,0
B-003405,Nashik,3.04,0
B-003458,PUNE,3.15,0
B-004336,Shirur,0.79,6000
B-001331,Baramati ,4.7,0
B-002574,Baramati,4.46,0
B-003930,Shirur,4.02,0
B-002848,Baramati,4.31,0
B-009044,Pune,4.96,0
B-001230,Shirur,3.55,0
B-002565,Nashik,1.64,6000
B-000044,THANE,4.47,0
B-006694,Pune,4.72,0
B-009212,NASHIK,3.53,0
B-007700,NASHIK,0.73,6000
B-004772,BARAMATI,2.45,0
B-000535,Thane,1.73,6000
B-003793,NASHIK,2.83,0
B-004721,thane,2.13,0
B-004633,Pune,4.48,0
B-007439,Baramati,0.71,6000
B-001167,Thane,2.9,0
B-003825,BARAMATI,0.52,6000
B-004335,Baramati,2.01,0
B-003242,Nashik,4.13,0
B-009489,Shirur,1.52,6000
B-001881,Shirur,2.41,0
B-008923,PUNE,4.63,0
B-003684,Baramati,1.24,6000
B-002442,Baramati ,0.78,6000
B-004353,NASHIK,0.94,6000
B-002331,thane,2.44,0
B-009930,Pune,3.17,0
B-000978,NASHIK,4.71,0
B-002719,Baramati ,1.61,6000
B-005040,thane,1.57,6000
B-004729,BARAMATI,4.25,0
B-007196,BARAMATI,2.84,0
B-002038,Baramati,4.75,0
B-007680,Nashik,3.29,0
B-004983,PUNE,3.31,0
B-006595,Nashik,1.06,6000
B-004461,Pune,4.63,0
B-008200,Thane,1.91,6000
B-008848,Shirur,0.79,6000
B-008091,pune ,0.78,6000
B-007173,thane,0.75,6000
B-001318,Nashik,3.32,0
B-009619,PUNE,0.96,6000
B-007079,Pune,3.02,0
B-009324,Baramati ,4.32,0
B-004103,Thane,0.93,6000
B-000424,Thane,1.55,6000
B-001497,Nashik,4.04,0
B-009802,Nashik,0.55,6000
B-000340,Thane,2.59,0
B-004416,Thane,4.46,0
B-009380,Nashik,0.96,6000
B-002871,NASHIK,4.72,0
B-007709,Pune,2.54,0
B-008503,BARAMATI,3.15,0
B-007246,PUNE,0.96,6000
B-009974,Nashik,3.71,0
B-002974,Nashik,4.05,0
B-007142,Baramati,4.57,0
B-009227,pune ,3.37,0
B-001495,Baramati ,2.1,0
B-007701,thane,3.76,0
B-005701,thane,1.34,6000
B-006691,pune ,4.09,0
B-005461,Pune,1.07,6000
B-005261,Nashik,2.46,0
B-001714,NASHIK,3.89,0
B-002635,Baramati ,3.13,0
B-005404,THANE,3.99,0
B-006745,pune ,2.61,0
B-008118,Nashik,2.04,0
B-004723,BARAMATI,4.87,0
B-006562,THANE,3.14,0
B-009013,NASHIK,1.15,6000
B-000602,Baramati,2.78,0
B-007452,THANE,4.36,0
B-001443,Thane,2.05,0
B-005154,Baramati,3.38,0
B-004136,Baramati,4.03,0
B-005297,BARAMATI,1.35,6000
B-001900,thane,3.63,0
B-006623,thane,3.2,0
B-008432,BARAMATI,4.33,0
B-000019,Nashik,4.83,0
B-008890,Nashik,1.85,6000
B-007570,BARAMATI,1.23,6000
B-006771,thane,4.44,0
B-000889,Pune,2.73,0
B-003074,Pune,3.37,0
B-008495,Shirur,1.54,6000
B-005928,Nashik,1.46,6000
B-008168,thane,3.81,0
B-007243,BARAMATI,4.13,0
B-000846,Thane,1.42,6000
B-009653,pune ,4.22,0
B-004376,Pune,2.13,0
B-008999,PUNE,2.11,0
B-002147,THANE,1.02,6000
B-004720,Baramati ,2.48,0
B-007179,NASHIK,3.14,0
B-007942,BARAMATI,0.7,6000
B-001990,Pune,1.4,6000
B-000473,Baramati ,1.28,6000
B-003921,Baramati ,3.73,0
B-002595,BARAMATI,4.31,0
B-005092,Baramati,1.3,6000
B-009025,Pune,1.29,6000
B-000225,Baramati ,4.6,0
B-009049,Pune,4.24,0
B-006685,pune ,2.21,0
B-001528,PUNE,2.02,0
B-009849,Baramati,1.87,6000
B-001859,Baramati,2.16,0
B-007561,BARAMATI,3.47,0
B-001925,THANE,4.9,0
B-002523,Nashik,4.47,0
B-008166,Shirur,0.79,6000
B-004782,pune ,4.47,0
B-008338,pune ,4.08,0
B-004480,Baramati,2.9,0
B-006808,Shirur,2.18,0
B-007906,Nashik,2.43,0
B-007737,NASHIK,1.6,6000
B-003994,Pune,3.93,0
B-007484,Nashik,1.35,6000
B-009032,THANE,1.82,6000
B-002370,pune ,1.97,6000
B-006285,Pune,3.33,0
B-003123,Baramati ,4.43,0
B-008328,THANE,4.86,0
B-002237,thane,1.44,6000
B-001144,PUNE,4.03,0
B-009305,NASHIK,3.27,0
B-006799,pune ,2.79,0
B-005569,NASHIK,3.88,0
B-008319,BARAMATI,2.74,0
B-004378,thane,1.31,6000
B-000043,Shirur,2.18,0
B-004635,Shirur,2.67,0
B-004892,thane,2.63,0
B-008023,Nashik,2.3,0
B-002435,Nashik,3.42,0
B-007317,Baramati,1.49,6000
B-008825,Baramati,2.53,0
B-007936,Baramati,2.28,0
B-005655,Baramati ,2.41,0
B-005447,Thane,3.07,0
B-009043,BARAMATI,1.65,6000
B-008904,PUNE,1.1,6000
B-006181,PUNE,1.83,6000
B-007461,THANE,2.08,0
B-005273,Nashik,0.69,6000
B-003091,THANE,3.3,0
B-003913,Thane,2.53,0
B-006275,Thane,2.34,0
B-003827,thane,1.93,6000
B-006731,Thane,0.61,6000
B-000716,thane,1.55,6000
B-005214,NASHIK,0.84,6000
B-009786,PUNE,1.83,6000
B-006247,THANE,2.81,0
B-006326,NASHIK,0.85,6000
B-002493,Baramati ,4.67,0
B-008116,PUNE,1.03,6000
B-000607,BARAMATI,0.67,6000
B-009243,Baramati,2.0,0
B-008230,NASHIK,1.98,6000
B-005440,Baramati ,3.85,0
B-001645,NASHIK,4.3,0
B-007214,Baramati,3.68,0
B-001634,pune ,4.99,0
B-008618,Shirur,3.83,0
B-007487,Baramati ,0.54,6000
B-000252,Baramati ,1.77,6000
B-002362,BARAMATI,4.02,0
B-006718,Thane,4.76,0
B-002530,Nashik,3.91,0
B-001226,Pune,2.62,0
B-007693,THANE,4.95,0
B-009828,pune ,4.39,0
B-005547,Baramati,1.52,6000
B-006513,Shirur,1.44,6000
B-001316,Baramati,2.82,0
B-005384,THANE,3.91,0
B-008743,Shirur,4.16,0
B-006227,BARAMATI,4.06,0
B-005189,BARAMATI,4.31,0
B-007995,Thane,3.97,0
B-008865,Shirur,2.38,0
B-000589,thane,2.52,0
B-001122,THANE,0.64,6000
B-003847,pune ,3.1,0
B-004709,pune ,1.88,6000
B-009255,Shirur,0.54,6000
B-001481,NASHIK,4.25,0
B-007111,BARAMATI,1.51,6000
B-009775,Thane,3.59,0
B-001647,Thane,3.93,0
B-007270,Shirur,2.92,0
B-002726,BARAMATI,3.14,0
B-004907,Nashik,4.03,0
B-000475,pune ,1.19,6000
B-000754,BARAMATI,3.06,0
B-005315,Nashik,4.61,0
B-000920,Nashik,4.4,0
B-004807,Thane,1.42,6000
B-005874,Thane,0.79,6000
B-006142,Thane,1.35,6000
B-007057,PUNE,1.98,6000
B-002386,thane,3.38,0
B-004001,Baramati ,0.92,6000
B-009477,PUNE,3.54,0
B-006752,pune ,0.64,6000
B-002951,Shirur,3.22,0
B-002786,Pune,1.34,6000
B-002869,PUNE,4.6,0
B-001294,Thane,1.78,6000
B-009598,Baramati,1.81,6000
B-003946,THANE,0.81,6000
B-008154,Pune,2.16,0
B-002345,Pune,1.27,6000
B-003805,Thane,2.26,0
B-007556,PUNE,1.08,6000
B-004162,Thane,2.65,0
B-007530,PUNE,2.25,0
B-004184,Baramati,1.08,6000
B-000154,Baramati,1.89,6000
B-007623,Shirur,3.49,0
B-004713,pune ,3.22,0
B-008956,Baramati ,3.14,0
B-002589,THANE,3.73,0
B-001211,thane,1.74,6000
B-007238,Pune,4.96,0
B-005662,thane,0.79,6000
B-004902,Thane,3.22,0
B-006952,Baramati,2.87,0
B-004098,Nashik,4.46,0
B-007485,thane,2.58,0
B-004950,Pune,3.82,0
B-003264,Baramati ,3.41,0
B-006303,thane,2.06,0
B-007917,Shirur,4.07,0
B-001748,Thane,3.26,0
B-003887,pune ,2.37,0
B-006249,pune ,4.55,0
B-009961,Shirur,2.44,0
B-004848,Thane,4.6,0
B-004838,pune ,3.64,0
B-000360,PUNE,2.27,0
B-009693,Pune,1.58,6000
B-004498,pune ,1.73,6000
B-000133,NASHIK,2.92,0
B-000804,NASHIK,4.62,0
B-008139,Shirur,3.77,0
B-004690,Baramati,4.59,0
B-009808,Thane,4.97,0
B-005773,THANE,1.05,6000
B-003589,BARAMATI,0.84,6000
B-003116,PUNE,2.77,0
B-004107,BARAMATI,2.35,0
B-002241,pune ,1.64,6000
B-001592,THANE,0.7,6000
B-000646,Pune,0.83,6000
B-005062,Shirur,3.54,0
B-007223,thane,2.22,0
B-000547,Shirur,2.3,0
B-009936,Baramati,2.29,0
B-002154,Pune,1.63,6000
B-001477,Shirur,4.63,0
B-004836,BARAMATI,3.52,0
B-005353,thane,2.68,0
B-009080,PUNE,0.87,6000
B-002878,NASHIK,1.59,6000
B-003290,thane,1.13,6000
B-002166,Baramati ,4.29,0
B-009385,pune ,4.27,0
B-005995,Nashik,0.95,6000
B-008698,Baramati ,1.06,6000
B-008222,Shirur,2.26,0
B-004466,PUNE,3.52,0
B-002696,Pune,3.55,0
B-004211,pune ,2.48,0
B-007895,pune ,1.48,6000
B-008931,Pune,4.52,0
B-005550,THANE,1.47,6000
B-001887,Shirur,0.71,6000
B-007674,NASHIK,4.15,0
B-001234,NASHIK,3.48,0
B-002307,NASHIK,4.54,0
B-003697,Thane,3.61,0
B-006512,thane,0.74,6000
B-005993,Pune,0.72,6000
B-001480,Thane,3.95,0
B-006465,Baramati,2.19,0
B-000229,Baramati,1.4,6000
B-004333,Pune,2.4,0
B-008792,Pune,2.02,0
B-002025,Baramati,3.56,0
B-009125,PUNE,1.49,6000
B-006039,PUNE,4.09,0
B-004296,NASHIK,1.26,6000
B-006243,pune ,0.7,6000
B-006087,THANE,0.98,6000
B-001776,BARAMATI,1.95,6000
B-003831,NASHIK,1.35,6000
B-007725,Baramati,4.7,0
B-000411,Thane,4.73,0
B-005375,PUNE,1.55,6000
B-003627,PUNE,2.1,0
B-001036,pune ,0.57,6000
B-007607,NASHIK,1.92,6000
B-004952,Thane,1.46,6000
B-006690,Baramati,0.8,6000
B-001912,Baramati ,3.42,0
B-002291,BARAMATI,0.7,6000
B-000743,Baramati,2.35,0
B-000610,Nashik,2.75,0
B-004987,PUNE,3.71,0
B-008072,Nashik,1.27,6000
B-001903,PUNE,3.2,0
B-001593,NASHIK,3.63,0
B-009009,NASHIK,4.66,0
B-008808,Shirur,1.1,6000
B-002223,pune ,3.36,0
B-006368,Shirur,1.93,6000
B-007433,NASHIK,2.67,0
B-006079,BARAMATI,0.58,6000
B-008851,Nashik,2.52,0
B-006867,THANE,3.38,0
B-002532,Baramati,2.77,0
B-009443,Shirur,4.95,0
B-001623,Baramati,0.6,6000
B-008018,PUNE,1.89,6000
B-006687,Shirur,2.43,0
B-004584,Baramati,3.29,0
B-000537,Pune,1.12,6000
B-006071,thane,1.83,6000
B-003560,pune ,2.19,0
B-007265,NASHIK,0.67,6000
B-007286,Shirur,3.19,0
B-003869,thane,3.83,0
B-005943,BARAMATI,1.1,6000
B-001628,BARAMATI,3.4,0
B-006019,Pune,2.84,0
B-005877,Thane,3.42,0
B-000993,Baramati ,3.88,0
B-006524,Baramati,4.31,0
B-004521,BARAMATI,2.04,0
B-003110,Baramati,2.93,0
B-002002,NASHIK,4.95,0
B-007451,NASHIK,3.63,0
B-001502,Baramati,3.24,0
B-009310,Thane,2.85,0
B-000350,pune ,2.49,0
B-009755,Pune,0.79,6000
B-009807,thane,0.81,6000
B-003991,Baramati,0.73,6000
B-002064,pune ,4.72,0
B-003363,pune ,0.91,6000
B-009381,Nashik,2.97,0
B-003395,Baramati,1.56,6000
B-003539,PUNE,2.42,0
B-003818,thane,1.9,6000
B-009757,Shirur,1.39,6000
B-009492,Thane,1.29,6000
B-000047,Baramati,1.86,6000
B-004543,Nashik,2.52,0
B-002371,NASHIK,1.41,6000
B-002130,thane,0.86,6000
B-008941,BARAMATI,2.29,0
B-002859,pune ,2.62,0
B-001802,Thane,2.77,0
B-000423,Shirur,2.45,0
B-002160,pune ,4.19,0
B-000244,thane,0.59,6000
B-005870,Thane,2.42,0
B-003899,PUNE,3.91,0
B-005305,Baramati ,3.18,0
B-000259,pune ,2.99,0
B-002855,pune ,1.66,6000
B-004348,thane,1.88,6000
B-000859,Baramati ,2.19,0
B-002077,Nashik,2.66,0
B-006898,BARAMATI,1.11,6000
B-008620,thane,1.38,6000
B-001863,Baramati,0.52,6000
B-001042,THANE,3.79,0
B-007803,BARAMATI,2.71,0
B-007345,Thane,4.73,0
B-005932,Shirur,2.18,0
B-008409,thane,1.89,6000
B-001787,Nashik,0.82,6000
B-007406,Pune,4.97,0
B-008255,PUNE,2.23,0
B-003630,Nashik,1.23,6000
B-000711,Thane,4.81,0
B-008544,Shirur,2.07,0
B-009352,Shirur,2.7,0
B-007505,Shirur,2.16,0
B-000511,Pune,3.43,0
B-000997,Thane,3.81,0
B-007848,Baramati,2.65,0
B-006581,BARAMATI,3.34,0
B-006985,NASHIK,0.63,6000
B-001769,NASHIK,3.4,0
B-008033,Baramati ,3.22,0
B-007268,NASHIK,1.16,6000
B-001205,Baramati,3.21,0
B-001324,NASHIK,4.29,0
B-005278,Pune,1.03,6000
B-002431,PUNE,3.4,0
B-001077,Thane,2.29,0
B-002068,Nashik,4.88,0
B-004506,PUNE,2.83,0
B-005328,Baramati,4.44,0
B-006241,pune ,4.23,0
B-008693,Baramati ,3.61,0
B-004832,THANE,4.85,0
B-009865,NASHIK,4.49,0
B-008283,Nashik,1.89,6000
B-007049,Thane,3.89,0
B-001625,Shirur,4.41,0
B-009371,PUNE,3.36,0
B-003523,BARAMATI,4.16,0
B-007047,Baramati ,3.87,0
B-007399,Shirur,2.29,0
B-003744,Baramati ,0.53,6000
B-006780,pune ,4.17,0
B-005554,Pune,0.94,6000
B-007431,Shirur,2.38,0
B-006533,Thane,3.45,0
B-006816,Shirur,2.44,0
B-001558,pune ,2.19,0
B-005121,Shirur,1.1,6000
B-006993,thane,1.32,6000
B-008767,PUNE,2.53,0
B-004177,Baramati,1.34,6000
B-006133,Pune,3.87,0
B-002501,Baramati,1.67,6000
B-007771,Thane,2.48,0
B-001100,Nashik,0.99,6000
B-009140,NASHIK,1.25,6000
B-001399,Baramati ,0.89,6000
B-009090,PUNE,1.75,6000
B-007076,BARAMATI,0.63,6000
B-001583,Baramati,2.65,0
B-006106,NASHIK,3.92,0
B-002132,Pune,0.77,6000
B-000983,Pune,3.49,0
B-005401,Pune,0.94,6000
B-002003,THANE,4.06,0
B-009901,Thane,3.21,0
B-005794,Baramati ,4.69,0
B-006930,thane,3.91,0
B-000843,Nashik,2.43,0
B-008972,BARAMATI,3.57,0
B-005120,BARAMATI,5.0,0
B-005762,Baramati,4.73,0
B-009664,NASHIK,2.29,0
B-008314,Nashik,0.76,6000
B-003486,BARAMATI,4.43,0
B-002536,PUNE,0.51,6000
B-007901,Shirur,2.31,0
B-003675,pune ,0.62,6000
B-001774,PUNE,4.41,0
B-005737,Baramati ,4.78,0
B-006023,Baramati,2.16,0
B-001883,Nashik,3.59,0
B-009584,thane,2.82,0
B-003706,NASHIK,1.35,6000
B-007031,NASHIK,4.81,0
B-000431,BARAMATI,0.57,6000
B-004382,BARAMATI,4.43,0
B-009104,Shirur,1.96,6000
B-002956,thane,1.55,6000
B-004478,thane,2.3,0
B-005063,Nashik,4.07,0
B-005568,BARAMATI,2.43,0
B-005752,thane,4.94,0
B-000101,Shirur,4.57,0
B-002973,Shirur,2.23,0
B-002348,Nashik,1.38,6000
B-006567,pune ,4.41,0
B-001141,Nashik,4.03,0
B-002325,Shirur,2.77,0
B-000503,pune ,2.74,0
B-001504,PUNE,1.86,6000
B-008692,NASHIK,4.98,0
B-003525,thane,1.26,6000
B-006164,thane,4.8,0
B-006879,thane,3.48,0
B-008875,Baramati,1.6,6000
B-005586,pune ,3.89,0
B-002579,NASHIK,3.65,0
B-006063,PUNE,2.46,0
B-005106,Shirur,0.63,6000
B-008997,BARAMATI,4.56,0
B-001392,Baramati ,1.49,6000
B-000862,Baramati ,3.5,0
B-002550,NASHIK,1.05,6000
B-009718,pune ,4.65,0
B-000816,NASHIK,3.76,0
B-001337,PUNE,4.08,0
B-004459,BARAMATI,4.42,0
B-007260,Nashik,3.95,0
B-006948,Nashik,0.79,6000
B-007958,BARAMATI,2.2,0
B-009108,Shirur,3.84,0
B-006786,Shirur,2.22,0
B-004476,NASHIK,4.03,0
B-003532,Thane,4.14,0
B-008395,Baramati,1.67,6000
B-001865,Baramati ,0.89,6000
B-005656,PUNE,2.03,0
B-009525,Nashik,4.72,0
B-001817,Shirur,4.74,0
B-004641,Nashik,2.15,0
B-007973,BARAMATI,4.79,0
B-008634,Nashik,3.82,0
B-005054,Baramati ,0.78,6000
B-000745,THANE,1.35,6000
B-003613,Thane,4.91,0
B-006476,BARAMATI,3.97,0
B-000898,NASHIK,4.7,0
B-000126,pune ,2.84,0
B-003350,Nashik,3.16,0
B-004939,PUNE,2.28,0
B-003461,THANE,4.34,0
B-002249,BARAMATI,1.15,6000
B-004187,Baramati ,4.27,0
B-004743,thane,3.56,0
B-005376,pune ,3.21,0
B-001966,pune ,3.86,0
B-000127,Shirur,0.65,6000
B-008150,BARAMATI,1.89,6000
B-007056,Shirur,1.06,6000
B-002879,Shirur,3.08,0
B-002117,NASHIK,4.23,0
B-006230,thane,1.81,6000
B-008945,Thane,0.76,6000
B-008197,BARAMATI,1.19,6000
B-005803,Shirur,1.45,6000
B-001181,Shirur,4.7,0
B-006506,Baramati,3.65,0
B-000694,Pune,4.65,0
B-007148,pune ,4.36,0
B-000308,Shirur,2.26,0
B-009335,NASHIK,4.61,0
B-001276,pune ,4.96,0
B-005130,THANE,2.27,0
B-007034,Thane,3.55,0
B-006627,BARAMATI,3.91,0
B-006844,Thane,0.82,6000
B-004744,Shirur,1.77,6000
B-001888,Shirur,4.65,0
B-006637,Shirur,4.35,0
B-000342,Thane,0.94,6000
B-005322,BARAMATI,3.89,0
B-002816,Nashik,4.4,0
B-007539,Pune,4.32,0
B-005929,Shirur,1.87,6000
B-001444,NASHIK,1.24,6000
B-007156,pune ,2.49,0
B-001735,thane,1.81,6000
B-009286,pune ,1.44,6000
B-007139,Shirur,1.38,6000
B-006561,NASHIK,0.54,6000
B-008585,Shirur,4.35,0
B-001289,PUNE,3.55,0
B-008951,pune ,2.19,0
B-005084,Thane,3.56,0
B-005563,pune ,4.67,0
B-009288,PUNE,2.1,0
B-005457,thane,1.31,6000
B-002755,Pune,1.03,6000
B-001252,THANE,3.43,0
B-008364,Nashik,2.45,0
B-001869,pune ,3.32,0
B-008356,Thane,1.6,6000
B-003177,PUNE,1.58,6000
B-005725,thane,1.86,6000
B-005753,Nashik,4.8,0
B-002420,NASHIK,3.85,0
B-003872,Shirur,4.96,0
B-009615,NASHIK,3.46,0
B-002400,thane,4.39,0
B-004194,NASHIK,2.22,0
B-003233,NASHIK,3.44,0
B-002843,BARAMATI,0.55,6000
B-009855,PUNE,0.87,6000
B-001235,thane,3.39,0
B-002903,THANE,1.51,6000
B-008096,Nashik,3.08,0
B-007602,Nashik,2.66,0
B-007355,Shirur,3.85,0
B-005296,Nashik,1.31,6000
B-005180,thane,5.0,0
B-002474,Shirur,2.45,0
B-007206,Nashik,1.06,6000
B-001119,BARAMATI,0.79,6000
B-007683,THANE,1.33,6000
B-009145,Shirur,0.59,6000
B-004962,THANE,4.18,0
B-004501,THANE,2.7,0
B-000921,THANE,4.27,0
B-005767,THANE,3.71,0
B-008313,NASHIK,1.06,6000
B-001216,Baramati,4.85,0
B-009509,PUNE,1.31,6000
B-007566,Nashik,3.63,0
B-007405,Pune,3.0,0
B-000617,BARAMATI,1.05,6000
B-000933,pune ,3.09,0
B-006042,NASHIK,1.23,6000
B-004704,THANE,1.66,6000
B-001258,Pune,0.88,6000
B-008908,PUNE,2.78,0
B-008308,BARAMATI,4.85,0
B-006300,pune ,2.4,0
B-007582,NASHIK,0.5,6000
B-009349,Baramati ,0.71,6000
B-007369,THANE,4.57,0
B-003085,Baramati ,3.47,0
B-005268,thane,1.13,6000
B-007793,thane,3.63,0
B-008215,THANE,4.6,0
B-009449,BARAMATI,3.23,0
B-001014,THANE,1.44,6000
B-009193,PUNE,3.48,0
B-001696,Pune,1.57,6000
B-005627,Baramati,1.14,6000
B-001382,Baramati,4.81,0
B-008267,Nashik,2.98,0
B-002828,Nashik,2.12,0
B-000642,pune ,3.78,0
B-004060,Thane,0.83,6000
B-009160,Baramati ,1.67,6000
B-007200,NASHIK,4.57,0
B-002601,Thane,2.55,0
B-005963,Baramati ,3.54,0
B-006109,Shirur,1.14,6000
B-009062,Baramati,0.82,6000
B-006348,Shirur,1.71,6000
B-006698,NASHIK,3.64,0
B-005544,Baramati,3.72,0
B-000858,Nashik,3.46,0
B-005483,THANE,3.22,0
B-001080,Thane,4.2,0
B-005402,BARAMATI,4.97,0
B-001549,Thane,2.21,0
B-006334,Nashik,1.61,6000
B-004656,Baramati ,1.06,6000
B-004129,PUNE,3.58,0
B-002464,Thane,0.8,6000
B-005462,NASHIK,0.9,6000
B-001336,BARAMATI,4.0,0
B-002318,pune ,4.41,0
B-005732,Baramati,1.73,6000
B-005083,PUNE,2.2,0
B-006422,Baramati,2.2,0
B-002113,PUNE,4.02,0
B-001389,PUNE,1.29,6000
B-005073,Shirur,4.44,0
B-006172,Nashik,4.2,0
B-005382,thane,0.93,6000
B-002094,BARAMATI,3.65,0
B-001532,Baramati ,2.98,0
B-006938,Nashik,0.95,6000
B-008332,Pune,1.27,6000
B-008640,Thane,1.31,6000
B-000299,Shirur,3.55,0
B-005941,THANE,2.98,0
B-005061,Thane,2.65,0
B-002954,pune ,1.67,6000
B-003510,NASHIK,2.81,0
B-005599,pune ,3.46,0
B-007968,pune ,2.2,0
B-003146,Shirur,1.7,6000
B-003712,Shirur,3.38,0
B-002254,BARAMATI,3.68,0
B-002539,Baramati,3.55,0
B-001265,Thane,3.68,0
B-004847,pune ,2.48,0
B-001658,BARAMATI,4.09,0
B-009857,THANE,1.79,6000
B-000619,Thane,2.84,0
B-005518,Shirur,4.47,0
B-002148,Baramati,1.87,6000
B-006173,PUNE,4.76,0
B-002528,Thane,3.97,0
B-002659,PUNE,3.36,0
B-002963,PUNE,3.78,0
B-002713,PUNE,1.24,6000
B-007171,Pune,0.88,6000
B-009626,Baramati ,2.99,0
B-006732,thane,4.14,0
B-005969,Pune,4.83,0
B-003892,Thane,3.55,0
B-007278,Shirur,1.11,6000
B-004669,thane,2.82,0
B-007356,NASHIK,4.5,0
B-003834,Shirur,1.06,6000
B-003919,Pune,3.27,0
B-005071,Shirur,0.53,6000
B-007685,Thane,3.66,0
B-003179,Shirur,2.05,0
B-006027,Shirur,3.48,0
B-007219,THANE,3.58,0
B-009402,Pune,3.23,0
B-009656,pune ,3.54,0
B-006257,THANE,4.57,0
B-008240,pune ,0.84,6000
B-006860,pune ,2.81,0
B-002656,Pune,2.4,0
B-003272,Thane,1.27,6000
B-009450,PUNE,2.02,0
B-004097,NASHIK,1.62,6000
B-000855,THANE,4.33,0
B-007874,PUNE,1.81,6000
B-006082,thane,1.82,6000
B-009370,Baramati,0.51,6000
B-008453,NASHIK,3.06,0
B-002043,Baramati,4.65,0
B-004671,NASHIK,2.82,0
B-001375,Pune,4.71,0
B-002627,Nashik,4.32,0
B-004470,Pune,2.1,0
B-007362,Nashik,2.57,0
B-008411,Baramati ,2.09,0
B-009506,Pune,2.07,0
B-007168,Shirur,1.34,6000
B-001503,BARAMATI,0.54,6000
B-003638,Thane,2.71,0
B-007392,PUNE,2.88,0
B-005728,pune ,2.35,0
B-000437,thane,0.53,6000
B-008870,NASHIK,1.63,6000
B-000873,thane,2.28,0
B-006496,Baramati ,2.14,0
B-008225,pune ,2.91,0
B-009854,Baramati ,0.99,6000
B-003863,thane,3.45,0
B-006327,thane,1.23,6000
B-001338,BARAMATI,3.86,0
B-006143,Pune,2.12,0
B-003679,Shirur,1.39,6000
B-000462,Baramati,1.78,6000
B-005222,pune ,2.28,0
B-001624,Shirur,1.99,6000
B-005494,Pune,1.22,6000
B-002393,Baramati,4.77,0
B-002255,NASHIK,4.92,0
B-000628,PUNE,2.39,0
B-009527,THANE,2.73,0
B-007741,NASHIK,3.71,0
B-002274,BARAMATI,3.88,0
B-007686,Thane,2.76,0
B-007350,Shirur,4.29,0
B-000087,Thane,1.09,6000
B-001299,PUNE,4.07,0
B-000312,pune ,1.2,6000
B-008614,THANE,0.56,6000
B-003534,NASHIK,1.56,6000
B-002450,NASHIK,4.23,0
B-006935,Thane,4.89,0
B-001822,Shirur,0.54,6000
B-009188,thane,1.8,6000
B-003894,thane,0.87,6000
B-004935,Thane,1.61,6000
B-001997,pune ,3.78,0
B-000783,pune ,1.62,6000
B-003907,PUNE,4.39,0
B-008710,Shirur,1.61,6000
B-007490,Thane,1.39,6000
B-001030,Shirur,4.02,0
B-008685,PUNE,3.66,0
B-008190,THANE,3.25,0
B-000270,Baramati,4.97,0
B-003964,Nashik,3.33,0
B-002353,pune ,1.53,6000
B-004773,pune ,2.31,0
B-007033,Baramati ,4.96,0
B-000026,pune ,2.42,0
B-005781,Nashik,1.4,6000
B-003942,Pune,2.21,0
B-006826,THANE,1.88,6000
B-003069,NASHIK,4.91,0
B-009300,Baramati,2.01,0
B-005909,thane,0.78,6000
B-001109,Thane,3.4,0
B-008594,Baramati ,1.0,6000
B-008317,BARAMATI,1.76,6000
B-009376,BARAMATI,3.7,0
B-006398,Baramati,1.94,6000
B-007703,Pune,1.32,6000
B-000714,Pune,0.73,6000
B-006339,Shirur,1.95,6000
B-006117,Baramati ,2.62,0
B-004156,Nashik,0.95,6000
B-000267,pune ,1.64,6000
B-005851,thane,2.14,0
B-001107,Baramati ,1.0,6000
B-005650,NASHIK,0.56,6000
B-003951,THANE,3.97,0
B-001699,pune ,1.99,6000
B-005448,Shirur,4.15,0
B-002186,Shirur,4.0,0
B-000727,THANE,3.22,0
B-008944,Baramati,3.43,0
B-009020,Baramati,3.13,0
B-008985,PUNE,4.49,0
B-009478,pune ,3.33,0
B-007841,Nashik,1.04,6000
B-002987,Nashik,4.86,0
B-002210,NASHIK,4.18,0
B-001034,Baramati,3.67,0
B-007499,PUNE,0.84,6000
B-000606,THANE,3.29,0
B-004808,Baramati ,3.76,0
B-003303,Baramati,2.9,0
B-000718,pune ,0.7,6000
B-003269,Baramati,2.38,0
B-000687,Shirur,1.64,6000
B-005171,THANE,4.89,0
B-005081,BARAMATI,2.52,0
B-006525,Shirur,1.03,6000
B-007757,Thane,0.8,6000
B-004151,Thane,2.86,0
B-000600,THANE,4.06,0
B-003132,pune ,3.2,0
B-004688,Shirur,4.85,0
B-005849,Baramati ,0.7,6000
B-000784,Nashik,0.77,6000
B-005439,Shirur,1.36,6000
B-004477,Thane,2.73,0
B-002040,THANE,4.42,0
B-006030,PUNE,1.24,6000
B-007160,THANE,2.23,0
B-006554,Thane,2.3,0
B-007205,Baramati ,1.43,6000
B-006335,Pune,1.22,6000
B-005555,Baramati,3.16,0
B-003061,Pune,4.46,0
B-008130,THANE,2.55,0
B-008152,Shirur,3.74,0
B-009754,Baramati ,1.87,6000
B-004370,Baramati,1.83,6000
B-001354,Baramati ,2.98,0
B-006956,pune ,1.51,6000
B-008984,THANE,1.57,6000
B-008665,Pune,3.38,0
B-002957,Baramati ,4.67,0
B-004814,Baramati ,4.43,0
B-005263,Pune,3.39,0
B-009818,Baramati,4.95,0
B-001312,Baramati,2.91,0
B-005373,Pune,3.42,0
B-004844,NASHIK,3.22,0
B-005022,BARAMATI,1.96,6000
B-009470,Shirur,4.48,0
B-006982,Baramati ,3.75,0
B-002731,Thane,4.54,0
B-007273,Baramati ,1.96,6000
B-005760,Pune,3.32,0
B-007326,Pune,4.21,0
B-008656,Baramati,3.79,0
B-005777,Baramati ,1.3,6000
B-007127,Pune,2.92,0
B-004499,Nashik,0.98,6000
B-000940,Shirur,3.6,0
B-009197,NASHIK,1.66,6000
B-006656,NASHIK,3.35,0
B-005953,THANE,1.43,6000
B-009885,thane,1.49,6000
B-008801,Baramati ,1.42,6000
B-002340,NASHIK,4.13,0
B-009671,Thane,1.2,6000
B-000571,Baramati,3.78,0
B-009035,Thane,2.16,0
B-001102,thane,0.92,6000
B-003867,pune ,2.57,0
B-006002,pune ,1.35,6000
B-005934,thane,4.75,0
B-006273,pune ,3.41,0
B-000531,Pune,1.9,6000
B-002514,pune ,4.18,0
B-007372,NASHIK,3.24,0
B-006078,PUNE,1.15,6000
B-006096,Thane,1.6,6000
B-007274,NASHIK,4.87,0
B-001260,PUNE,3.76,0
B-002256,pune ,3.77,0
B-006013,Pune,3.21,0
B-006522,Thane,2.23,0
B-005151,PUNE,4.22,0
B-004567,NASHIK,4.71,0
B-004090,pune ,1.62,6000
B-009088,PUNE,1.7,6000
B-000425,NASHIK,3.2,0
B-003049,Pune,4.81,0
B-008177,PUNE,2.94,0
B-006341,BARAMATI,4.34,0
B-001930,PUNE,1.41,6000
B-004289,thane,3.92,0
B-004265,thane,4.17,0
B-007312,Baramati ,1.99,6000
B-003516,pune ,1.6,6000
B-004679,THANE,3.61,0
B-008048,NASHIK,2.95,0
B-003280,Pune,4.21,0
B-002010,PUNE,2.95,0
B-009403,PUNE,2.8,0
B-009226,Thane,1.14,6000
B-007407,Baramati,0.61,6000
B-002829,Thane,2.23,0
B-007293,BARAMATI,3.45,0
B-001439,Baramati,4.65,0
B-005237,NASHIK,2.23,0
B-005693,Shirur,4.2,0
B-001064,PUNE,2.71,0
B-004758,PUNE,1.51,6000
B-004915,Baramati ,2.11,0
B-002581,Nashik,2.0,0
B-002853,BARAMATI,4.65,0
B-005923,PUNE,4.53,0
B-009382,Nashik,1.18,6000
B-009481,Thane,2.89,0
B-003293,Nashik,1.32,6000
B-002276,Thane,1.18,6000
B-009610,NASHIK,3.59,0
B-008095,Nashik,4.18,0
B-009347,BARAMATI,4.44,0
B-009254,Baramati ,4.62,0
B-006045,NASHIK,2.16,0
B-009412,Baramati ,4.15,0
B-002127,Shirur,4.09,0
B-001413,Pune,4.38,0
B-001078,pune ,4.0,0
B-009627,pune ,1.94,6000
B-008854,Thane,2.51,0
B-007843,thane,4.17,0
B-008749,PUNE,3.1,0
B-006709,Shirur,1.75,6000
B-001209,PUNE,1.95,6000
B-002054,pune ,1.32,6000
B-005195,Thane,2.09,0
B-008593,thane,2.41,0
B-007373,Shirur,4.88,0
B-007633,Nashik,4.07,0
B-005645,BARAMATI,1.12,6000
B-002103,NASHIK,4.65,0
B-002982,Thane,2.38,0
B-002115,thane,2.92,0
B-007089,thane,2.9,0
B-009720,Baramati,2.23,0
B-000908,Nashik,3.72,0
B-002035,THANE,3.1,0
B-002508,Shirur,4.15,0
B-009166,Baramati,3.66,0
B-009743,Baramati,2.13,0
B-002654,Baramati,4.97,0
B-005287,Pune,2.13,0
B-003695,thane,4.81,0
B-005670,PUNE,0.77,6000
B-004654,BARAMATI,2.12,0
B-001293,pune ,1.83,6000
B-004106,pune ,4.26,0
B-003217,THANE,4.87,0
B-004497,Thane,1.59,6000
B-002051,Baramati,0.75,6000
B-008598,pune ,1.03,6000
B-009511,Shirur,3.67,0
B-002763,Thane,3.8,0
B-002527,Shirur,4.84,0
B-002805,BARAMATI,0.74,6000
B-005532,PUNE,3.48,0
B-000675,PUNE,2.65,0
B-000465,Nashik,4.42,0
B-009202,Pune,1.16,6000
B-008680,pune ,0.86,6000
B-004337,PUNE,0.56,6000
B-003454,Thane,1.17,6000
B-008415,pune ,2.61,0
B-000497,pune ,3.87,0
B-008160,Shirur,4.77,0
B-004746,thane,2.35,0
B-008962,BARAMATI,2.5,0
B-007913,NASHIK,3.63,0
B-009997,Baramati ,1.0,6000
B-009531,Pune,4.47,0
B-004874,Pune,3.22,0
B-008771,pune ,2.76,0
B-001196,Pune,2.28,0
B-000982,Thane,3.56,0
B-002590,thane,2.99,0
B-007203,Baramati ,4.64,0
B-006810,THANE,1.88,6000
B-009262,Baramati,2.41,0
B-007610,pune ,1.72,6000
B-003343,PUNE,2.85,0
B-009870,pune ,3.84,0
B-002354,Thane,3.29,0
B-005122,Baramati,2.27,0
B-005232,Shirur,4.89,0
B-005659,Nashik,4.29,0
B-008770,Shirur,2.61,0
B-002143,BARAMATI,3.44,0
B-008864,Thane,4.22,0
B-001740,pune ,0.75,6000
B-002615,BARAMATI,3.41,0
B-001981,Baramati,1.71,6000
B-003822,PUNE,0.85,6000
B-001004,Nashik,4.0,0
B-002192,BARAMATI,0.63,6000
B-009178,Baramati ,1.23,6000
B-002031,PUNE,0.79,6000
B-001155,Nashik,0.55,6000
B-000794,Baramati ,1.34,6000
B-000415,Baramati,3.37,0
B-002378,Pune,1.58,6000
B-009788,PUNE,4.89,0
B-003147,Nashik,0.7,6000
B-007080,thane,0.71,6000
B-005042,BARAMATI,0.92,6000
B-003426,Baramati ,0.54,6000
B-002034,BARAMATI,3.88,0
B-009747,Thane,2.75,0
B-008247,BARAMATI,3.88,0
B-008467,Shirur,2.1,0
B-001309,pune ,3.66,0
B-006665,PUNE,1.99,6000
B-002683,Shirur,2.77,0
B-007650,THANE,4.13,0
B-004733,pune ,0.61,6000
B-005908,Thane,2.65,0
B-002562,Pune,1.81,6000
B-001556,pune ,3.57,0
B-006252,PUNE,4.48,0
B-001306,PUNE,4.79,0
B-004082,Baramati,4.48,0
B-008159,NASHIK,3.44,0
B-004217,Shirur,1.22,6000
B-009184,THANE,2.82,0
B-004086,Shirur,3.24,0
B-007202,THANE,4.69,0
B-008511,BARAMATI,2.51,0
B-004075,pune ,2.03,0
B-000190,BARAMATI,3.31,0
B-000738,Thane,0.68,6000
B-007744,Shirur,3.98,0
B-003222,Thane,1.58,6000
B-004141,Nashik,3.23,0
B-003746,pune ,3.05,0
B-007920,thane,0.94,6000
B-001973,Pune,1.14,6000
B-001763,Baramati ,2.96,0
B-004779,PUNE,2.75,0
B-002891,thane,1.91,6000
B-000399,Baramati ,1.23,6000
B-008182,Baramati ,3.09,0
B-002305,BARAMATI,0.9,6000
B-004055,pune ,3.7,0
B-004895,thane,1.66,6000
B-007229,thane,4.9,0
B-006905,thane,3.43,0
B-005360,pune ,4.73,0
B-005510,Nashik,2.7,0
B-003856,BARAMATI,4.37,0
B-009905,Thane,2.34,0
B-004397,Nashik,4.63,0
B-000067,pune ,2.48,0
B-006941,THANE,4.3,0
B-000881,BARAMATI,2.18,0
B-003531,NASHIK,2.36,0
B-001098,thane,1.68,6000
B-007230,NASHIK,0.69,6000
B-002167,NASHIK,0.76,6000
B-005960,Baramati,3.65,0
B-002997,THANE,0.54,6000
B-006258,PUNE,1.81,6000
B-003304,pune ,3.07,0
B-002998,PUNE,1.5,6000
B-000371,thane,3.51,0
B-003282,BARAMATI,2.6,0
B-000420,NASHIK,2.91,0
B-004672,thane,0.99,6000
B-004603,pune ,3.79,0
B-001595,Thane,3.96,0
B-002970,Baramati,2.31,0
B-004533,PUNE,1.93,6000
B-002365,Nashik,2.69,0
B-000603,Shirur,3.84,0
B-009587,PUNE,1.75,6000
B-004131,Pune,2.95,0
B-003690,thane,1.15,6000
B-006262,Baramati,1.94,6000
B-004505,Pune,4.95,0
B-002292,Thane,0.78,6000
B-006761,BARAMATI,4.05,0
B-008705,thane,1.46,6000
B-009163,Baramati,4.41,0
B-005006,NASHIK,2.4,0
B-000974,Baramati ,3.36,0
B-001055,PUNE,1.14,6000
B-007988,Baramati ,2.32,0
B-000793,Baramati ,4.43,0
B-003227,thane,4.42,0
B-003058,THANE,1.46,6000
B-008910,Baramati ,1.33,6000
B-008084,Pune,0.92,6000
B-002778,Thane,2.04,0
B-009321,Baramati ,1.24,6000
B-007692,BARAMATI,4.74,0
B-002996,thane,2.64,0
B-006185,Shirur,4.03,0
B-001182,Shirur,2.47,0
B-001631,Shirur,3.07,0
B-004936,Pune,3.02,0
B-004171,Nashik,1.39,6000
B-003289,Shirur,3.51,0
B-008484,Nashik,1.15,6000
B-000330,NASHIK,4.94,0
B-000372,Shirur,3.84,0
B-000319,Shirur,3.8,0
B-009713,Pune,1.18,6000
B-005846,thane,4.7,0
B-002729,thane,4.39,0
B-006587,PUNE,4.06,0
B-003881,NASHIK,2.33,0
B-004255,THANE,3.75,0
B-008774,thane,4.74,0
B-001221,pune ,3.35,0
B-004967,NASHIK,4.86,0
B-009058,PUNE,0.66,6000
B-004224,Shirur,4.91,0
B-001146,Thane,3.63,0
B-002687,pune ,3.2,0
B-007630,Baramati,2.07,0
B-005023,Baramati,4.87,0
B-002610,Nashik,4.8,0
B-001332,BARAMATI,4.16,0
B-003220,Pune,1.86,6000
B-009621,Baramati ,2.76,0
B-006057,PUNE,3.65,0
B-006903,NASHIK,5.0,0
B-002452,Thane,2.35,0
B-004864,BARAMATI,4.23,0
B-002756,Thane,2.85,0
B-008402,BARAMATI,1.01,6000
B-008713,pune ,2.56,0
B-004176,BARAMATI,1.3,6000
B-004361,Nashik,1.23,6000
B-008212,Thane,2.22,0
B-005806,NASHIK,3.6,0
B-004612,Thane,3.35,0
B-002456,Shirur,3.29,0
B-003891,PUNE,4.98,0
B-006683,PUNE,0.9,6000
B-000137,Pune,3.27,0
B-003018,Thane,0.97,6000
B-002714,Shirur,3.88,0
B-005520,THANE,0.95,6000
B-008677,thane,2.77,0
B-008028,Pune,3.5,0
B-003413,Thane,1.45,6000
B-009083,thane,2.98,0
B-002521,PUNE,1.38,6000
B-006528,thane,4.78,0
B-007363,BARAMATI,4.85,0
B-005942,thane,2.36,0
B-009557,NASHIK,3.67,0
B-005637,Shirur,2.28,0
B-005155,BARAMATI,4.02,0
B-000219,THANE,1.78,6000
B-009858,NASHIK,1.69,6000
B-003888,Thane,3.53,0
B-002176,Pune,4.55,0
B-007923,Thane,0.65,6000
B-005371,Pune,1.19,6000
B-006414,BARAMATI,4.28,0
B-007964,THANE,4.19,0
B-006359,Nashik,1.93,6000
B-004739,pune ,4.82,0
B-004732,Thane,1.59,6000
B-008688,Thane,1.37,6000
B-005910,NASHIK,2.27,0
B-009360,Pune,4.11,0
B-004781,Nashik,2.43,0
B-003936,NASHIK,2.26,0
B-001397,Shirur,1.28,6000
B-004295,BARAMATI,2.83,0
B-005153,Thane,1.54,6000
B-009539,Shirur,4.11,0
B-005077,THANE,1.03,6000
B-006346,Nashik,4.03,0
B-006891,NASHIK,4.62,0
B-009560,THANE,1.22,6000
B-008969,BARAMATI,1.42,6000
B-008505,PUNE,0.62,6000
B-009307,Pune,3.33,0
B-001985,Nashik,1.19,6000
B-009554,Nashik,3.68,0
B-004691,PUNE,3.07,0
B-007768,Pune,3.84,0
B-005739,pune ,4.93,0
B-000901,NASHIK,3.34,0
B-001563,BARAMATI,1.34,6000
B-000156,NASHIK,4.54,0
B-008679,Baramati ,1.37,6000
B-002570,Baramati,3.77,0
B-003431,Thane,3.97,0
B-001241,NASHIK,0.73,6000
B-003383,PUNE,4.71,0
B-005657,NASHIK,0.6,6000
B-001671,Nashik,4.4,0
B-003362,PUNE,2.57,0
B-004111,Nashik,1.05,6000
B-006349,pune ,1.77,6000
B-005010,pune ,0.92,6000
B-007541,thane,4.3,0
B-003864,Baramati,2.26,0
B-007151,thane,4.08,0
B-006950,Thane,0.83,6000
B-006028,NASHIK,0.84,6000
B-005959,NASHIK,2.39,0
B-008326,BARAMATI,3.35,0
B-005782,thane,4.14,0
B-001132,pune ,1.84,6000
B-004250,pune ,3.47,0
B-008396,NASHIK,3.23,0
B-004595,Pune,1.03,6000
B-009609,BARAMATI,4.97,0
B-005425,thane,4.98,0
B-008498,Nashik,2.96,0
B-009899,pune ,2.85,0
B-003087,Baramati ,4.67,0
B-002571,Baramati,3.23,0
B-007838,THANE,0.6,6000
B-001419,THANE,3.92,0
B-003766,Baramati,4.4,0
B-007473,PUNE,4.54,0
B-004368,Pune,1.97,6000
B-008226,Baramati,0.88,6000
B-008691,Shirur,4.73,0
B-008609,Baramati ,1.73,6000
B-005537,Baramati,4.79,0
B-006325,BARAMATI,3.69,0
B-007108,NASHIK,1.82,6000
B-005906,Shirur,4.14,0
B-008001,Thane,2.81,0
B-005270,Thane,4.65,0
B-006584,Baramati ,1.28,6000
B-005680,NASHIK,4.31,0
B-008926,Shirur,1.76,6000
B-004998,Thane,0.96,6000
B-003967,Nashik,1.9,6000
B-001576,Baramati,4.79,0
B-008260,thane,2.45,0
B-002020,thane,2.41,0
B-002286,Shirur,1.72,6000
B-004572,BARAMATI,3.3,0
B-002446,Nashik,2.22,0
B-001843,Baramati,3.05,0
B-007713,BARAMATI,4.54,0
B-002439,PUNE,2.52,0
B-006318,Pune,4.81,0
B-002368,Baramati ,3.14,0
B-005775,Baramati ,3.22,0
B-007971,NASHIK,4.78,0
B-009055,THANE,2.09,0
B-005776,Pune,1.02,6000
B-004006,BARAMATI,2.43,0
B-002598,pune ,2.11,0
B-003931,PUNE,1.47,6000
B-002858,BARAMATI,2.17,0
B-004592,BARAMATI,1.05,6000
B-007649,BARAMATI,3.6,0
B-007656,Shirur,1.98,6000
B-006516,thane,3.05,0
B-005912,BARAMATI,4.54,0
B-008940,THANE,0.8,6000
B-002358,Baramati ,3.21,0
B-009726,THANE,1.48,6000
B-004698,THANE,1.75,6000
B-005543,Nashik,4.76,0
B-004450,NASHIK,0.84,6000
B-003111,NASHIK,2.4,0
B-007339,Thane,1.93,6000
B-008613,BARAMATI,1.39,6000
B-006705,Pune,4.11,0
B-008567,thane,0.71,6000
B-007821,Baramati ,2.4,0
B-006333,PUNE,2.54,0
B-006592,Nashik,1.97,6000
B-001200,Thane,1.56,6000
B-002380,Pune,1.78,6000
B-009811,NASHIK,4.02,0
B-002357,Nashik,4.95,0
B-007826,thane,1.78,6000
B-008400,Thane,0.67,6000
B-000648,THANE,4.63,0
B-002838,Pune,2.02,0
B-009115,Pune,0.81,6000
B-003624,PUNE,4.23,0
B-005374,Thane,3.75,0
B-002101,Baramati ,1.93,6000
B-006123,BARAMATI,2.3,0
B-003925,THANE,3.99,0
B-001753,thane,3.26,0
B-001656,Thane,1.84,6000
B-006783,thane,2.72,0
B-004413,NASHIK,4.85,0
B-002222,PUNE,4.29,0
B-007644,Nashik,0.96,6000
B-004605,Baramati,0.72,6000
B-005704,Pune,1.12,6000
B-002226,BARAMATI,4.38,0
B-008841,Shirur,2.46,0
B-000895,pune ,0.9,6000
B-005044,Shirur,4.56,0
B-006070,BARAMATI,4.17,0
B-008382,THANE,4.95,0
B-001961,Shirur,4.41,0
B-001987,Baramati ,4.47,0
B-000416,Pune,1.0,6000
B-005488,Baramati ,0.84,6000
B-007416,BARAMATI,3.6,0
B-004351,Thane,1.71,6000
B-001849,pune ,4.66,0
B-005227,Nashik,2.57,0
B-001908,pune ,1.94,6000
B-008269,pune ,3.89,0
B-000821,Thane,3.37,0
B-003386,NASHIK,1.05,6000
B-009829,THANE,1.58,6000
B-008856,thane,3.48,0
B-003870,Baramati ,1.95,6000
B-009400,Shirur,2.67,0
B-005581,PUNE,1.69,6000
B-006315,Baramati ,3.7,0
B-001127,BARAMATI,3.01,0
B-009063,Baramati,3.47,0
B-004509,Shirur,4.35,0
B-009485,Shirur,0.85,6000
B-008351,thane,0.77,6000
B-003334,Pune,3.52,0
B-005349,thane,4.18,0
B-007660,Baramati,2.69,0
B-007215,BARAMATI,1.44,6000
B-009169,Nashik,3.93,0
B-003897,THANE,4.36,0
B-003912,Baramati ,3.69,0
B-005330,NASHIK,1.19,6000
B-009030,THANE,0.98,6000
B-006193,pune ,1.48,6000
B-008199,BARAMATI,2.24,0
B-002632,thane,4.41,0
B-002339,THANE,1.41,6000
B-005292,Thane,1.35,6000
B-000485,Baramati ,2.4,0
B-007438,NASHIK,1.88,6000
B-006298,Nashik,3.42,0
B-000733,pune ,2.57,0
B-005344,PUNE,3.85,0
B-008586,Baramati,0.57,6000
B-008881,thane,1.34,6000
B-004384,Pune,2.64,0
B-006052,THANE,2.54,0
B-005924,Baramati ,1.03,6000
B-009181,THANE,0.88,6000
B-008914,Thane,1.45,6000
B-000306,Thane,2.76,0
B-007482,THANE,2.0,0
B-007549,thane,1.73,6000
B-001435,PUNE,0.72,6000
B-003424,Thane,3.79,0
B-007228,Thane,1.37,6000
B-006862,Baramati,2.31,0
B-001441,Nashik,1.74,6000
B-007651,Nashik,2.72,0
B-007534,Thane,0.99,6000
B-000298,Pune,3.41,0
B-006851,PUNE,1.49,6000
B-003253,Pune,4.53,0
B-006455,Nashik,1.7,6000
B-004059,PUNE,2.89,0
B-001527,Baramati ,1.52,6000
B-007673,Nashik,3.65,0
B-006136,Thane,2.26,0
B-007146,PUNE,1.49,6000
B-007587,Shirur,1.71,6000
B-002372,Baramati,1.27,6000
B-007183,Baramati,2.06,0
B-000307,Baramati ,3.68,0
B-000076,Baramati ,3.8,0
B-009223,PUNE,1.33,6000
B-004653,Shirur,3.3,0
B-004938,Shirur,1.87,6000
B-000880,Shirur,1.57,6000
B-007606,BARAMATI,3.57,0
B-002745,pune ,1.34,6000
B-002332,thane,1.14,6000
B-003723,Pune,3.5,0
B-005254,Thane,2.0,0
B-004451,pune ,4.88,0
B-008900,PUNE,1.27,6000
B-004047,Pune,3.17,0
B-007285,thane,3.12,0
B-007689,thane,4.43,0
B-008760,thane,0.99,6000
B-009279,Pune,3.05,0
B-008107,Baramati ,4.26,0
B-003835,THANE,2.76,0
B-002236,pune ,3.99,0
B-001580,PUNE,1.87,6000
B-009287,Shirur,2.01,0
B-000923,thane,3.81,0
B-002709,THANE,1.66,6000
B-008060,thane,1.64,6000
B-005990,thane,0.56,6000
B-003760,BARAMATI,1.86,6000
B-009848,BARAMATI,4.51,0
B-002108,NASHIK,4.36,0
B-005887,Nashik,2.68,0
B-001526,Baramati ,3.59,0
B-000116,Shirur,3.38,0
B-006035,pune ,4.9,0
B-002762,Baramati,3.47,0
B-006478,pune ,2.11,0
B-002417,Pune,1.6,6000
B-004652,Shirur,3.63,0
B-005525,Thane,2.12,0
B-006204,Shirur,0.9,6000
B-008755,Thane,3.37,0
B-001438,Baramati ,4.45,0
B-005005,NASHIK,2.95,0
B-007014,thane,4.94,0
B-005233,THANE,1.29,6000
B-007349,NASHIK,2.07,0
B-003322,BARAMATI,2.26,0
B-006775,Thane,4.75,0
B-003504,Baramati ,1.89,6000
B-004222,Pune,3.11,0
B-008064,Shirur,2.04,0
B-008805,Nashik,1.05,6000
B-003284,thane,3.05,0
B-008554,BARAMATI,1.8,6000
B-000782,Pune,2.75,0
B-001514,NASHIK,1.16,6000
B-001152,NASHIK,1.18,6000
B-007849,Baramati ,3.31,0
B-002651,NASHIK,1.23,6000
B-007667,thane,1.8,6000
B-002033,Baramati ,0.57,6000
B-000056,Pune,1.48,6000
B-002137,Nashik,1.06,6000
B-003143,thane,1.88,6000
B-008298,Thane,2.09,0
B-003660,Pune,0.72,6000
B-006175,pune ,2.08,0
B-002188,Baramati ,4.03,0
B-002701,THANE,3.49,0
B-008603,THANE,1.2,6000
B-009191,PUNE,3.71,0
B-005922,pune ,4.98,0
B-004694,Baramati,2.44,0
B-000094,PUNE,1.81,6000
B-008194,Pune,2.63,0
B-005355,BARAMATI,1.62,6000
B-002946,NASHIK,3.37,0
B-005676,Thane,2.3,0
B-001936,PUNE,4.52,0
B-009379,Baramati ,3.19,0
B-005471,pune ,3.04,0
B-000969,NASHIK,4.44,0
B-003813,Nashik,1.13,6000
B-008315,Baramati,1.63,6000
B-008171,Thane,2.99,0
B-007761,Baramati ,1.87,6000
B-005621,Baramati ,3.05,0
B-004117,NASHIK,2.58,0
B-007563,pune ,2.19,0
B-007333,Thane,0.93,6000
B-009082,THANE,2.49,0
B-009429,BARAMATI,2.77,0
B-006307,NASHIK,3.71,0
B-009968,thane,2.09,0
B-007931,thane,2.39,0
B-000962,Thane,2.58,0
B-007763,THANE,0.62,6000
B-008802,Thane,0.9,6000
B-009387,pune ,3.27,0
B-008761,Baramati ,4.04,0
B-003011,Nashik,2.8,0
B-005036,pune ,3.29,0
B-001810,Nashik,4.45,0
B-001796,Pune,3.9,0
B-001095,Thane,1.07,6000
B-003918,NASHIK,0.53,6000
B-001255,THANE,2.57,0
B-009007,Pune,0.88,6000
B-006126,Baramati ,4.23,0
B-004963,NASHIK,0.98,6000
B-008358,Nashik,0.94,6000
B-003407,Baramati ,3.04,0
B-005751,Shirur,1.99,6000
B-009948,Pune,1.05,6000
B-007478,Nashik,3.53,0
B-003858,Shirur,3.73,0
B-006205,Shirur,1.42,6000
B-004404,pune ,3.03,0
B-006570,thane,1.11,6000
B-005441,NASHIK,3.38,0
B-006764,pune ,1.85,6000
B-001790,Baramati ,3.74,0
B-006242,Pune,4.13,0
B-002028,Nashik,3.59,0
B-009495,PUNE,0.8,6000
B-006183,pune ,3.22,0
B-004881,PUNE,2.84,0
B-007153,Baramati,1.42,6000
B-006451,thane,0.61,6000
B-000671,THANE,2.5,0
B-007966,Pune,4.67,0
B-007742,Baramati ,2.32,0
B-004327,pune ,4.19,0
B-005766,THANE,1.67,6000
B-002964,Nashik,3.57,0
B-000640,NASHIK,3.28,0
B-007515,Thane,1.16,6000
B-004622,Pune,1.33,6000
B-008996,Shirur,3.46,0
B-000506,pune ,2.8,0
B-006790,Shirur,2.96,0
B-004487,thane,2.66,0
B-007397,Baramati ,3.5,0
B-008149,Nashik,2.72,0
B-001657,NASHIK,1.74,6000
B-004692,Thane,3.64,0
B-008131,PUNE,2.59,0
B-001228,Thane,1.17,6000
B-001348,Baramati ,2.56,0
B-002688,Nashik,2.25,0
B-007000,Nashik,1.86,6000
B-009399,NASHIK,3.43,0
B-003620,NASHIK,3.29,0
B-000953,Pune,4.59,0
B-005573,BARAMATI,4.83,0
B-001683,thane,4.47,0
B-005873,thane,1.75,6000
B-004778,pune ,2.11,0
B-004005,THANE,1.45,6000
B-008221,Shirur,2.86,0
B-007364,THANE,0.78,6000
B-004181,NASHIK,1.18,6000
B-003650,NASHIK,3.74,0
B-009414,BARAMATI,2.57,0
B-000456,pune ,1.75,6000
B-003715,NASHIK,1.86,6000
B-001081,Thane,0.81,6000
B-004205,NASHIK,2.68,0
B-003404,thane,3.23,0
B-003743,pune ,3.09,0
B-004620,THANE,3.99,0
B-009098,THANE,1.67,6000
B-004578,Shirur,1.96,6000
B-003788,Nashik,2.07,0
B-009316,Nashik,4.23,0
B-006611,PUNE,0.7,6000
B-002525,Shirur,1.22,6000
B-009949,PUNE,3.49,0
B-000179,thane,4.7,0
B-003244,thane,1.96,6000
B-002085,Baramati,4.92,0
B-006689,Shirur,4.08,0
B-000025,PUNE,4.55,0
B-006110,pune ,3.78,0
B-001786,Thane,3.9,0
B-004738,Thane,4.65,0
B-000599,Pune,3.25,0
B-008078,PUNE,0.67,6000
B-009825,Shirur,0.83,6000
B-002823,BARAMATI,3.23,0
B-005738,Pune,4.66,0
B-000523,BARAMATI,0.98,6000
B-004434,thane,2.2,0
B-000494,NASHIK,3.08,0
B-008336,Baramati,1.38,6000
B-000566,thane,2.47,0
B-003868,Baramati ,1.51,6000
B-000260,Shirur,1.23,6000
B-002352,THANE,4.14,0
B-008675,Baramati,0.89,6000
B-001475,Pune,3.33,0
B-008582,NASHIK,0.93,6000
B-001110,Pune,4.15,0
B-006274,Pune,2.12,0
B-005256,Thane,3.06,0
B-009620,PUNE,2.03,0
B-007842,NASHIK,3.78,0
B-009526,Shirur,3.39,0
B-003068,thane,1.36,6000
B-007302,Baramati,3.07,0
B-003134,thane,2.75,0
B-008737,BARAMATI,3.28,0
B-009867,THANE,4.34,0
B-007514,PUNE,2.47,0
B-009937,NASHIK,2.19,0
B-003093,PUNE,3.06,0
B-003078,pune ,4.02,0
B-000658,Baramati ,0.95,6000
B-005593,thane,1.54,6000
B-009789,Nashik,2.93,0
B-007165,Pune,1.51,6000
B-004418,Baramati ,4.65,0
B-001090,Baramati ,2.26,0
B-005354,BARAMATI,0.81,6000
B-007048,pune ,4.86,0
B-002849,PUNE,2.9,0
B-000972,Baramati,4.34,0
B-001463,Nashik,2.75,0
B-004402,Thane,3.28,0
B-008059,THANE,3.64,0
B-008905,PUNE,3.12,0
B-001044,Baramati ,3.44,0
B-008561,Pune,2.02,0
B-010000,Baramati ,1.4,6000
B-006839,Pune,1.13,6000
B-000029,THANE,4.18,0
B-006195,BARAMATI,4.66,0
B-000187,NASHIK,4.61,0
B-007805,Pune,1.56,6000
B-009189,PUNE,4.13,0
B-008514,Nashik,4.57,0
B-005891,Shirur,4.26,0
B-009164,Pune,2.06,0
B-003475,PUNE,4.77,0
B-004358,Nashik,3.83,0
B-003108,PUNE,4.49,0
B-009131,thane,4.76,0
B-001882,Baramati ,3.75,0
B-007684,PUNE,0.66,6000
B-003774,THANE,1.51,6000
B-002836,BARAMATI,2.44,0
B-001271,Baramati ,4.02,0
B-002259,Baramati,0.6,6000
B-001545,Pune,0.62,6000
B-007170,Baramati,2.9,0
B-005940,Thane,3.57,0
B-006271,Shirur,0.58,6000
B-000925,thane,0.73,6000
B-000264,Thane,3.63,0
B-006632,Thane,3.66,0
B-005409,THANE,1.12,6000
B-003435,thane,1.03,6000
B-005038,Nashik,4.92,0
B-009896,BARAMATI,2.08,0
B-009638,BARAMATI,2.46,0
B-007284,Pune,1.57,6000
B-009667,PUNE,3.15,0
B-001972,Baramati,2.36,0
B-001689,THANE,3.06,0
B-000552,Pune,4.43,0
B-000827,Baramati,4.16,0
B-004866,PUNE,0.75,6000
B-000276,thane,1.31,6000
B-009996,Pune,1.91,6000
B-004898,Nashik,3.45,0
B-005506,Baramati,4.99,0
B-009016,pune ,3.23,0
B-007811,thane,3.46,0
B-008142,NASHIK,0.85,6000
B-002005,Baramati ,4.72,0
B-006067,Baramati,2.73,0
B-000363,Shirur,4.16,0
B-009823,Baramati,2.5,0
B-009421,Baramati ,4.74,0
B-001920,THANE,1.82,6000
B-004422,NASHIK,1.6,6000
B-001780,Baramati ,1.93,6000
B-006180,THANE,2.77,0
B-008756,Pune,2.06,0
B-006358,Thane,3.67,0
B-000463,Nashik,2.69,0
B-001148,PUNE,1.42,6000
B-004128,pune ,4.29,0
B-009074,THANE,1.54,6000
B-001919,Shirur,2.99,0
B-009242,PUNE,2.18,0
B-007508,pune ,0.66,6000
B-008909,Baramati,3.64,0
B-009102,NASHIK,3.94,0
B-002613,PUNE,0.6,6000
B-004731,Pune,1.72,6000
B-004899,Nashik,2.23,0
B-006329,PUNE,0.77,6000
B-008134,Nashik,2.23,0
B-007911,Pune,4.38,0
B-008475,Thane,2.5,0
B-009218,Baramati,1.43,6000
B-002473,pune ,3.47,0
B-009101,THANE,0.74,6000
B-001174,Baramati ,0.64,6000
B-007547,BARAMATI,4.72,0
B-004271,Nashik,3.9,0
B-001811,BARAMATI,4.65,0
B-003388,Baramati ,4.15,0
B-002462,Nashik,1.47,6000
B-008449,Pune,2.03,0
B-000500,Nashik,2.45,0
B-004561,Thane,4.02,0
B-008518,Shirur,3.89,0
B-009459,PUNE,2.99,0
B-008734,Shirur,4.7,0
B-007468,Baramati ,4.36,0
B-007902,THANE,2.59,0
B-005129,Nashik,3.74,0
B-005561,THANE,1.67,6000
B-003500,Thane,2.6,0
B-004554,Baramati,1.09,6000
B-004061,Pune,1.76,6000
B-000385,NASHIK,4.78,0
B-002822,PUNE,4.99,0
B-005271,THANE,1.83,6000
B-005500,Nashik,2.28,0
B-009072,Nashik,1.73,6000
B-006438,Baramati ,3.47,0
B-004297,NASHIK,4.15,0
B-002612,Nashik,0.56,6000
B-005705,Baramati ,3.06,0
B-003411,BARAMATI,4.26,0
B-003345,pune ,2.5,0
B-001223,Pune,2.48,0
B-002457,thane,0.67,6000
B-003084,BARAMATI,2.66,0
B-001507,THANE,1.48,6000
B-009051,Pune,3.11,0
B-004407,PUNE,1.74,6000
B-003880,Nashik,2.98,0
B-001975,PUNE,2.48,0
B-006958,Baramati ,3.95,0
B-001847,Baramati ,1.67,6000
B-008547,thane,1.07,6000
B-007025,NASHIK,1.29,6000
B-005797,Nashik,3.45,0
B-001183,Baramati,1.02,6000
B-006601,Pune,1.33,6000
B-003794,THANE,4.37,0
B-007636,Nashik,1.93,6000
B-004608,THANE,3.73,0
B-003381,Pune,4.78,0
B-008036,Baramati ,4.89,0
B-004566,Pune,3.55,0
B-004342,BARAMATI,2.93,0
B-001099,Pune,3.2,0
B-003182,BARAMATI,0.99,6000
B-009099,THANE,2.5,0
B-009623,THANE,0.85,6000
B-001666,Baramati,1.97,6000
B-007866,BARAMATI,4.23,0
B-005298,NASHIK,2.37,0
B-007900,NASHIK,2.42,0
B-003685,Baramati ,1.14,6000
B-009646,BARAMATI,3.23,0
B-003040,BARAMATI,2.01,0
B-009504,Thane,4.54,0
B-004388,BARAMATI,2.62,0
B-005936,Baramati ,3.3,0
B-006795,pune ,2.16,0
B-001561,Baramati ,4.69,0
B-008828,Nashik,0.61,6000
B-002200,Nashik,1.45,6000
B-003090,BARAMATI,2.8,0
B-005519,Shirur,2.79,0
B-004956,Nashik,3.71,0
B-004940,Baramati,2.2,0
B-000324,Nashik,0.65,6000
B-007157,Shirur,1.18,6000
B-000597,NASHIK,0.85,6000
B-001542,PUNE,4.81,0
B-007907,Baramati,3.04,0
B-006240,Nashik,3.34,0
B-008348,Shirur,2.38,0
B-008516,Shirur,1.05,6000
B-005501,THANE,4.09,0
B-004579,Nashik,2.63,0
B-001778,THANE,2.84,0
B-003928,BARAMATI,1.71,6000
B-001712,Nashik,1.82,6000
B-007123,Baramati,1.98,6000
B-002728,BARAMATI,1.54,6000
B-002484,BARAMATI,3.87,0
B-008676,PUNE,3.62,0
B-001736,thane,3.8,0
B-001557,Thane,2.13,0
B-006075,BARAMATI,3.02,0
B-009596,PUNE,4.62,0
B-009820,NASHIK,2.68,0
B-007520,Baramati,2.52,0
B-009842,Thane,1.53,6000
B-001988,pune ,4.67,0
B-005699,Baramati,3.99,0
B-008889,Thane,3.53,0
B-007830,NASHIK,1.12,6000
B-001676,Baramati ,4.08,0
B-009790,BARAMATI,1.91,6000
B-007878,PUNE,2.34,0
B-004523,THANE,4.92,0
B-009483,Nashik,2.72,0
B-006354,Baramati,4.55,0
B-002319,thane,0.57,6000
B-003119,PUNE,2.38,0
B-003820,THANE,3.7,0
B-009601,thane,3.84,0
B-008704,pune ,4.41,0
B-002944,Thane,0.61,6000
B-008227,pune ,4.95,0
B-007733,pune ,2.82,0
B-002947,THANE,4.63,0
B-004201,Thane,2.09,0
B-007232,Thane,3.64,0
B-009770,Baramati,3.7,0
B-008925,PUNE,2.02,0
B-000808,BARAMATI,3.16,0
B-006577,Nashik,0.98,6000
B-005919,Shirur,0.7,6000
B-008879,Shirur,4.64,0
B-007419,thane,4.6,0
B-006880,NASHIK,2.52,0
B-002624,Thane,1.8,6000
B-001665,thane,3.65,0
B-003037,Shirur,1.33,6000
B-002564,Nashik,4.62,0
B-003391,THANE,0.88,6000
B-000375,Pune,3.17,0
B-004609,BARAMATI,3.53,0
B-009157,thane,2.21,0
B-001813,thane,1.3,6000
B-006073,Shirur,3.15,0
B-008208,PUNE,1.55,6000
B-008949,thane,2.04,0
B-009908,Nashik,2.83,0
B-008111,THANE,3.11,0
B-004785,Thane,1.78,6000
B-004745,Thane,1.93,6000
B-005899,pune ,4.79,0
B-003421,Pune,4.16,0
B-002419,Shirur,4.47,0
B-001249,Shirur,1.45,6000
B-001608,THANE,1.75,6000
B-002703,Nashik,1.91,6000
B-001885,BARAMATI,1.78,6000
B-009732,PUNE,1.8,6000
B-004668,thane,2.48,0
B-006827,pune ,1.8,6000
B-002014,Baramati ,4.95,0
B-004091,PUNE,4.66,0
B-004511,NASHIK,1.75,6000
B-005363,PUNE,1.43,6000
B-005611,THANE,3.9,0
B-002766,Pune,3.19,0
B-002109,Pune,4.82,0
B-006254,THANE,2.92,0
B-008259,Baramati,0.53,6000
B-009991,Pune,2.16,0
B-009110,Baramati ,4.74,0
B-005257,Nashik,2.42,0
B-006059,thane,2.84,0
B-004019,thane,1.83,6000
B-003776,PUNE,3.72,0
B-001379,PUNE,2.5,0
B-006003,Thane,2.72,0
B-009019,PUNE,4.39,0
B-009332,Baramati ,3.79,0
B-001387,PUNE,4.86,0
B-009550,PUNE,3.85,0
B-005901,Baramati,3.77,0
B-008725,BARAMATI,1.21,6000
B-008990,BARAMATI,1.74,6000
B-001508,NASHIK,3.81,0
B-008861,NASHIK,4.0,0
B-004442,Shirur,3.6,0
B-005258,Pune,2.45,0
B-000482,Shirur,4.07,0
B-004293,BARAMATI,1.36,6000
B-000278,THANE,3.48,0
B-009978,NASHIK,0.66,6000
B-006937,NASHIK,3.32,0
B-000609,Baramati,1.12,6000
B-006702,Thane,4.42,0
B-005475,Baramati,3.53,0
B-000398,Baramati ,2.62,0
B-008105,thane,4.16,0
B-000053,Shirur,2.74,0
B-003379,pune ,1.39,6000
B-007860,PUNE,4.78,0
B-008056,Shirur,3.87,0
B-005167,Pune,2.45,0
B-001896,thane,3.01,0
B-000557,Baramati,3.69,0
B-008748,Pune,2.38,0
B-001238,Baramati ,3.26,0
B-000075,NASHIK,3.13,0
B-001792,NASHIK,2.07,0
B-004143,THANE,3.46,0
B-003736,pune ,4.45,0
B-008093,Baramati,4.44,0
B-000496,NASHIK,2.68,0
B-008937,NASHIK,2.26,0
B-005225,BARAMATI,2.95,0
B-005463,Baramati ,0.93,6000
B-008058,PUNE,4.83,0
B-003959,Baramati ,2.39,0
B-008751,thane,1.96,6000
B-003997,NASHIK,2.41,0
B-007981,pune ,2.59,0
B-000055,BARAMATI,3.47,0
B-004360,BARAMATI,3.64,0
B-004520,Shirur,1.08,6000
B-003370,thane,4.28,0
B-000098,thane,3.2,0
B-000138,NASHIK,1.56,6000
B-008220,Baramati ,1.71,6000
B-005917,Baramati,4.5,0
B-002251,Thane,0.77,6000
B-004389,BARAMATI,1.68,6000
B-002349,BARAMATI,2.35,0
B-000141,thane,2.41,0
B-009649,Baramati ,4.61,0
B-006662,Baramati ,2.68,0
B-005717,Baramati,2.03,0
B-005522,Pune,1.89,6000
B-009967,Thane,1.5,6000
B-006605,pune ,2.91,0
B-001469,NASHIK,1.0,6000
B-000877,Nashik,3.25,0
B-000790,pune ,3.22,0
B-007795,Pune,4.78,0
B-001220,Pune,4.11,0
B-009050,PUNE,4.01,0
B-001573,BARAMATI,4.61,0
B-005078,THANE,0.79,6000
B-004313,Pune,2.83,0
B-008788,BARAMATI,2.91,0
B-009442,pune ,4.27,0
B-002904,Thane,4.37,0
B-002190,Baramati,1.81,6000
B-007328,pune ,4.6,0
B-003252,BARAMATI,2.36,0
B-009186,THANE,3.8,0
B-003057,Pune,0.66,6000
B-003327,Pune,3.9,0
B-003761,THANE,0.96,6000
B-004629,Thane,4.06,0
B-001993,Pune,1.21,6000
B-005712,Baramati ,0.61,6000
B-001851,NASHIK,3.98,0
B-002458,Baramati,0.65,6000
B-005604,Shirur,1.06,6000
B-006784,Thane,3.45,0
B-006946,pune ,4.18,0
B-000661,Baramati ,4.38,0
B-009394,PUNE,0.83,6000
B-008730,Shirur,3.67,0
B-005324,Shirur,2.37,0
B-006223,Pune,3.84,0
B-009862,THANE,3.22,0
B-000766,pune ,0.93,6000
B-003321,Nashik,4.07,0
B-003107,Baramati,4.24,0
B-007428,Baramati ,4.03,0
B-004528,Thane,2.81,0
B-009796,Pune,1.86,6000
B-000460,thane,1.41,6000
B-005217,Baramati ,4.86,0
B-000078,Nashik,2.62,0
B-005758,Baramati ,2.43,0
B-009837,Baramati,4.85,0
B-000678,THANE,1.75,6000
B-004095,Baramati ,4.58,0
B-009971,THANE,2.78,0
B-003555,Thane,0.58,6000
B-005284,thane,3.77,0
B-006426,BARAMATI,3.93,0
B-008040,Shirur,0.99,6000
B-004636,Baramati,3.1,0
B-007029,Pune,2.29,0
B-009517,Baramati,2.51,0
B-007675,thane,3.03,0
B-000349,NASHIK,1.9,6000
B-008733,pune ,4.14,0
B-001732,PUNE,0.93,6000
B-007112,pune ,1.43,6000
B-005672,thane,3.17,0
B-004644,PUNE,1.14,6000
B-003896,Nashik,4.27,0
B-002221,THANE,3.75,0
B-000382,Nashik,3.92,0
B-009727,Pune,3.95,0
B-005607,Baramati ,2.35,0
B-009765,Shirur,2.02,0
B-004449,pune ,0.66,6000
B-008491,Shirur,3.04,0
B-005392,Thane,4.42,0
B-008423,Baramati ,3.61,0
B-001470,THANE,4.08,0
B-006967,THANE,2.75,0
B-002577,NASHIK,1.56,6000
B-008576,thane,3.69,0
B-008742,THANE,3.0,0
B-009868,Shirur,4.97,0
B-008085,PUNE,4.65,0
B-006163,Thane,3.65,0
B-006724,Thane,1.07,6000
B-005839,Pune,1.23,6000
B-006725,Shirur,1.05,6000
B-009507,Baramati,2.47,0
B-000631,PUNE,0.68,6000
B-008055,Thane,2.73,0
B-008922,NASHIK,4.11,0
B-007637,thane,1.13,6000
B-001970,THANE,2.38,0
B-004643,Pune,1.84,6000
B-006838,Thane,4.98,0
B-006959,Shirur,4.65,0
B-003188,NASHIK,1.72,6000
B-008391,BARAMATI,3.27,0
B-004429,BARAMATI,3.04,0
B-002718,pune ,1.14,6000
B-003145,THANE,3.58,0
B-006190,Nashik,4.78,0
B-006060,BARAMATI,2.84,0
B-007325,Baramati ,2.62,0
B-008678,Baramati,4.71,0
B-005647,Shirur,3.74,0
B-005933,pune ,1.24,6000
B-000643,Shirur,4.23,0
B-009155,Pune,1.93,6000
B-006107,pune ,1.18,6000
B-002834,PUNE,4.97,0
B-000440,Pune,1.9,6000
B-000801,Baramati,1.4,6000
B-003581,PUNE,2.92,0
B-001902,BARAMATI,0.93,6000
B-006871,Nashik,2.61,0
B-000623,pune ,0.8,6000
B-002791,NASHIK,3.02,0
B-004958,Baramati,2.05,0
B-009294,Pune,4.68,0
B-005029,Baramati ,1.78,6000
B-004880,Thane,3.13,0
B-007395,Baramati ,2.15,0
B-006337,Thane,4.7,0
B-002674,THANE,2.93,0
B-000243,NASHIK,1.41,6000
B-008807,Nashik,1.19,6000
B-002240,Shirur,1.47,6000
B-006419,pune ,1.68,6000
B-003691,PUNE,1.07,6000
B-004020,THANE,3.14,0
B-008623,Thane,1.99,6000
B-002915,Nashik,3.22,0
B-009701,Shirur,4.42,0
B-003076,NASHIK,4.59,0
B-003538,Baramati,1.26,6000
B-001522,Baramati,4.95,0
B-009066,PUNE,4.68,0
B-004800,Nashik,1.16,6000
B-005413,pune ,2.64,0
B-003114,Pune,1.96,6000
B-000703,Pune,1.12,6000
B-009637,thane,2.41,0
B-008262,thane,1.97,6000
B-009029,THANE,3.92,0
B-009821,Baramati,3.02,0
B-002019,Thane,3.98,0
B-005842,Shirur,2.64,0
B-008109,Baramati ,4.27,0
B-008580,BARAMATI,2.89,0
B-002196,Nashik,4.29,0
B-001264,pune ,4.75,0
B-003113,Baramati ,3.7,0
B-005831,Thane,3.02,0
B-009463,thane,3.63,0
B-005193,Baramati ,3.58,0
B-009568,THANE,4.55,0
B-007169,NASHIK,2.07,0
B-003192,Pune,4.4,0
B-009096,thane,3.97,0
B-002955,BARAMATI,3.78,0
B-008463,Baramati,3.28,0
B-000750,Baramati,2.22,0
B-007859,pune ,4.7,0
B-002526,Pune,1.38,6000
B-003644,BARAMATI,2.87,0
B-002949,Pune,3.14,0
B-006237,BARAMATI,0.92,6000
B-008386,BARAMATI,4.62,0
B-000838,THANE,4.65,0
B-001086,Nashik,1.73,6000
B-008506,NASHIK,1.74,6000
B-009987,thane,2.29,0
B-008127,Shirur,3.67,0
B-003677,Baramati ,3.31,0
B-009795,Nashik,4.2,0
B-004545,Shirur,4.67,0
B-004198,Nashik,3.35,0
B-008201,thane,1.28,6000
B-000847,Shirur,4.44,0
B-000216,THANE,4.13,0
B-000735,Pune,2.16,0
B-002900,Nashik,4.52,0
B-004541,pune ,3.68,0
B-000763,pune ,4.42,0
B-004891,pune ,0.87,6000
B-004900,PUNE,0.75,6000
B-006427,NASHIK,3.7,0
B-002658,BARAMATI,0.94,6000
B-007519,THANE,1.75,6000
B-009269,Baramati,3.45,0
B-000102,Shirur,0.58,6000
B-002391,NASHIK,4.32,0
B-003390,BARAMATI,4.54,0
B-008621,pune ,4.58,0
B-006383,Nashik,3.75,0
B-008335,BARAMATI,2.82,0
B-005938,NASHIK,2.31,0
B-008866,NASHIK,3.51,0
B-008274,PUNE,1.37,6000
B-004686,THANE,1.16,6000
B-004269,Baramati ,0.88,6000
B-009515,thane,0.7,6000
B-005615,Nashik,1.39,6000
B-007389,THANE,2.34,0
B-008539,NASHIK,3.86,0
B-009583,Pune,1.9,6000
B-002203,THANE,2.08,0
B-002467,BARAMATI,2.6,0
B-002199,Shirur,0.89,6000
B-004040,thane,0.9,6000
B-007361,PUNE,1.32,6000
B-000519,PUNE,1.34,6000
B-001370,Nashik,3.32,0
B-003561,Pune,3.95,0
B-002261,Pune,1.48,6000
B-003450,BARAMATI,2.57,0
B-008045,Shirur,4.74,0
B-007945,Baramati ,4.27,0
B-006412,NASHIK,4.74,0
B-007808,Baramati,3.86,0
B-002959,Shirur,1.1,6000
B-002062,Pune,2.21,0
B-002021,Baramati ,1.3,6000
B-007952,pune ,3.04,0
B-008765,Thane,1.52,6000
B-009815,Baramati,1.73,6000
B-004865,Baramati,1.3,6000
B-005052,Baramati ,1.67,6000
B-001602,thane,1.69,6000
B-009152,thane,2.1,0
B-008862,BARAMATI,2.07,0
B-007605,NASHIK,2.85,0
B-002496,NASHIK,3.59,0
B-007746,pune ,0.67,6000
B-009182,Nashik,2.24,0
B-002722,THANE,3.06,0
B-006895,Shirur,2.45,0
B-009518,NASHIK,4.15,0
B-007119,Baramati ,1.43,6000
B-008073,Shirur,4.86,0
B-002700,THANE,4.23,0
B-003607,Baramati ,0.91,6000
B-002743,Baramati,1.66,6000
B-008794,thane,1.67,6000
B-006681,PUNE,2.83,0
B-006747,NASHIK,1.34,6000
B-005334,pune ,2.6,0
B-004870,BARAMATI,2.18,0
B-001116,Thane,3.46,0
B-007493,Pune,1.95,6000
B-007502,PUNE,3.33,0
B-008803,Pune,1.21,6000
B-005696,thane,2.01,0
B-001646,NASHIK,4.56,0
B-007893,pune ,4.61,0
B-009201,Baramati ,1.23,6000
B-001456,THANE,1.34,6000
B-007184,Pune,2.48,0
B-008191,Nashik,2.55,0
B-002388,Nashik,3.63,0
B-006021,Shirur,2.3,0
B-005694,Baramati,1.64,6000
B-005185,BARAMATI,3.2,0
B-009323,thane,3.55,0
B-004718,Baramati ,0.68,6000
B-006406,Baramati,3.93,0
B-001986,THANE,0.99,6000
B-002670,Thane,3.98,0
B-003081,Nashik,2.3,0
B-008563,Pune,1.24,6000
B-007626,pune ,4.65,0
B-007474,Nashik,4.84,0
B-003219,THANE,1.39,6000
B-002991,Nashik,3.88,0
B-008588,pune ,3.49,0
B-008324,Pune,4.87,0
B-001637,Baramati ,4.07,0
B-004852,pune ,4.11,0
B-008474,thane,2.28,0
B-001474,thane,0.5,6000
B-005585,pune ,1.4,6000
B-006289,pune ,1.86,6000
B-009998,PUNE,1.33,6000
B-000221,Baramati,2.46,0
B-005958,Shirur,1.6,6000
B-003782,NASHIK,3.0,0
B-008659,BARAMATI,0.52,6000
B-001718,pune ,2.05,0
B-003592,thane,2.97,0
B-006535,Thane,3.64,0
B-002387,thane,3.51,0
B-008204,thane,3.68,0
B-007730,PUNE,2.24,0
B-000567,BARAMATI,3.93,0
B-008258,pune ,2.3,0
B-007543,BARAMATI,4.54,0
B-006519,NASHIK,3.79,0
B-006514,Thane,3.19,0
B-003352,THANE,0.82,6000
B-005514,thane,3.51,0
B-007344,Nashik,0.62,6000
B-008717,Nashik,1.3,6000
B-009014,Baramati,2.16,0
B-002481,BARAMATI,2.76,0
B-009816,Pune,3.25,0
B-002070,Thane,4.62,0
B-005396,NASHIK,1.54,6000
B-001263,thane,1.35,6000
B-005860,Baramati,1.86,6000
B-003467,PUNE,2.03,0
B-008907,NASHIK,1.31,6000
B-003089,pune ,1.78,6000
B-008383,Thane,3.54,0
B-008455,thane,0.66,6000
B-007506,Thane,1.31,6000
B-003926,Thane,3.57,0
B-004770,PUNE,2.59,0
B-007755,PUNE,2.06,0
B-009064,Shirur,0.96,6000
B-008373,Thane,4.12,0
B-005667,Pune,1.22,6000
B-003427,pune ,3.09,0
B-004454,Thane,3.59,0
B-000302,Pune,2.69,0
B-007772,NASHIK,2.31,0
B-007731,Pune,1.86,6000
B-005748,Baramati ,3.84,0
B-006655,PUNE,3.22,0
B-004399,thane,2.76,0
B-008686,thane,3.7,0
B-005228,THANE,4.87,0
B-000697,PUNE,4.03,0
B-000896,Thane,2.89,0
B-007152,Thane,4.42,0
B-008175,PUNE,1.18,6000
B-005388,BARAMATI,4.77,0
B-005446,Shirur,3.16,0
B-002909,Baramati,2.82,0
B-001363,Nashik,3.77,0
B-005301,thane,2.46,0
B-005020,thane,1.77,6000
B-007526,PUNE,4.41,0
B-004614,thane,2.15,0
B-005285,Nashik,3.59,0
B-008916,Baramati ,2.42,0
B-005299,NASHIK,1.83,6000
B-003274,Pune,2.94,0
B-006166,pune ,1.82,6000
B-002717,Thane,0.58,6000
B-006523,BARAMATI,1.84,6000
B-003527,Pune,3.18,0
B-000868,BARAMATI,3.79,0
B-008442,THANE,3.82,0
B-007377,Baramati,1.29,6000
B-002120,THANE,0.93,6000
B-001819,Shirur,1.15,6000
B-008975,thane,2.44,0
B-007403,Baramati ,2.05,0
B-007972,thane,3.6,0
B-009462,Baramati,4.63,0
B-004756,Shirur,4.19,0
B-005634,Nashik,2.56,0
B-008745,PUNE,1.97,6000
B-007495,Pune,1.16,6000
B-003652,Shirur,3.37,0
B-003065,PUNE,2.22,0
B-003205,Shirur,0.85,6000
B-007453,NASHIK,3.87,0
B-006328,Thane,2.3,0
B-005567,pune ,4.78,0
B-004822,Baramati ,3.75,0
B-007987,Shirur,4.47,0
B-004100,Thane,4.84,0
B-008610,Baramati,3.07,0
B-002826,Baramati ,3.27,0
B-000202,THANE,4.34,0
B-009299,Baramati,3.62,0
B-000857,Pune,2.18,0
B-002421,thane,1.47,6000
B-003408,Thane,1.74,6000
B-000704,Shirur,4.0,0
B-000951,Baramati ,2.76,0
B-006811,Pune,3.22,0
B-005982,pune ,3.55,0
B-009798,Baramati ,0.52,6000
B-002854,Baramati,0.58,6000
B-002556,Thane,3.46,0
B-002811,Baramati ,1.7,6000
B-003731,Nashik,4.06,0
B-006425,NASHIK,1.93,6000
B-001695,Baramati,1.51,6000
B-007070,Shirur,1.96,6000
B-003957,PUNE,3.25,0
B-006885,Shirur,3.7,0
B-003901,thane,3.15,0
B-000800,NASHIK,3.18,0
B-003590,THANE,2.25,0
B-005915,THANE,0.56,6000
B-005708,BARAMATI,1.94,6000
B-003707,thane,1.18,6000
B-007511,Shirur,2.75,0
B-000551,THANE,3.64,0
B-002460,NASHIK,2.26,0
B-000367,Thane,0.65,6000
B-006638,Nashik,4.85,0
B-005823,NASHIK,2.69,0
B-000943,BARAMATI,0.87,6000
B-000186,Shirur,4.93,0
B-009340,BARAMATI,1.87,6000
B-005309,BARAMATI,2.53,0
B-008533,thane,0.63,6000
B-005548,Nashik,3.13,0
B-006555,Nashik,2.08,0
B-001347,Thane,2.37,0
B-007527,Pune,3.88,0
B-001999,Baramati ,3.0,0
B-004228,thane,4.95,0
B-001430,Thane,4.65,0
B-004522,pune ,2.2,0
B-008345,PUNE,0.94,6000
B-002712,Baramati,1.45,6000
B-004587,PUNE,3.07,0
B-009681,pune ,4.39,0
B-003786,Shirur,4.91,0
B-009120,THANE,2.34,0
B-006536,Baramati,2.38,0
B-003319,Nashik,1.75,6000
B-005159,BARAMATI,3.34,0
B-001512,NASHIK,4.48,0
B-007814,NASHIK,3.93,0
B-005247,BARAMATI,2.76,0
B-005385,THANE,2.26,0
B-003541,Thane,2.73,0
B-003241,thane,1.79,6000
B-000240,thane,1.21,6000
B-006041,pune ,2.3,0
B-005031,Pune,2.9,0
B-001617,BARAMATI,3.93,0
B-003683,NASHIK,1.28,6000
B-008766,PUNE,2.23,0
B-003519,NASHIK,2.38,0
B-009497,Thane,2.35,0
B-000037,NASHIK,0.63,6000
B-005774,Baramati,1.12,6000
B-001760,Nashik,2.77,0
B-001686,PUNE,3.2,0
B-002281,Shirur,2.34,0
B-008711,Pune,1.96,6000
B-007665,Baramati,1.25,6000
B-009502,NASHIK,2.62,0
B-006521,PUNE,4.78,0
B-000513,Pune,3.84,0
B-004730,NASHIK,2.25,0
B-000834,THANE,4.39,0
B-006550,pune ,2.56,0
B-006942,Shirur,4.44,0
B-008534,pune ,2.62,0
B-008122,Shirur,4.65,0
B-002671,BARAMATI,1.1,6000
B-001615,PUNE,4.53,0
B-003749,Baramati,3.1,0
B-000934,thane,1.6,6000
B-002150,Nashik,2.5,0
B-005495,Baramati,4.09,0
B-004010,thane,2.75,0
B-004324,PUNE,4.12,0
B-005236,BARAMATI,4.42,0
B-002568,pune ,1.6,6000
B-007086,Shirur,4.83,0
B-003184,Pune,3.87,0
B-005008,NASHIK,3.55,0
B-003216,THANE,4.98,0
B-007190,Thane,0.82,6000
B-000936,Thane,4.81,0
B-002851,Shirur,2.92,0
B-002884,Shirur,3.99,0
B-007041,NASHIK,4.95,0
B-005058,Shirur,0.61,6000
B-001414,thane,4.22,0
B-006667,Pune,1.82,6000
B-007427,Thane,4.23,0
B-005784,Shirur,3.96,0
B-006559,BARAMATI,2.3,0
B-002437,THANE,3.33,0
B-005034,thane,2.43,0
B-004835,PUNE,0.97,6000
B-000695,Baramati ,3.91,0
B-007532,Nashik,3.89,0
B-008126,PUNE,3.75,0
B-002566,BARAMATI,2.36,0
B-000966,BARAMATI,1.14,6000
B-001955,Baramati,4.08,0
B-002502,Baramati,1.69,6000
B-009729,BARAMATI,3.39,0
B-001500,PUNE,2.56,0
B-003059,Shirur,2.71,0
B-005681,Baramati,3.91,0
B-001159,BARAMATI,1.83,6000
B-004185,thane,1.99,6000
B-003183,thane,3.65,0
B-006949,Nashik,1.74,6000
B-004886,Pune,3.93,0
B-009344,pune ,2.85,0
B-009830,Pune,1.49,6000
B-009537,BARAMATI,3.04,0
B-003466,Shirur,1.81,6000
B-007135,Shirur,1.21,6000
B-008636,NASHIK,1.87,6000
B-005207,Shirur,2.48,0
B-004403,Baramati ,1.19,6000
B-006774,Shirur,1.08,6000
B-005286,Nashik,1.82,6000
B-009322,Thane,1.66,6000
B-004546,Baramati,0.63,6000
B-001367,Baramati,3.12,0
B-009524,pune ,3.13,0
B-002367,Baramati ,2.14,0
B-001150,THANE,3.85,0
B-001533,THANE,2.33,0
B-002578,Nashik,4.55,0
B-008238,BARAMATI,3.4,0
B-005075,Nashik,4.34,0
B-008363,BARAMATI,2.86,0
B-002942,Thane,4.39,0
B-000079,thane,3.42,0
B-003970,THANE,2.67,0
B-008601,thane,4.54,0
B-001599,Pune,3.51,0
B-007256,PUNE,2.04,0
B-008523,Baramati ,1.43,6000
B-004601,pune ,1.75,6000
B-007664,Shirur,4.05,0
B-005350,NASHIK,1.39,6000
B-008947,thane,2.57,0
B-007790,NASHIK,4.58,0
B-005610,Shirur,4.31,0
B-004029,THANE,4.54,0
B-009205,Shirur,1.41,6000
B-005818,NASHIK,0.65,6000
B-003637,NASHIK,0.94,6000
B-004004,BARAMATI,2.78,0
B-001371,Baramati ,2.99,0
B-007222,THANE,4.31,0
B-004632,THANE,4.43,0
B-000253,Pune,2.51,0
B-006520,THANE,1.62,6000
B-006235,Baramati ,4.09,0
B-001807,pune ,3.6,0
B-008450,NASHIK,4.36,0
B-000268,Baramati,3.6,0
B-002252,thane,1.3,6000
B-001842,Nashik,1.7,6000
B-004405,Baramati ,0.91,6000
B-008110,Baramati,3.8,0
B-001378,PUNE,4.58,0
B-006396,pune ,2.85,0
B-003747,Pune,1.43,6000
B-004634,Baramati,3.14,0
B-006083,Nashik,2.65,0
B-007710,PUNE,2.92,0
B-009046,Pune,1.93,6000
B-004058,NASHIK,0.83,6000
B-004504,thane,1.02,6000
B-006772,PUNE,2.64,0
B-000928,PUNE,2.94,0
B-007662,Baramati,3.19,0
B-006797,Baramati ,3.06,0
B-002195,Nashik,2.43,0
B-006350,PUNE,3.74,0
B-007915,thane,4.0,0
B-003006,Baramati,3.15,0
B-004441,NASHIK,3.26,0
B-006200,thane,4.97,0
B-000341,Baramati ,3.9,0
B-006226,Nashik,1.72,6000
B-005890,NASHIK,1.29,6000
B-003616,THANE,2.67,0
B-009418,Baramati ,4.78,0
B-009771,Baramati ,1.69,6000
B-003483,THANE,1.62,6000
B-000839,Baramati ,3.55,0
B-008624,THANE,1.89,6000
B-007732,thane,1.0,6000
B-006156,pune ,2.69,0
B-007559,BARAMATI,4.52,0
B-009056,THANE,2.62,0
B-000265,pune ,1.3,6000
B-007840,Thane,3.53,0
B-002153,PUNE,4.66,0
B-002856,thane,2.04,0
B-000713,NASHIK,2.92,0
B-003597,pune ,1.37,6000
B-007404,PUNE,3.93,0
B-007391,Baramati,1.88,6000
B-006651,Baramati ,1.94,6000
B-001942,THANE,2.62,0
B-001720,NASHIK,1.85,6000
B-006642,Nashik,1.45,6000
B-006043,NASHIK,1.2,6000
B-004817,pune ,1.36,6000
B-005646,Thane,4.04,0
B-002873,pune ,3.25,0
B-006865,pune ,1.97,6000
B-005000,THANE,4.92,0
B-009699,NASHIK,3.18,0
B-003508,Thane,4.01,0
B-001360,Baramati ,1.53,6000
B-005048,Baramati ,2.62,0
B-006969,Baramati ,2.17,0
B-006430,Baramati ,2.0,0
B-001693,BARAMATI,4.23,0
B-008571,BARAMATI,2.52,0
B-006599,Thane,3.03,0
B-000487,Thane,0.53,6000
B-008477,Thane,0.75,6000
B-002874,Thane,2.09,0
B-008049,pune ,4.89,0
B-002303,Baramati ,0.59,6000
B-008026,Shirur,1.41,6000
B-004414,NASHIK,3.73,0
B-001380,Baramati ,4.25,0
B-002652,Pune,1.95,6000
B-005768,Thane,1.97,6000
B-002398,THANE,3.83,0
B-008833,Baramati,3.28,0
B-007503,thane,4.35,0
B-002191,PUNE,0.83,6000
B-004215,pune ,1.96,6000
B-005565,thane,4.74,0
B-000781,Nashik,2.61,0
B-001111,Pune,4.02,0
B-006145,Thane,3.6,0
B-006437,Shirur,2.69,0
B-003372,Baramati ,4.94,0
B-000486,Nashik,2.19,0
B-002272,PUNE,0.75,6000
B-007896,BARAMATI,1.74,6000
B-001040,BARAMATI,2.47,0
B-005747,Baramati ,1.0,6000
B-001088,pune ,4.46,0
B-009954,PUNE,1.96,6000
B-001199,Shirur,2.36,0
B-005828,pune ,4.43,0
B-002639,Nashik,1.84,6000
B-006686,Baramati,3.03,0
B-006238,thane,1.6,6000
B-009812,Nashik,2.96,0
B-003218,NASHIK,1.67,6000
B-006806,THANE,4.18,0
B-001165,Shirur,0.6,6000
B-007507,PUNE,4.42,0
B-009689,Shirur,3.7,0
B-002202,BARAMATI,4.81,0
B-009548,BARAMATI,4.57,0
B-003394,thane,3.86,0
B-009112,Baramati,1.33,6000
B-003703,thane,1.52,6000
B-008515,BARAMATI,2.0,0
B-005191,NASHIK,4.87,0
B-006510,Baramati ,1.65,6000
B-006299,Shirur,4.7,0
B-007087,pune ,1.04,6000
B-003301,Thane,2.42,0
B-008066,thane,4.09,0
B-008456,THANE,0.77,6000
B-002280,THANE,2.18,0
B-005692,Nashik,2.47,0
B-003024,Pune,4.82,0
B-003725,BARAMATI,4.06,0
B-003999,thane,1.77,6000
B-002682,BARAMATI,3.35,0
B-004768,Shirur,0.84,6000
B-000021,PUNE,4.88,0
B-006342,PUNE,2.89,0
B-007329,THANE,4.31,0
B-000764,PUNE,3.08,0
B-005988,thane,3.25,0
B-003756,Baramati,3.88,0
B-005201,NASHIK,2.44,0
B-007688,Baramati ,2.6,0
B-005713,Shirur,1.18,6000
B-002935,BARAMATI,0.83,6000
B-007059,NASHIK,3.09,0
B-006974,thane,2.87,0
B-004379,Shirur,3.83,0
B-009856,Thane,4.5,0
B-001785,Thane,3.09,0
B-003520,Pune,3.31,0
B-008287,Thane,0.58,6000
B-004053,Baramati,1.95,6000
B-007593,pune ,1.66,6000
B-002645,Baramati,3.13,0
B-002324,BARAMATI,2.9,0
B-002767,NASHIK,3.49,0
B-004484,Nashik,4.66,0
B-004735,Shirur,4.4,0
B-001070,pune ,1.35,6000
B-004638,pune ,1.43,6000
B-003976,pune ,0.95,6000
B-006458,THANE,3.21,0
B-008642,Pune,4.01,0
B-005592,THANE,2.07,0
B-006245,PUNE,1.97,6000
B-000397,BARAMATI,4.68,0
B-000377,NASHIK,1.44,6000
B-009281,Baramati ,1.23,6000
B-008651,Baramati ,1.55,6000
B-007117,Baramati,3.98,0
B-003765,Pune,1.12,6000
B-000134,thane,1.05,6000
B-001018,Thane,0.61,6000
B-001295,Shirur,4.34,0
B-009194,Baramati,2.21,0
B-003740,thane,2.47,0
B-000006,Baramati,1.43,6000
B-003505,Thane,3.16,0
B-008517,PUNE,0.92,6000
B-005641,pune ,2.78,0
B-007641,Nashik,3.76,0
B-005325,PUNE,1.23,6000
B-007500,Baramati,1.04,6000
B-001303,thane,3.83,0
B-002245,BARAMATI,3.87,0
B-000765,BARAMATI,2.37,0
B-007342,Baramati,4.93,0
B-002953,THANE,2.12,0
B-002052,Baramati ,2.79,0
B-000676,thane,0.57,6000
B-003047,Thane,4.12,0
B-005444,Thane,4.83,0
B-005316,PUNE,2.1,0
B-001356,Baramati ,4.26,0
B-008302,Thane,4.76,0
B-003247,NASHIK,1.85,6000
B-005125,Shirur,0.88,6000
B-002503,NASHIK,4.15,0
B-009844,thane,0.57,6000
B-005730,Baramati ,3.78,0
B-006187,BARAMATI,0.7,6000
B-007513,Baramati,1.3,6000
B-003517,Pune,1.08,6000
B-005370,pune ,1.13,6000
B-000748,thane,3.93,0
B-009276,Pune,3.18,0
B-000780,Baramati,4.4,0
B-000009,NASHIK,1.82,6000
B-001749,Nashik,2.37,0
B-008429,pune ,2.39,0
B-000639,pune ,4.71,0
B-006631,pune ,3.84,0
B-008054,NASHIK,1.32,6000
B-001853,PUNE,4.04,0
B-004256,Pune,2.74,0
B-005571,Baramati ,2.32,0
B-003646,BARAMATI,4.59,0
B-000077,Baramati ,3.3,0
B-008357,Pune,4.02,0
B-008775,BARAMATI,0.63,6000
B-002815,thane,0.65,6000
B-000988,pune ,4.61,0
B-003460,Pune,2.93,0
B-005686,Nashik,3.75,0
B-001083,pune ,1.21,6000
B-003914,Pune,2.07,0
B-000581,Baramati,0.91,6000
B-001876,PUNE,1.01,6000
B-009264,thane,2.59,0
B-000732,Thane,4.35,0
B-005987,THANE,2.48,0
B-000840,Nashik,4.14,0
B-009304,Pune,1.9,6000
B-002567,thane,4.55,0
B-003012,Baramati ,1.08,6000
B-007182,NASHIK,2.93,0
B-001124,Nashik,3.51,0
B-003136,PUNE,2.65,0
B-008655,Shirur,4.24,0
B-006170,Nashik,1.38,6000
B-001091,Baramati,2.82,0
B-007603,pune ,1.51,6000
B-006859,PUNE,3.84,0
B-001171,Shirur,2.32,0
B-000561,Nashik,0.97,6000
B-009679,Baramati,1.63,6000
B-004615,Shirur,3.47,0
B-000070,BARAMATI,3.7,0
B-009499,thane,3.51,0
B-006551,THANE,2.83,0
B-001345,Baramati ,3.92,0
B-003606,pune ,1.98,6000
B-002877,BARAMATI,3.48,0
B-007375,Nashik,3.81,0
B-001746,Pune,3.87,0
B-005146,Thane,3.34,0
B-006130,Baramati,4.91,0
B-009311,Pune,1.14,6000
B-003373,Pune,4.26,0
B-005047,Baramati,1.23,6000
B-005625,BARAMATI,0.55,6000
B-003625,thane,2.68,0
B-007521,BARAMATI,1.34,6000
B-007756,Nashik,2.33,0
B-007863,Baramati,2.54,0
B-008470,Baramati ,2.96,0
B-006165,PUNE,3.85,0
B-001009,NASHIK,3.96,0
B-004830,BARAMATI,2.02,0
B-005981,pune ,1.65,6000
B-006741,thane,3.97,0
B-002880,thane,3.48,0
B-003518,NASHIK,4.35,0
B-007193,THANE,1.68,6000
B-008065,BARAMATI,2.42,0
B-002030,Pune,4.84,0
B-002269,pune ,0.93,6000
B-009156,thane,4.24,0
B-000691,PUNE,2.98,0
B-007747,Baramati ,1.07,6000
B-009645,BARAMATI,1.88,6000
B-004924,Thane,2.99,0
B-009691,PUNE,4.85,0
B-008008,THANE,1.32,6000
B-004978,THANE,1.38,6000
B-002335,NASHIK,1.5,6000
B-009434,Pune,1.39,6000
B-006899,Shirur,2.09,0
B-000220,Nashik,4.01,0
B-005394,Nashik,4.37,0
B-008574,THANE,0.71,6000
B-001684,THANE,2.13,0
B-004242,Baramati,3.62,0
B-004972,THANE,1.25,6000
B-004175,pune ,0.95,6000
B-009783,pune ,3.36,0
B-008460,Nashik,1.52,6000
B-003210,Shirur,1.18,6000
B-002422,Nashik,2.41,0
B-005294,Baramati,1.75,6000
B-000448,Thane,1.83,6000
B-006421,THANE,4.87,0
B-007394,thane,2.61,0
B-006737,pune ,3.75,0
B-003162,Baramati ,0.5,6000
B-000924,Baramati ,3.69,0
B-009758,NASHIK,1.9,6000
B-009760,Shirur,3.26,0
B-007437,PUNE,0.77,6000
B-007536,Thane,1.13,6000
B-000582,thane,4.2,0
B-004328,Baramati,2.26,0
B-000099,pune ,3.41,0
B-007050,Thane,3.16,0
B-002593,Baramati,4.25,0
B-001082,PUNE,1.52,6000
B-003169,Baramati ,1.13,6000
B-004657,Thane,1.06,6000
B-003448,Shirur,3.14,0
B-002994,NASHIK,1.18,6000
B-006693,thane,1.14,6000
B-005595,Baramati ,3.92,0
B-001416,Pune,3.37,0
B-008971,THANE,1.9,6000
B-003859,PUNE,3.97,0
B-006311,Nashik,2.62,0
B-000598,NASHIK,2.47,0
B-009911,PUNE,2.94,0
B-004812,Nashik,2.54,0
B-000554,PUNE,4.46,0
B-000113,Shirur,2.04,0
B-008513,Baramati ,4.77,0
B-001768,Pune,2.22,0
B-000327,Baramati ,1.01,6000
B-008285,thane,2.42,0
B-003261,pune ,4.44,0
B-006951,Shirur,4.39,0
B-002347,thane,3.91,0
B-005150,Baramati,2.85,0
B-005838,PUNE,4.99,0
B-004105,Nashik,4.82,0
B-009073,BARAMATI,1.59,6000
B-007639,NASHIK,2.73,0
B-003470,Shirur,4.83,0
B-005750,Thane,0.75,6000
B-007525,PUNE,4.39,0
B-006543,Baramati ,4.29,0
B-005248,Shirur,1.74,6000
B-004396,Baramati ,3.38,0
B-009094,BARAMATI,2.39,0
B-006473,Baramati ,4.92,0
B-001251,PUNE,0.56,6000
B-008445,Shirur,4.13,0
B-000685,Baramati,3.14,0
B-008520,Baramati,3.16,0
B-007251,NASHIK,1.7,6000
B-004189,Shirur,2.7,0
B-007370,Nashik,4.27,0
B-001273,Thane,3.23,0
B-004395,NASHIK,2.22,0
B-002677,Nashik,0.99,6000
B-003201,NASHIK,4.79,0
B-004805,Nashik,0.93,6000
B-005197,Baramati,2.12,0
B-009880,NASHIK,3.69,0
B-007236,Nashik,2.4,0
B-005580,Thane,3.73,0
B-005269,Pune,2.06,0
B-000542,thane,4.34,0
B-002541,Nashik,4.39,0
B-005724,Pune,4.73,0
B-003584,NASHIK,3.85,0
B-005980,Thane,3.51,0
B-006779,Pune,1.47,6000
B-008727,pune ,0.61,6000
B-008750,BARAMATI,0.94,6000
B-000707,Thane,4.11,0
B-008863,Shirur,2.55,0
B-009536,Baramati ,2.11,0
B-007642,NASHIK,2.05,0
B-005016,Baramati,1.74,6000
B-004988,Pune,1.96,6000
B-000451,Shirur,4.96,0
B-002534,Baramati ,3.96,0
B-008627,pune ,1.44,6000
B-006076,THANE,3.42,0
B-005391,Shirur,2.31,0
B-006068,BARAMATI,4.01,0
B-008284,pune ,4.3,0
B-000979,PUNE,2.0,0
B-000104,Nashik,2.92,0
B-005800,Baramati,1.92,6000
B-007883,Baramati ,0.96,6000
B-007548,Shirur,0.91,6000
B-000093,Thane,1.91,6000
B-001343,thane,3.38,0
B-009219,Thane,1.41,6000
B-002841,Shirur,2.68,0
B-004285,BARAMATI,4.13,0
B-004238,BARAMATI,3.9,0
B-005905,pune ,1.95,6000
B-002124,PUNE,1.35,6000
B-001368,Baramati ,4.59,0
B-006542,Shirur,3.39,0
B-006633,Baramati ,3.91,0
B-006606,THANE,1.3,6000
B-006618,Nashik,3.63,0
B-006005,Baramati,0.92,6000
B-000968,Shirur,3.19,0
B-006320,NASHIK,2.32,0
B-000241,Baramati ,1.16,6000
B-007800,BARAMATI,2.9,0
B-006460,Thane,1.1,6000
B-002229,Thane,0.97,6000
B-009640,Shirur,4.17,0
B-000524,Baramati ,3.26,0
B-002155,PUNE,1.96,6000
B-005836,Baramati,2.49,0
B-004724,Pune,1.61,6000
B-005141,pune ,3.5,0
B-000632,Baramati ,0.62,6000
B-004065,Baramati,4.25,0
B-009590,Baramati,1.6,6000
B-006707,Baramati,2.48,0
B-008987,Baramati,1.15,6000
B-000455,Baramati ,1.6,6000
B-006881,Pune,4.36,0
B-008602,thane,4.27,0
B-006330,Thane,3.0,0
B-003013,Nashik,1.37,6000
B-008632,pune ,4.32,0
B-002090,Nashik,2.3,0
B-008746,Nashik,4.5,0
B-004702,Thane,3.86,0
B-005523,Shirur,4.09,0
B-007736,BARAMATI,4.12,0
B-000945,Baramati ,2.44,0
B-001872,BARAMATI,4.55,0
B-006069,Baramati,1.94,6000
B-004169,BARAMATI,0.85,6000
B-000022,Shirur,1.11,6000
B-000361,Shirur,1.61,6000
B-008721,THANE,3.11,0
B-002004,PUNE,4.91,0
B-009228,THANE,3.69,0
B-003865,THANE,1.91,6000
B-008249,Nashik,1.53,6000
B-003138,BARAMATI,3.73,0
B-008330,NASHIK,4.89,0
B-001467,Baramati,2.59,0
B-000290,Nashik,4.26,0
B-004530,thane,3.28,0
B-005850,thane,3.16,0
B-006345,PUNE,4.79,0
B-005372,pune ,0.6,6000
B-003436,thane,3.02,0
B-001840,Pune,4.53,0
B-002637,thane,4.4,0
B-006936,pune ,0.79,6000
B-003410,BARAMATI,0.79,6000
B-007324,Shirur,1.74,6000
B-002621,Baramati ,4.76,0
B-008877,Shirur,0.62,6000
B-008307,Nashik,2.71,0
B-004683,Shirur,3.94,0
B-003055,pune ,4.94,0
B-006343,Baramati,3.48,0
B-004113,Baramati ,2.92,0
B-005516,NASHIK,1.87,6000
B-000432,Baramati,3.06,0
B-007195,THANE,4.76,0
B-001829,pune ,3.95,0
B-004226,NASHIK,3.14,0
B-006288,Pune,4.87,0
B-003285,Pune,3.7,0
B-000565,BARAMATI,3.14,0
B-003811,PUNE,3.26,0
B-002313,THANE,2.36,0
B-002546,pune ,3.8,0
B-006600,Baramati,4.91,0
B-000708,pune ,4.26,0
B-007138,Pune,3.42,0
B-003742,thane,3.78,0
B-000066,BARAMATI,0.9,6000
B-003023,Thane,3.08,0
B-001644,NASHIK,2.24,0
B-002389,Thane,2.22,0
B-004619,thane,1.12,6000
B-002490,BARAMATI,1.32,6000
B-007718,Baramati ,2.1,0
B-005102,Shirur,2.44,0
B-007400,Baramati ,2.75,0
B-003801,pune ,1.67,6000
B-003017,Baramati,1.52,6000
B-008954,NASHIK,3.35,0
B-004042,BARAMATI,2.53,0
B-001601,PUNE,2.86,0
B-006001,Pune,4.46,0
B-007323,Pune,4.92,0
B-008662,Pune,3.57,0
B-002009,PUNE,1.26,6000
B-008913,THANE,0.56,6000
B-007307,BARAMATI,2.23,0
B-003360,Pune,4.1,0
B-000196,Nashik,3.04,0
B-001909,PUNE,4.8,0
B-004437,Baramati,3.36,0
B-007899,thane,1.32,6000
B-005210,Baramati,4.89,0
B-006760,PUNE,4.42,0
B-009603,pune ,3.2,0
B-006321,Nashik,1.3,6000
B-000012,thane,3.68,0
B-006218,pune ,2.78,0
B-007573,thane,0.64,6000
B-003083,Pune,4.71,0
B-009284,PUNE,4.13,0
B-006986,Baramati ,4.71,0
B-002520,PUNE,2.07,0
B-000852,pune ,3.16,0
B-008346,pune ,4.55,0
B-004341,thane,1.37,6000
B-001952,pune ,4.99,0
B-003440,BARAMATI,4.72,0
B-004031,NASHIK,2.97,0
B-000491,Thane,4.03,0
B-009185,PUNE,3.51,0
B-005830,PUNE,2.02,0
B-002293,BARAMATI,1.14,6000
B-006609,thane,1.35,6000
B-008952,Thane,0.69,6000
B-001897,Pune,4.62,0
B-004258,thane,4.15,0
B-003384,NASHIK,3.68,0
B-005742,Nashik,0.94,6000
B-003052,THANE,0.91,6000
B-009541,NASHIK,1.94,6000
B-006436,THANE,3.03,0
B-000696,Shirur,2.89,0
B-009984,Thane,3.91,0
B-008430,NASHIK,1.4,6000
B-006739,BARAMATI,1.11,6000
B-001094,Baramati,1.82,6000
B-005221,NASHIK,2.42,0
B-003231,Thane,2.2,0
B-000614,thane,0.61,6000
B-004849,PUNE,1.95,6000
B-007770,thane,3.24,0
B-007975,Baramati ,2.74,0
B-003564,Baramati ,3.97,0
B-005427,Shirur,0.75,6000
B-009229,Pune,1.35,6000
B-001940,PUNE,1.88,6000
B-002390,Nashik,3.87,0
B-002139,Nashik,2.94,0
B-008278,NASHIK,1.91,6000
B-007578,Pune,2.9,0
B-005741,Pune,4.85,0
B-006025,Thane,1.35,6000
B-002673,THANE,0.74,6000
B-002606,NASHIK,4.43,0
B-003709,Shirur,2.79,0
B-002228,pune ,2.79,0
B-001914,NASHIK,3.65,0
B-000612,Baramati,0.94,6000
B-001661,pune ,4.52,0
B-007022,Shirur,1.94,6000
B-004790,Shirur,1.42,6000
B-000893,Baramati,3.07,0
B-001274,Nashik,0.57,6000
B-000866,Thane,1.43,6000
B-006857,Shirur,1.02,6000
B-006832,Baramati ,0.52,6000
B-007378,Baramati,3.47,0
B-002573,BARAMATI,4.93,0
B-003331,Thane,4.22,0
B-000990,BARAMATI,4.63,0
B-004391,Thane,0.7,6000
B-002936,pune ,3.19,0
B-001701,Nashik,3.51,0
B-006614,Thane,3.56,0
B-007107,Shirur,4.39,0
B-003796,NASHIK,1.89,6000
B-009678,NASHIK,3.81,0
B-009250,Baramati ,2.34,0
B-000741,Pune,2.37,0
B-009952,Thane,2.2,0
B-007721,Baramati,4.18,0
B-009038,thane,1.64,6000
B-008392,Pune,3.32,0
B-005709,Thane,0.69,6000
B-004943,thane,1.08,6000
B-000331,Shirur,1.5,6000
B-001762,NASHIK,1.01,6000
B-002686,pune ,4.56,0
B-008254,thane,0.8,6000
B-008795,THANE,1.97,6000
B-005826,Shirur,1.65,6000
B-007604,NASHIK,3.72,0
B-008635,Shirur,2.29,0
B-006537,THANE,1.79,6000
B-004207,Nashik,1.68,6000
B-000402,PUNE,2.28,0
B-006490,Baramati,4.78,0
B-002449,THANE,4.31,0
B-008753,Baramati,1.07,6000
B-009992,Pune,2.61,0
B-000255,PUNE,1.0,6000
B-003313,Pune,4.25,0
B-003705,pune ,0.88,6000
B-009938,Shirur,4.13,0
B-006988,Baramati,2.46,0
B-002047,BARAMATI,2.47,0
B-000776,pune ,2.49,0
B-006847,Pune,3.48,0
B-000835,THANE,3.95,0
B-009745,Baramati,3.96,0
B-000995,Shirur,1.93,6000
B-007280,Nashik,0.56,6000
B-007668,pune ,2.04,0
B-001821,Baramati ,4.65,0
B-007464,BARAMATI,2.58,0
B-008452,NASHIK,0.75,6000
B-008117,Thane,1.19,6000
B-003050,Baramati ,2.78,0
B-005623,Baramati,1.33,6000
B-005164,Baramati,2.01,0
B-005282,Shirur,2.47,0
B-000689,thane,0.81,6000
B-004771,Baramati,3.21,0
B-004802,Baramati ,3.01,0
B-002121,pune ,2.96,0
B-000615,BARAMATI,0.76,6000
B-007629,NASHIK,0.79,6000
B-000529,THANE,2.9,0
B-001620,Nashik,3.74,0
B-007601,Shirur,4.7,0
B-003633,BARAMATI,0.67,6000
B-001056,PUNE,3.58,0
B-008998,Pune,2.22,0
B-006922,Nashik,0.76,6000
B-008188,Thane,3.96,0
B-008847,PUNE,4.36,0
B-003777,NASHIK,0.66,6000
B-008141,THANE,0.83,6000
B-001377,NASHIK,4.21,0
B-006610,thane,4.72,0
B-003549,NASHIK,2.24,0
B-009336,NASHIK,3.27,0
B-003236,thane,4.6,0
B-006407,Baramati,3.57,0
B-009753,Nashik,1.63,6000
B-006495,NASHIK,2.55,0
B-005597,pune ,2.54,0
B-003496,BARAMATI,1.51,6000
B-006410,Baramati ,3.37,0
B-008173,pune ,4.83,0
B-001759,Thane,5.0,0
B-001534,pune ,2.16,0
B-002253,Pune,2.44,0
B-007997,Baramati ,1.15,6000
B-003654,thane,2.35,0
B-001218,THANE,4.33,0
B-000284,Thane,1.06,6000
B-006834,NASHIK,2.09,0
B-008538,Thane,2.4,0
B-005055,Thane,2.57,0
B-008812,thane,2.5,0
B-005303,Thane,2.59,0
B-009824,BARAMATI,1.97,6000
B-004087,Thane,1.1,6000
B-003376,THANE,1.43,6000
B-004512,Baramati,3.71,0
B-007016,Nashik,1.38,6000
B-007491,Shirur,3.47,0
B-000719,Nashik,2.14,0
B-008103,thane,2.97,0
B-006391,Thane,2.19,0
B-006340,Baramati ,1.46,6000
B-007546,pune ,2.62,0
B-007847,THANE,3.44,0
B-005265,Baramati ,4.57,0
B-004308,Nashik,2.35,0
B-009547,Baramati,1.48,6000
B-005168,THANE,4.5,0
B-008695,NASHIK,2.23,0
B-000160,THANE,2.44,0
B-007597,thane,0.61,6000
B-005844,Baramati,2.24,0
B-007457,NASHIK,1.28,6000
B-009200,Shirur,3.56,0
B-008492,pune ,3.39,0
B-003971,Nashik,4.02,0
B-002819,Baramati,1.18,6000
B-006713,BARAMATI,2.61,0
B-004116,Shirur,1.09,6000
B-008172,thane,1.92,6000
B-007445,Nashik,2.89,0
B-002216,NASHIK,4.44,0
B-006991,NASHIK,0.94,6000
B-000214,PUNE,0.89,6000
B-006870,Pune,4.64,0
B-009061,Pune,1.99,6000
B-001795,PUNE,1.91,6000
B-006322,BARAMATI,1.41,6000
B-002302,pune ,4.81,0
B-000480,Baramati ,4.28,0
B-006287,BARAMATI,3.3,0
B-004338,BARAMATI,3.13,0
B-002929,thane,2.64,0
B-007357,Shirur,1.29,6000
B-001907,Baramati ,0.96,6000
B-009942,THANE,1.22,6000
B-007868,pune ,1.23,6000
B-008185,PUNE,2.9,0
B-008536,Nashik,2.34,0
B-001976,THANE,2.99,0
B-002184,thane,3.65,0
B-007387,Baramati ,3.6,0
B-000459,Baramati,4.89,0
B-001798,NASHIK,4.75,0
B-004717,thane,0.94,6000
B-007774,Pune,1.11,6000
B-002907,Thane,2.63,0
B-001424,thane,1.27,6000
B-009124,Pune,3.14,0
B-001938,BARAMATI,4.69,0
B-009256,Nashik,3.07,0
B-008537,thane,4.52,0
B-005715,thane,4.76,0
B-009253,Nashik,2.05,0
B-007489,BARAMATI,4.95,0
B-009251,BARAMATI,0.81,6000
B-005763,pune ,3.31,0
B-007996,NASHIK,2.27,0
B-002881,pune ,1.0,6000
B-004651,NASHIK,1.39,6000
B-004618,NASHIK,1.94,6000
B-006621,Shirur,4.07,0
B-004613,PUNE,2.1,0
B-001543,thane,0.57,6000
B-004033,Nashik,2.38,0
B-007319,pune ,2.14,0
B-008871,Baramati ,1.36,6000
B-006344,Baramati ,4.92,0
B-004018,Pune,2.7,0
B-000311,pune ,0.73,6000
B-000740,Baramati,3.65,0
B-000461,Baramati ,2.52,0
B-001906,Thane,2.02,0
B-004929,Baramati ,3.87,0
B-001793,NASHIK,2.56,0
B-000164,PUNE,2.0,0
B-007258,Pune,1.09,6000
B-003916,Nashik,0.55,6000
B-006556,Nashik,0.59,6000
B-007172,Thane,1.4,6000
B-006279,thane,2.21,0
B-001651,Pune,3.63,0
B-001069,Baramati ,3.64,0
B-002792,BARAMATI,2.15,0
B-008994,THANE,4.34,0
B-001454,Thane,2.33,0
B-007749,BARAMATI,1.1,6000
B-000488,BARAMATI,3.74,0
B-000180,THANE,1.37,6000
B-008003,Baramati ,1.7,6000
B-004806,thane,4.63,0
B-008458,PUNE,4.12,0
B-006886,BARAMATI,4.38,0
B-000909,PUNE,0.6,6000
B-004312,pune ,4.13,0
B-002990,PUNE,1.59,6000
B-000595,pune ,2.18,0
B-007697,pune ,3.07,0
B-005772,Baramati,4.0,0
B-008524,PUNE,0.54,6000
B-006837,Pune,3.81,0
B-004801,BARAMATI,4.42,0
B-000828,Nashik,0.82,6000
B-002758,Nashik,3.32,0
B-008769,thane,3.34,0
B-002643,BARAMATI,4.04,0
B-001118,PUNE,3.26,0
B-009838,Pune,3.67,0
B-003579,Baramati,4.63,0
B-008781,PUNE,1.34,6000
B-003992,Shirur,4.78,0
B-005319,Pune,2.45,0
B-002600,NASHIK,1.55,6000
B-001428,Pune,3.73,0
B-007300,Thane,1.94,6000
B-004604,THANE,1.37,6000
B-005682,Baramati,3.69,0
B-005028,thane,3.22,0
B-002924,pune ,2.61,0
B-006261,Shirur,3.54,0
B-005453,Pune,2.49,0
B-004825,THANE,0.53,6000
B-001437,pune ,4.88,0
B-003100,Baramati ,1.15,6000
B-007724,THANE,3.09,0
B-006553,Baramati,3.65,0
B-002413,Shirur,3.93,0
B-007576,Baramati,1.34,6000
B-007764,BARAMATI,3.9,0
B-000015,Baramati,1.23,6000
B-007695,NASHIK,4.26,0
B-004693,Baramati ,3.21,0
B-003208,THANE,3.38,0
B-004649,Baramati,2.42,0
B-000266,BARAMATI,3.81,0
B-001492,THANE,0.53,6000
B-009118,NASHIK,1.63,6000
B-002607,pune ,0.79,6000
B-005009,PUNE,2.72,0
B-007705,Shirur,0.77,6000
B-005240,Thane,0.86,6000
B-009187,Shirur,2.51,0
B-000853,Shirur,3.54,0
B-008481,BARAMATI,3.15,0
B-001153,BARAMATI,3.64,0
B-008508,Nashik,3.55,0
B-000638,PUNE,3.06,0
B-001950,Shirur,4.28,0
B-002842,thane,2.11,0
B-002618,thane,2.17,0
B-009405,Baramati ,3.94,0
B-005212,BARAMATI,2.96,0
B-008393,Shirur,1.36,6000
B-005808,Nashik,1.27,6000
B-005489,Shirur,2.09,0
B-006804,thane,4.46,0
B-002751,BARAMATI,4.66,0
B-003659,Thane,2.59,0
B-007734,thane,2.53,0
B-002173,pune ,3.82,0
B-006983,Thane,2.39,0
B-002045,Pune,4.43,0
B-005679,BARAMATI,2.22,0
B-000556,NASHIK,1.17,6000
B-002872,BARAMATI,0.56,6000
B-008250,NASHIK,4.57,0
B-000886,pune ,3.17,0
B-000011,pune ,1.48,6000
B-000395,Pune,2.26,0
B-006428,pune ,1.72,6000
B-007314,Baramati,0.6,6000
B-003438,Thane,1.21,6000
B-006932,THANE,1.75,6000
B-003392,Baramati,2.69,0
B-007061,Shirur,2.75,0
B-003103,Thane,4.76,0
B-008928,pune ,2.69,0
B-004474,NASHIK,0.77,6000
B-003075,PUNE,0.8,6000
B-000831,BARAMATI,3.68,0
B-007413,Nashik,1.8,6000
B-004736,Baramati,2.83,0
B-005333,thane,4.12,0
B-005630,Thane,2.71,0
B-001848,Baramati ,3.34,0
B-001333,BARAMATI,3.34,0
B-008911,NASHIK,3.28,0
B-000604,Nashik,1.05,6000
B-000274,pune ,2.88,0
B-002416,BARAMATI,3.76,0
B-000165,Shirur,4.39,0
B-002611,BARAMATI,3.04,0
B-002140,thane,0.78,6000
B-008555,thane,2.17,0
B-000608,Baramati,1.44,6000
B-002801,BARAMATI,3.6,0
B-001394,BARAMATI,3.35,0
B-009326,thane,4.04,0
B-001319,THANE,2.03,0
B-006100,BARAMATI,3.64,0
B-004482,pune ,4.84,0
B-006203,NASHIK,3.08,0
B-002769,Baramati,3.69,0
B-004867,Nashik,1.57,6000
B-005027,Baramati,2.7,0
B-006894,thane,4.51,0
B-005957,BARAMATI,2.8,0
B-000254,PUNE,2.23,0
B-008438,pune ,3.31,0
B-006688,PUNE,2.88,0
B-001352,thane,3.21,0
B-004976,Shirur,1.7,6000
B-003557,thane,2.25,0
B-001287,Baramati,4.06,0
B-000439,Baramati ,3.7,0
B-000830,BARAMATI,4.31,0
B-008015,Pune,2.63,0
B-006441,Baramati,3.35,0
B-008878,BARAMATI,2.1,0
B-003353,Nashik,2.67,0
B-009520,pune ,4.03,0
B-004540,BARAMATI,2.68,0
B-004425,BARAMATI,3.22,0
B-002174,THANE,1.4,6000
B-005412,NASHIK,1.35,6000
B-008912,Nashik,3.22,0
B-006787,Baramati ,3.8,0
B-001946,Shirur,4.48,0
B-000786,THANE,4.09,0
B-009606,Baramati ,1.62,6000
B-006998,Thane,2.4,0
B-004684,Pune,1.84,6000
B-004503,Baramati,1.15,6000
B-004022,Pune,0.63,6000
B-001259,NASHIK,3.93,0
B-000447,PUNE,2.16,0
B-008726,pune ,2.51,0
B-000032,Thane,3.0,0
B-009746,Nashik,2.5,0
B-009564,BARAMATI,0.98,6000
B-008531,Baramati ,2.55,0
B-005424,Baramati,3.68,0
B-007046,thane,1.78,6000
B-004917,Nashik,1.08,6000
B-003935,Pune,1.06,6000
B-001636,BARAMATI,2.99,0
B-000795,BARAMATI,1.14,6000
B-000211,Shirur,2.19,0
B-009298,Pune,3.33,0
B-001400,NASHIK,1.96,6000
B-005229,pune ,1.97,6000
B-007647,Pune,3.4,0
B-000672,BARAMATI,3.05,0
B-009500,Nashik,0.68,6000
B-000947,THANE,0.75,6000
B-007384,Shirur,3.71,0
B-003257,thane,0.79,6000
B-008088,PUNE,1.13,6000
B-004007,PUNE,2.85,0
B-005416,Shirur,1.56,6000
B-006149,BARAMATI,4.88,0
B-000747,BARAMATI,0.87,6000
B-005259,BARAMATI,3.88,0
B-004458,thane,2.3,0
B-003175,Pune,2.86,0
B-001515,NASHIK,4.05,0
B-007436,Shirur,1.2,6000
B-003125,PUNE,4.16,0
B-003027,thane,1.22,6000
B-009752,Baramati ,1.52,6000
B-006906,Pune,3.4,0
B-000366,THANE,0.61,6000
B-002157,NASHIK,4.29,0
B-003603,Baramati,2.65,0
B-003810,Pune,1.49,6000
B-002158,Baramati,4.77,0
B-001854,pune ,2.75,0
B-009663,BARAMATI,2.24,0
B-004623,NASHIK,3.52,0
B-000505,Pune,2.8,0
B-001239,Baramati ,2.72,0
B-005706,NASHIK,3.72,0
B-005468,Thane,2.98,0
B-008270,Pune,1.4,6000
B-007130,Pune,1.44,6000
B-005474,Nashik,2.71,0
B-002817,BARAMATI,3.66,0
B-004436,Nashik,4.47,0
B-008955,THANE,4.54,0
B-008783,pune ,2.29,0
B-001864,pune ,2.91,0
B-004536,NASHIK,3.85,0
B-006058,Baramati ,1.7,6000
B-003172,BARAMATI,2.8,0
B-004281,pune ,4.26,0
B-003430,Nashik,1.65,6000
B-009914,Baramati,1.97,6000
B-005629,Baramati ,2.27,0
B-003890,NASHIK,1.78,6000
B-006645,Pune,2.5,0
B-001931,NASHIK,3.52,0
B-003902,Thane,1.42,6000
B-006128,PUNE,0.69,6000
B-000647,PUNE,3.84,0
B-003235,Baramati,1.4,6000
B-000285,Nashik,3.81,0
B-004114,Baramati ,4.25,0
B-004680,NASHIK,1.46,6000
B-004234,Nashik,4.18,0
B-009457,BARAMATI,2.59,0
B-005551,NASHIK,3.32,0
B-005082,Nashik,4.51,0
B-001208,Baramati ,1.48,6000
B-000986,Pune,1.89,6000
B-006957,Baramati,4.23,0
B-001417,BARAMATI,1.43,6000
B-007058,Shirur,2.25,0
B-006582,BARAMATI,2.56,0
B-001579,Thane,3.21,0
B-008385,pune ,4.64,0
B-006090,thane,3.02,0
B-003469,Baramati ,4.08,0
B-009700,NASHIK,4.36,0
B-008874,Baramati,0.85,6000
B-009730,PUNE,4.48,0
B-009940,Pune,3.29,0
B-009725,Pune,4.76,0
B-001212,Pune,1.87,6000
B-004875,Thane,3.78,0
B-008540,pune ,0.94,6000
B-002620,BARAMATI,1.47,6000
B-000549,Baramati,4.87,0
B-006680,Shirur,4.44,0
B-003180,PUNE,1.76,6000
B-009217,NASHIK,0.6,6000
B-003256,Pune,4.54,0
B-007393,Baramati ,1.14,6000
B-002672,thane,4.69,0
B-002263,Baramati,1.04,6000
B-008557,NASHIK,3.85,0
B-003754,NASHIK,4.07,0
B-008178,thane,1.29,6000
B-005105,PUNE,0.89,6000
B-007418,Baramati,2.55,0
B-005761,Nashik,3.63,0
B-005884,Baramati ,1.72,6000
B-000922,Shirur,3.03,0
B-003396,PUNE,3.79,0
B-009023,pune ,1.47,6000
B-001215,Thane,3.55,0
B-004642,Pune,0.67,6000
B-006671,Thane,4.24,0
B-004774,Thane,1.29,6000
B-008355,Pune,3.1,0
B-006162,Pune,3.45,0
B-004610,Baramati ,3.69,0
B-009071,Shirur,2.66,0
B-002344,Baramati ,0.61,6000
B-008782,Baramati ,4.83,0
B-005769,Baramati,1.56,6000
B-003367,thane,4.15,0
B-002164,NASHIK,0.7,6000
B-009674,Nashik,4.26,0
B-005365,Thane,3.02,0
B-003978,Shirur,2.7,0
B-004687,Baramati,3.72,0
B-004989,Shirur,0.71,6000
B-003876,BARAMATI,0.9,6000
B-007807,BARAMATI,2.55,0
B-001411,thane,2.95,0
B-002257,BARAMATI,3.46,0
B-003302,BARAMATI,3.77,0
B-001179,THANE,1.16,6000
B-005065,Shirur,3.38,0
B-008883,Thane,1.28,6000
B-005578,Thane,2.17,0
B-003291,BARAMATI,3.95,0
B-009386,pune ,4.16,0
B-003243,thane,3.54,0
B-002716,Thane,2.12,0
B-006445,Thane,0.89,6000
B-001947,Baramati ,4.48,0
B-000404,BARAMATI,4.66,0
B-003893,NASHIK,2.6,0
B-005778,THANE,4.38,0
B-006197,pune ,4.5,0
B-000166,BARAMATI,2.78,0
B-002768,NASHIK,1.15,6000
B-002483,BARAMATI,2.93,0
B-007714,Shirur,1.22,6000
B-007001,Nashik,1.13,6000
B-004028,Baramati,4.21,0
B-007341,Thane,0.87,6000
B-000805,Thane,4.46,0
B-001868,THANE,2.95,0
B-001101,THANE,0.97,6000
B-007021,Pune,1.65,6000
B-008806,THANE,3.49,0
B-002629,pune ,3.83,0
B-002208,NASHIK,3.69,0
B-003415,BARAMATI,2.7,0
B-007426,BARAMATI,3.79,0
B-005289,BARAMATI,2.97,0
B-006503,Thane,2.85,0
B-001540,Thane,1.49,6000
B-003619,BARAMATI,3.87,0
B-007209,Shirur,3.88,0
B-009735,PUNE,1.52,6000
B-003969,NASHIK,2.54,0
B-004232,Shirur,4.53,0
B-003064,Baramati,3.72,0
B-005984,THANE,4.1,0
B-007758,thane,1.15,6000
B-009579,PUNE,3.63,0
B-000538,Baramati ,1.59,6000
B-002549,Thane,1.86,6000
B-004152,Baramati,2.94,0
B-003305,PUNE,4.78,0
B-001112,Baramati,0.61,6000
B-008010,Pune,1.83,6000
B-009239,Baramati,1.34,6000
B-000238,NASHIK,0.82,6000
B-006008,Baramati ,2.54,0
B-007786,PUNE,2.4,0
B-009075,BARAMATI,3.48,0
B-008902,Pune,3.64,0
B-002044,Baramati ,2.04,0
B-000271,BARAMATI,1.44,6000
B-006557,Thane,3.29,0
B-006088,thane,3.36,0
B-006545,Nashik,0.69,6000
B-001632,thane,4.9,0
B-009494,thane,1.94,6000
B-008041,Pune,1.65,6000
B-003803,thane,4.38,0
B-004138,Thane,3.89,0
B-009474,PUNE,2.4,0
B-005206,Nashik,3.29,0
B-001015,BARAMATI,4.77,0
B-007862,NASHIK,2.71,0
B-000251,Pune,2.21,0
B-001982,thane,3.92,0
B-008237,PUNE,2.64,0
B-007924,THANE,0.91,6000
B-005852,Baramati,3.76,0
B-003655,Shirur,3.34,0
B-001455,PUNE,2.55,0
B-008025,Shirur,2.02,0
B-007879,Nashik,4.93,0
B-004517,Pune,1.95,6000
B-002866,THANE,4.0,0
B-002821,thane,1.47,6000
B-001340,Thane,0.93,6000
B-002119,NASHIK,1.08,6000
B-006147,NASHIK,4.01,0
B-002336,THANE,2.5,0
B-009093,THANE,1.32,6000
B-003167,Baramati ,3.64,0
B-006135,Thane,4.11,0
B-001335,THANE,3.44,0
B-008370,Pune,1.64,6000
B-001756,PUNE,3.64,0
B-001814,thane,1.28,6000
B-005304,thane,1.82,6000
B-001845,pune ,0.68,6000
B-005552,Nashik,1.99,6000
B-001694,PUNE,3.59,0
B-002205,PUNE,1.4,6000
B-005338,thane,1.62,6000
B-003355,Thane,3.99,0
B-007640,NASHIK,4.57,0
B-005865,Thane,0.7,6000
B-000073,pune ,1.51,6000
B-003884,NASHIK,3.13,0
B-001084,thane,1.53,6000
B-006569,thane,4.14,0
B-007962,PUNE,0.96,6000
B-004925,pune ,1.09,6000
B-008631,Nashik,3.03,0
B-001834,thane,2.73,0
B-007257,Shirur,2.43,0
B-004984,Shirur,2.86,0
B-006981,Shirur,2.16,0
B-005266,THANE,0.98,6000
B-009545,thane,0.65,6000
B-003472,Thane,3.01,0
B-008578,Thane,0.8,6000
B-002857,PUNE,1.68,6000
B-007248,NASHIK,2.11,0
B-002065,Thane,2.78,0
B-001788,Baramati,4.58,0
B-003824,pune ,1.04,6000
B-002476,pune ,0.89,6000
B-006129,pune ,3.49,0
B-004266,thane,3.47,0
B-005109,THANE,2.18,0
B-003254,Baramati ,2.65,0
B-004789,NASHIK,1.33,6000
B-008888,Thane,1.02,6000
B-000061,Pune,1.55,6000
B-004191,pune ,1.85,6000
B-006182,Shirur,3.66,0
B-003066,Pune,2.17,0
B-004600,THANE,4.05,0
B-006366,PUNE,2.86,0
B-008129,Baramati ,3.14,0
B-004990,Pune,1.87,6000
B-002316,pune ,1.94,6000
B-007939,Baramati,4.37,0
B-005889,Baramati,1.35,6000
B-009840,thane,2.65,0
B-007616,Baramati,0.95,6000
B-008626,Thane,2.99,0
B-002265,NASHIK,2.94,0
B-006385,PUNE,1.16,6000
B-002664,pune ,4.36,0
B-009408,pune ,4.38,0
B-009618,PUNE,2.65,0
B-008893,PUNE,3.05,0
B-005337,Baramati,3.32,0
B-002448,Thane,4.28,0
B-001544,BARAMATI,4.72,0
B-001229,Baramati ,2.33,0
B-007908,Thane,0.69,6000
B-001969,BARAMATI,4.01,0
B-000466,Pune,1.37,6000
B-006450,Shirur,4.69,0
B-003311,Thane,2.52,0
B-007118,Baramati,3.87,0
B-002619,pune ,2.66,0
B-006467,THANE,4.5,0
B-000209,NASHIK,4.42,0
B-009586,NASHIK,1.21,6000
B-008981,Nashik,2.85,0
B-006434,thane,3.98,0
B-002126,Thane,3.2,0
B-003429,Thane,0.8,6000
B-003315,PUNE,3.67,0
B-009257,pune ,3.98,0
B-006282,Pune,2.16,0
B-004777,Thane,1.76,6000
B-005690,NASHIK,4.13,0
B-008164,BARAMATI,1.87,6000
B-002812,THANE,3.22,0
B-008435,Baramati ,4.35,0
B-004380,thane,2.8,0
B-005230,Thane,3.91,0
B-003898,Shirur,3.15,0
B-005504,THANE,4.66,0
B-002937,Nashik,3.2,0
B-008052,Nashik,1.12,6000
B-006868,BARAMATI,0.91,6000
B-001393,thane,4.89,0
B-008436,THANE,2.83,0
B-009582,NASHIK,0.78,6000
B-001484,NASHIK,1.71,6000
B-002407,Baramati ,4.44,0
B-006875,Nashik,2.81,0
B-003857,BARAMATI,4.67,0
B-001049,BARAMATI,4.58,0
B-005602,Nashik,1.36,6000
B-004580,Baramati ,1.36,6000
B-006776,BARAMATI,2.83,0
B-009365,Thane,1.75,6000
B-005362,Nashik,2.41,0
B-005652,NASHIK,1.35,6000
B-006112,Nashik,4.51,0
B-002911,pune ,4.11,0
B-001830,Shirur,1.83,6000
B-002516,NASHIK,3.59,0
B-003445,Shirur,2.94,0
B-002715,BARAMATI,1.42,6000
B-009714,thane,3.12,0
B-002135,pune ,1.03,6000
B-004797,Shirur,4.44,0
B-002409,NASHIK,1.61,6000
B-003800,Nashik,4.05,0
B-009803,BARAMATI,1.32,6000
B-003855,NASHIK,4.14,0
B-006748,BARAMATI,1.61,6000
B-006369,thane,3.73,0
B-008013,Nashik,2.57,0
B-004754,BARAMATI,1.16,6000
B-005085,Nashik,0.82,6000
B-000584,PUNE,4.85,0
B-008860,THANE,4.93,0
B-001594,Pune,0.8,6000
B-008817,Baramati ,4.68,0
B-008207,thane,4.71,0
B-003127,THANE,3.13,0
B-006211,Baramati ,2.8,0
B-007569,Thane,1.4,6000
B-003385,Pune,4.92,0
B-000443,NASHIK,4.92,0
B-009759,Nashik,0.99,6000
B-001126,Thane,2.24,0
B-001641,PUNE,1.13,6000
B-002808,PUNE,2.13,0
B-007861,Pune,0.68,6000
B-004665,PUNE,1.75,6000
B-006979,THANE,2.91,0
B-007498,pune ,4.03,0
B-009866,Shirur,3.59,0
B-001478,Baramati,0.68,6000
B-000663,NASHIK,3.05,0
B-003995,Pune,1.0,6000
B-009750,Nashik,3.74,0
B-009268,Baramati ,2.43,0
B-001449,Baramati,1.49,6000
B-006803,Nashik,3.07,0
B-005198,Baramati ,4.68,0
B-009417,BARAMATI,4.28,0
B-000039,pune ,0.6,6000
B-003704,Nashik,1.93,6000
B-008147,Baramati,1.27,6000
B-001716,Thane,1.41,6000
B-008569,Nashik,0.58,6000
B-008434,pune ,0.91,6000
B-001298,Shirur,3.26,0
B-009927,Baramati ,4.14,0
B-000722,PUNE,0.93,6000
B-001061,Thane,1.49,6000
B-008051,thane,3.24,0
B-003553,pune ,4.63,0
B-005190,Baramati ,0.98,6000
B-006323,Baramati,3.52,0
B-005638,Thane,3.11,0
B-003515,Nashik,4.32,0
B-009695,thane,1.46,6000
B-003141,PUNE,4.31,0
B-009604,Thane,3.71,0
B-000310,thane,1.18,6000
B-004373,Thane,4.33,0
B-007833,Thane,0.6,6000
B-007250,Baramati ,1.42,6000
B-007775,NASHIK,2.71,0
B-002640,THANE,2.04,0
B-007873,Pune,2.75,0
B-001562,Nashik,2.25,0
B-000147,thane,3.23,0
B-000034,BARAMATI,1.15,6000
B-005134,PUNE,3.2,0
B-002039,Shirur,3.57,0
B-005779,pune ,4.05,0
B-007242,Baramati,1.48,6000
B-002557,BARAMATI,2.32,0
B-001057,Baramati,3.72,0
B-009233,Baramati,2.21,0
B-008151,thane,4.82,0
B-004124,NASHIK,4.71,0
B-004823,Baramati,3.4,0
B-008243,PUNE,2.54,0
B-001369,Pune,2.25,0
B-009635,BARAMATI,2.12,0
B-007366,Pune,2.71,0
B-009631,Shirur,2.5,0
B-002383,Thane,0.9,6000
B-003735,Baramati ,2.07,0
B-009060,Baramati ,2.15,0
B-006769,Baramati ,2.65,0
B-004294,pune ,1.49,6000
B-005668,Nashik,3.4,0
B-005432,Nashik,2.89,0
B-001097,Baramati,4.31,0
B-005458,Thane,2.14,0
B-004016,Baramati,0.9,6000
B-002943,pune ,0.92,6000
B-005534,Shirur,2.99,0
B-001351,Baramati ,0.86,6000
B-005429,Baramati ,2.54,0
B-000157,Baramati ,1.14,6000
B-006295,Thane,1.75,6000
B-001838,pune ,1.53,6000
B-001075,Baramati ,1.25,6000
B-001731,PUNE,1.54,6000
B-005967,PUNE,3.29,0
B-004831,Nashik,3.45,0
B-009389,Shirur,1.29,6000
B-001385,THANE,2.62,0
B-006960,Thane,4.53,0
B-003004,Baramati,0.58,6000
B-008799,Baramati,3.21,0
B-005687,PUNE,0.8,6000
B-006615,PUNE,1.71,6000
B-005246,pune ,2.9,0
B-002096,thane,2.99,0
B-004381,BARAMATI,3.75,0
B-006590,pune ,2.9,0
B-007529,pune ,1.61,6000
B-006423,Pune,1.96,6000
B-000393,pune ,3.95,0
B-005546,THANE,4.16,0
B-008075,THANE,2.77,0
B-000162,Pune,2.27,0
B-000396,pune ,0.72,6000
B-000949,pune ,4.31,0
B-007937,Baramati,4.38,0
B-003640,BARAMATI,3.08,0
B-008942,Baramati ,2.58,0
B-001013,thane,1.29,6000
B-006576,PUNE,3.71,0
B-002071,pune ,3.38,0
B-008957,Pune,0.8,6000
B-009139,Thane,1.11,6000
B-006393,Baramati ,2.57,0
B-008754,thane,3.55,0
B-006515,Thane,2.98,0
B-009781,Shirur,2.32,0
B-008021,THANE,2.6,0
B-007253,NASHIK,4.74,0
B-005397,BARAMATI,4.04,0
B-002212,Nashik,3.73,0
B-008496,Shirur,2.32,0
B-009034,Baramati ,2.86,0
B-008462,Thane,1.25,6000
B-003432,thane,1.07,6000
B-000860,Pune,1.43,6000
B-008359,Nashik,4.98,0
B-008528,Baramati ,1.02,6000
B-005478,Thane,2.22,0
B-005562,Baramati ,2.18,0
B-006809,BARAMATI,2.69,0
B-000871,Pune,1.47,6000
B-004078,NASHIK,3.88,0
B-008858,thane,4.39,0
B-009348,Shirur,1.13,6000
B-006994,Baramati ,2.28,0
B-006316,pune ,0.57,6000
B-004286,Baramati,4.57,0
B-001653,Baramati ,2.69,0
B-002933,thane,3.71,0
B-003357,BARAMATI,4.47,0
B-008333,thane,1.09,6000
B-001314,Pune,1.6,6000
B-000323,pune ,4.54,0
B-004491,PUNE,1.83,6000
B-006336,Pune,2.08,0
B-001702,Thane,4.49,0
B-009295,Thane,0.85,6000
B-007783,Baramati ,2.1,0
B-001922,THANE,2.98,0
B-000023,Pune,4.7,0
B-000105,thane,0.8,6000
B-000730,BARAMATI,1.37,6000
B-000905,THANE,1.25,6000
B-007836,PUNE,1.16,6000
B-004048,Shirur,3.03,0
B-001222,Pune,0.61,6000
B-008622,Baramati,3.34,0
B-004192,BARAMATI,0.61,6000
B-005856,Thane,2.0,0
B-005840,Nashik,2.57,0
B-002097,Nashik,1.97,6000
B-005279,BARAMATI,0.73,6000
B-001894,THANE,3.14,0
B-006250,thane,3.91,0
B-002426,Thane,3.94,0
B-007009,Pune,3.5,0
B-003804,THANE,3.78,0
B-008894,Nashik,2.78,0
B-000818,pune ,4.7,0
B-001432,Thane,1.99,6000
B-007424,Shirur,2.48,0
B-002381,Shirur,3.36,0
B-006308,pune ,1.14,6000
B-008165,Baramati,0.92,6000
B-003490,Thane,1.74,6000
B-009841,Baramati,0.69,6000
B-000779,Baramati ,0.55,6000
B-000376,pune ,1.38,6000
B-000080,Nashik,1.37,6000
B-009835,pune ,2.42,0
B-008011,Nashik,1.65,6000
B-002693,Baramati,0.5,6000
B-009028,PUNE,1.24,6000
B-009488,Pune,1.69,6000
B-005094,thane,4.04,0
B-002198,Baramati,2.61,0
B-000762,pune ,4.66,0
B-003053,thane,1.01,6000
B-009847,NASHIK,2.57,0
B-001499,BARAMATI,3.28,0
B-006996,BARAMATI,4.33,0
B-006953,Baramati ,3.1,0
B-003279,THANE,4.5,0
B-008570,Shirur,1.99,6000
B-002227,NASHIK,1.97,6000
B-003160,pune ,3.5,0
B-007702,Shirur,3.15,0
B-003455,NASHIK,1.76,6000
B-009607,Nashik,4.0,0
B-000927,Baramati,1.52,6000
B-007101,Pune,2.45,0
B-000481,Baramati ,1.98,6000
B-008162,THANE,1.85,6000
B-000850,Shirur,4.96,0
B-003409,Pune,4.78,0
B-004840,Baramati ,4.11,0
B-006280,Baramati ,0.98,6000
B-004661,pune ,3.0,0
B-005885,Baramati,4.46,0
B-001485,Baramati,2.59,0
B-006800,pune ,4.67,0
B-007914,Shirur,2.94,0
B-002938,BARAMATI,2.36,0
B-007277,Thane,2.39,0
B-000237,BARAMATI,1.85,6000
B-006111,Baramati,1.23,6000
B-003958,thane,4.77,0
B-007454,NASHIK,0.8,6000
B-000926,BARAMATI,4.67,0
B-007281,Pune,2.46,0
B-003611,Thane,1.19,6000
B-006259,thane,4.9,0
B-006588,BARAMATI,4.72,0
B-009641,PUNE,1.89,6000
B-002575,thane,4.46,0
B-005714,thane,4.68,0
B-004300,Thane,3.15,0
B-006314,Thane,2.44,0
B-007247,Baramati,1.79,6000
B-001835,Nashik,4.12,0
B-002772,BARAMATI,1.22,6000
B-004253,BARAMATI,3.17,0
B-005327,PUNE,0.95,6000
B-005939,PUNE,4.08,0
B-006641,Pune,1.18,6000
B-009263,Thane,2.72,0
B-002037,PUNE,4.7,0
B-003948,Shirur,3.42,0
B-002833,Pune,0.51,6000
B-003153,pune ,0.65,6000
B-007880,Baramati ,4.93,0
B-008482,BARAMATI,3.55,0
B-005021,Shirur,2.11,0
B-006432,Nashik,0.89,6000
B-000096,pune ,4.52,0
B-001286,BARAMATI,0.95,6000
B-004142,Nashik,0.87,6000
B-003845,Pune,3.26,0
B-007045,Baramati,4.05,0
B-001355,Thane,4.21,0
B-006532,thane,0.98,6000
B-009567,Nashik,1.81,6000
B-009897,THANE,0.82,6000
B-001974,Nashik,1.78,6000
B-002711,PUNE,2.58,0
B-002279,Baramati ,1.21,6000
B-000413,Shirur,2.82,0
B-004153,thane,3.23,0
B-009925,Shirur,1.78,6000
B-004510,Thane,4.33,0
B-003102,NASHIK,1.23,6000
B-008120,thane,4.15,0
B-001926,BARAMATI,4.78,0
B-008938,Baramati ,1.82,6000
B-006901,Shirur,4.17,0
B-003639,Thane,4.13,0
B-004695,Baramati,4.07,0
B-003671,Baramati ,3.5,0
B-005435,Baramati,1.58,6000
B-004084,pune ,3.66,0
B-003663,Pune,0.86,6000
B-008206,Nashik,4.44,0
B-000973,pune ,0.98,6000
B-007269,thane,1.07,6000
B-000146,Shirur,0.83,6000
B-000841,BARAMATI,3.59,0
B-005386,Nashik,1.58,6000
B-003378,thane,2.46,0
B-000294,PUNE,4.68,0
B-008732,NASHIK,4.74,0
B-008532,THANE,3.78,0
B-000002,Baramati ,4.72,0
B-007648,Baramati,4.53,0
B-008214,NASHIK,0.65,6000
B-005072,pune ,2.26,0
B-007038,BARAMATI,0.8,6000
B-004165,Pune,4.29,0
B-004607,Baramati ,2.25,0
B-008741,thane,2.59,0
B-003738,Thane,4.03,0
B-002793,BARAMATI,2.52,0
B-002977,BARAMATI,3.85,0
B-009406,Shirur,2.4,0
B-001827,BARAMATI,4.81,0
B-007798,Nashik,4.41,0
B-002720,pune ,0.53,6000
B-004589,pune ,4.79,0
B-007259,Thane,0.92,6000
B-008279,BARAMATI,1.17,6000
B-005688,pune ,1.58,6000
B-005172,Nashik,2.73,0
B-003708,Baramati ,4.58,0
B-000935,Shirur,1.31,6000
B-000799,Pune,3.97,0
B-008425,NASHIK,2.12,0
B-000018,BARAMATI,4.1,0
B-002797,BARAMATI,2.02,0
B-002910,PUNE,2.67,0
B-002392,THANE,1.41,6000
B-007666,pune ,2.0,0
B-004277,NASHIK,4.36,0
B-003063,Shirur,2.77,0
B-007909,THANE,2.26,0
B-006759,THANE,4.97,0
B-006482,Nashik,4.67,0
B-009707,Baramati,2.46,0
B-001151,Shirur,4.1,0
B-008558,thane,4.84,0
B-007040,Nashik,2.96,0
B-002084,THANE,4.99,0
B-007765,thane,0.7,6000
B-009756,BARAMATI,0.58,6000
B-001537,Nashik,3.32,0
B-008867,PUNE,2.64,0
B-005825,Thane,4.68,0
B-001767,Nashik,3.07,0
B-003745,BARAMATI,4.26,0
B-005417,Baramati,2.52,0
B-005853,Baramati ,4.51,0
B-000883,Pune,4.18,0
B-006872,NASHIK,4.57,0
B-000381,Baramati ,2.28,0
B-004824,Pune,2.89,0
B-001010,Pune,1.5,6000
B-009142,thane,1.58,6000
B-006714,Pune,2.44,0
B-004828,PUNE,4.11,0
B-007789,Baramati ,2.91,0
B-001103,THANE,4.73,0
B-006062,Pune,2.76,0
B-009741,Shirur,4.08,0
B-004345,NASHIK,4.05,0
B-007309,Nashik,3.48,0
B-007358,thane,4.95,0
B-006424,Baramati,2.9,0
B-004794,THANE,1.79,6000
B-006878,PUNE,4.35,0
B-005177,Thane,3.02,0
B-001452,BARAMATI,1.3,6000
B-004740,NASHIK,1.4,6000
B-001423,NASHIK,2.43,0
B-001052,BARAMATI,3.41,0
B-000849,thane,0.59,6000
B-003174,pune ,4.69,0
B-004920,Shirur,1.66,6000
B-004966,NASHIK,1.82,6000
B-006710,Baramati ,2.37,0
B-004130,Thane,1.42,6000
B-003152,pune ,2.13,0
B-008337,Baramati ,1.89,6000
B-006634,THANE,3.61,0
B-006134,NASHIK,0.81,6000
B-002242,pune ,4.43,0
B-003260,Pune,4.79,0
B-002809,PUNE,4.0,0
B-002410,Baramati ,4.84,0
B-003710,PUNE,3.94,0
B-001093,BARAMATI,1.05,6000
B-008683,THANE,2.59,0
B-003382,PUNE,2.67,0
B-008083,Nashik,1.75,6000
B-004197,PUNE,2.1,0
B-008619,PUNE,2.09,0
B-004488,Thane,4.13,0
B-002572,THANE,4.75,0
B-004535,Shirur,0.58,6000
B-001781,Nashik,4.12,0
B-007017,PUNE,4.96,0
B-005895,pune ,1.16,6000
B-008312,pune ,2.85,0
B-008286,Shirur,2.91,0
B-001087,thane,4.96,0
B-001457,NASHIK,2.08,0
B-007671,BARAMATI,4.34,0
B-004445,Thane,0.97,6000
B-002641,THANE,3.99,0
B-000946,Thane,1.46,6000
B-007327,Baramati,3.29,0
B-005176,thane,3.98,0
B-008012,Shirur,3.64,0
B-004775,Shirur,1.52,6000
B-004675,NASHIK,4.7,0
B-003420,thane,3.01,0
B-004374,thane,2.24,0
B-002343,NASHIK,2.16,0
B-008673,Pune,0.66,6000
B-005313,Baramati,0.52,6000
B-004283,BARAMATI,0.58,6000
B-007110,NASHIK,4.7,0
B-009341,NASHIK,2.02,0
B-003121,Shirur,4.27,0
B-001191,BARAMATI,4.38,0
B-009982,PUNE,1.1,6000
B-000464,PUNE,3.18,0
B-001638,THANE,3.95,0
B-007740,Nashik,1.11,6000
B-005857,thane,2.99,0
B-008719,THANE,3.77,0
B-002053,BARAMATI,1.04,6000
B-009079,Pune,4.04,0
B-007728,NASHIK,1.93,6000
B-008706,Baramati ,2.92,0
B-001672,Thane,1.82,6000
B-007615,PUNE,0.75,6000
B-006684,Baramati ,3.49,0
B-009605,pune ,3.63,0
B-005162,Thane,5.0,0
B-006501,Baramati ,2.03,0
B-008114,Thane,4.92,0
B-005383,THANE,2.14,0
B-004598,thane,1.89,6000
B-006829,Baramati ,2.33,0
B-005674,Pune,4.92,0
B-004186,BARAMATI,1.33,6000
B-007903,PUNE,4.41,0
B-009480,THANE,3.21,0
B-003126,PUNE,2.13,0
B-005791,PUNE,4.89,0
B-007449,BARAMATI,1.93,6000
B-005290,PUNE,1.32,6000
B-004524,Baramati,3.12,0
B-000441,PUNE,1.54,6000
B-009973,Baramati ,1.9,6000
B-002059,THANE,3.9,0
B-001664,PUNE,4.15,0
B-005658,THANE,4.71,0
B-005871,Shirur,2.96,0
B-008960,THANE,3.46,0
B-009289,PUNE,4.53,0
B-006234,Pune,1.9,6000
B-006141,Thane,0.92,6000
B-001610,BARAMATI,1.71,6000
B-001586,Pune,1.12,6000
B-005098,PUNE,4.77,0
B-007097,Nashik,0.52,6000
B-005970,thane,0.69,6000
B-000611,BARAMATI,2.33,0
B-006814,PUNE,1.69,6000
B-009280,Nashik,4.73,0
B-004210,Baramati,0.87,6000
B-009173,pune ,1.33,6000
B-009048,Nashik,3.65,0
B-000333,PUNE,3.34,0
B-009793,Pune,2.62,0
B-009995,Shirur,3.69,0
B-004560,pune ,3.82,0
B-002165,NASHIK,2.79,0
B-001066,Thane,0.52,6000
B-005057,THANE,4.44,0
B-006022,Nashik,4.08,0
B-006301,Baramati,2.72,0
B-009792,Baramati,0.77,6000
B-002708,Baramati,3.26,0
B-003821,Thane,1.37,6000
B-001269,THANE,1.82,6000
B-000328,pune ,2.32,0
B-008310,Nashik,2.35,0
B-005950,Nashik,1.79,6000
B-006652,Baramati,3.27,0
B-000417,PUNE,3.68,0
B-002468,Baramati ,3.42,0
B-007332,thane,0.51,6000
B-005756,PUNE,2.32,0
B-006121,Baramati,3.86,0
B-002934,Shirur,1.08,6000
B-007005,pune ,4.17,0
B-002604,Nashik,1.04,6000
B-007677,NASHIK,1.62,6000
B-008829,Shirur,0.68,6000
B-007465,Baramati,3.85,0
B-008296,Shirur,0.82,6000
B-000559,Thane,1.1,6000
B-004139,Baramati,1.74,6000
B-009135,PUNE,3.09,0
B-009297,NASHIK,1.45,6000
B-007199,PUNE,4.23,0
B-004400,Pune,2.36,0
B-005187,BARAMATI,1.43,6000
B-006093,pune ,1.16,6000
B-002863,NASHIK,4.04,0
B-009339,BARAMATI,1.96,6000
B-008958,Thane,2.2,0
B-009172,THANE,3.56,0
B-007186,thane,3.48,0
B-005819,NASHIK,1.16,6000
B-002405,Thane,2.09,0
B-008444,NASHIK,4.36,0
B-006487,NASHIK,1.59,6000
B-008044,thane,4.77,0
B-004599,Thane,0.72,6000
B-009235,Pune,2.45,0
B-008331,pune ,0.78,6000
B-002835,Pune,3.87,0
B-003651,THANE,1.8,6000
B-005531,Thane,1.0,6000
B-001998,Baramati ,1.13,6000
B-006399,Baramati ,1.3,6000
B-002630,Pune,2.63,0
B-005788,THANE,0.79,6000
B-000929,thane,2.07,0
B-005886,NASHIK,1.51,6000
B-002102,Baramati,3.6,0
B-009330,Baramati ,4.28,0
B-002317,Thane,1.71,6000
B-000203,thane,1.49,6000
B-004235,pune ,0.58,6000
B-003072,Baramati,3.4,0
B-004214,Thane,1.48,6000
B-004168,THANE,2.79,0
B-004960,pune ,0.99,6000
B-003988,Shirur,2.17,0
B-009953,Baramati ,3.6,0
B-002429,Baramati ,4.38,0
B-001578,THANE,4.1,0
B-002625,Shirur,2.32,0
B-005014,PUNE,3.05,0
B-008224,PUNE,1.59,6000
B-000787,Baramati ,1.63,6000
B-001372,Baramati,3.91,0
B-004408,NASHIK,4.69,0
B-004369,Nashik,3.08,0
B-005556,THANE,4.65,0
B-009012,NASHIK,2.74,0
B-001727,THANE,0.52,6000
B-009728,Pune,1.97,6000
B-009162,Shirur,3.96,0
B-006213,Thane,3.06,0
B-008616,Pune,2.66,0
B-004406,pune ,0.99,6000
B-003566,Baramati ,3.74,0
B-009629,Thane,1.63,6000
B-004997,Baramati ,3.14,0
B-000195,NASHIK,2.31,0
B-003762,Nashik,3.04,0
B-005976,BARAMATI,0.93,6000
B-005986,thane,3.31,0
B-000717,Baramati,1.96,6000
B-000601,BARAMATI,2.11,0
B-008377,Baramati,2.9,0
B-001459,thane,1.52,6000
B-008843,THANE,0.57,6000
B-006911,PUNE,0.96,6000
B-000578,pune ,1.54,6000
B-004711,Pune,1.42,6000
B-008016,Thane,2.91,0
B-006807,Shirur,0.83,6000
B-003340,NASHIK,4.95,0
B-009111,THANE,2.49,0
B-003696,pune ,1.49,6000
B-003314,Baramati,1.48,6000
B-003548,PUNE,0.66,6000
B-006084,Pune,4.63,0
B-000139,Thane,1.04,6000
B-003191,Baramati ,3.39,0
B-000970,thane,4.52,0
B-009834,PUNE,2.03,0
B-000049,Baramati,3.25,0
B-005241,PUNE,4.12,0
B-004798,Nashik,2.92,0
B-000373,NASHIK,4.72,0
B-007976,Baramati,0.7,6000
B-002931,Shirur,1.75,6000
B-009876,pune ,3.46,0
B-000870,Shirur,3.78,0
B-002375,thane,4.18,0
B-002469,Baramati,4.08,0
B-000709,BARAMATI,0.95,6000
B-009238,THANE,3.12,0
B-009523,Nashik,1.75,6000
B-004955,Thane,3.63,0
B-003237,BARAMATI,3.89,0
B-006726,THANE,3.63,0
B-003883,Pune,3.83,0
B-001281,NASHIK,3.07,0
B-004371,NASHIK,1.74,6000
B-004985,pune ,4.2,0
B-005949,Baramati,3.82,0
B-003204,Shirur,1.31,6000
B-004471,Baramati,1.39,6000
B-007708,Baramati ,2.57,0
B-008658,NASHIK,2.52,0
B-009177,Nashik,1.11,6000
B-005421,PUNE,3.77,0
B-000092,Shirur,1.42,6000
B-005088,NASHIK,3.9,0
B-004548,Baramati ,4.26,0
B-006773,Thane,1.19,6000
B-006564,PUNE,4.25,0
B-000343,pune ,2.63,0
B-000042,Pune,1.27,6000
B-004991,Pune,2.9,0
B-009553,NASHIK,4.29,0
B-004401,Thane,0.99,6000
B-004486,pune ,1.45,6000
B-000698,pune ,2.37,0
B-009375,Thane,1.53,6000
B-001721,pune ,1.7,6000
B-007018,THANE,3.71,0
B-008637,NASHIK,2.89,0
B-009395,Nashik,4.55,0
B-009367,Nashik,4.93,0
B-006206,thane,1.21,6000
B-005143,Nashik,2.9,0
B-007321,Nashik,1.47,6000
B-001809,thane,2.41,0
B-007584,Nashik,4.27,0
B-009630,thane,1.76,6000
B-000939,Baramati ,3.23,0
B-001486,Shirur,4.09,0
B-004648,Pune,1.38,6000
B-000446,Baramati ,2.19,0
B-008232,THANE,2.59,0
B-003779,PUNE,4.44,0
B-006668,PUNE,4.08,0
B-008372,pune ,4.55,0
B-002382,Baramati,3.82,0
B-007538,THANE,4.77,0
B-008256,PUNE,3.02,0
B-008967,Thane,4.59,0
B-001618,Nashik,3.71,0
B-004757,pune ,0.74,6000
B-005945,pune ,2.93,0
B-005209,Baramati,4.1,0
B-009573,Baramati,4.59,0
B-001051,THANE,4.36,0
B-009320,THANE,4.48,0
B-000820,Baramati,2.93,0
B-005600,PUNE,2.03,0
B-000572,THANE,0.92,6000
B-006189,Baramati ,1.99,6000
B-007235,pune ,4.23,0
B-003981,Pune,2.42,0
B-003692,Baramati,1.13,6000
B-002690,Baramati,3.64,0
B-008611,PUNE,2.83,0
B-004786,Nashik,2.49,0
B-007352,Thane,3.74,0
B-006038,THANE,0.86,6000
B-009881,BARAMATI,2.57,0
B-002986,NASHIK,1.74,6000
B-008966,BARAMATI,0.63,6000
B-003509,Pune,4.01,0
B-008367,NASHIK,3.61,0
B-000040,Shirur,0.64,6000
B-006781,BARAMATI,1.24,6000
B-002017,Shirur,4.14,0
B-001815,Nashik,0.86,6000
B-003573,Shirur,1.36,6000
B-009959,PUNE,2.48,0
B-002945,THANE,3.41,0
B-005660,Pune,4.04,0
B-006092,Shirur,4.86,0
B-003932,Pune,3.74,0
B-003792,BARAMATI,1.91,6000
B-003649,NASHIK,1.02,6000
B-006663,THANE,3.41,0
B-007653,Baramati ,1.67,6000
B-003990,PUNE,2.96,0
B-007282,pune ,3.2,0
B-000892,Nashik,2.93,0
B-001440,Baramati ,2.71,0
B-006984,PUNE,1.18,6000
B-002299,Baramati ,2.76,0
B-007769,Pune,1.91,6000
B-007889,thane,0.68,6000
B-008342,Thane,2.6,0
B-005783,Pune,3.2,0
B-009570,Pune,3.48,0
B-000618,Baramati,2.2,0
B-009687,NASHIK,2.04,0
B-004155,BARAMATI,3.76,0
B-000256,Baramati ,2.89,0
B-004767,Thane,2.2,0
B-009877,PUNE,1.56,6000
B-008648,pune ,4.09,0
B-001743,THANE,1.53,6000
B-000301,BARAMATI,2.16,0
B-004519,Pune,2.15,0
B-005482,pune ,4.03,0
B-004453,Thane,3.78,0
B-007522,THANE,3.71,0
B-007611,NASHIK,2.61,0
B-005223,Thane,1.44,6000
B-009438,Thane,3.21,0
B-009245,Nashik,3.01,0
B-005487,Nashik,2.1,0
B-002384,Pune,3.98,0
B-007197,NASHIK,4.79,0
B-003807,THANE,1.33,6000
B-008234,PUNE,0.77,6000
B-004182,Pune,4.68,0
B-000742,Thane,1.64,6000
B-003251,THANE,1.06,6000
B-002981,THANE,4.62,0
B-005749,Shirur,0.52,6000
B-006918,NASHIK,3.8,0
B-001957,NASHIK,1.3,6000
B-001359,thane,2.74,0
B-004212,Baramati,2.82,0
B-006753,Thane,3.73,0
B-003656,Baramati,2.88,0
B-001305,PUNE,2.3,0
B-001468,Baramati,1.2,6000
B-004640,PUNE,1.14,6000
B-007852,Thane,3.29,0
B-001198,Baramati ,3.77,0
B-003961,THANE,3.07,0
B-009659,NASHIK,3.5,0
B-000332,Baramati ,2.33,0
B-006463,pune ,0.59,6000
B-005450,Thane,3.9,0
B-001899,pune ,2.16,0
B-009800,Shirur,4.3,0
B-007947,Thane,1.46,6000
B-005787,Baramati ,4.82,0
B-001918,Baramati ,0.87,6000
B-000351,Pune,4.2,0
B-005589,Baramati ,4.75,0
B-004243,NASHIK,2.25,0
B-002960,BARAMATI,4.76,0
B-005722,BARAMATI,3.91,0
B-003848,Pune,1.34,6000
B-006602,Baramati,3.75,0
B-005132,BARAMATI,2.03,0
B-009669,NASHIK,1.34,6000
B-002655,Baramati,4.82,0
B-006500,Shirur,0.6,6000
B-004272,PUNE,2.61,0
B-006591,Baramati ,2.35,0
B-005780,Baramati ,4.38,0
B-004460,THANE,3.09,0
B-008329,THANE,2.77,0
B-007699,Pune,3.97,0
B-003086,Shirur,0.99,6000
B-003101,Baramati,3.0,0
B-002993,THANE,2.83,0
B-008412,Baramati ,1.99,6000
B-009308,pune ,2.6,0
B-009833,Shirur,0.78,6000
B-009924,Shirur,2.03,0
B-001826,Baramati ,3.59,0
B-004231,Pune,4.97,0
B-003325,Baramati ,1.57,6000
B-008143,Baramati,1.44,6000
B-002827,BARAMATI,1.37,6000
B-003989,THANE,1.66,6000
B-003950,BARAMATI,4.48,0
B-009593,PUNE,2.28,0
B-004112,Baramati,4.13,0
B-001139,PUNE,0.91,6000
B-003604,Shirur,3.2,0
B-001357,THANE,2.6,0
B-007762,PUNE,2.95,0
B-009562,Nashik,4.89,0
B-004216,Baramati,3.17,0
B-002301,NASHIK,3.55,0
B-001733,thane,1.48,6000
B-001231,Thane,3.4,0
B-006352,Baramati,0.68,6000
B-001290,Thane,4.35,0
B-002968,Shirur,0.85,6000
B-008352,PUNE,4.63,0
B-008915,Nashik,3.93,0
B-003397,thane,3.91,0
B-007441,BARAMATI,4.96,0
B-004954,PUNE,2.58,0
B-003945,THANE,4.36,0
B-003923,THANE,3.74,0
B-008899,THANE,4.51,0
B-004930,Pune,4.6,0
B-009451,Baramati,4.19,0
B-005695,Pune,3.14,0
B-000184,BARAMATI,4.0,0
B-008431,PUNE,2.97,0
B-000354,Nashik,2.86,0
B-001048,Pune,1.6,6000
B-001320,Thane,2.0,0
B-001104,NASHIK,3.66,0
B-004200,Baramati ,3.78,0
B-000322,Nashik,1.04,6000
B-001204,Shirur,4.59,0
B-008583,Pune,4.47,0
B-005883,NASHIK,1.46,6000
B-002116,BARAMATI,3.24,0
B-009116,BARAMATI,1.1,6000
B-004716,Pune,0.84,6000
B-007722,Nashik,0.82,6000
B-008924,PUNE,4.42,0
B-004784,NASHIK,3.97,0
B-002323,Baramati ,0.99,6000
B-005771,Baramati ,1.52,6000
B-001775,Thane,2.88,0
B-003680,BARAMATI,4.27,0
B-003862,Nashik,1.13,6000
B-008982,Thane,1.38,6000
B-001398,Shirur,1.21,6000
B-006012,Baramati,3.23,0
B-003366,THANE,1.17,6000
B-009613,Baramati,2.53,0
B-009889,BARAMATI,2.02,0
B-006309,PUNE,0.92,6000
B-008124,Pune,3.63,0
B-001374,Shirur,1.82,6000
B-005275,THANE,2.91,0
B-006353,Shirur,0.69,6000
B-000564,BARAMATI,3.34,0
B-007210,BARAMATI,1.57,6000
B-003099,Thane,2.43,0
B-003158,Shirur,0.71,6000
B-005616,Shirur,0.93,6000
B-000890,Shirur,1.08,6000
B-000136,Pune,4.72,0
B-008362,Baramati,4.44,0
B-005066,Pune,2.84,0
B-004132,Baramati,2.13,0
B-003439,Thane,4.48,0
B-005707,PUNE,4.18,0
B-000789,Pune,2.24,0
B-005018,NASHIK,2.55,0
B-008824,BARAMATI,4.73,0
B-009846,Baramati,0.95,6000
B-004354,pune ,3.95,0
B-005406,Baramati ,4.54,0
B-000963,BARAMATI,0.73,6000
B-009165,Thane,2.79,0
B-008397,pune ,2.46,0
B-001068,PUNE,2.68,0
B-007586,thane,2.41,0
B-009850,THANE,3.4,0
B-003535,pune ,3.3,0
B-008009,THANE,4.24,0
B-003447,Baramati ,3.87,0
B-003035,Pune,1.02,6000
B-000356,Baramati ,4.53,0
B-008845,Pune,4.07,0
B-005428,thane,4.01,0
B-001880,BARAMATI,1.84,6000
B-004707,thane,4.38,0
B-003124,THANE,3.81,0
B-008591,THANE,1.11,6000
B-007159,Pune,1.45,6000
B-008740,NASHIK,2.18,0
B-004766,Shirur,1.06,6000
B-009538,PUNE,3.5,0
B-009374,thane,3.61,0
B-001905,Pune,3.23,0
B-008378,Pune,2.78,0
B-002321,Nashik,3.11,0
B-004455,PUNE,4.11,0
B-003348,Baramati ,3.08,0
B-002112,Pune,3.72,0
B-008551,thane,4.96,0
B-000045,Nashik,4.13,0
B-009643,Thane,3.9,0
B-005711,Shirur,3.08,0
B-008773,NASHIK,2.39,0
B-005716,Nashik,3.08,0
B-005590,Thane,4.41,0
B-003073,NASHIK,1.83,6000
B-009777,THANE,3.39,0
B-002588,Nashik,3.86,0
B-007608,NASHIK,3.55,0
B-007832,thane,0.9,6000
B-000874,THANE,1.83,6000
B-001268,THANE,4.03,0
B-003491,Nashik,2.23,0
B-002078,Nashik,1.62,6000
B-002141,BARAMATI,3.04,0
B-004392,Baramati ,0.6,6000
B-006389,THANE,4.49,0
B-008087,Nashik,3.28,0
B-002258,Baramati,4.79,0
B-005720,Baramati,0.99,6000
B-001669,Baramati,1.82,6000
B-007867,pune ,3.99,0
B-009677,Thane,2.32,0
B-004568,THANE,4.82,0
B-003953,Pune,2.34,0
B-001465,Shirur,0.6,6000
B-003033,THANE,2.63,0
B-006757,Thane,3.38,0
B-003963,thane,3.94,0
B-002079,Pune,3.39,0
B-002513,pune ,3.87,0
B-005411,Baramati ,3.03,0
B-003262,Shirur,1.53,6000
B-005095,Nashik,1.49,6000
B-000976,NASHIK,3.48,0
B-004647,BARAMATI,3.43,0
B-005898,THANE,1.12,6000
B-001326,THANE,3.91,0
B-009723,Baramati ,4.23,0
B-001757,BARAMATI,4.82,0
B-005116,NASHIK,1.03,6000
B-008560,pune ,4.56,0
B-002773,Nashik,3.25,0
B-009292,BARAMATI,0.63,6000
B-000427,pune ,2.33,0
B-001317,BARAMATI,2.95,0
B-007175,pune ,2.45,0
B-009195,Baramati ,0.92,6000
B-008529,THANE,2.22,0
B-007292,Thane,2.05,0
B-007980,NASHIK,0.83,6000
B-005731,Baramati,0.57,6000
B-009644,thane,4.14,0
B-000525,PUNE,3.52,0
B-002156,NASHIK,4.47,0
B-006843,Baramati,4.13,0
B-003038,BARAMATI,3.07,0
B-000656,PUNE,1.63,6000
B-009309,Baramati,4.0,0
B-003149,Thane,2.94,0
B-003283,Baramati,3.14,0
B-008428,Baramati ,4.32,0
B-006395,Baramati ,3.32,0
B-009315,Pune,4.35,0
B-001436,pune ,2.65,0
B-004050,Baramati,0.5,6000
B-006742,NASHIK,4.33,0
B-000088,Thane,3.2,0
B-009313,Thane,0.78,6000
B-004245,Pune,1.03,6000
B-005069,Thane,2.77,0
B-001596,PUNE,0.87,6000
B-007535,Baramati,4.16,0
B-004183,BARAMATI,4.21,0
B-006260,Pune,0.72,6000
B-001898,PUNE,2.19,0
B-007066,Pune,3.25,0
B-000296,Baramati ,0.86,6000
B-008572,NASHIK,3.23,0
B-001960,Shirur,1.95,6000
B-000003,thane,2.34,0
B-007735,pune ,4.38,0
B-009957,THANE,1.38,6000
B-008350,Nashik,4.77,0
B-003273,NASHIK,2.35,0
B-002893,pune ,0.73,6000
B-003238,BARAMATI,1.49,6000
B-004667,Baramati ,1.72,6000
B-005459,thane,2.48,0
B-006440,Nashik,1.77,6000
B-007408,pune ,0.76,6000
B-000563,thane,4.48,0
B-000739,Shirur,2.31,0
B-007318,Thane,3.52,0
B-009175,Nashik,1.12,6000
B-009534,Pune,3.0,0
B-002847,PUNE,3.86,0
B-002266,thane,3.76,0
B-005527,thane,4.65,0
B-005469,Pune,4.92,0
B-003726,Nashik,3.65,0
B-003310,Nashik,0.8,6000
B-005956,Baramati ,0.6,6000
B-006178,THANE,3.54,0
B-001434,Baramati ,0.8,6000
B-005648,Baramati,1.39,6000
B-004148,thane,1.54,6000
B-005509,pune ,4.79,0
B-000593,BARAMATI,2.11,0
B-004122,pune ,1.41,6000
B-002411,Thane,0.99,6000
B-008986,THANE,4.67,0
B-006777,thane,0.55,6000
B-006990,pune ,3.55,0
B-005045,PUNE,3.21,0
B-007463,Pune,2.21,0
B-002050,Baramati,3.88,0
B-003628,Baramati,4.21,0
B-008125,NASHIK,1.93,6000
B-003962,thane,2.73,0
B-008599,Nashik,4.89,0
B-002783,Thane,1.05,6000
B-003759,Baramati,2.51,0
B-003775,NASHIK,2.95,0
B-008525,Baramati ,1.69,6000
B-003949,Pune,3.77,0
B-007654,pune ,4.39,0
B-005726,BARAMATI,0.72,6000
B-006403,Thane,1.82,6000
B-003135,Pune,4.88,0
B-001806,PUNE,2.44,0
B-001884,Baramati ,4.98,0
B-002587,Baramati,2.53,0
B-008341,NASHIK,1.63,6000
B-004515,PUNE,2.29,0
B-009785,THANE,0.99,6000
B-007275,pune ,4.57,0
B-006927,Shirur,4.06,0
B-005900,NASHIK,2.81,0
B-005343,pune ,0.84,6000
B-007845,pune ,3.38,0
B-005277,thane,4.52,0
B-008379,Nashik,2.91,0
B-002802,pune ,0.96,6000
B-007155,Baramati,1.67,6000
B-009761,Thane,1.27,6000
B-003904,THANE,2.03,0
B-005089,thane,4.03,0
B-002897,NASHIK,3.23,0
B-009543,Baramati,3.91,0
B-005588,Baramati,4.44,0
B-001498,THANE,1.59,6000
B-008768,PUNE,4.32,0
B-004088,pune ,2.95,0
B-005810,BARAMATI,2.34,0
B-001924,BARAMATI,1.53,6000
B-007831,thane,4.82,0
B-002175,Pune,2.72,0
B-005971,Shirur,3.15,0
B-001878,Shirur,3.36,0
B-001662,Thane,3.56,0
B-006630,PUNE,2.54,0
B-002917,Shirur,0.77,6000
B-001278,thane,1.56,6000
B-004590,Thane,2.83,0
B-006148,pune ,4.37,0
B-007164,Pune,2.14,0
B-004036,Pune,2.19,0
B-004706,pune ,0.88,6000
B-000347,pune ,1.31,6000
B-004628,NASHIK,2.07,0
B-003041,NASHIK,1.22,6000
B-002584,Thane,3.55,0
B-009696,NASHIK,2.15,0
B-007276,BARAMATI,2.93,0
B-004021,thane,4.72,0
B-005274,NASHIK,1.69,6000
B-004188,Nashik,1.18,6000
B-002296,PUNE,2.85,0
B-005100,pune ,0.83,6000
B-001820,Nashik,1.12,6000
B-004829,Nashik,2.29,0
B-000444,thane,3.9,0
B-004307,Pune,3.01,0
B-006961,THANE,3.98,0
B-007967,Baramati ,1.56,6000
B-008401,Nashik,3.24,0
B-007720,Baramati ,4.03,0
B-002845,Pune,4.79,0
B-003226,pune ,4.51,0
B-006433,Pune,4.33,0
B-008148,Pune,4.78,0
B-009207,Shirur,3.78,0
B-004246,NASHIK,4.29,0
B-003769,Thane,4.89,0
B-002586,Nashik,3.73,0
B-000069,Baramati ,2.78,0
B-009430,Baramati ,3.42,0
B-005824,Baramati ,4.47,0
B-003109,BARAMATI,4.31,0
B-000826,Nashik,2.8,0
B-002666,NASHIK,0.8,6000
B-008509,PUNE,1.78,6000
B-002128,thane,3.32,0
B-006074,THANE,2.56,0
B-008933,Pune,3.63,0
B-001943,thane,0.91,6000
B-002207,pune ,1.56,6000
B-004660,THANE,2.31,0
B-007823,Thane,2.65,0
B-008119,THANE,3.96,0
B-008600,NASHIK,1.34,6000
B-008157,Nashik,2.53,0
B-003473,Thane,4.01,0
B-001725,Nashik,0.79,6000
B-003434,NASHIK,3.49,0
B-006108,thane,2.73,0
B-006997,THANE,2.72,0
B-009391,THANE,1.17,6000
B-008886,Nashik,3.09,0
B-003693,Thane,2.78,0
B-006033,Shirur,4.3,0
B-006017,pune ,1.94,6000
B-001873,Nashik,1.38,6000
B-000819,Shirur,0.67,6000
B-007837,NASHIK,2.89,0
B-001932,NASHIK,2.86,0
B-007177,Thane,3.4,0
B-008724,NASHIK,3.31,0
B-001607,Baramati,2.16,0
B-001195,Shirur,1.71,6000
B-009259,Pune,3.49,0
B-003875,BARAMATI,3.9,0
B-009657,Thane,2.21,0
B-001447,Nashik,1.99,6000
B-008219,thane,3.06,0
B-006306,Pune,3.53,0
B-009716,pune ,1.76,6000
B-004236,THANE,1.29,6000
B-004468,Shirur,2.04,0
B-006763,BARAMATI,1.71,6000
B-008784,pune ,4.7,0
B-002056,Thane,2.57,0
B-000391,Thane,1.38,6000
B-008961,BARAMATI,4.22,0
B-000811,Nashik,1.82,6000
B-001339,NASHIK,1.61,6000
B-000492,pune ,3.58,0
B-001766,Shirur,3.09,0
B-006617,Baramati ,4.05,0
B-006216,Baramati,4.4,0
B-004749,Baramati,2.96,0
B-003686,Nashik,4.71,0
B-002742,BARAMATI,2.32,0
B-002129,Baramati ,0.86,6000
B-002958,NASHIK,4.62,0
B-002952,pune ,2.9,0
B-004860,BARAMATI,3.75,0
B-002820,thane,1.3,6000
B-000163,BARAMATI,2.25,0
B-003374,Nashik,1.27,6000
B-009774,Nashik,1.5,6000
B-006480,Shirur,1.5,6000
B-001630,THANE,3.24,0
B-006853,NASHIK,2.17,0
B-007799,Baramati,4.37,0
B-009910,THANE,0.98,6000
B-006624,Shirur,2.26,0
B-004763,BARAMATI,0.62,6000
B-009077,NASHIK,2.7,0
B-003662,Baramati ,4.8,0
B-005050,THANE,1.96,6000
B-003122,Nashik,1.94,6000
B-005056,thane,3.98,0
B-005479,Baramati ,4.21,0
B-001187,Baramati,0.53,6000
B-001373,Baramati ,3.33,0
B-002764,PUNE,4.45,0
B-003456,THANE,4.21,0
B-003316,PUNE,4.67,0
B-000585,PUNE,4.61,0
B-000649,Nashik,2.68,0
B-001328,Pune,1.4,6000
B-008092,Shirur,2.0,0
B-009230,Baramati,1.71,6000
B-002569,Pune,0.89,6000
B-002596,BARAMATI,1.45,6000
B-006980,Baramati ,0.9,6000
B-008187,Baramati ,2.54,0
B-003240,BARAMATI,4.22,0
B-006270,Baramati,0.98,6000
B-009595,Shirur,1.28,6000
B-002976,Nashik,4.49,0
B-004268,Thane,2.64,0
B-003689,THANE,0.94,6000
B-008595,Thane,2.51,0
B-006729,BARAMATI,0.71,6000
B-004464,Nashik,1.7,6000
B-008153,pune ,3.64,0
B-001025,NASHIK,4.11,0
B-001923,Baramati ,4.78,0
B-009266,PUNE,0.66,6000
B-008834,BARAMATI,1.3,6000
B-001726,Thane,3.27,0
B-006304,PUNE,3.63,0
B-007817,THANE,2.63,0
B-000844,Pune,3.22,0
B-006192,pune ,3.91,0
B-008556,Pune,1.72,6000
B-003877,pune ,1.56,6000
B-005032,THANE,2.87,0
B-007091,BARAMATI,2.31,0
B-009960,pune ,4.71,0
B-000682,THANE,4.14,0
B-004927,Thane,2.37,0
B-002151,BARAMATI,4.39,0
B-006374,Nashik,2.78,0
B-006454,thane,2.93,0
B-003194,Baramati ,1.84,6000
B-002535,pune ,1.12,6000
B-001879,Shirur,2.02,0
B-002027,BARAMATI,4.92,0
B-002328,NASHIK,1.76,6000
B-008628,NASHIK,2.03,0
B-009440,Nashik,2.4,0
B-001076,BARAMATI,4.08,0
B-004658,BARAMATI,4.04,0
B-000235,Nashik,1.8,6000
B-000288,THANE,1.08,6000
B-005937,Nashik,4.6,0
B-009935,PUNE,4.16,0
B-006876,Thane,4.93,0
B-003828,Pune,1.11,6000
B-002232,Pune,4.47,0
B-004309,Pune,1.2,6000
B-008399,Baramati ,2.18,0
B-001451,Baramati,3.14,0
B-003741,Baramati,0.83,6000
B-007682,Baramati,1.09,6000
B-009733,PUNE,4.1,0
B-004412,BARAMATI,0.81,6000
B-005635,Pune,1.96,6000
B-001861,thane,0.65,6000
B-000734,Baramati,3.35,0
B-007655,Thane,3.0,0
B-009085,pune ,3.57,0
B-006954,Baramati ,1.86,6000
B-003377,THANE,2.86,0
B-009822,Thane,2.24,0
B-008652,Nashik,4.98,0
B-002487,thane,1.15,6000
B-007846,Shirur,4.96,0
B-000001,Baramati,2.4,0
B-001117,NASHIK,4.05,0
B-002818,Shirur,4.77,0
B-002350,NASHIK,2.36,0
B-003844,Shirur,0.53,6000
B-007690,BARAMATI,4.31,0
B-004030,Shirur,3.67,0
B-007365,BARAMATI,1.8,6000
B-002455,PUNE,2.87,0
B-007298,pune ,3.68,0
B-006920,PUNE,3.82,0
B-008615,Baramati,4.26,0
B-009702,pune ,1.4,6000
B-000060,pune ,4.45,0
B-006215,NASHIK,0.53,6000
B-007554,Baramati ,3.31,0
B-006474,Pune,2.2,0
B-007158,Pune,4.48,0
B-003234,THANE,1.6,6000
B-002048,Baramati ,2.7,0
B-008457,Baramati,3.73,0
B-003193,thane,2.05,0
B-008811,THANE,1.24,6000
B-001808,thane,2.32,0
B-009898,Shirur,0.89,6000
B-004319,thane,1.3,6000
B-003459,pune ,4.55,0
B-001963,thane,2.59,0
B-006493,Baramati ,3.86,0
B-002333,BARAMATI,3.03,0
B-007064,Baramati ,2.68,0
B-008608,Thane,1.2,6000
B-001541,Nashik,4.74,0
B-006488,BARAMATI,1.14,6000
B-008759,PUNE,2.8,0
B-001120,NASHIK,3.84,0
B-002373,Thane,4.55,0
B-007779,THANE,1.58,6000
B-006882,PUNE,2.27,0
B-009362,THANE,4.41,0
B-002230,Shirur,2.48,0
B-006208,PUNE,3.4,0
B-001539,pune ,0.78,6000
B-005211,NASHIK,1.47,6000
B-009634,thane,4.04,0
B-001247,Shirur,1.48,6000
B-008543,Nashik,3.45,0
B-000182,pune ,4.81,0
B-001524,Pune,1.97,6000
B-007102,pune ,1.2,6000
B-002312,Nashik,4.59,0
B-002206,Baramati,3.83,0
B-004301,pune ,4.8,0
B-008340,Shirur,2.42,0
B-000068,BARAMATI,3.46,0
B-007870,Nashik,0.84,6000
B-004508,Baramati ,1.56,6000
B-006897,THANE,1.15,6000
B-000121,pune ,1.96,6000
B-004044,BARAMATI,3.66,0
B-006470,Baramati,4.05,0
B-006962,THANE,1.41,6000
B-003443,THANE,4.73,0
B-002553,Baramati ,2.38,0
B-009482,thane,3.76,0
B-003043,thane,3.82,0
B-003799,thane,1.48,6000
B-007234,Thane,1.8,6000
B-004689,Pune,3.07,0
B-007590,Baramati ,4.39,0
B-001197,Nashik,4.15,0
B-007227,thane,3.25,0
B-006015,Shirur,1.02,6000
B-003215,thane,3.22,0
B-004320,Nashik,2.47,0
B-003852,pune ,3.07,0
B-001488,thane,0.81,6000
B-001575,Pune,1.99,6000
B-002049,NASHIK,4.55,0
B-005037,thane,3.92,0
B-009773,thane,3.73,0
B-001000,Baramati,2.71,0
B-008365,BARAMATI,1.12,6000
B-005224,THANE,4.76,0
B-003629,THANE,1.59,6000
B-008903,pune ,0.63,6000
B-000275,NASHIK,3.89,0
B-005624,PUNE,1.11,6000
B-007331,BARAMATI,2.29,0
B-000770,Shirur,4.38,0
B-001708,THANE,1.35,6000
B-003874,Pune,4.48,0
B-007481,Baramati ,3.92,0
B-009549,thane,3.23,0
B-009853,NASHIK,4.48,0
B-001300,THANE,2.77,0
B-000346,Nashik,2.47,0
B-001001,NASHIK,1.45,6000
B-002076,Shirur,3.75,0
B-003943,BARAMATI,3.5,0
B-005535,BARAMATI,1.33,6000
B-005331,NASHIK,2.91,0
B-006472,Pune,4.09,0
B-004556,Pune,1.41,6000
B-007949,Baramati ,4.9,0
B-005245,Baramati,4.65,0
B-001934,NASHIK,0.87,6000
B-005843,Nashik,4.35,0
B-008510,Nashik,1.94,6000
B-000124,thane,0.8,6000
B-006479,pune ,4.79,0
B-002262,Shirur,3.07,0
B-000981,PUNE,0.6,6000
B-005677,pune ,3.39,0
B-001992,pune ,4.01,0
B-000074,Shirur,4.74,0
B-007904,Shirur,2.07,0
B-008433,Pune,0.92,6000
B-009458,Baramati,2.65,0
B-009068,NASHIK,4.41,0
B-004257,THANE,1.37,6000
B-009168,Nashik,4.2,0
B-006146,Pune,3.09,0
B-004096,thane,0.87,6000
B-000749,NASHIK,3.17,0
B-005721,PUNE,3.24,0
B-009176,PUNE,1.15,6000
B-000490,Pune,3.35,0
B-002913,Shirur,1.18,6000
B-001261,Baramati,1.21,6000
B-007802,NASHIK,4.66,0
B-001031,thane,2.35,0
B-007320,NASHIK,1.13,6000
B-007010,PUNE,3.23,0
B-007208,Shirur,3.53,0
B-002846,PUNE,1.01,6000
B-009893,Thane,0.97,6000
B-001581,pune ,0.69,6000
B-000175,Nashik,3.75,0
B-003095,thane,1.11,6000
B-006589,BARAMATI,3.48,0
B-004676,THANE,3.92,0
B-008917,Baramati,1.39,6000
B-005293,Nashik,3.86,0
B-006572,Baramati,0.67,6000
B-003585,Nashik,1.37,6000
B-008471,Thane,2.02,0
B-004015,THANE,0.56,6000
B-001555,pune ,2.55,0
B-005786,NASHIK,4.15,0
B-008581,THANE,0.97,6000
B-006649,Baramati ,1.29,6000
B-003838,PUNE,1.78,6000
B-009676,THANE,3.57,0
B-003554,NASHIK,2.86,0
B-003406,BARAMATI,4.37,0
B-002453,Nashik,3.49,0
B-004409,pune ,1.18,6000
B-008712,Baramati ,2.19,0
B-006635,Pune,4.28,0
B-000657,Nashik,1.37,6000
B-009291,BARAMATI,4.98,0
B-008024,BARAMATI,3.75,0
B-009597,PUNE,4.15,0
B-001841,Shirur,3.45,0
B-008466,Baramati,3.72,0
B-006367,Nashik,3.18,0
B-001079,pune ,4.01,0
B-002219,Nashik,2.73,0
B-008714,Pune,3.99,0
B-001860,Baramati,4.86,0
B-004795,PUNE,1.14,6000
B-009665,Baramati,2.41,0
B-002614,BARAMATI,2.97,0
B-002073,THANE,2.15,0
B-001553,Baramati ,3.93,0
B-006700,pune ,1.45,6000
B-000760,Pune,1.67,6000
B-003617,PUNE,4.5,0
B-007854,pune ,0.62,6000
B-006378,thane,4.69,0
B-008526,Thane,1.05,6000
B-005920,Nashik,1.23,6000
B-004076,Baramati,3.01,0
B-006363,Baramati ,0.77,6000
B-006266,Nashik,3.29,0
B-008643,thane,3.73,0
B-008527,PUNE,2.44,0
B-007646,Nashik,0.6,6000
B-002697,Baramati,1.08,6000
B-004481,Baramati ,2.89,0
B-008687,PUNE,2.04,0
B-008708,Baramati ,4.79,0
B-001588,pune ,4.22,0
B-000778,NASHIK,3.34,0
B-009103,Pune,1.5,6000
B-002799,Shirur,4.4,0
B-004127,Pune,1.62,6000
B-003137,PUNE,0.58,6000
B-007555,BARAMATI,4.59,0
B-004700,Thane,4.8,0
B-002512,Nashik,4.61,0
B-001160,NASHIK,2.53,0
B-001322,Thane,4.52,0
B-001679,Baramati ,3.3,0
B-002626,BARAMATI,2.49,0
B-004677,NASHIK,4.0,0
B-009576,BARAMATI,2.17,0
B-007777,Thane,4.3,0
B-006873,Baramati,1.63,6000
B-002699,PUNE,1.12,6000
B-005867,Baramati ,2.58,0
B-005380,Pune,1.0,6000
B-007354,THANE,0.77,6000
B-009456,PUNE,4.09,0
B-000532,THANE,1.05,6000
B-005490,Baramati,0.62,6000
B-003578,Shirur,4.07,0
B-007192,THANE,1.53,6000
B-005346,thane,2.29,0
B-005841,PUNE,2.7,0
B-007072,Thane,2.82,0
B-000785,THANE,0.56,6000
B-000405,PUNE,4.16,0
B-000131,NASHIK,2.15,0
B-007943,PUNE,1.17,6000
B-005675,Pune,4.41,0
B-008176,PUNE,4.88,0
B-007187,Shirur,0.77,6000
B-002695,PUNE,1.38,6000
B-002007,Pune,2.34,0
B-006373,PUNE,1.61,6000
B-009435,thane,3.71,0
B-006669,BARAMATI,0.86,6000
B-007043,Pune,4.16,0
B-005496,Baramati ,2.13,0
B-008650,THANE,4.79,0
B-001501,thane,1.85,6000
B-008919,Thane,1.29,6000
B-002482,Shirur,1.38,6000
B-002941,Pune,3.04,0
B-000291,pune ,2.07,0
B-009983,THANE,3.54,0
B-006256,thane,2.42,0
B-003773,Thane,3.18,0
B-008483,thane,0.63,6000
B-006138,PUNE,3.03,0
B-002013,BARAMATI,1.4,6000
B-006639,NASHIK,4.12,0
B-007483,Baramati,3.23,0
B-005793,pune ,4.2,0
B-007946,thane,4.65,0
B-007622,Thane,4.5,0
B-003281,Thane,4.2,0
B-008776,PUNE,2.09,0
B-000249,PUNE,2.86,0
B-001479,pune ,3.65,0
B-007941,thane,0.59,6000
B-003046,Pune,4.91,0
B-004244,Thane,2.37,0
B-003648,PUNE,1.9,6000
B-001704,BARAMATI,3.32,0
B-003368,Pune,3.9,0
B-006842,PUNE,0.73,6000
B-005559,Nashik,2.69,0
B-002902,thane,1.06,6000
B-000239,Baramati ,0.67,6000
B-009904,Shirur,3.45,0
B-008299,Nashik,1.56,6000
B-001089,THANE,0.81,6000
B-009890,Shirur,3.03,0
B-009303,Shirur,4.36,0
B-003008,NASHIK,3.63,0
B-000289,Nashik,0.51,6000
B-003418,Baramati,3.5,0
B-001245,Shirur,0.8,6000
B-005914,pune ,0.69,6000
B-007864,Nashik,3.24,0
B-000885,Pune,4.14,0
B-005811,Baramati ,3.41,0
B-007661,Nashik,4.2,0
B-005813,Thane,4.02,0
B-005626,THANE,4.95,0
B-002971,NASHIK,1.51,6000
B-005801,PUNE,1.39,6000
B-002178,Nashik,2.48,0
B-008735,PUNE,4.16,0
B-000777,Thane,3.21,0
B-000792,Shirur,1.82,6000
B-004573,Thane,4.59,0
B-002691,PUNE,1.17,6000
B-001019,thane,1.79,6000
B-006447,Pune,2.68,0
B-005433,Nashik,1.7,6000
B-008882,Baramati,4.24,0
B-009836,BARAMATI,2.47,0
B-009903,Baramati,3.82,0
B-008414,THANE,3.51,0
B-005250,Nashik,1.8,6000
B-006153,Nashik,4.6,0
B-004871,Nashik,2.51,0
B-000433,Pune,0.8,6000
B-006504,Baramati ,1.24,6000
B-009972,Thane,4.32,0
B-009026,NASHIK,1.13,6000
B-006283,Baramati,2.6,0
B-008228,THANE,2.57,0
B-009574,THANE,4.3,0
B-005879,PUNE,0.9,6000
B-005449,Pune,4.28,0
B-001750,NASHIK,3.49,0
B-004070,Pune,3.34,0
B-004145,NASHIK,3.32,0
B-000684,PUNE,4.32,0
B-003246,THANE,4.75,0
B-005306,PUNE,1.56,6000
B-008473,NASHIK,3.66,0
B-005631,Nashik,3.07,0
B-009970,Nashik,2.77,0
B-001383,Nashik,2.52,0
B-002694,pune ,4.54,0
B-006377,PUNE,4.89,0
B-002187,Pune,3.79,0
B-004359,THANE,2.77,0
B-008995,Nashik,4.84,0
B-005564,NASHIK,2.79,0
B-008639,PUNE,4.87,0
B-005869,Thane,4.52,0
B-006534,Baramati ,2.91,0
B-008521,pune ,3.91,0
B-001330,thane,4.76,0
B-007128,BARAMATI,2.85,0
B-001523,Shirur,4.67,0
B-008641,Nashik,4.92,0
B-009301,THANE,2.18,0
B-002594,Pune,2.93,0
B-001764,Pune,4.15,0
B-006199,Baramati ,2.93,0
B-009143,Thane,2.63,0
B-001325,thane,3.5,0
B-006144,pune ,4.29,0
B-006198,Thane,3.04,0
B-006964,Baramati ,3.18,0
B-002235,PUNE,3.94,0
B-005145,NASHIK,0.88,6000
B-006313,pune ,2.8,0
B-004869,thane,3.53,0
B-004415,Nashik,1.72,6000
B-007304,pune ,3.2,0
B-007834,Thane,3.02,0
B-009882,THANE,1.18,6000
B-008501,Shirur,3.88,0
B-004502,Nashik,4.74,0
B-009633,NASHIK,4.69,0
B-001627,thane,3.49,0
B-004248,Pune,1.7,6000
B-002975,Nashik,2.1,0
B-000142,Shirur,1.03,6000
B-001166,PUNE,4.06,0
B-002441,Thane,1.01,6000
B-006973,Thane,0.7,6000
B-006101,THANE,3.39,0
B-009420,pune ,2.69,0
B-003647,NASHIK,4.52,0
B-001237,Shirur,2.99,0
B-000027,Baramati,2.0,0
B-004696,Thane,2.09,0
B-005962,thane,3.11,0
B-004118,NASHIK,3.52,0
B-009445,Thane,1.32,6000
B-004776,NASHIK,0.7,6000
B-000089,Nashik,4.67,0
B-003161,Shirur,3.38,0
B-005746,Nashik,2.19,0
B-004550,THANE,1.62,6000
B-006896,Baramati ,4.71,0
B-003369,Thane,0.62,6000
B-001131,thane,2.8,0
B-009128,pune ,0.79,6000
B-008485,Pune,1.19,6000
B-002095,BARAMATI,0.96,6000
B-005208,pune ,1.22,6000
B-002338,BARAMATI,3.11,0
B-007568,Baramati,4.21,0
B-002342,Thane,1.74,6000
B-000634,THANE,1.06,6000
B-000387,THANE,4.85,0
B-000155,Baramati,1.7,6000
B-001886,Thane,2.9,0
B-008419,THANE,1.53,6000
B-007672,Pune,4.46,0
B-006977,pune ,4.93,0
B-009580,Thane,2.66,0
B-004079,THANE,2.5,0
B-007106,Nashik,0.81,6000
B-002385,Pune,3.3,0
B-001024,PUNE,0.9,6000
B-000955,PUNE,1.47,6000
B-009813,PUNE,3.14,0
B-003323,Shirur,1.62,6000
B-003882,NASHIK,3.9,0
B-005242,Nashik,3.38,0
B-002337,pune ,4.99,0
B-005059,Baramati,3.72,0
B-009767,PUNE,1.55,6000
B-007780,thane,3.74,0
B-000891,Pune,2.04,0
B-004104,Baramati,0.7,6000
B-000317,Baramati ,1.95,6000
B-007813,THANE,0.92,6000
B-005267,BARAMATI,4.01,0
B-003248,Shirur,0.6,6000
B-009270,pune ,2.12,0
B-004887,Baramati ,3.88,0
B-002000,thane,1.15,6000
B-008216,PUNE,3.27,0
B-006160,Thane,1.93,6000
B-002825,Pune,4.43,0
B-008664,Shirur,1.8,6000
B-002361,Pune,4.04,0
B-008161,Thane,2.31,0
B-003718,PUNE,2.62,0
B-004357,Shirur,2.68,0
B-009091,Shirur,0.79,6000
B-002631,THANE,1.07,6000
B-008017,Baramati ,3.18,0
B-008974,Nashik,3.89,0
B-006413,NASHIK,0.69,6000
B-005528,THANE,4.8,0
B-003829,Shirur,0.51,6000
B-007994,Thane,2.58,0
B-009737,THANE,1.15,6000
B-003196,Baramati ,0.86,6000
B-000230,Baramati ,2.36,0
B-004160,PUNE,4.04,0
B-004645,BARAMATI,3.3,0
B-005998,Thane,3.32,0
B-001426,Baramati ,2.96,0
B-004703,Nashik,3.48,0
B-007552,Nashik,4.12,0
B-001779,Baramati,3.64,0
B-001707,Nashik,2.28,0
B-008493,Nashik,2.97,0
B-009318,Baramati ,4.69,0
B-003563,Thane,3.05,0
B-007081,Shirur,4.52,0
B-006411,PUNE,1.97,6000
B-005152,Nashik,1.68,6000
B-007147,BARAMATI,4.12,0
B-003480,Pune,1.0,6000
B-004993,Nashik,1.11,6000
B-005002,Nashik,3.56,0
B-002597,Pune,4.3,0
B-003185,thane,4.98,0
B-005192,Baramati,3.64,0
B-001567,Thane,4.5,0
B-000222,Pune,2.08,0
B-007885,PUNE,2.64,0
B-006401,Thane,3.57,0
B-000169,Pune,1.52,6000
B-006020,Nashik,2.92,0
B-009931,THANE,4.13,0
B-002314,Baramati,2.4,0
B-000613,Baramati,2.35,0
B-006727,Shirur,3.41,0
B-002058,PUNE,2.82,0
B-008830,Baramati ,1.97,6000
B-006622,Nashik,0.75,6000
B-008448,thane,0.53,6000
B-000207,Pune,3.17,0
B-002760,NASHIK,3.08,0
B-004254,pune ,1.84,6000
B-004788,Nashik,1.63,6000
B-006908,Pune,1.82,6000
B-007466,Thane,4.99,0
B-002438,NASHIK,4.39,0
B-009843,Shirur,4.38,0
B-008587,Nashik,2.46,0
B-000369,thane,2.35,0
B-000910,BARAMATI,4.05,0
B-001770,Baramati ,1.23,6000
B-004325,Baramati ,1.92,6000
B-003221,BARAMATI,2.71,0
B-001616,thane,2.03,0
B-009036,Pune,3.07,0
B-006364,Baramati ,3.96,0
B-008898,Baramati,1.37,6000
B-000339,THANE,4.12,0
B-006449,Pune,2.41,0
B-008132,Baramati,4.36,0
B-005276,BARAMATI,1.66,6000
B-006755,Thane,4.44,0
B-002246,pune ,4.34,0
B-004446,pune ,3.97,0
B-004275,BARAMATI,3.65,0
B-007211,Pune,0.99,6000
B-001633,NASHIK,2.0,0
B-007719,Nashik,2.06,0
B-009923,Pune,0.54,6000
B-003170,NASHIK,2.41,0
B-008797,pune ,1.03,6000
B-008552,pune ,1.82,6000
B-006431,thane,2.43,0
B-000553,thane,3.62,0
B-008384,thane,1.9,6000
B-005369,pune ,3.94,0
B-000812,Nashik,0.8,6000
B-006855,Pune,0.97,6000
B-006097,pune ,1.76,6000
B-005718,PUNE,0.92,6000
B-009350,THANE,4.17,0
B-009424,Baramati ,2.9,0
B-004791,THANE,3.38,0
B-002524,Pune,0.53,6000
B-003014,THANE,0.57,6000
B-003790,thane,3.15,0
B-008669,Thane,2.67,0
B-008855,thane,4.96,0
B-009636,pune ,1.38,6000
B-006492,PUNE,1.28,6000
B-006010,Nashik,4.47,0
B-006139,BARAMATI,2.5,0
B-004241,Pune,4.69,0
B-008694,Baramati ,2.51,0
B-002360,Shirur,2.34,0
B-008872,Baramati ,4.34,0
B-005644,NASHIK,4.15,0
B-002752,PUNE,1.16,6000
B-005175,PUNE,4.64,0
B-004855,Pune,1.42,6000
B-009153,Baramati ,1.53,6000
B-001427,thane,2.04,0
B-009780,Thane,2.06,0
B-005215,Nashik,3.78,0
B-001412,THANE,0.72,6000
B-002433,THANE,2.08,0
B-002685,NASHIK,1.26,6000
B-000100,Baramati ,4.77,0
B-005253,pune ,1.89,6000
B-003791,PUNE,3.52,0
B-007075,Shirur,3.88,0
B-001433,THANE,1.96,6000
B-007631,Baramati ,2.13,0
B-009331,Baramati ,0.71,6000
B-008081,NASHIK,4.75,0
B-001812,Baramati ,1.87,6000
B-007804,BARAMATI,1.78,6000
B-006351,thane,2.02,0
B-001805,pune ,4.41,0
B-004681,PUNE,1.0,6000
B-009778,Baramati,1.19,6000
B-000957,Shirur,4.93,0
B-005295,Baramati ,3.96,0
B-009514,Nashik,3.94,0
B-007310,Shirur,4.9,0
B-006269,NASHIK,4.73,0
B-003104,Shirur,4.17,0
B-002984,PUNE,2.53,0
B-006848,Thane,3.94,0
B-000352,Baramati,3.49,0
B-003722,NASHIK,3.39,0
B-003030,Shirur,1.25,6000
B-000224,pune ,0.64,6000
B-000996,THANE,2.93,0
B-002544,NASHIK,1.26,6000
B-000605,PUNE,4.54,0
B-003559,BARAMATI,3.71,0
B-008810,NASHIK,2.94,0
B-006229,PUNE,3.23,0
B-005683,Thane,4.83,0
B-000057,Pune,1.65,6000
B-001407,Shirur,3.36,0
B-005907,Pune,2.24,0
B-003295,Baramati,1.96,6000
B-007643,THANE,2.76,0
B-001250,pune ,1.7,6000
B-001844,Baramati,1.99,6000
B-007743,Baramati,4.46,0
B-005897,Pune,0.66,6000
B-006664,Shirur,4.05,0
B-006893,Shirur,0.97,6000
B-003032,PUNE,3.72,0
B-002204,Thane,2.48,0
B-006919,THANE,1.79,6000
B-008403,PUNE,4.29,0
B-002239,BARAMATI,4.95,0
B-004039,Baramati ,1.64,6000
B-006278,NASHIK,4.8,0
B-001060,Baramati ,1.68,6000
B-002248,Pune,4.22,0
B-001979,Baramati,4.19,0
B-002552,BARAMATI,3.6,0
B-008123,thane,3.21,0
B-000579,Baramati,2.53,0
B-009199,THANE,0.98,6000
B-004974,NASHIK,3.59,0
B-002738,Shirur,3.51,0
B-007806,Baramati,3.4,0
B-005992,PUNE,1.16,6000
B-007011,thane,4.82,0
B-004919,THANE,3.47,0
B-004462,THANE,3.81,0
B-006099,Nashik,3.06,0
B-001047,Thane,4.95,0
B-004859,THANE,2.82,0
B-000247,pune ,4.48,0
B-009804,Shirur,3.19,0
B-009484,Baramati ,4.97,0
B-007912,BARAMATI,2.67,0
B-008277,Shirur,1.1,6000
B-005989,thane,0.97,6000
B-008029,thane,3.56,0
B-000218,Baramati ,2.2,0
B-009452,Pune,4.15,0
B-008876,Shirur,4.94,0
B-000035,THANE,3.86,0
B-000273,Thane,3.7,0
B-009419,pune ,1.71,6000
B-009413,Baramati,4.24,0
B-007337,NASHIK,1.52,6000
B-006978,thane,1.23,6000
B-004588,Baramati,1.57,6000
B-002704,PUNE,1.18,6000
B-001476,PUNE,4.93,0
B-005423,NASHIK,2.97,0
B-009409,Pune,2.26,0
B-006222,pune ,4.75,0
B-006629,Nashik,1.45,6000
B-005393,pune ,2.83,0
B-008398,THANE,4.66,0
B-002660,Shirur,3.1,0
B-001584,Baramati,1.26,6000
B-008422,PUNE,0.7,6000
B-001560,PUNE,0.57,6000
B-002083,Baramati,1.29,6000
B-006009,Pune,0.57,6000
B-000408,Shirur,2.85,0
B-008235,thane,2.45,0
B-007004,PUNE,0.7,6000
B-003551,Pune,2.79,0
B-007174,NASHIK,3.19,0
B-004912,THANE,4.64,0
B-006291,NASHIK,2.66,0
B-005235,Thane,1.05,6000
B-000815,THANE,0.88,6000
B-008231,Baramati ,1.35,6000
B-006505,Thane,4.09,0
B-005665,Baramati ,0.78,6000
B-002919,Shirur,1.56,6000
B-004291,THANE,1.8,6000
B-006568,BARAMATI,3.42,0
B-008573,NASHIK,4.75,0
B-002169,Nashik,2.8,0
B-006171,Pune,4.04,0
B-006051,Baramati ,2.4,0
B-006502,THANE,3.39,0
B-001612,Baramati,1.92,6000
B-004816,Thane,4.4,0
B-000644,Nashik,1.92,6000
B-004944,NASHIK,4.06,0
B-001421,Pune,0.52,6000
B-002803,Shirur,3.98,0
B-001442,Pune,2.56,0
B-005927,Thane,4.62,0
B-002561,Pune,2.17,0
B-007933,Baramati ,4.75,0
B-006324,Shirur,3.15,0
B-004764,thane,4.25,0
B-006768,BARAMATI,0.59,6000
B-003326,Shirur,0.71,6000
B-005848,Thane,4.88,0
B-007368,NASHIK,2.25,0
B-006094,Baramati ,0.91,6000
B-005131,Pune,4.57,0
B-003338,Thane,4.62,0
B-004190,Baramati ,4.4,0
B-006380,Shirur,0.91,6000
B-007516,Baramati,4.94,0
B-007084,Pune,4.13,0
B-000622,THANE,1.96,6000
B-008047,Thane,3.26,0
B-003814,Nashik,1.71,6000
B-006840,Nashik,2.61,0
B-007858,THANE,3.27,0
B-009346,BARAMATI,3.98,0
B-004753,Baramati,2.43,0
B-001566,THANE,1.41,6000
B-002133,THANE,1.13,6000
B-008090,THANE,3.77,0
B-002509,Nashik,3.3,0
B-002563,pune ,2.25,0
B-008252,thane,4.03,0
B-009717,THANE,1.55,6000
B-001710,Thane,3.01,0
B-000985,THANE,4.54,0
B-004538,Nashik,1.03,6000
B-000626,THANE,4.98,0
B-006887,NASHIK,3.38,0
B-001280,Nashik,0.83,6000
B-002480,Pune,2.17,0
B-001349,Nashik,2.43,0
B-007544,BARAMATI,2.54,0
B-007204,PUNE,3.06,0
B-000540,Thane,0.61,6000
B-007092,Nashik,1.57,6000
B-008512,Pune,4.74,0
B-000568,pune ,2.44,0
B-007905,Shirur,3.94,0
B-002218,BARAMATI,2.55,0
B-004457,NASHIK,2.85,0
B-003278,THANE,4.24,0
B-008846,pune ,2.21,0
B-005847,Baramati ,4.9,0
B-007857,THANE,4.35,0
B-001266,Nashik,2.16,0
B-004569,pune ,4.73,0
B-002889,thane,2.13,0
B-002146,THANE,1.91,6000
B-003886,PUNE,2.57,0
B-003727,thane,1.81,6000
B-003155,PUNE,3.52,0
B-009428,pune ,2.7,0
B-008266,Thane,3.21,0
B-006118,PUNE,0.93,6000
B-003927,NASHIK,4.09,0
B-001301,NASHIK,2.98,0
B-007315,Baramati ,0.91,6000
B-002283,Shirur,3.16,0
B-008050,pune ,2.46,0
B-006852,pune ,1.23,6000
B-008388,Nashik,4.74,0
B-000755,BARAMATI,2.81,0
B-008777,PUNE,2.52,0
B-009915,Shirur,4.47,0
B-007422,Baramati ,3.74,0
B-002979,BARAMATI,1.7,6000
B-005965,pune ,0.97,6000
B-006080,THANE,2.06,0
B-004980,Baramati ,2.18,0
B-005807,Pune,1.94,6000
B-004926,THANE,1.07,6000
B-001243,Nashik,1.14,6000
B-007401,BARAMATI,2.74,0
B-006267,Pune,3.7,0
B-007894,Pune,4.72,0
B-009600,Pune,0.79,6000
B-003025,Thane,1.49,6000
B-009010,Shirur,4.54,0
B-004456,Thane,1.74,6000
B-007113,Pune,2.57,0
B-004159,Baramati,4.22,0
B-000438,Baramati ,4.31,0
B-000539,thane,4.96,0
B-000757,THANE,1.23,6000
B-000108,THANE,3.25,0
B-007475,Shirur,4.48,0
B-009708,Baramati ,0.52,6000
B-008155,PUNE,2.68,0
B-007553,NASHIK,4.75,0
B-007194,THANE,1.32,6000
B-004664,Shirur,1.68,6000
B-009089,thane,1.58,6000
B-008007,pune ,4.97,0
B-005400,PUNE,2.25,0
B-000952,THANE,4.66,0
B-008046,BARAMATI,0.53,6000
B-007792,PUNE,0.77,6000
B-008607,BARAMATI,4.74,0
B-001472,NASHIK,3.64,0
B-000326,Pune,0.91,6000
B-009670,Nashik,2.17,0
B-003195,Pune,3.25,0
B-001953,thane,4.49,0
B-000550,PUNE,4.91,0
B-003783,NASHIK,0.89,6000
B-006765,pune ,2.42,0
B-002477,Shirur,4.46,0
B-001921,Shirur,2.13,0
B-004438,thane,0.74,6000
B-002661,Nashik,1.11,6000
B-003694,Pune,0.65,6000
B-004975,PUNE,4.14,0
B-006429,Nashik,1.91,6000
B-007322,Pune,0.52,6000
B-007501,thane,1.65,6000
B-008343,Shirur,4.23,0
B-007678,NASHIK,0.89,6000
B-003960,THANE,3.08,0
B-005264,Baramati ,3.03,0
B-009976,BARAMATI,3.65,0
B-001674,Baramati,4.15,0
B-008371,pune ,4.09,0
B-000062,THANE,2.61,0
B-001106,Nashik,3.0,0
B-001692,Baramati,4.39,0
B-000912,Thane,2.05,0
B-008564,Nashik,1.66,6000
B-009512,thane,3.95,0
B-005876,Thane,4.26,0
B-005025,PUNE,4.82,0
B-004853,Shirur,2.82,0
B-005628,pune ,4.9,0
B-000726,Baramati,4.12,0
B-001800,THANE,0.87,6000
B-008892,Shirur,3.98,0
B-003593,Pune,1.66,6000
B-004485,Pune,1.19,6000
B-007181,THANE,3.49,0
B-008778,Thane,1.5,6000
B-001011,pune ,0.81,6000
B-001752,Baramati ,1.46,6000
B-001659,Shirur,2.12,0
B-008167,Baramati ,2.86,0
B-000172,Baramati,2.02,0
B-002491,pune ,2.39,0
B-006498,Pune,2.33,0
B-008660,Baramati ,4.91,0
B-001559,Thane,0.68,6000
B-002950,Thane,2.52,0
B-001282,Nashik,2.97,0
B-006888,Shirur,4.98,0
B-004819,Baramati ,4.69,0
B-003042,THANE,1.38,6000
B-006281,Baramati ,4.85,0
B-003713,BARAMATI,4.1,0
B-002197,Thane,4.65,0
B-002152,NASHIK,4.86,0
B-002628,Baramati ,2.33,0
B-002885,pune ,2.93,0
B-003224,BARAMATI,2.0,0
B-000158,thane,4.17,0
B-008992,Baramati ,3.67,0
B-005220,Thane,2.12,0
B-001850,Nashik,2.01,0
B-008837,PUNE,2.14,0
B-007494,Thane,1.22,6000
B-000174,Nashik,1.32,6000
B-001007,Pune,3.17,0
B-002125,THANE,4.72,0
B-003666,BARAMATI,0.98,6000
B-001621,thane,3.33,0
B-009932,Baramati ,3.79,0
B-000161,NASHIK,4.96,0
B-002285,PUNE,4.5,0
B-001587,PUNE,4.78,0
B-008248,PUNE,2.58,0
B-005727,THANE,4.74,0
B-004428,PUNE,3.2,0
B-003757,NASHIK,0.59,6000
B-004054,BARAMATI,4.12,0
B-001193,Shirur,4.74,0
B-001801,NASHIK,2.25,0
B-009161,NASHIK,3.66,0
B-001248,pune ,3.35,0
B-006416,Thane,3.73,0
B-007078,BARAMATI,4.64,0
B-001172,BARAMATI,4.18,0
B-009575,Baramati ,3.64,0
B-004287,PUNE,3.57,0
B-005381,Pune,4.52,0
B-001206,NASHIK,1.11,6000
B-007794,thane,4.56,0
B-008820,Nashik,2.11,0
B-006767,Pune,0.55,6000
B-002118,Thane,3.92,0
B-000583,Shirur,4.64,0
B-009943,PUNE,1.94,6000
B-004154,BARAMATI,1.47,6000
B-007244,Shirur,4.69,0
B-009130,BARAMATI,4.85,0
B-004734,NASHIK,3.59,0
B-009734,Nashik,1.67,6000
B-005060,NASHIK,4.51,0
B-000737,BARAMATI,0.64,6000
B-003190,Baramati ,0.7,6000
B-006647,thane,0.95,6000
B-008104,thane,3.67,0
B-007116,pune ,2.59,0
B-000555,THANE,0.72,6000
B-001611,BARAMATI,3.69,0
B-007781,Nashik,3.53,0
B-007694,NASHIK,0.63,6000
B-007459,Baramati,3.5,0
B-000103,PUNE,0.72,6000
B-004576,Thane,1.8,6000
B-008303,NASHIK,3.3,0
B-004014,Baramati ,3.98,0
B-003600,Pune,1.41,6000
B-006734,Nashik,1.03,6000
B-008815,Baramati ,2.07,0
B-000370,Pune,4.45,0
B-004196,Thane,0.71,6000
B-004318,Nashik,3.64,0
B-007161,Baramati ,0.79,6000
B-002657,THANE,1.85,6000
B-008763,Nashik,4.59,0
B-007013,Baramati,4.96,0
B-004792,BARAMATI,4.46,0
B-005389,Nashik,4.51,0
B-007955,THANE,2.12,0
B-000507,Baramati,4.59,0
B-000374,NASHIK,3.05,0
B-000468,pune ,0.71,6000
B-008921,Thane,0.82,6000
B-005194,Pune,2.33,0
B-007928,thane,3.06,0
B-001487,Nashik,0.56,6000
B-005735,Pune,2.29,0
B-007098,Thane,4.74,0
B-002898,THANE,0.76,6000
B-001574,THANE,2.24,0
B-009401,thane,2.65,0
B-005955,Pune,4.0,0
B-007839,Baramati,4.98,0
B-009132,THANE,1.7,6000
B-000655,NASHIK,1.06,6000
B-001552,Baramati,3.48,0
B-009690,Nashik,4.32,0
B-007990,Baramati ,3.11,0
B-004433,BARAMATI,4.38,0
B-008179,Pune,0.51,6000
B-000700,thane,2.56,0
B-006805,pune ,2.0,0
B-008604,Pune,1.48,6000
B-002702,NASHIK,2.07,0
B-008823,Pune,0.83,6000
B-000665,Baramati,4.93,0
B-004492,BARAMATI,1.65,6000
B-003364,Thane,1.33,6000
B-009947,PUNE,2.57,0
B-007073,Baramati ,1.33,6000
B-005902,Pune,3.32,0
B-001719,NASHIK,4.76,0
B-001262,Shirur,4.01,0
B-007303,Baramati,4.05,0
B-004383,Baramati ,1.99,6000
B-007088,PUNE,0.81,6000
B-009869,Shirur,4.04,0
B-009738,Nashik,0.68,6000
B-008464,Thane,4.28,0
B-005601,Pune,2.1,0
B-008067,Pune,3.37,0
B-008410,THANE,3.0,0
B-007055,Thane,2.8,0
B-008063,Baramati,0.56,6000
B-002551,PUNE,0.9,6000
B-007982,Thane,2.5,0
B-001037,pune ,3.27,0
B-000051,Pune,1.77,6000
B-003941,NASHIK,2.01,0
B-007132,thane,2.0,0
B-008478,Nashik,3.0,0
B-006365,THANE,2.53,0
B-000024,Nashik,4.37,0
B-004385,PUNE,1.27,6000
B-002022,Shirur,3.17,0
B-000975,Thane,1.9,6000
B-009113,Thane,0.71,6000
B-002412,Baramati,2.39,0
B-003324,pune ,4.09,0
B-001949,Shirur,1.14,6000
B-008842,BARAMATI,2.09,0
B-009994,pune ,0.85,6000
B-005916,thane,4.92,0
B-003479,Pune,3.63,0
B-002463,pune ,0.5,6000
B-002459,thane,1.02,6000
B-007681,BARAMATI,4.29,0
B-001003,Baramati,3.71,0
B-005101,THANE,0.53,6000
B-009946,Baramati,2.44,0
B-004068,pune ,0.95,6000
B-009453,Nashik,3.77,0
B-002284,pune ,0.8,6000
B-000851,THANE,4.04,0
B-009240,THANE,3.08,0
B-009275,thane,3.75,0
B-005861,NASHIK,2.15,0
B-000226,PUNE,2.45,0
B-002676,PUNE,2.76,0
B-009203,Baramati,2.91,0
B-000151,BARAMATI,2.98,0
B-000596,PUNE,3.79,0
B-005643,BARAMATI,3.06,0
B-002733,thane,3.61,0
B-008203,thane,1.25,6000
B-006442,Shirur,0.92,6000
B-007486,THANE,2.83,0
B-006086,Shirur,0.73,6000
B-004262,BARAMATI,4.63,0
B-004516,thane,2.91,0
B-005820,Shirur,3.22,0
B-004158,Baramati,0.8,6000
B-000731,Thane,3.24,0
B-009521,pune ,2.79,0
B-002753,Nashik,2.66,0
B-005994,pune ,4.12,0
B-009446,Baramati ,1.99,6000
B-009591,Baramati ,4.4,0
B-007291,NASHIK,0.93,6000
B-002867,THANE,1.12,6000
B-005829,Shirur,3.89,0
B-008980,pune ,0.51,6000
B-003225,pune ,2.98,0
B-006653,Nashik,1.83,6000
B-005903,pune ,3.31,0
B-001866,Baramati,1.11,6000
B-003070,pune ,0.77,6000
B-007809,PUNE,1.75,6000
B-006471,thane,4.94,0
B-005796,NASHIK,1.45,6000
B-008205,pune ,4.66,0
B-003148,THANE,3.86,0
B-004933,PUNE,2.4,0
B-001323,BARAMATI,3.1,0
B-001510,Shirur,1.38,6000
B-004073,Pune,3.53,0
B-003522,Shirur,3.32,0
B-007231,Pune,1.07,6000
B-001751,NASHIK,1.44,6000
B-006157,Pune,1.75,6000
B-005921,Shirur,3.63,0
B-008681,Baramati,4.34,0
B-001929,pune ,3.73,0
B-004837,thane,2.12,0
B-005999,pune ,3.63,0
B-006265,PUNE,1.6,6000
B-006054,Shirur,1.37,6000
B-004903,pune ,2.77,0
B-002159,Thane,2.01,0
B-003720,Pune,2.33,0
B-002149,Thane,1.39,6000
B-005339,NASHIK,4.93,0
B-006796,Pune,2.05,0
B-003668,Nashik,1.54,6000
B-003492,thane,2.56,0
B-009787,BARAMATI,2.29,0
B-003416,Nashik,0.93,6000
B-005174,THANE,1.51,6000
B-002989,PUNE,3.58,0
B-006459,NASHIK,1.23,6000
B-005691,Nashik,0.9,6000
B-006585,NASHIK,4.48,0
B-005614,NASHIK,4.9,0
B-002966,PUNE,2.61,0
B-003533,Thane,4.39,0
B-002478,Pune,4.37,0
B-002896,pune ,3.12,0
B-001177,THANE,1.48,6000
B-005317,Pune,1.69,6000
B-002494,Shirur,2.94,0
B-001297,Baramati ,0.8,6000
B-009651,Thane,2.26,0
B-006682,pune ,3.05,0
B-002356,Baramati,4.72,0
B-003702,Thane,2.69,0
B-001450,THANE,0.75,6000
B-005991,Thane,3.01,0
B-002517,BARAMATI,4.86,0
B-008140,Thane,4.29,0
B-006835,Thane,2.57,0
B-004252,Pune,2.22,0
B-008387,Shirur,2.27,0
B-008970,pune ,0.88,6000
B-003298,THANE,4.12,0
B-002018,BARAMATI,2.13,0
B-003375,Baramati ,3.12,0
B-004858,Baramati ,1.85,6000
B-000954,Pune,2.48,0
B-007956,Thane,2.26,0
B-001190,Baramati,3.58,0
B-008369,Nashik,3.97,0
B-009529,Shirur,1.51,6000
B-005430,Thane,2.05,0
B-006420,Baramati ,3.41,0
B-003635,Thane,1.25,6000
B-007334,Baramati,1.08,6000
B-000484,pune ,2.23,0
B-009234,Thane,4.47,0
B-005260,PUNE,0.9,6000
B-008034,pune ,1.65,6000
B-007932,Thane,3.49,0
B-006404,Shirur,2.05,0
B-007898,NASHIK,3.0,0
B-007263,BARAMATI,1.7,6000
B-008638,pune ,0.96,6000
B-008420,THANE,4.33,0
B-007472,NASHIK,4.49,0
B-004995,Pune,2.9,0
B-003797,thane,4.77,0
B-007371,Nashik,4.78,0
B-000825,Nashik,0.94,6000
B-007290,Nashik,4.69,0
B-001154,pune ,3.38,0
B-001043,Shirur,1.9,6000
B-006188,Shirur,0.88,6000
B-009272,Nashik,3.07,0
B-006284,Thane,1.69,6000
B-004150,Baramati,3.02,0
B-005954,Baramati,4.49,0
B-001327,Shirur,4.85,0
B-003142,Baramati ,4.76,0
B-008418,pune ,4.5,0
B-000467,NASHIK,0.76,6000
B-002810,THANE,1.56,6000
B-001366,Baramati,1.67,6000
B-008758,Baramati,4.77,0
B-008869,Pune,4.14,0
B-004591,Baramati,0.85,6000
B-004708,Shirur,4.26,0
B-005398,NASHIK,2.88,0
B-000120,Thane,0.63,6000
B-000720,Shirur,1.7,6000
B-005809,thane,4.0,0
B-008353,Thane,4.62,0
B-005377,Nashik,3.54,0
B-007916,thane,1.99,6000
B-004221,thane,2.31,0
B-001944,Shirur,4.53,0
B-006968,Baramati ,3.75,0
B-006579,NASHIK,2.01,0
B-007301,Baramati,2.12,0
B-008146,Baramati,2.46,0
B-000637,Nashik,2.62,0
B-007991,Baramati ,2.27,0
B-007998,Shirur,3.18,0
B-006580,THANE,2.22,0
B-005947,PUNE,2.44,0
B-004362,Baramati ,1.07,6000
B-003166,pune ,2.04,0
B-005833,BARAMATI,0.6,6000
B-009941,Shirur,4.59,0
B-006856,Nashik,1.99,6000
B-001227,Nashik,4.63,0
B-002315,Baramati ,2.79,0
B-008112,BARAMATI,1.33,6000
B-006355,Thane,3.18,0
B-005243,BARAMATI,4.04,0
B-002275,BARAMATI,3.09,0
B-006703,Thane,1.86,6000
B-004069,thane,1.32,6000
B-009384,Baramati,0.56,6000
B-002366,Baramati ,1.12,6000
B-006750,BARAMATI,4.0,0
B-006910,Nashik,4.94,0
B-009054,Baramati ,1.32,6000
B-000272,PUNE,4.7,0
B-006168,Baramati ,0.74,6000
B-001149,NASHIK,4.79,0
B-000128,NASHIK,2.95,0
B-007069,Baramati,1.62,6000
B-003903,pune ,4.73,0
B-009357,PUNE,1.85,6000
B-002189,BARAMATI,4.49,0
B-000680,Baramati,3.73,0
B-007007,Pune,2.54,0
B-003489,Thane,1.49,6000
B-004529,thane,1.52,6000
B-000768,NASHIK,4.57,0
B-006730,Pune,2.9,0
B-000479,NASHIK,3.79,0
B-003079,thane,4.73,0
B-006963,BARAMATI,4.64,0
B-009851,pune ,4.69,0
B-006302,PUNE,2.16,0
B-002908,THANE,2.51,0
B-000130,THANE,1.76,6000
B-001113,pune ,1.44,6000
B-009551,NASHIK,1.76,6000
B-006995,pune ,2.45,0
B-002036,THANE,4.09,0
B-008098,Baramati ,1.7,6000
B-008934,NASHIK,3.43,0
B-001852,NASHIK,2.74,0
B-001240,PUNE,2.74,0
B-009397,NASHIK,4.84,0
B-008550,NASHIK,4.7,0
B-009986,NASHIK,0.61,6000
B-005812,THANE,2.35,0
B-008764,BARAMATI,4.44,0
B-008988,pune ,1.5,6000
B-008189,thane,2.58,0
B-006491,pune ,3.1,0
B-000380,Thane,3.57,0
B-001818,Thane,1.35,6000
B-007379,thane,0.52,6000
B-003365,Baramati ,4.6,0
B-003836,NASHIK,4.22,0
B-004170,NASHIK,3.65,0
B-006861,pune ,4.16,0
B-006526,THANE,0.78,6000
B-005859,BARAMATI,1.96,6000
B-009797,THANE,3.46,0
B-003001,Pune,0.66,6000
B-009692,pune ,2.68,0
B-001272,NASHIK,1.3,6000
B-001341,pune ,0.8,6000
B-000587,pune ,1.94,6000
B-000403,NASHIK,4.31,0
B-003403,Baramati,1.04,6000
B-007711,Pune,3.22,0
B-000544,Baramati,4.85,0
B-005188,Shirur,4.06,0
B-009769,Baramati,3.93,0
B-000150,THANE,4.13,0
B-007560,Shirur,0.89,6000
B-005759,pune ,4.59,0
B-007496,Baramati,1.05,6000
B-005538,Thane,3.3,0
B-009906,BARAMATI,3.69,0
B-000017,THANE,3.99,0
B-007188,pune ,4.58,0
B-000181,Pune,3.2,0
B-004317,pune ,3.09,0
B-009059,NASHIK,4.35,0
B-000357,Baramati,2.05,0
B-005407,Shirur,2.18,0
B-001913,Nashik,2.09,0
B-009874,NASHIK,3.57,0
B-007430,Baramati,1.17,6000
B-003417,pune ,3.38,0
B-007030,thane,1.52,6000
B-003550,Nashik,1.36,6000
B-006338,THANE,3.22,0
B-003106,pune ,0.51,6000
B-001279,BARAMATI,4.34,0
B-002617,Shirur,3.62,0
B-004769,Baramati,4.02,0
B-001315,Baramati,1.08,6000
B-004562,Thane,2.42,0
B-004349,THANE,2.08,0
B-005454,Pune,2.61,0
B-007218,PUNE,4.58,0
B-002181,THANE,4.89,0
B-009439,Pune,2.8,0
B-006723,Thane,3.23,0
B-002749,PUNE,3.94,0
B-003307,pune ,4.23,0
B-009466,Baramati,2.22,0
B-004719,PUNE,0.56,6000
B-005200,PUNE,1.2,6000
B-001121,PUNE,2.09,0
B-000469,THANE,1.5,6000
B-000063,THANE,3.55,0
B-003657,NASHIK,4.83,0
B-009345,Shirur,0.9,6000
B-002106,thane,3.5,0
B-009037,NASHIK,2.46,0
B-003544,Shirur,3.93,0
B-004310,THANE,4.37,0
B-008963,Thane,2.65,0
B-004951,BARAMATI,2.49,0
B-004752,Baramati ,1.09,6000
B-006640,Baramati,4.91,0
B-000580,Baramati,4.92,0
B-005076,pune ,1.14,6000
B-007575,pune ,4.64,0
B-007609,THANE,0.58,6000
B-008291,PUNE,3.89,0
B-000702,Baramati ,1.64,6000
B-000292,pune ,2.06,0
B-004251,NASHIK,4.36,0
B-003387,Nashik,1.19,6000
B-001388,NASHIK,4.96,0
B-002215,NASHIK,4.37,0
B-008251,pune ,3.8,0
B-005064,BARAMATI,2.32,0
B-000533,Thane,1.32,6000
B-000119,Nashik,4.97,0
B-003245,BARAMATI,1.45,6000
B-007376,NASHIK,0.72,6000
B-004841,Thane,1.59,6000
B-000434,NASHIK,4.06,0
B-001572,thane,4.39,0
B-006987,Baramati,0.8,6000
B-000353,NASHIK,1.02,6000
B-009806,Pune,1.72,6000
B-001606,NASHIK,4.07,0
B-005080,Baramati ,0.97,6000
B-002887,Baramati,0.53,6000
B-009210,NASHIK,1.92,6000
B-002428,THANE,4.77,0
B-008707,PUNE,3.44,0
B-004000,BARAMATI,1.17,6000
B-002865,NASHIK,0.82,6000
B-008689,Thane,1.29,6000
B-008731,NASHIK,0.76,6000
B-006408,Baramati ,3.49,0
B-003026,Baramati,3.07,0
B-001362,Shirur,2.63,0
B-005300,BARAMATI,2.24,0
B-002921,BARAMATI,3.79,0
B-002748,thane,0.7,6000
B-008394,BARAMATI,1.63,6000
B-003817,PUNE,4.1,0
B-004193,NASHIK,3.47,0
B-002326,BARAMATI,0.89,6000
B-003545,Shirur,1.7,6000
B-006818,PUNE,3.05,0
B-002862,NASHIK,2.04,0
B-006531,Thane,1.72,6000
B-005367,Nashik,4.7,0
B-001867,PUNE,3.09,0
B-003758,Thane,3.17,0
B-009929,Baramati,3.16,0
B-005419,thane,2.96,0
B-009662,BARAMATI,4.12,0
B-007272,Pune,2.65,0
B-001928,Pune,4.15,0
B-005288,Pune,1.64,6000
B-009919,Thane,4.89,0
B-009011,NASHIK,0.57,6000
B-003980,Nashik,4.4,0
B-007497,thane,0.93,6000
B-001489,Shirur,3.48,0
B-003965,pune ,1.88,6000
B-000752,Baramati,3.07,0
B-005605,Shirur,2.43,0
B-003939,Nashik,2.32,0
B-008568,THANE,3.05,0
B-003441,thane,2.33,0
B-001857,Nashik,4.8,0
B-006944,thane,1.47,6000
B-004981,pune ,2.42,0
B-006721,thane,1.54,6000
B-005041,Nashik,4.93,0
B-007517,pune ,1.09,6000
B-004793,NASHIK,2.25,0
B-006661,Pune,2.57,0
B-007367,BARAMATI,3.63,0
B-007249,THANE,2.91,0
B-001157,thane,3.42,0
B-008031,Thane,2.09,0
B-008629,NASHIK,4.71,0
B-009129,NASHIK,3.58,0
B-000522,Shirur,3.62,0
B-002081,Baramati,1.02,6000
B-000422,PUNE,3.33,0
B-004440,Thane,1.98,6000
B-005904,Baramati,0.64,6000
B-005596,THANE,3.52,0
B-002278,Nashik,3.37,0
B-009383,pune ,1.55,6000
B-007456,pune ,0.71,6000
B-007299,PUNE,3.14,0
B-002183,BARAMATI,4.29,0
B-001889,BARAMATI,2.69,0
B-001642,Thane,1.73,6000
B-007353,Baramati ,3.03,0
B-003986,thane,4.1,0
B-005013,Baramati ,2.66,0
B-008186,Shirur,0.72,6000
B-007918,pune ,2.39,0
B-007162,THANE,2.59,0
B-009705,Baramati ,1.89,6000
B-006016,NASHIK,3.93,0
B-008696,thane,2.3,0
B-007670,Nashik,2.52,0
B-009220,thane,4.66,0
B-008268,PUNE,2.39,0
B-008612,Baramati,2.24,0
B-006892,BARAMATI,2.42,0
B-009694,Pune,1.66,6000
B-001784,BARAMATI,0.65,6000
B-006578,Thane,1.6,6000
B-001402,BARAMATI,3.65,0
B-002231,thane,1.4,6000
B-002844,Nashik,3.83,0
B-003582,Baramati ,3.04,0
B-009831,Nashik,1.34,6000
B-005484,thane,2.49,0
B-007028,PUNE,4.47,0
B-003972,Nashik,3.43,0
B-006124,pune ,3.06,0
B-001994,Thane,1.5,6000
B-004072,Baramati,0.72,6000
B-007220,BARAMATI,3.17,0
B-009283,Shirur,0.54,6000
B-006201,BARAMATI,2.07,0
B-009057,pune ,2.88,0
B-009369,thane,2.36,0
B-000400,Baramati,2.42,0
B-001824,Baramati,4.94,0
B-008030,BARAMATI,3.26,0
B-007567,THANE,3.29,0
B-001663,THANE,4.28,0
B-000286,BARAMATI,3.25,0
B-002451,BARAMATI,4.65,0
B-004843,Thane,3.46,0
B-003105,Baramati,1.84,6000
B-003485,BARAMATI,3.89,0
B-003232,Baramati ,3.85,0
B-009388,Baramati ,3.69,0
B-004163,PUNE,4.06,0
B-002642,Baramati ,3.25,0
B-007074,Thane,3.06,0
B-009027,Nashik,3.15,0
B-004467,Nashik,1.59,6000
B-005118,Shirur,4.75,0
B-000570,Baramati ,1.74,6000
B-002379,thane,1.78,6000
B-006004,Nashik,4.46,0
B-007488,Thane,1.69,6000
B-005529,THANE,3.92,0
B-002707,NASHIK,3.65,0
B-003009,pune ,1.16,6000
B-001856,Pune,3.17,0
B-002177,THANE,2.39,0
B-009501,Nashik,3.75,0
B-001598,Shirur,4.71,0
B-002522,Nashik,3.51,0
B-009215,THANE,3.39,0
B-001832,THANE,3.12,0
B-000802,Baramati ,0.95,6000
B-007313,pune ,0.97,6000
B-005972,Pune,4.99,0
B-003197,Nashik,2.5,0
B-007853,Pune,3.61,0
B-004826,PUNE,4.37,0
B-002784,Pune,2.66,0
B-008840,Baramati ,4.55,0
B-005087,THANE,2.06,0
B-006509,Baramati ,3.34,0
B-006789,Thane,2.17,0
B-005979,thane,4.1,0
B-005415,pune ,4.37,0
B-006770,pune ,0.67,6000
B-002091,Pune,0.69,6000
B-007891,Baramati ,3.05,0
B-007935,Baramati ,2.22,0
B-008793,PUNE,1.17,6000
B-008035,Nashik,1.51,6000
B-009647,Pune,4.2,0
B-008672,pune ,4.54,0
B-003636,BARAMATI,0.98,6000
B-000004,PUNE,1.42,6000
B-002294,thane,2.0,0
B-004332,Thane,4.39,0
B-000450,THANE,3.68,0
B-001156,Thane,1.36,6000
B-004646,Nashik,2.02,0
B-000964,NASHIK,4.28,0
B-008796,Pune,3.0,0
B-007985,Thane,4.87,0
B-003428,PUNE,4.65,0
B-006361,Nashik,1.48,6000
B-001304,PUNE,1.67,6000
B-001568,BARAMATI,2.99,0
B-007979,Baramati,1.67,6000
B-006159,BARAMATI,2.28,0
B-001783,Baramati,0.88,6000
B-002233,Baramati,4.71,0
B-009138,THANE,2.17,0
B-007216,Baramati,1.83,6000
B-006469,pune ,1.36,6000
B-006628,Thane,1.21,6000
B-008964,NASHIK,3.83,0
B-000771,Pune,4.36,0
B-008272,Baramati,1.9,6000
B-007944,Baramati ,1.32,6000
B-003239,Thane,1.44,6000
B-001709,PUNE,0.58,6000
B-007760,Baramati,3.48,0
B-007189,Shirur,3.11,0
B-006221,THANE,3.84,0
B-004741,NASHIK,4.1,0
B-009703,Thane,4.02,0
B-000048,THANE,4.24,0
B-003730,Pune,2.98,0
B-009706,NASHIK,1.91,6000
B-000065,Shirur,4.54,0
B-000590,Nashik,4.37,0
B-006943,Thane,3.89,0
B-004992,Pune,1.19,6000
B-001789,NASHIK,0.9,6000
B-005466,NASHIK,4.88,0
B-004431,thane,4.5,0
B-003565,PUNE,2.6,0
B-007071,Baramati,4.97,0
B-007283,Baramati ,1.44,6000
B-005661,BARAMATI,0.76,6000
B-006477,Baramati,2.91,0
B-009859,BARAMATI,4.76,0
B-004227,pune ,1.23,6000
B-009192,THANE,3.24,0
B-001862,Baramati ,2.4,0
B-002087,BARAMATI,1.32,6000
B-001738,BARAMATI,3.78,0
B-009232,pune ,1.4,6000
B-003672,pune ,2.84,0
B-002789,pune ,3.31,0
B-007163,Baramati,0.54,6000
B-007550,Pune,1.1,6000
B-008697,Thane,3.08,0
B-008192,PUNE,1.47,6000
B-005570,Pune,1.53,6000
B-000031,Baramati,1.39,6000
B-002837,Thane,2.61,0
B-002041,PUNE,3.8,0
B-004863,PUNE,3.52,0
B-006794,Thane,4.02,0
B-006845,BARAMATI,4.7,0
B-004594,Pune,2.47,0
B-002238,Thane,1.14,6000
B-003819,thane,3.24,0
B-005477,BARAMATI,3.88,0
B-007279,BARAMATI,1.62,6000
B-007993,Shirur,0.75,6000
B-004278,Baramati ,3.39,0
B-001980,Baramati,0.75,6000
B-005358,pune ,4.6,0
B-006061,Shirur,3.12,0
B-002377,Baramati ,4.17,0
B-006293,pune ,1.56,6000
B-006037,Baramati,1.72,6000
B-006563,pune ,0.71,6000
B-009244,THANE,1.83,6000
B-001145,PUNE,4.76,0
B-003173,Nashik,4.14,0
B-008772,Pune,0.91,6000
B-009433,Shirur,1.23,6000
B-004330,pune ,3.48,0
B-002499,pune ,1.82,6000
B-006929,BARAMATI,0.76,6000
B-001005,Shirur,2.36,0
B-007729,Baramati ,3.47,0
B-003401,THANE,2.58,0
B-004971,PUNE,4.24,0
B-002876,thane,3.39,0
B-004314,Shirur,2.73,0
B-002209,Baramati ,2.36,0
B-004889,Nashik,4.04,0
B-005186,Nashik,4.71,0
B-005835,pune ,4.67,0
B-000217,Pune,2.24,0
B-001408,NASHIK,2.94,0
B-005961,THANE,4.43,0
B-006740,thane,1.19,6000
B-009522,NASHIK,2.61,0
B-005332,pune ,2.03,0
B-002100,PUNE,1.31,6000
B-005127,BARAMATI,3.19,0
B-002351,Nashik,4.02,0
B-001358,BARAMATI,2.23,0
B-004386,THANE,1.77,6000
B-001446,Baramati ,4.62,0
B-001207,Shirur,3.83,0
B-001185,Baramati,2.68,0
B-006749,NASHIK,1.34,6000
B-000145,Nashik,3.96,0
B-004494,PUNE,4.07,0
B-009355,PUNE,1.08,6000
B-002309,PUNE,4.91,0
B-001067,PUNE,2.89,0
B-008645,THANE,0.69,6000
B-006751,Shirur,2.06,0
B-001939,Shirur,2.99,0
B-002369,Shirur,3.26,0
B-000693,NASHIK,4.62,0
B-006518,PUNE,2.54,0
B-000212,Pune,4.38,0
B-007060,thane,1.81,6000
B-002558,Pune,4.09,0
B-000112,Baramati,3.19,0
B-001175,BARAMATI,0.97,6000
B-003610,Nashik,3.28,0
B-000338,Shirur,2.1,0
B-000520,Nashik,1.93,6000
B-008174,PUNE,2.72,0
B-000315,pune ,1.29,6000
B-005310,thane,4.75,0
B-001033,Shirur,1.65,6000
B-000543,Baramati,3.01,0
B-008071,pune ,1.24,6000
B-005147,BARAMATI,4.36,0
B-007221,pune ,1.15,6000
B-009444,Thane,1.29,6000
B-004596,NASHIK,1.94,6000
B-000457,Baramati ,3.16,0
B-007738,NASHIK,2.22,0
B-007100,Baramati,4.59,0
B-002424,Shirur,3.81,0
B-000620,Shirur,2.93,0
B-006658,Baramati,1.41,6000
B-005790,Baramati ,1.82,6000
B-009141,thane,4.45,0
B-005541,Pune,1.87,6000
B-006461,THANE,2.75,0
B-007877,Nashik,3.11,0
B-003308,BARAMATI,0.55,6000
B-002161,thane,0.59,6000
B-007471,pune ,0.55,6000
B-001405,BARAMATI,3.26,0
B-005639,Thane,3.95,0
B-008461,NASHIK,2.07,0
B-002440,Nashik,3.95,0
B-004489,BARAMATI,1.35,6000
B-002032,NASHIK,2.52,0
B-004365,Baramati ,3.31,0
B-001570,pune ,2.29,0
B-003292,NASHIK,3.46,0
B-001803,pune ,4.76,0
B-006738,Nashik,3.83,0
B-009622,Thane,1.55,6000
B-000864,pune ,2.54,0
B-006754,thane,2.63,0
B-006792,pune ,1.22,6000
B-000223,BARAMATI,3.05,0
B-002770,Pune,2.38,0
B-006508,Thane,2.07,0
B-006541,PUNE,1.14,6000
B-008297,Nashik,1.1,6000
B-008868,NASHIK,2.16,0
B-001901,Shirur,4.67,0
B-007588,pune ,3.17,0
B-001951,PUNE,0.82,6000
B-005587,Thane,1.48,6000
B-002633,pune ,3.16,0
B-002182,BARAMATI,3.91,0
B-000958,Shirur,3.12,0
B-005513,Baramati,2.46,0
B-002839,thane,3.51,0
B-003130,pune ,3.41,0
B-006596,pune ,4.22,0
B-008489,Shirur,1.83,6000
B-005896,pune ,0.69,6000
B-002965,Thane,0.84,6000
B-004897,NASHIK,1.67,6000
B-005183,THANE,0.62,6000
B-001839,NASHIK,2.98,0
B-001565,PUNE,1.38,6000
B-007856,Shirur,0.98,6000
B-002172,NASHIK,2.92,0
B-009448,Pune,0.7,6000
B-006830,Nashik,2.9,0
B-008360,Baramati,3.67,0
B-005864,pune ,0.79,6000
B-003499,NASHIK,0.88,6000
B-002806,pune ,0.92,6000
B-008762,pune ,4.02,0
B-003010,BARAMATI,3.87,0
B-006014,THANE,3.48,0
B-001108,PUNE,3.7,0
B-005653,THANE,1.19,6000
B-003591,Thane,2.95,0
B-001046,THANE,2.75,0
B-006722,Thane,1.84,6000
B-001603,Pune,0.97,6000
B-003983,Nashik,0.99,6000
B-000991,BARAMATI,1.68,6000
B-008927,THANE,0.76,6000
B-005160,Baramati ,4.95,0
B-008832,pune ,4.27,0
B-003929,NASHIK,0.5,6000
B-004323,Thane,1.3,6000
B-001284,THANE,4.62,0
B-002244,thane,2.49,0
B-009969,THANE,2.66,0
B-006095,BARAMATI,2.84,0
B-000279,Shirur,4.82,0
B-007551,NASHIK,2.31,0
B-008170,Thane,3.87,0
B-009505,Shirur,1.03,6000
B-003422,Thane,3.76,0
B-000426,Baramati,1.83,6000
B-009533,pune ,1.0,6000
B-009891,pune ,3.72,0
B-000899,Thane,4.14,0
B-002992,pune ,0.84,6000
B-001032,pune ,0.58,6000
B-000791,Shirur,0.79,6000
B-000140,Baramati ,1.23,6000
B-006114,Baramati ,2.89,0
B-002538,PUNE,1.77,6000
B-009467,thane,4.72,0
B-000233,Nashik,3.98,0
B-002434,Shirur,4.4,0
B-005893,PUNE,2.62,0
B-007054,Nashik,2.51,0
B-000499,Thane,3.15,0
B-005320,Nashik,4.9,0
B-008293,Baramati ,3.09,0
B-004288,THANE,0.93,6000
B-004760,pune ,2.81,0
B-005651,Baramati,1.0,6000
B-007390,THANE,0.59,6000
B-003495,Baramati,4.44,0
B-007715,Thane,2.34,0
B-006530,Shirur,3.6,0
B-001038,pune ,3.68,0
B-005442,Pune,0.52,6000
B-003031,Baramati,3.87,0
B-004918,THANE,2.01,0
B-001858,THANE,2.28,0
B-001133,PUNE,0.52,6000
B-008261,NASHIK,0.71,6000
B-007959,pune ,1.72,6000
B-008097,THANE,4.55,0
B-000664,THANE,3.69,0
B-000304,BARAMATI,2.99,0
B-001136,pune ,4.66,0
B-004856,Nashik,1.27,6000
B-008671,Nashik,3.95,0
B-008334,Pune,0.77,6000
B-004722,Thane,2.9,0
B-003643,Thane,1.24,6000
B-001058,thane,3.9,0
B-009913,Baramati,4.36,0
B-000729,pune ,4.3,0
B-003700,Baramati,4.47,0
B-006388,THANE,3.24,0
B-002015,Thane,3.53,0
B-003019,Baramati,1.47,6000
B-002500,thane,2.33,0
B-001609,Shirur,0.87,6000
B-003255,BARAMATI,3.36,0
B-002016,NASHIK,4.84,0
B-005165,Thane,1.3,6000
B-002777,thane,0.97,6000
B-009809,Thane,2.98,0
B-005138,PUNE,0.5,6000
B-007882,PUNE,1.35,6000
B-002515,NASHIK,2.78,0
B-000436,pune ,1.41,6000
B-006186,Baramati,3.73,0
B-005434,pune ,0.95,6000
B-009154,THANE,4.32,0
B-000143,Shirur,4.87,0
B-008530,BARAMATI,4.54,0
B-003975,thane,3.82,0
B-006435,Shirur,4.35,0
B-001027,THANE,2.65,0
B-002583,Shirur,4.72,0
B-007562,Shirur,4.73,0
B-006801,Pune,2.33,0
B-008156,thane,2.72,0
B-002813,PUNE,3.43,0
B-003861,Thane,3.9,0
B-001600,Shirur,2.17,0
B-001092,Nashik,1.25,6000
B-000621,NASHIK,4.54,0
B-005387,THANE,2.85,0
B-009214,NASHIK,4.16,0
B-002914,Baramati,3.97,0
B-000016,Nashik,1.07,6000
B-009021,Nashik,2.5,0
B-009343,Thane,1.03,6000
B-009267,THANE,3.63,0
B-009682,BARAMATI,4.86,0
B-008195,Thane,3.11,0
B-004726,THANE,3.39,0
B-002213,THANE,3.62,0
B-007296,BARAMATI,3.47,0
B-000014,pune ,3.8,0
B-008082,Pune,4.96,0
B-009236,Shirur,1.18,6000
B-008217,Thane,2.2,0
B-007432,Shirur,4.79,0
B-002193,Thane,2.9,0
B-001471,pune ,3.25,0
B-003667,BARAMATI,3.09,0
B-006475,PUNE,1.12,6000
B-007114,thane,1.42,6000
B-000227,Nashik,2.78,0
B-009368,Nashik,4.51,0
B-009951,pune ,2.05,0
B-009211,Baramati,3.21,0
B-009454,NASHIK,2.46,0
B-008079,NASHIK,0.54,6000
B-006666,thane,3.82,0
B-001188,pune ,3.11,0
B-000832,Nashik,0.6,6000
B-000724,Baramati ,3.32,0
B-009616,pune ,3.94,0
B-005491,Thane,2.4,0
B-003574,Baramati ,0.78,6000
B-007316,thane,3.08,0
B-001225,Thane,2.68,0
B-009123,THANE,0.52,6000
B-003497,Nashik,2.56,0
B-006155,NASHIK,3.56,0
B-009081,Baramati ,3.02,0
B-000348,NASHIK,3.28,0
B-001794,Nashik,1.78,6000
B-004747,Baramati ,0.84,6000
B-000574,THANE,1.37,6000
B-004514,Nashik,4.11,0
B-006105,Baramati ,1.01,6000
B-004945,thane,1.59,6000
B-004941,thane,2.84,0
B-000977,NASHIK,2.05,0
B-006989,Thane,3.8,0
B-008880,THANE,4.14,0
B-007999,PUNE,4.99,0
B-002529,Baramati ,3.99,0
B-005368,THANE,0.63,6000
B-006120,Baramati ,1.92,6000
B-006793,Nashik,1.25,6000
B-003344,NASHIK,2.82,0
B-008439,Thane,4.44,0
B-000152,BARAMATI,4.84,0
B-003098,PUNE,4.26,0
B-009768,Pune,1.24,6000
B-001384,pune ,4.83,0
B-000176,Pune,2.29,0
B-006167,Baramati ,2.99,0
B-009147,Pune,0.58,6000
B-003665,THANE,1.31,6000
B-007383,THANE,4.25,0
B-006699,BARAMATI,2.84,0
B-008791,Baramati,0.5,6000
B-009285,THANE,3.08,0
B-002374,Baramati,4.44,0
B-003851,Pune,1.98,6000
B-007635,Baramati ,3.5,0
B-008241,THANE,2.98,0
B-006484,Nashik,3.18,0
B-006357,thane,1.68,6000
B-003622,Shirur,4.98,0
B-005755,THANE,2.06,0
B-000188,Baramati,0.57,6000
B-006115,thane,4.05,0
B-005128,Pune,0.71,6000
B-006812,Baramati,0.71,6000
B-000706,BARAMATI,3.74,0
B-000205,NASHIK,2.31,0
B-009933,Nashik,4.5,0
B-005431,Nashik,2.1,0
B-007140,Baramati,0.58,6000
B-002918,BARAMATI,2.24,0
B-000262,PUNE,3.01,0
B-002962,Nashik,1.36,6000
B-003346,thane,4.9,0
B-007871,NASHIK,4.3,0
B-000904,Baramati ,2.44,0
B-004240,Nashik,0.73,6000
B-009366,thane,4.61,0
B-006975,Pune,3.44,0
B-004811,THANE,2.62,0
B-009003,Thane,4.45,0
B-001329,Pune,0.64,6000
B-000495,NASHIK,3.88,0
B-003724,Thane,2.18,0
B-007787,Shirur,1.05,6000
B-002771,Baramati,1.72,6000
B-009159,Baramati ,1.86,6000
B-006648,Baramati ,1.09,6000
B-008108,Nashik,4.72,0
B-002794,Thane,2.68,0
B-008476,NASHIK,2.04,0
B-005815,Thane,3.01,0
B-005499,Thane,4.18,0
B-003501,BARAMATI,1.24,6000
B-006735,Pune,2.2,0
B-004475,pune ,1.03,6000
B-006104,BARAMATI,3.25,0
B-001516,Thane,4.43,0
B-006370,pune ,1.92,6000
B-006386,Thane,3.96,0
B-009887,pune ,4.73,0
B-000998,pune ,1.06,6000
B-005770,Pune,1.99,6000
B-003977,Baramati,4.69,0
B-008935,NASHIK,3.47,0
B-009999,thane,4.07,0
B-004699,Baramati ,2.75,0
B-008722,thane,4.55,0
B-007348,Baramati ,2.94,0
B-001995,NASHIK,4.03,0
B-006140,BARAMATI,3.19,0
B-004780,Nashik,2.47,0
B-000030,pune ,0.93,6000
B-007090,Baramati,2.9,0
B-008896,BARAMATI,0.53,6000
B-001163,PUNE,4.86,0
B-001705,Baramati ,2.0,0
B-003843,BARAMATI,1.48,6000
B-002681,pune ,3.66,0
B-000845,Nashik,0.75,6000
B-003051,Shirur,1.62,6000
B-007039,pune ,3.46,0
B-002653,PUNE,4.69,0
B-009342,PUNE,4.68,0
B-001688,thane,1.57,6000
B-000980,NASHIK,1.14,6000
B-000715,thane,2.73,0
B-002511,Thane,3.98,0
B-005307,THANE,3.39,0
B-004229,Shirur,1.61,6000
B-006481,BARAMATI,3.0,0
B-006231,Shirur,3.54,0
B-005438,THANE,1.96,6000
B-009033,pune ,3.13,0
B-009117,Baramati ,1.27,6000
B-006733,BARAMATI,1.13,6000
B-005043,BARAMATI,0.96,6000
B-005093,PUNE,4.9,0
B-007707,BARAMATI,2.7,0
B-006971,Nashik,0.88,6000
B-000392,PUNE,0.75,6000
B-001483,Pune,2.88,0
B-002211,NASHIK,0.71,6000
B-004571,Baramati ,3.2,0
B-006177,Baramati ,2.52,0
B-007423,Baramati ,1.71,6000
B-007134,Baramati,3.94,0
B-002554,NASHIK,1.47,6000
B-002814,pune ,1.84,6000
B-008183,THANE,3.79,0
B-008454,Shirur,1.83,6000
B-002888,thane,1.04,6000
B-004043,Nashik,1.85,6000
B-009465,Nashik,2.57,0
B-004868,Baramati ,1.8,6000
B-003333,Nashik,1.41,6000
B-000177,BARAMATI,1.54,6000
B-007133,THANE,2.9,0
B-009602,Baramati,1.38,6000
B-001168,THANE,1.48,6000
B-009425,PUNE,4.43,0
B-008327,PUNE,3.6,0
B-008426,Baramati,4.21,0
B-009985,THANE,4.63,0
B-002927,pune ,2.42,0
B-000178,Pune,2.81,0
B-000428,THANE,2.91,0
B-000215,pune ,4.15,0
B-007129,THANE,0.81,6000
B-000721,pune ,2.66,0
B-003524,thane,1.38,6000
B-009581,Baramati ,4.22,0
B-003618,Thane,1.33,6000
B-002110,NASHIK,0.78,6000
B-002638,pune ,1.05,6000
B-002905,Shirur,1.88,6000
B-002807,BARAMATI,4.24,0
B-005511,Baramati,4.67,0
B-008545,Shirur,1.52,6000
B-001717,THANE,0.73,6000
B-008417,THANE,3.04,0
B-004714,PUNE,2.1,0
B-006864,NASHIK,2.65,0
B-000452,Baramati ,1.76,6000
B-002311,Thane,2.73,0
B-009092,Shirur,2.66,0
B-007167,Shirur,2.21,0
B-007581,pune ,3.17,0
B-001690,Thane,3.15,0
B-004827,PUNE,4.94,0
B-004206,Baramati,1.44,6000
B-002414,Thane,1.11,6000
B-006947,Nashik,3.09,0
B-005196,Thane,3.33,0
B-009422,Thane,1.68,6000
B-005166,BARAMATI,0.74,6000
B-008973,Nashik,3.09,0
B-000594,Pune,3.6,0
B-007970,PUNE,0.72,6000
B-006527,Nashik,2.99,0
B-005312,thane,1.53,6000
B-009427,Pune,2.89,0
B-001530,Baramati,4.25,0
B-004982,NASHIK,3.69,0
B-006209,pune ,0.93,6000
B-000796,PUNE,2.93,0
B-007266,Thane,3.49,0
B-009801,Baramati ,4.57,0
B-003537,pune ,3.43,0
B-006332,Thane,1.75,6000
B-006802,THANE,3.99,0
B-000132,Baramati ,3.29,0
B-000245,NASHIK,3.27,0
B-005473,thane,3.12,0
B-000560,thane,1.27,6000
B-008275,BARAMATI,4.21,0
B-004008,thane,1.98,6000
B-003299,Shirur,3.07,0
B-009134,THANE,1.07,6000
B-003209,THANE,3.84,0
B-004970,Nashik,0.73,6000
B-009127,pune ,0.82,6000
B-008257,Shirur,3.13,0
B-004329,Shirur,2.92,0
B-006939,NASHIK,4.54,0
B-000941,NASHIK,4.27,0
B-000355,pune ,1.85,6000
B-001687,THANE,1.34,6000
B-002138,Nashik,4.58,0
B-007467,thane,4.54,0
B-000887,thane,0.56,6000
B-007402,BARAMATI,3.88,0
B-007598,THANE,1.85,6000
B-009282,Baramati ,4.66,0
B-004948,PUNE,4.05,0
B-009660,Baramati,2.41,0
B-004666,pune ,2.85,0
B-001016,Thane,4.92,0
B-005613,PUNE,0.87,6000
B-003808,Shirur,1.48,6000
B-000911,Pune,1.44,6000
B-006132,THANE,2.04,0
B-006598,Thane,4.32,0
B-007412,PUNE,3.99,0
B-007381,Nashik,1.61,6000
B-005584,thane,4.25,0
B-008575,PUNE,1.74,6000
B-002066,BARAMATI,3.09,0
B-004347,Pune,3.82,0
B-007340,Nashik,3.46,0
B-005697,Shirur,3.08,0
B-006040,pune ,4.25,0
B-001964,thane,2.61,0
B-007628,Pune,2.17,0
B-008361,pune ,3.02,0
B-002029,Thane,4.66,0
B-006921,Nashik,1.43,6000
B-006697,BARAMATI,0.9,6000
B-003300,NASHIK,1.91,6000
B-007442,THANE,2.92,0
B-006823,Pune,3.9,0
B-006711,thane,4.83,0
B-003521,Pune,3.96,0
B-006914,NASHIK,1.93,6000
B-002364,pune ,3.53,0
B-007409,Pune,3.86,0
B-006409,PUNE,1.05,6000
B-008668,Baramati,4.04,0
B-003595,PUNE,0.55,6000
B-005451,THANE,1.07,6000
B-008548,Nashik,4.93,0
B-003711,Baramati ,1.1,6000
B-002290,BARAMATI,2.07,0
B-006846,Baramati,3.76,0
B-003542,Pune,3.08,0
B-007926,Shirur,2.89,0
B-008486,THANE,4.09,0
B-001518,THANE,3.73,0
B-005698,Pune,1.78,6000
B-005977,Pune,4.46,0
B-006264,Baramati ,1.45,6000
B-001577,thane,1.43,6000
B-001364,PUNE,4.58,0
B-004443,Shirur,4.08,0
B-008682,THANE,2.73,0
B-007346,Thane,3.91,0
B-001745,pune ,4.62,0
B-005572,PUNE,1.48,6000
B-005111,BARAMATI,2.79,0
B-008500,Nashik,2.3,0
B-007267,Baramati,1.44,6000
B-007052,Baramati,4.09,0
B-008213,Pune,3.67,0
B-001491,NASHIK,2.0,0
B-003526,BARAMATI,4.89,0
B-003587,Thane,0.91,6000
B-001569,NASHIK,4.8,0
B-006448,thane,3.5,0
B-002273,PUNE,3.43,0
B-000168,Thane,4.19,0
B-006850,Baramati,3.13,0
B-005436,Nashik,1.34,6000
B-005816,BARAMATI,4.05,0
B-009471,PUNE,0.96,6000
B-005557,Baramati ,1.61,6000
B-005497,NASHIK,3.26,0
B-005620,NASHIK,1.1,6000
B-003339,THANE,4.6,0
B-009393,thane,2.69,0
B-008853,thane,0.63,6000
B-005455,pune ,2.95,0
B-003570,Thane,4.99,0
B-009715,NASHIK,2.2,0
B-001445,Pune,2.04,0
B-001096,Baramati,1.83,6000
B-002063,THANE,0.87,6000
B-004697,Baramati ,1.65,6000
B-005666,Shirur,3.57,0
B-007415,PUNE,0.66,6000
B-008565,PUNE,3.31,0
B-008757,Shirur,2.58,0
B-001415,BARAMATI,3.36,0
B-003905,Baramati,2.01,0
B-005378,NASHIK,4.64,0
B-004712,Thane,4.23,0
B-003885,Pune,4.89,0
B-008715,PUNE,0.67,6000
B-007420,NASHIK,3.02,0
B-004748,Pune,1.11,6000
B-007865,Baramati,0.54,6000
B-004850,pune ,2.69,0
B-000269,Baramati,2.4,0
B-009888,THANE,4.43,0
B-003602,Baramati ,3.35,0
B-000358,NASHIK,1.72,6000
B-000329,PUNE,2.88,0
B-006236,Nashik,1.53,6000
B-003320,BARAMATI,4.07,0
B-002785,Pune,3.09,0
B-000316,Nashik,4.09,0
B-003211,Thane,2.73,0
B-004937,Baramati ,3.63,0
B-003871,NASHIK,4.37,0
B-008115,NASHIK,4.84,0
B-003764,Pune,3.06,0
B-006453,pune ,2.78,0
B-008589,Baramati ,4.72,0
B-000837,THANE,2.54,0
B-003028,Baramati ,4.42,0
B-009519,BARAMATI,1.0,6000
B-009683,Shirur,1.57,6000
B-004765,BARAMATI,2.92,0
B-000541,thane,1.11,6000
B-006675,thane,1.05,6000
B-003588,Baramati ,4.5,0
B-004857,Pune,3.39,0
B-006915,Thane,4.13,0
B-008744,THANE,4.93,0
B-008354,PUNE,3.91,0
B-000775,Baramati ,3.99,0
B-000258,Pune,1.41,6000
B-009491,Baramati,3.16,0
B-009909,THANE,4.56,0
B-007062,THANE,2.72,0
B-009271,THANE,2.61,0
B-002779,NASHIK,3.86,0
B-009179,THANE,1.5,6000
B-005114,Baramati,1.47,6000
B-007657,Baramati ,3.92,0
B-007288,thane,0.56,6000
B-009431,Baramati ,0.92,6000
B-007359,Shirur,0.54,6000
B-001256,Pune,3.3,0
B-006890,PUNE,4.74,0
B-001065,BARAMATI,1.37,6000
B-003802,NASHIK,4.43,0
B-009351,Pune,1.34,6000
B-005179,pune ,2.28,0
B-004873,BARAMATI,1.69,6000
B-000194,pune ,4.86,0
B-003271,Baramati ,0.81,6000
B-004366,pune ,4.38,0
B-005619,Baramati,4.52,0
B-006443,Nashik,0.66,6000
B-003393,NASHIK,2.1,0
B-000659,thane,1.1,6000
B-001169,Baramati ,3.91,0
B-004552,PUNE,0.59,6000
B-007969,Shirur,3.61,0
B-000629,Shirur,3.16,0
B-003984,Shirur,1.72,6000
B-009810,Nashik,1.47,6000
B-003088,Baramati ,2.17,0
B-007012,Baramati,4.28,0
B-002832,NASHIK,0.84,6000
B-004896,Nashik,2.67,0
B-009472,Nashik,1.89,6000
B-002775,NASHIK,4.66,0
B-007577,pune ,3.88,0
B-000756,THANE,4.78,0
B-004796,Pune,3.14,0
B-003168,Shirur,3.01,0
B-008441,pune ,3.85,0
B-001409,Baramati ,4.39,0
B-007460,Nashik,2.33,0
B-007524,pune ,1.3,6000
B-001837,PUNE,4.96,0
B-000666,Baramati ,4.07,0
B-009136,pune ,1.8,6000
B-000498,Baramati ,4.25,0
B-003062,Shirur,3.41,0
B-008684,Baramati,1.28,6000
B-009274,PUNE,0.99,6000
B-003266,Nashik,0.73,6000
B-009364,Baramati,1.87,6000
B-007818,THANE,2.44,0
B-005798,Shirur,2.22,0
B-005158,Pune,2.64,0
B-004421,pune ,2.96,0
B-005966,thane,3.63,0
B-002136,pune ,0.75,6000
B-003202,pune ,4.01,0
B-007411,Pune,3.18,0
B-009390,Baramati,2.26,0
B-002985,Thane,3.75,0
B-003688,PUNE,3.07,0
B-001962,Baramati,2.34,0
B-004813,THANE,3.13,0
B-007417,Pune,2.03,0
B-006064,thane,3.22,0
B-002864,Pune,0.77,6000
B-005238,thane,1.6,6000
B-008592,BARAMATI,4.8,0
B-000903,Nashik,4.85,0
B-005486,Pune,4.09,0
B-001464,Baramati,3.27,0
B-000379,PUNE,1.35,6000
B-002123,Pune,3.44,0
B-009594,pune ,1.22,6000
B-005498,PUNE,1.42,6000
B-007948,Thane,3.05,0
B-009926,Shirur,2.79,0
B-007082,PUNE,3.45,0
B-003159,thane,1.14,6000
B-006053,PUNE,0.61,6000
B-002747,Baramati ,1.92,6000
B-002754,Shirur,3.98,0
B-000913,Shirur,2.33,0
B-008389,PUNE,4.99,0
B-008039,PUNE,3.06,0
B-005832,THANE,4.13,0
B-009328,PUNE,2.63,0
B-009542,Pune,2.55,0
B-008292,Baramati ,1.6,6000
B-009884,Pune,4.92,0
B-002969,pune ,4.21,0
B-002724,Baramati ,1.82,6000
B-000651,pune ,1.33,6000
B-002912,pune ,0.92,6000
B-003661,Thane,0.57,6000
B-004678,BARAMATI,1.31,6000
B-001933,Nashik,1.71,6000
B-000115,PUNE,1.14,6000
B-004597,Shirur,4.61,0
B-002488,NASHIK,3.79,0
B-005985,Nashik,1.72,6000
B-008920,Shirur,4.2,0
B-000303,thane,4.47,0
B-004149,Thane,3.28,0
B-002765,Baramati,3.53,0
B-000876,Thane,3.39,0
B-005517,BARAMATI,1.92,6000
B-002461,Baramati,4.65,0
B-003605,thane,2.34,0
B-007625,NASHIK,2.6,0
B-003833,Baramati ,3.74,0
B-006356,Pune,4.87,0
B-005684,NASHIK,1.1,6000
B-007051,BARAMATI,4.22,0
B-008873,BARAMATI,3.13,0
B-006049,BARAMATI,1.0,6000
B-007796,Pune,1.09,6000
B-004526,PUNE,3.09,0
B-003329,PUNE,1.94,6000
B-003623,THANE,3.12,0
B-007121,PUNE,1.27,6000
B-004586,Thane,2.93,0
B-003060,Thane,4.97,0
B-001519,Shirur,1.78,6000
