id,beneficiary_id,location_id,beneficiary_code,land_holding_hectares,subsidy_disbursed_inr,disbursal_date
1,2880,24,B-003649,1.8,6000.0,2023-02-04
2,631,23,B-000820,4.44,,2023-09-21
3,7134,29,B-009013,1.09,2000.0,2023-06-14
4,6348,8,B-008025,4.26,6000.0,2023-09-21
5,5773,3,B-007315,1.97,6000.0,2023-10-22
6,3584,14,B-004573,1.09,,2023-05-06
7,2649,33,B-003359,4.3,2000.0,2023-03-12
8,14131,35,B-017871,1.78,2000.0,2023-03-27
9,2239,20,B-002849,2.48,6000.0,2023-06-06
10,15323,25,B-019350,1.17,4000.0,2023-08-18
11,10911,23,B-013826,2.75,6000.0,2023-03-15
12,809,2,B-001042,3.67,6000.0,2023-08-10
13,759,20,B-000977,2.02,6000.0,2023-02-24
14,2427,11,B-003071,0.61,6000.0,2023-10-27
15,5643,21,B-007165,1.38,,2023-09-08
16,6018,32,B-007624,3.52,2000.0,2023-02-17
17,13077,7,B-016560,0.75,,2023-11-12
18,15627,7,B-019727,1.78,,2023-06-10
19,674,8,B-000870,2.37,,2023-08-10
20,14546,23,B-018391,4.53,6000.0,2023-03-27
21,5117,18,B-006516,4.94,4000.0,2023-02-19
22,14120,4,B-017857,1.29,2000.0,2023-08-23
23,10849,19,B-013747,4.26,4000.0,2023-05-16
24,5697,9,B-007224,1.85,,2023-11-27
25,11640,11,B-014720,3.6,,2023-04-01
26,15291,17,B-019310,3.2,4000.0,2023-06-19
27,7218,11,B-009116,2.64,4000.0,2023-12-27
28,163,17,B-000213,1.23,4000.0,2023-01-05
29,4107,2,B-005232,0.74,,2023-06-14
30,10925,5,B-013849,2.81,,2023-11-06
31,8823,16,B-011150,4.22,2000.0,2023-11-26
32,7211,31,B-009106,2.9,2000.0,2023-06-27
33,3999,20,B-005095,4.64,,2023-03-04
34,5558,25,B-007056,3.01,4000.0,2023-12-27
35,8728,14,B-011030,4.11,4000.0,2023-07-15
36,2642,30,B-003350,1.9,2000.0,2023-06-05
37,2397,8,B-003040,2.04,,2023-12-10
38,9836,29,B-012450,1.14,2000.0,2023-04-10
39,2500,19,B-003170,3.93,2000.0,2023-02-03
40,9302,29,B-011764,0.65,6000.0,2023-11-17
41,8924,28,B-011271,3.5,6000.0,2023-02-26
42,15671,17,B-019783,2.08,6000.0,2023-02-05
43,6854,32,B-008668,2.75,4000.0,2023-12-20
44,1109,34,B-001424,2.88,,2023-12-07
45,11905,35,B-015055,4.64,,2023-12-16
46,13889,1,B-017572,2.1,,2023-07-14
47,3196,25,B-004091,1.91,,2023-08-04
48,9798,14,B-012404,0.68,6000.0,2023-06-16
49,2019,17,B-002583,3.59,4000.0,2023-08-08
50,14303,6,B-018090,0.81,4000.0,2023-08-22
51,7612,1,B-009607,2.85,6000.0,2023-11-03
52,9365,17,B-011851,3.84,4000.0,2023-03-03
53,14972,1,B-018919,4.96,6000.0,2023-02-08
54,4945,10,B-006301,3.9,,2023-11-13
55,1768,5,B-002280,2.68,6000.0,2023-05-05
56,1172,9,B-001502,4.74,,2023-01-04
57,5899,28,B-007468,2.22,,2023-11-11
58,7515,20,B-009483,3.47,2000.0,2023-09-25
59,2045,13,B-002615,1.68,6000.0,2023-06-26
60,6023,12,B-007629,4.46,2000.0,2023-02-13
61,2608,8,B-003310,0.65,6000.0,2023-09-22
62,9841,31,B-012456,3.72,6000.0,2023-08-25
63,7212,17,B-009109,2.93,2000.0,2023-08-16
64,11751,23,B-014858,4.87,2000.0,2023-10-22
65,9451,5,B-011955,1.08,6000.0,2023-06-12
66,4179,29,B-005330,2.43,4000.0,2023-06-14
67,9589,5,B-012131,4.6,,2023-02-28
68,9212,31,B-011642,3.06,2000.0,2023-07-09
69,5403,29,B-006866,2.2,,2023-07-11
70,6915,16,B-008749,2.76,4000.0,2023-11-11
71,1817,23,B-002340,2.74,4000.0,2023-02-27
72,4395,12,B-005608,2.31,4000.0,2023-04-20
73,13835,18,B-017503,1.73,2000.0,2023-10-26
74,6345,14,B-008022,1.86,4000.0,2023-05-14
75,4195,12,B-005355,2.82,2000.0,2023-11-25
76,11984,22,B-015148,1.34,4000.0,2023-08-07
77,9823,9,B-012434,4.34,,2023-07-19
78,6995,28,B-008846,1.18,,2023-11-25
79,14429,31,B-018251,4.6,6000.0,2023-11-07
80,5673,6,B-007197,3.21,,2023-07-08
81,8412,17,B-010627,3.02,6000.0,2023-07-14
82,1421,26,B-001833,4.12,,2023-11-18
83,5929,22,B-007506,0.75,2000.0,2023-02-11
84,819,31,B-001052,2.14,,2023-11-03
85,8182,7,B-010337,1.0,6000.0,2023-12-17
86,10380,17,B-013146,4.69,6000.0,2023-05-16
87,6935,18,B-008774,3.13,4000.0,2023-07-26
88,1679,34,B-002169,4.86,2000.0,2023-08-14
89,5442,33,B-006914,4.77,,2023-06-18
90,14708,10,B-018586,4.72,4000.0,2023-06-16
91,8163,1,B-010312,3.61,,2023-11-08
92,5487,33,B-006968,2.13,,2023-11-04
93,12927,12,B-016359,4.59,4000.0,2023-07-09
94,10240,31,B-012965,3.34,4000.0,2023-11-14
95,11890,26,B-015036,2.36,4000.0,2023-06-23
96,3671,10,B-004682,3.64,4000.0,2023-09-03
97,6862,5,B-008680,1.97,4000.0,2023-12-01
98,3587,28,B-004576,1.11,,2023-07-07
99,6397,31,B-008082,3.71,4000.0,2023-11-25
100,14549,19,B-018395,1.94,2000.0,2023-08-28
101,13963,19,B-017662,4.1,6000.0,2023-04-03
102,6807,6,B-008610,4.26,4000.0,2023-10-08
103,15174,29,B-019156,3.32,4000.0,2023-02-15
104,11077,24,B-014039,2.43,,2023-05-05
105,15147,18,B-019122,3.73,4000.0,2023-07-25
106,10337,9,B-013088,1.41,4000.0,2023-05-10
107,9374,13,B-011862,1.47,4000.0,2023-05-24
108,5663,24,B-007187,1.81,,2023-05-08
109,3556,8,B-004533,2.56,4000.0,2023-01-16
110,13192,19,B-016697,1.45,6000.0,2023-07-23
111,12784,10,B-016172,0.73,,2023-04-16
112,2349,5,B-002979,3.19,6000.0,2023-12-26
113,1203,26,B-001544,2.28,,2023-06-05
114,2837,26,B-003593,2.03,4000.0,2023-08-05
115,3928,18,B-005009,1.03,6000.0,2023-01-05
116,4115,13,B-005243,4.67,,2023-05-09
117,10917,33,B-013834,3.82,2000.0,2023-08-25
118,15478,20,B-019544,2.48,4000.0,2023-04-05
119,1611,28,B-002082,2.6,,2023-02-16
120,9963,26,B-012609,2.56,2000.0,2023-02-28
121,9880,20,B-012505,1.26,,2023-09-27
122,15465,32,B-019527,4.99,2000.0,2023-01-17
123,12130,22,B-015338,4.49,4000.0,2023-01-10
124,13698,17,B-017339,4.27,6000.0,2023-03-01
125,6517,18,B-008239,3.33,2000.0,2023-05-20
126,14336,27,B-018129,1.96,,2023-12-24
127,288,19,B-000377,0.75,4000.0,2023-02-18
128,2954,4,B-003754,1.23,2000.0,2023-07-10
129,13903,20,B-017596,4.65,,2023-11-20
130,6912,19,B-008744,2.7,,2023-07-16
131,8821,32,B-011147,4.15,,2023-10-06
132,2885,10,B-003656,2.59,2000.0,2023-04-21
133,7622,20,B-009618,0.88,2000.0,2023-08-14
134,11253,18,B-014247,1.08,2000.0,2023-05-27
135,4070,34,B-005183,4.63,6000.0,2023-09-04
136,11760,15,B-014868,2.1,2000.0,2023-10-03
137,78,15,B-000107,0.7,2000.0,2023-07-23
138,6826,31,B-008631,2.52,2000.0,2023-05-11
139,12962,22,B-016404,3.53,6000.0,2023-07-18
140,4581,29,B-005855,2.32,2000.0,2023-11-24
141,13143,13,B-016636,3.61,,2023-12-22
142,2753,7,B-003487,4.17,2000.0,2023-12-07
143,7746,29,B-009780,2.46,,2023-11-28
144,15733,12,B-019860,2.4,,2023-02-06
145,5119,20,B-006518,0.59,,2023-08-19
146,15755,34,B-019886,0.73,6000.0,2023-01-04
147,9681,10,B-012253,3.18,6000.0,2023-09-10
148,4153,26,B-005294,3.25,6000.0,2023-11-27
149,13973,13,B-017675,1.92,2000.0,2023-02-09
150,13730,6,B-017379,2.06,,2023-12-14
151,14,29,B-000019,2.78,6000.0,2023-10-22
152,15547,3,B-019627,2.61,6000.0,2023-05-24
153,8407,4,B-010622,3.81,2000.0,2023-08-26
154,12649,23,B-016011,1.08,6000.0,2023-04-06
155,486,13,B-000639,1.56,2000.0,2023-09-02
156,2890,29,B-003666,4.37,4000.0,2023-09-02
157,9402,30,B-011895,1.51,6000.0,2023-05-11
158,7976,5,B-010077,4.53,4000.0,2023-12-28
159,6201,15,B-007847,2.47,2000.0,2023-08-27
160,1467,17,B-001899,4.36,,2023-02-27
161,6238,26,B-007893,4.6,6000.0,2023-03-24
162,14712,35,B-018592,4.42,2000.0,2023-03-21
163,2018,1,B-002581,2.37,,2023-01-08
164,2206,11,B-002807,3.72,,2023-07-12
165,12584,34,B-015925,4.11,4000.0,2023-07-14
166,1761,9,B-002268,4.75,2000.0,2023-08-05
167,13792,27,B-017456,1.92,,2023-03-14
168,3218,28,B-004121,0.76,6000.0,2023-11-23
169,3293,14,B-004208,3.65,6000.0,2023-05-24
170,12313,2,B-015575,3.25,4000.0,2023-03-23
171,14242,7,B-018016,3.28,,2023-08-23
172,4236,5,B-005411,1.39,2000.0,2023-05-03
173,6866,26,B-008686,4.46,6000.0,2023-09-18
174,13660,35,B-017291,2.03,,2023-11-06
175,10941,29,B-013866,3.98,,2023-12-14
176,5464,15,B-006941,2.78,4000.0,2023-02-02
177,13971,17,B-017672,4.92,6000.0,2023-12-19
178,5173,12,B-006592,4.03,6000.0,2023-12-19
179,8087,19,B-010215,1.98,2000.0,2023-10-07
180,10328,1,B-013075,0.87,6000.0,2023-01-14
181,9669,19,B-012237,2.87,2000.0,2023-10-18
182,11339,14,B-014356,3.36,6000.0,2023-08-23
183,13401,13,B-016960,2.78,4000.0,2023-08-23
184,11697,9,B-014795,1.46,6000.0,2023-08-02
185,3110,23,B-003966,3.21,2000.0,2023-07-04
186,6431,17,B-008124,2.17,2000.0,2023-06-10
187,5808,35,B-007363,3.15,4000.0,2023-01-10
188,1625,35,B-002099,1.05,6000.0,2023-06-03
189,8765,26,B-011079,4.55,6000.0,2023-07-16
190,529,19,B-000690,2.52,4000.0,2023-08-05
191,15263,2,B-019278,1.55,6000.0,2023-07-11
192,14353,12,B-018151,4.4,6000.0,2023-12-01
193,5958,31,B-007541,2.94,2000.0,2023-01-19
194,15267,14,B-019283,1.31,6000.0,2023-01-09
195,5692,25,B-007217,2.5,6000.0,2023-09-20
196,181,2,B-000236,1.31,4000.0,2023-01-28
197,1808,14,B-002327,2.94,4000.0,2023-05-05
198,1491,22,B-001930,3.55,,2023-01-20
199,5926,2,B-007502,2.36,2000.0,2023-06-09
200,1710,4,B-002209,3.88,6000.0,2023-10-08
201,799,13,B-001030,1.71,6000.0,2023-06-15
202,8575,6,B-010828,4.49,,2023-05-18
203,1803,16,B-002322,1.87,6000.0,2023-07-15
204,13315,18,B-016848,1.14,2000.0,2023-09-06
205,6161,34,B-007799,2.53,,2023-01-27
206,7226,9,B-009126,1.25,2000.0,2023-01-16
207,12571,32,B-015907,2.08,,2023-11-07
208,5532,15,B-007021,1.85,,2023-07-23
209,13969,17,B-017670,4.45,4000.0,2023-04-20
210,3391,15,B-004336,2.04,2000.0,2023-05-25
211,14805,8,B-018712,1.45,6000.0,2023-10-11
212,14942,29,B-018882,0.52,6000.0,2023-01-22
213,12251,22,B-015489,3.93,2000.0,2023-09-03
214,6294,30,B-007963,2.5,6000.0,2023-02-12
215,12261,4,B-015499,3.96,6000.0,2023-12-01
216,10533,17,B-013339,1.5,2000.0,2023-01-25
217,4894,32,B-006240,4.17,,2023-11-10
218,2441,21,B-003091,1.76,2000.0,2023-12-23
219,2507,25,B-003177,2.72,,2023-09-07
220,11154,22,B-014125,4.7,6000.0,2023-04-17
221,9186,32,B-011610,2.9,6000.0,2023-05-22
222,10953,9,B-013880,0.73,6000.0,2023-06-14
223,10637,6,B-013471,2.13,4000.0,2023-01-24
224,12107,21,B-015304,2.26,,2023-06-03
225,1375,29,B-001776,4.63,4000.0,2023-04-06
226,2542,3,B-003225,2.44,4000.0,2023-01-19
227,1534,3,B-001987,2.03,2000.0,2023-01-27
228,10416,3,B-013194,3.29,4000.0,2023-02-21
229,8794,8,B-011119,2.2,2000.0,2023-12-03
230,2826,19,B-003581,0.8,2000.0,2023-11-02
231,6450,28,B-008148,1.55,4000.0,2023-10-26
232,4928,27,B-006279,3.29,,2023-02-11
233,4887,29,B-006233,0.96,,2023-10-23
234,13890,30,B-017574,1.07,,2023-09-09
235,11623,5,B-014701,1.59,,2023-01-02
236,3600,19,B-004594,3.89,,2023-05-19
237,10910,12,B-013825,1.81,4000.0,2023-01-17
238,4713,20,B-006013,0.75,4000.0,2023-06-07
239,7227,24,B-009128,3.51,6000.0,2023-12-23
240,11992,9,B-015160,4.83,,2023-10-10
241,6477,6,B-008186,4.64,4000.0,2023-11-08
242,1930,21,B-002471,4.79,6000.0,2023-06-26
243,11483,4,B-014521,0.83,,2023-01-18
244,14258,17,B-018034,2.12,2000.0,2023-01-07
245,2532,24,B-003209,2.03,6000.0,2023-09-08
246,1284,22,B-001658,0.59,4000.0,2023-11-05
247,14005,4,B-017714,1.45,2000.0,2023-08-08
248,369,1,B-000484,4.9,2000.0,2023-10-14
249,2413,30,B-003057,2.2,2000.0,2023-06-11
250,6117,10,B-007746,3.14,6000.0,2023-09-10
251,4269,20,B-005450,4.33,4000.0,2023-10-16
252,10515,25,B-013318,3.27,2000.0,2023-03-17
253,12577,4,B-015914,2.74,,2023-08-06
254,12466,2,B-015774,4.8,2000.0,2023-08-09
255,5521,7,B-007005,1.43,2000.0,2023-04-15
256,10377,34,B-013142,3.07,6000.0,2023-06-09
257,1483,18,B-001922,3.13,6000.0,2023-08-17
258,4222,3,B-005395,4.12,4000.0,2023-06-09
259,9809,4,B-012419,0.87,,2023-09-17
260,49,12,B-000071,0.94,6000.0,2023-02-12
261,10106,26,B-012794,1.63,2000.0,2023-12-27
262,6871,32,B-008691,3.89,4000.0,2023-12-18
263,11794,33,B-014910,2.32,2000.0,2023-07-27
264,7400,27,B-009348,1.17,2000.0,2023-07-08
265,10938,21,B-013862,4.04,6000.0,2023-08-24
266,14398,9,B-018212,4.74,4000.0,2023-07-07
267,12601,8,B-015948,3.1,,2023-03-10
268,3983,27,B-005073,1.51,,2023-07-22
269,4878,7,B-006223,3.14,6000.0,2023-10-26
270,7698,26,B-009723,4.1,6000.0,2023-10-19
271,5620,7,B-007134,1.35,4000.0,2023-02-11
272,1479,8,B-001917,3.54,,2023-03-02
273,15023,13,B-018979,1.55,,2023-11-17
274,14047,30,B-017767,4.37,,2023-07-13
275,1544,23,B-001998,0.81,2000.0,2023-04-05
276,8138,25,B-010277,1.21,,2023-10-10
277,1450,24,B-001874,0.53,2000.0,2023-03-15
278,1273,30,B-001644,1.98,4000.0,2023-10-16
279,15163,9,B-019143,4.46,2000.0,2023-08-12
280,12354,31,B-015624,2.37,4000.0,2023-03-20
281,13016,10,B-016478,3.06,,2023-07-23
282,13749,26,B-017404,3.33,,2023-05-22
283,4049,30,B-005159,2.72,4000.0,2023-09-04
284,1442,1,B-001864,2.35,6000.0,2023-03-09
285,13147,25,B-016641,2.22,4000.0,2023-12-13
286,2054,24,B-002626,1.11,6000.0,2023-11-24
287,4774,9,B-006090,3.71,2000.0,2023-08-05
288,1742,11,B-002246,0.58,2000.0,2023-02-06
289,15443,35,B-019499,1.19,2000.0,2023-06-06
290,1726,25,B-002227,2.49,,2023-01-27
291,6087,14,B-007708,2.26,2000.0,2023-05-15
292,10448,28,B-013231,4.68,6000.0,2023-06-08
293,3085,24,B-003929,1.36,2000.0,2023-11-03
294,14771,21,B-018668,0.7,4000.0,2023-09-04
295,6386,2,B-008068,4.7,4000.0,2023-07-14
296,15017,17,B-018971,2.31,,2023-06-01
297,15428,4,B-019482,2.16,4000.0,2023-02-07
298,1015,6,B-001303,0.96,6000.0,2023-09-26
299,2103,23,B-002687,3.63,2000.0,2023-11-25
300,10842,19,B-013738,1.93,,2023-11-16
301,15150,30,B-019126,2.22,2000.0,2023-11-24
302,14657,21,B-018522,3.27,2000.0,2023-02-10
303,13533,34,B-017131,0.77,6000.0,2023-06-16
304,8209,35,B-010367,1.57,4000.0,2023-12-20
305,6751,8,B-008545,3.4,4000.0,2023-01-17
306,5256,6,B-006694,3.8,2000.0,2023-06-08
307,8153,25,B-010296,1.62,,2023-11-23
308,6180,21,B-007822,2.49,4000.0,2023-01-03
309,6883,13,B-008704,1.07,,2023-03-19
310,10244,25,B-012970,3.75,4000.0,2023-04-14
311,3354,22,B-004289,4.85,,2023-04-09
312,7787,11,B-009831,2.49,6000.0,2023-09-20
313,11851,10,B-014983,0.59,,2023-07-14
314,8204,18,B-010361,1.19,6000.0,2023-12-06
315,1849,33,B-002378,3.03,6000.0,2023-08-03
316,228,3,B-000306,3.79,,2023-06-16
317,11877,7,B-015018,2.18,6000.0,2023-08-10
318,14598,30,B-018449,3.05,2000.0,2023-04-25
319,2584,10,B-003277,2.07,6000.0,2023-12-16
320,1869,1,B-002401,3.81,4000.0,2023-04-16
321,13923,26,B-017618,0.63,,2023-11-21
322,5503,20,B-006985,1.64,2000.0,2023-10-19
323,13093,23,B-016577,2.29,,2023-10-03
324,15636,14,B-019739,2.42,4000.0,2023-12-10
325,3394,15,B-004341,1.89,4000.0,2023-07-25
326,9053,18,B-011437,1.14,4000.0,2023-12-07
327,1750,7,B-002255,0.51,6000.0,2023-02-25
328,6332,6,B-008005,1.27,6000.0,2023-06-06
329,9573,19,B-012109,3.05,,2023-04-06
330,7391,24,B-009339,4.92,,2023-07-15
331,4059,16,B-005170,1.75,2000.0,2023-06-01
332,11342,34,B-014359,0.77,2000.0,2023-01-22
333,14075,26,B-017801,2.84,,2023-05-16
334,7851,11,B-009913,3.57,6000.0,2023-06-11
335,13693,34,B-017333,0.76,4000.0,2023-06-28
336,194,3,B-000257,4.5,,2023-03-01
337,14371,17,B-018174,3.28,2000.0,2023-11-28
338,7772,11,B-009811,0.57,6000.0,2023-06-28
339,2681,26,B-003395,1.55,,2023-08-13
340,3445,18,B-004401,2.64,,2023-11-28
341,6853,16,B-008667,4.41,6000.0,2023-10-26
342,2977,15,B-003783,3.53,,2023-09-28
343,2770,9,B-003508,2.93,6000.0,2023-04-07
344,15745,23,B-019875,4.97,4000.0,2023-01-06
345,3998,2,B-005094,1.66,6000.0,2023-08-22
346,7064,17,B-008925,2.71,6000.0,2023-12-11
347,7310,21,B-009233,3.4,6000.0,2023-07-23
348,5431,4,B-006902,2.47,,2023-04-08
349,8896,33,B-011236,4.72,,2023-12-04
350,5237,1,B-006672,0.51,6000.0,2023-01-19
351,6841,12,B-008651,2.14,,2023-11-26
352,13079,19,B-016562,2.28,2000.0,2023-09-28
353,12647,9,B-016009,1.49,2000.0,2023-11-15
354,6510,20,B-008229,1.89,,2023-12-04
355,1290,32,B-001665,4.23,,2023-08-10
356,2386,4,B-003025,4.7,6000.0,2023-04-23
357,15668,28,B-019779,3.77,4000.0,2023-05-27
358,7178,23,B-009067,3.55,,2023-06-25
359,1125,7,B-001445,3.63,2000.0,2023-04-23
360,86,7,B-000117,4.12,6000.0,2023-12-10
361,8654,9,B-010930,2.67,,2023-03-07
362,3352,25,B-004287,4.35,2000.0,2023-02-22
363,6786,20,B-008584,1.26,2000.0,2023-01-04
364,4154,5,B-005295,2.82,4000.0,2023-06-19
365,11449,10,B-014479,0.65,6000.0,2023-04-13
366,14294,13,B-018078,3.85,6000.0,2023-12-26
367,11058,18,B-014015,1.74,4000.0,2023-11-15
368,14537,1,B-018380,4.59,4000.0,2023-04-01
369,239,11,B-000317,1.31,6000.0,2023-08-21
370,15721,10,B-019845,1.33,6000.0,2023-12-01
371,1926,7,B-002466,2.7,,2023-09-27
372,3833,12,B-004885,3.89,,2023-11-04
373,14137,22,B-017878,4.1,4000.0,2023-02-02
374,922,19,B-001181,4.33,,2023-01-03
375,9565,17,B-012099,2.4,2000.0,2023-11-01
376,15116,34,B-019088,4.02,,2023-11-18
377,14317,8,B-018106,4.94,,2023-06-20
378,3809,12,B-004853,0.7,2000.0,2023-01-07
379,11118,20,B-014084,3.21,4000.0,2023-04-19
380,3266,5,B-004177,2.97,2000.0,2023-05-13
381,1069,23,B-001371,4.73,,2023-03-18
382,7994,25,B-010102,1.37,4000.0,2023-06-19
383,9446,15,B-011949,4.97,,2023-07-13
384,1020,29,B-001308,0.99,2000.0,2023-09-14
385,9273,30,B-011725,1.16,2000.0,2023-04-09
386,5419,27,B-006884,4.67,,2023-03-17
387,6471,31,B-008177,3.65,6000.0,2023-05-18
388,2659,32,B-003369,4.76,6000.0,2023-07-06
389,9171,5,B-011590,2.98,2000.0,2023-07-16
390,14512,19,B-018347,3.46,2000.0,2023-03-13
391,10514,32,B-013317,3.24,6000.0,2023-12-15
392,3977,22,B-005065,1.79,6000.0,2023-07-17
393,6128,21,B-007758,2.33,,2023-06-28
394,4176,18,B-005325,1.24,,2023-01-03
395,4545,35,B-005802,4.83,6000.0,2023-07-22
396,10664,15,B-013511,4.99,,2023-09-23
397,624,17,B-000813,3.86,,2023-12-14
398,4602,12,B-005878,0.69,4000.0,2023-08-06
399,8625,14,B-010886,2.81,,2023-01-14
400,10650,13,B-013492,4.61,2000.0,2023-04-27
401,6437,12,B-008132,2.67,,2023-05-07
402,6911,27,B-008743,1.87,,2023-11-17
403,4094,26,B-005217,0.76,6000.0,2023-01-20
404,2797,9,B-003543,2.31,2000.0,2023-01-04
405,9903,10,B-012536,2.35,,2023-08-01
406,988,20,B-001269,1.85,,2023-07-06
407,12197,12,B-015424,2.48,4000.0,2023-03-12
408,5749,10,B-007289,2.39,,2023-06-02
409,5137,23,B-006540,4.92,,2023-02-14
410,11929,13,B-015084,1.96,4000.0,2023-07-17
411,9067,4,B-011458,2.05,6000.0,2023-01-25
412,7915,34,B-010001,0.54,,2023-08-10
413,5892,35,B-007458,1.19,4000.0,2023-09-06
414,5765,34,B-007305,1.61,2000.0,2023-07-07
415,596,11,B-000776,2.76,6000.0,2023-03-07
416,4969,20,B-006329,1.36,2000.0,2023-03-14
417,10314,29,B-013057,2.86,2000.0,2023-12-21
418,8513,21,B-010757,3.4,4000.0,2023-05-04
419,7229,32,B-009130,1.61,,2023-01-06
420,1765,26,B-002275,3.23,4000.0,2023-07-06
421,7243,33,B-009147,0.94,4000.0,2023-01-22
422,9106,19,B-011507,4.0,4000.0,2023-09-20
423,13188,1,B-016693,4.49,4000.0,2023-03-21
424,10342,17,B-013097,0.84,6000.0,2023-09-20
425,13888,3,B-017571,2.9,,2023-03-02
426,8597,19,B-010852,3.92,2000.0,2023-09-12
427,704,1,B-000905,0.8,2000.0,2023-07-17
428,2975,15,B-003780,1.08,,2023-01-19
429,6765,28,B-008560,2.29,2000.0,2023-11-18
430,4578,15,B-005852,4.01,,2023-07-20
431,15063,32,B-019025,3.64,2000.0,2023-09-15
432,6878,15,B-008699,1.49,4000.0,2023-12-09
433,974,17,B-001254,3.38,2000.0,2023-05-05
434,2806,32,B-003553,1.44,,2023-02-01
435,15483,5,B-019549,4.76,,2023-09-09
436,11248,19,B-014240,0.76,,2023-01-27
437,8967,5,B-011328,4.87,,2023-09-22
438,8140,16,B-010279,1.66,,2023-11-21
439,11295,25,B-014300,3.33,6000.0,2023-07-05
440,13246,8,B-016759,4.56,6000.0,2023-02-16
441,2982,22,B-003790,3.06,2000.0,2023-12-06
442,9972,35,B-012623,3.59,,2023-04-03
443,14951,20,B-018894,2.31,2000.0,2023-12-17
444,4883,19,B-006229,2.2,,2023-01-04
445,6601,27,B-008347,3.97,,2023-05-05
446,1133,27,B-001455,4.18,6000.0,2023-12-03
447,11287,24,B-014289,1.88,6000.0,2023-08-05
448,38,34,B-000056,4.21,4000.0,2023-02-18
449,13459,35,B-017037,2.23,6000.0,2023-06-21
450,13947,35,B-017644,4.48,4000.0,2023-02-16
451,5068,23,B-006457,3.27,4000.0,2023-02-12
452,9435,18,B-011935,2.89,4000.0,2023-10-06
453,11158,10,B-014133,4.44,4000.0,2023-05-16
454,1778,1,B-002293,0.84,4000.0,2023-01-28
455,8567,20,B-010820,3.75,2000.0,2023-08-27
456,8148,30,B-010287,0.91,6000.0,2023-03-06
457,3191,4,B-004084,4.88,4000.0,2023-10-26
458,7796,3,B-009841,2.92,,2023-08-18
459,13127,12,B-016618,2.4,6000.0,2023-10-25
460,8022,21,B-010135,4.33,6000.0,2023-06-18
461,10573,11,B-013383,2.12,4000.0,2023-03-10
462,8457,9,B-010689,1.59,2000.0,2023-04-02
463,10410,19,B-013186,2.17,4000.0,2023-12-04
464,7673,30,B-009689,1.16,2000.0,2023-03-03
465,14365,34,B-018167,3.94,,2023-08-24
466,3260,19,B-004171,2.35,6000.0,2023-06-15
467,4934,27,B-006287,1.28,,2023-03-01
468,10872,7,B-013778,2.99,2000.0,2023-05-19
469,9814,15,B-012424,0.91,2000.0,2023-07-05
470,4473,25,B-005703,3.86,,2023-09-20
471,14757,30,B-018649,3.39,2000.0,2023-07-06
472,7814,28,B-009862,0.99,,2023-02-12
473,10507,3,B-013307,0.55,6000.0,2023-05-07
474,14195,24,B-017955,3.04,,2023-10-26
475,9,11,B-000014,3.88,6000.0,2023-07-17
476,7882,24,B-009958,1.08,,2023-11-04
477,7447,3,B-009402,4.13,2000.0,2023-03-01
478,5422,4,B-006888,1.18,,2023-08-03
479,11120,18,B-014087,3.44,2000.0,2023-12-06
480,15047,15,B-019005,4.69,,2023-06-15
481,8357,19,B-010560,2.44,,2023-12-25
482,12053,4,B-015237,4.81,4000.0,2023-10-21
483,11447,13,B-014477,4.86,2000.0,2023-02-16
484,11457,16,B-014489,1.76,4000.0,2023-06-12
485,5520,18,B-007003,3.93,2000.0,2023-08-21
486,13238,19,B-016751,2.14,4000.0,2023-05-13
487,12266,6,B-015506,2.15,6000.0,2023-10-11
488,4362,1,B-005561,4.44,,2023-11-02
489,2180,28,B-002779,1.81,2000.0,2023-03-19
490,7366,7,B-009300,2.07,2000.0,2023-08-21
491,13349,12,B-016891,4.63,,2023-07-25
492,8692,10,B-010984,2.69,2000.0,2023-12-24
493,2417,11,B-003061,1.15,2000.0,2023-04-11
494,6078,26,B-007697,4.05,4000.0,2023-08-07
495,8052,28,B-010172,3.36,2000.0,2023-02-05
496,5807,30,B-007362,2.86,6000.0,2023-11-09
497,5126,22,B-006526,3.89,6000.0,2023-03-07
498,3789,5,B-004829,4.03,,2023-12-14
499,613,5,B-000801,3.02,2000.0,2023-10-07
500,1181,30,B-001515,3.49,,2023-12-24
501,6347,2,B-008024,1.92,6000.0,2023-11-14
502,12310,33,B-015570,4.36,2000.0,2023-11-15
503,1855,16,B-002387,1.25,2000.0,2023-07-07
504,11807,5,B-014924,2.17,,2023-06-01
505,10712,31,B-013581,3.65,6000.0,2023-11-15
506,14926,6,B-018864,2.85,2000.0,2023-06-04
507,5006,22,B-006372,1.23,,2023-07-13
508,9941,35,B-012583,1.77,6000.0,2023-10-28
509,12804,16,B-016200,3.42,,2023-10-14
510,10341,16,B-013096,0.95,4000.0,2023-08-17
511,6323,26,B-007995,4.0,2000.0,2023-09-13
512,3795,17,B-004836,4.07,4000.0,2023-08-14
513,139,7,B-000182,1.7,6000.0,2023-11-09
514,2757,31,B-003493,1.59,4000.0,2023-07-02
515,10992,27,B-013932,3.84,4000.0,2023-06-11
516,5648,23,B-007171,4.88,6000.0,2023-04-20
517,4519,7,B-005764,1.08,,2023-11-13
518,13410,22,B-016973,1.54,4000.0,2023-12-26
519,12043,19,B-015223,4.29,,2023-11-09
520,1275,23,B-001646,3.33,4000.0,2023-10-05
521,14443,29,B-018266,3.07,,2023-01-24
522,6462,19,B-008166,1.34,6000.0,2023-11-08
523,3118,31,B-003977,2.2,4000.0,2023-05-22
524,11832,28,B-014958,3.37,6000.0,2023-10-28
525,3420,16,B-004370,4.53,4000.0,2023-02-03
526,12046,13,B-015226,0.95,6000.0,2023-01-14
527,13750,30,B-017405,2.39,6000.0,2023-06-21
528,14485,8,B-018315,3.47,4000.0,2023-11-20
529,8235,26,B-010398,3.26,4000.0,2023-09-01
530,11469,23,B-014503,0.63,4000.0,2023-01-17
531,13065,15,B-016541,1.48,2000.0,2023-06-05
532,11034,21,B-013984,0.91,,2023-12-18
533,14193,35,B-017953,4.76,2000.0,2023-04-09
534,11555,22,B-014612,4.07,2000.0,2023-10-10
535,4093,23,B-005216,4.47,6000.0,2023-07-20
536,12299,32,B-015555,2.43,4000.0,2023-10-12
537,11663,1,B-014748,4.5,,2023-09-09
538,6714,6,B-008494,4.84,6000.0,2023-06-13
539,6411,29,B-008102,1.6,2000.0,2023-04-22
540,7195,1,B-009087,1.93,4000.0,2023-01-23
541,13497,3,B-017082,1.55,6000.0,2023-02-13
542,12548,35,B-015880,1.75,4000.0,2023-10-26
543,6194,30,B-007840,2.46,6000.0,2023-06-07
544,7123,24,B-008999,2.4,4000.0,2023-02-15
545,11394,23,B-014414,0.6,2000.0,2023-01-21
546,1982,27,B-002539,4.63,,2023-01-11
547,7412,29,B-009363,1.85,2000.0,2023-06-25
548,6067,5,B-007684,3.26,,2023-07-10
549,7047,9,B-008904,4.29,4000.0,2023-10-04
550,8711,29,B-011006,4.97,6000.0,2023-12-24
551,8298,10,B-010477,2.92,2000.0,2023-01-23
552,13993,28,B-017700,4.76,,2023-02-09
553,2067,3,B-002641,3.64,2000.0,2023-03-19
554,3558,9,B-004535,4.5,,2023-07-21
555,3876,8,B-004943,2.65,2000.0,2023-08-09
556,5980,2,B-007578,3.7,,2023-06-18
557,9917,34,B-012552,0.85,,2023-08-02
558,3927,25,B-005008,2.69,4000.0,2023-06-07
559,5525,14,B-007011,3.69,,2023-11-05
560,1631,15,B-002105,2.54,4000.0,2023-10-17
561,10722,24,B-013595,3.59,,2023-10-21
562,10548,16,B-013357,4.52,6000.0,2023-03-09
563,8588,29,B-010843,1.03,6000.0,2023-09-03
564,14059,5,B-017781,2.0,6000.0,2023-08-09
565,12081,1,B-015268,1.82,,2023-07-06
566,10748,32,B-013625,3.57,4000.0,2023-11-08
567,1580,17,B-002041,1.57,4000.0,2023-09-04
568,5330,32,B-006778,2.26,,2023-02-08
569,10865,32,B-013768,1.8,6000.0,2023-10-10
570,10083,27,B-012763,3.83,6000.0,2023-12-08
571,15160,23,B-019140,2.55,4000.0,2023-01-22
572,488,11,B-000641,1.27,6000.0,2023-01-20
573,14927,5,B-018865,1.61,2000.0,2023-02-02
574,9848,29,B-012465,2.86,4000.0,2023-03-25
575,12359,20,B-015630,3.81,6000.0,2023-09-09
576,148,13,B-000194,1.86,4000.0,2023-06-17
577,9122,11,B-011527,4.35,2000.0,2023-11-05
578,7751,5,B-009785,3.85,4000.0,2023-04-13
579,10097,16,B-012780,4.55,4000.0,2023-08-17
580,10838,22,B-013731,2.26,4000.0,2023-07-09
581,13941,31,B-017637,3.26,4000.0,2023-07-26
582,14150,9,B-017896,1.0,2000.0,2023-01-16
583,5700,20,B-007227,3.49,,2023-05-16
584,12640,35,B-015999,4.21,4000.0,2023-02-02
585,5667,13,B-007191,0.5,4000.0,2023-05-05
586,7078,5,B-008944,4.81,6000.0,2023-09-05
587,11281,18,B-014282,4.63,4000.0,2023-05-08
588,15643,26,B-019748,3.37,6000.0,2023-07-13
589,740,16,B-000952,1.28,,2023-07-22
590,10068,2,B-012743,2.37,2000.0,2023-04-10
591,8717,31,B-011015,1.33,2000.0,2023-07-04
592,10464,19,B-013249,3.58,,2023-06-15
593,4234,5,B-005409,0.62,2000.0,2023-09-01
594,12115,6,B-015316,1.59,,2023-09-12
595,3272,19,B-004183,0.74,,2023-07-05
596,15786,7,B-019928,2.83,,2023-01-03
597,685,28,B-000884,3.17,2000.0,2023-05-19
598,10199,11,B-012912,3.13,6000.0,2023-09-24
599,15358,28,B-019396,4.85,,2023-03-08
600,14633,20,B-018494,0.53,4000.0,2023-08-20
601,690,24,B-000889,1.61,2000.0,2023-02-16
602,2157,29,B-002751,1.85,,2023-08-06
603,11083,34,B-014045,3.57,,2023-11-20
604,3479,17,B-004447,4.18,4000.0,2023-11-08
605,11967,23,B-015129,2.66,6000.0,2023-05-22
606,4666,16,B-005955,2.26,6000.0,2023-12-26
607,1276,16,B-001648,1.78,6000.0,2023-02-19
608,6735,4,B-008525,4.59,,2023-06-05
609,9813,9,B-012423,2.11,,2023-09-07
610,8486,5,B-010727,1.29,,2023-03-12
611,5460,3,B-006936,4.03,2000.0,2023-11-10
612,11785,7,B-014900,3.47,4000.0,2023-10-23
613,8474,15,B-010711,1.96,,2023-10-12
614,8751,7,B-011060,0.93,4000.0,2023-02-16
615,15470,11,B-019532,4.46,4000.0,2023-12-13
616,7220,6,B-009118,4.31,6000.0,2023-02-15
617,10902,1,B-013814,1.95,2000.0,2023-12-15
618,6540,4,B-008267,2.71,,2023-11-10
619,2101,21,B-002684,1.37,6000.0,2023-10-01
620,12189,16,B-015412,2.12,6000.0,2023-07-19
621,485,12,B-000636,4.81,,2023-12-21
622,13974,14,B-017676,2.63,4000.0,2023-06-12
623,1325,19,B-001707,4.43,6000.0,2023-10-03
624,9074,19,B-011468,0.73,4000.0,2023-09-11
625,5796,29,B-007348,1.63,2000.0,2023-12-12
626,1745,30,B-002249,1.59,4000.0,2023-09-20
627,1030,15,B-001320,4.51,2000.0,2023-10-16
628,789,33,B-001017,2.01,4000.0,2023-01-05
629,6412,25,B-008103,3.49,6000.0,2023-01-08
630,5132,13,B-006533,3.95,6000.0,2023-01-12
631,512,30,B-000668,0.86,2000.0,2023-09-16
632,3917,19,B-004994,1.51,,2023-06-14
633,6176,11,B-007817,0.6,2000.0,2023-01-01
634,3233,24,B-004137,3.82,2000.0,2023-09-16
635,12275,28,B-015518,3.66,4000.0,2023-09-05
636,2949,17,B-003749,2.15,4000.0,2023-04-11
637,14624,10,B-018481,1.52,2000.0,2023-12-25
638,5627,12,B-007143,4.16,6000.0,2023-02-02
639,12055,19,B-015239,3.45,4000.0,2023-04-10
640,6639,19,B-008397,0.85,,2023-05-18
641,9555,25,B-012088,4.62,4000.0,2023-04-15
642,4310,31,B-005499,3.44,4000.0,2023-09-09
643,15743,2,B-019873,3.67,,2023-10-16
644,4204,32,B-005367,1.87,2000.0,2023-09-07
645,8070,17,B-010193,4.9,,2023-12-15
646,15522,9,B-019597,3.15,2000.0,2023-05-27
647,15009,18,B-018963,2.23,2000.0,2023-01-08
648,650,25,B-000842,3.47,2000.0,2023-01-18
649,8094,5,B-010223,2.01,,2023-05-26
650,14930,25,B-018868,2.45,2000.0,2023-07-26
651,9717,28,B-012299,4.7,6000.0,2023-05-28
652,10265,12,B-012998,2.84,,2023-03-13
653,5103,9,B-006499,0.57,6000.0,2023-11-09
654,1944,18,B-002491,3.07,2000.0,2023-01-20
655,6290,32,B-007958,4.15,4000.0,2023-10-01
656,2634,17,B-003340,4.31,2000.0,2023-08-15
657,7828,29,B-009883,2.66,6000.0,2023-09-07
658,3111,6,B-003967,4.79,6000.0,2023-08-06
659,14675,33,B-018545,3.34,,2023-03-28
660,1052,28,B-001346,2.78,4000.0,2023-08-19
661,9006,2,B-011378,0.57,,2023-06-18
662,13793,26,B-017457,1.01,6000.0,2023-02-08
663,11076,25,B-014038,2.37,2000.0,2023-11-14
664,9596,35,B-012143,4.89,4000.0,2023-11-12
665,1754,11,B-002260,0.7,2000.0,2023-03-19
666,13096,29,B-016580,4.01,2000.0,2023-09-26
667,8848,5,B-011182,3.46,4000.0,2023-03-13
668,317,18,B-000415,3.04,,2023-10-21
669,10862,6,B-013765,3.23,2000.0,2023-11-17
670,12695,14,B-016063,1.6,6000.0,2023-04-26
671,2732,1,B-003459,3.62,2000.0,2023-08-24
672,11218,6,B-014206,4.62,4000.0,2023-11-16
673,9380,21,B-011869,4.22,4000.0,2023-03-18
674,11914,34,B-015065,1.12,4000.0,2023-05-26
675,3933,35,B-005014,4.92,,2023-10-16
676,11272,24,B-014271,2.38,2000.0,2023-09-23
677,4526,11,B-005772,0.61,,2023-03-03
678,13509,19,B-017097,2.4,,2023-03-13
679,7000,34,B-008851,3.27,4000.0,2023-12-02
680,13940,30,B-017635,2.34,4000.0,2023-08-24
681,12522,10,B-015844,1.33,,2023-10-27
682,12051,15,B-015233,3.42,2000.0,2023-07-11
683,11274,8,B-014273,2.72,6000.0,2023-01-19
684,6953,14,B-008795,2.42,,2023-06-13
685,8359,2,B-010562,2.44,2000.0,2023-05-19
686,6366,2,B-008045,2.48,4000.0,2023-03-10
687,2231,33,B-002840,3.5,4000.0,2023-03-04
688,7238,25,B-009140,3.19,2000.0,2023-01-18
689,11679,12,B-014772,1.77,6000.0,2023-10-14
690,6319,8,B-007991,0.99,4000.0,2023-12-28
691,12047,17,B-015228,4.39,4000.0,2023-05-24
692,14776,17,B-018673,1.5,4000.0,2023-02-11
693,15638,23,B-019742,0.83,2000.0,2023-12-11
694,8724,26,B-011024,1.93,,2023-09-22
695,732,26,B-000941,3.14,4000.0,2023-04-22
696,12802,24,B-016198,1.77,,2023-04-21
697,8429,18,B-010651,0.51,6000.0,2023-02-16
698,4670,25,B-005959,3.34,4000.0,2023-04-21
699,12620,5,B-015977,1.85,4000.0,2023-04-10
700,5473,13,B-006951,2.95,6000.0,2023-05-04
701,9199,21,B-011627,1.61,4000.0,2023-07-04
702,6691,22,B-008466,3.64,,2023-12-05
703,8826,11,B-011153,3.59,2000.0,2023-01-10
704,7259,32,B-009164,0.77,,2023-06-09
705,7167,2,B-009053,1.67,2000.0,2023-01-09
706,14399,13,B-018213,1.89,2000.0,2023-07-08
707,253,23,B-000333,4.86,,2023-10-11
708,13379,19,B-016929,0.91,,2023-12-11
709,4912,5,B-006261,2.83,,2023-06-18
710,2205,24,B-002806,3.73,,2023-05-26
711,6251,23,B-007909,3.8,6000.0,2023-01-02
712,15644,29,B-019749,4.06,4000.0,2023-01-06
713,12648,35,B-016010,4.16,2000.0,2023-07-21
714,14385,7,B-018193,3.75,,2023-12-14
715,6224,29,B-007875,3.81,,2023-07-07
716,12336,31,B-015601,1.86,,2023-08-07
717,12713,16,B-016084,1.81,6000.0,2023-02-08
718,11610,6,B-014686,2.9,,2023-04-13
719,431,29,B-000566,3.93,,2023-12-04
720,2406,8,B-003050,1.54,,2023-06-16
721,7634,16,B-009642,4.89,4000.0,2023-02-18
722,5727,23,B-007262,0.88,6000.0,2023-07-20
723,10466,11,B-013252,0.77,,2023-08-09
724,6303,6,B-007973,1.95,2000.0,2023-10-20
725,7943,6,B-010034,4.08,2000.0,2023-09-16
726,15090,2,B-019057,2.81,2000.0,2023-12-24
727,9559,18,B-012093,3.91,6000.0,2023-03-17
728,12267,17,B-015508,4.48,6000.0,2023-08-06
729,14344,14,B-018137,2.3,2000.0,2023-05-04
730,13744,10,B-017398,1.72,,2023-06-20
731,8918,1,B-011265,1.42,6000.0,2023-10-23
732,11001,1,B-013943,1.99,2000.0,2023-12-24
733,14260,19,B-018036,2.62,2000.0,2023-01-10
734,8585,24,B-010840,0.77,,2023-08-20
735,9124,23,B-011529,0.56,4000.0,2023-04-09
736,11761,35,B-014869,1.88,6000.0,2023-10-25
737,7025,7,B-008878,1.41,,2023-10-05
738,7955,16,B-010048,1.07,2000.0,2023-09-19
739,6516,4,B-008238,1.75,2000.0,2023-12-28
740,5968,11,B-007555,0.91,,2023-10-05
741,3104,20,B-003954,0.73,6000.0,2023-09-26
742,4955,8,B-006311,3.92,4000.0,2023-04-18
743,8184,7,B-010340,1.9,4000.0,2023-09-11
744,3078,14,B-003918,4.75,2000.0,2023-05-23
745,13880,20,B-017560,4.05,6000.0,2023-11-04
746,4756,10,B-006067,3.97,4000.0,2023-06-24
747,4926,10,B-006277,4.73,6000.0,2023-07-12
748,5584,22,B-007091,2.12,6000.0,2023-04-01
749,12538,31,B-015867,2.76,2000.0,2023-01-20
750,7174,32,B-009061,4.98,4000.0,2023-12-09
751,13581,32,B-017192,4.38,,2023-08-20
752,7344,9,B-009274,3.88,2000.0,2023-02-02
753,2596,1,B-003295,4.33,4000.0,2023-02-14
754,4997,17,B-006361,1.75,4000.0,2023-04-21
755,7686,29,B-009708,4.54,4000.0,2023-03-19
756,5889,1,B-007455,4.27,4000.0,2023-11-02
757,9351,30,B-011826,0.7,4000.0,2023-10-07
758,4604,15,B-005880,4.73,6000.0,2023-05-09
759,7845,5,B-009905,3.05,2000.0,2023-08-03
760,351,17,B-000464,3.16,6000.0,2023-01-25
761,15364,23,B-019405,4.45,,2023-04-10
762,3244,24,B-004148,2.21,4000.0,2023-05-06
763,7115,32,B-008989,1.73,2000.0,2023-04-06
764,1163,35,B-001492,3.1,4000.0,2023-06-25
765,1382,14,B-001787,0.67,2000.0,2023-10-13
766,14340,20,B-018133,4.15,6000.0,2023-05-07
767,7588,3,B-009573,4.07,2000.0,2023-02-17
768,3234,25,B-004138,2.83,,2023-11-06
769,12714,11,B-016086,3.46,,2023-01-11
770,2652,16,B-003362,2.64,2000.0,2023-06-21
771,305,16,B-000402,1.34,2000.0,2023-01-15
772,14882,9,B-018811,2.63,2000.0,2023-04-09
773,7379,1,B-009318,0.68,2000.0,2023-04-25
774,12167,15,B-015382,2.3,,2023-01-06
775,12400,15,B-015687,4.74,4000.0,2023-04-19
776,11410,19,B-014434,1.89,2000.0,2023-03-26
777,8835,5,B-011165,1.4,2000.0,2023-03-10
778,4737,31,B-006042,3.76,,2023-03-22
779,1306,1,B-001684,3.59,,2023-12-07
780,6546,11,B-008274,3.93,6000.0,2023-02-13
781,12376,19,B-015655,1.97,2000.0,2023-05-27
782,2942,10,B-003739,3.51,6000.0,2023-10-01
783,1659,21,B-002142,2.03,,2023-01-20
784,10368,7,B-013131,1.35,,2023-04-10
785,12738,10,B-016114,1.78,4000.0,2023-07-22
786,1892,11,B-002428,4.25,2000.0,2023-08-26
787,14961,18,B-018908,2.32,6000.0,2023-01-06
788,1363,2,B-001757,2.69,,2023-11-13
789,3898,10,B-004972,3.35,,2023-10-26
790,3835,8,B-004889,4.3,6000.0,2023-06-04
791,14595,22,B-018444,3.54,4000.0,2023-03-01
792,7881,3,B-009957,2.82,,2023-10-24
793,2192,9,B-002792,2.57,2000.0,2023-01-20
794,6438,1,B-008133,4.19,,2023-09-09
795,3054,22,B-003882,1.84,2000.0,2023-01-20
796,14462,17,B-018287,0.88,6000.0,2023-02-05
797,10758,20,B-013638,4.87,2000.0,2023-12-20
798,5838,34,B-007396,4.19,6000.0,2023-10-15
799,13529,26,B-017124,3.37,2000.0,2023-02-13
800,15380,15,B-019427,0.6,6000.0,2023-12-09
801,11672,18,B-014763,1.36,2000.0,2023-05-10
802,11474,15,B-014508,0.72,4000.0,2023-10-16
803,7714,25,B-009744,4.0,2000.0,2023-05-17
804,11090,26,B-014052,1.73,2000.0,2023-07-07
805,7921,29,B-010007,2.58,4000.0,2023-11-11
806,14743,16,B-018633,3.25,,2023-12-23
807,1523,9,B-001974,2.25,,2023-09-01
808,2561,3,B-003252,2.58,2000.0,2023-12-16
809,5358,25,B-006809,0.65,4000.0,2023-10-03
810,5443,13,B-006915,4.93,2000.0,2023-06-10
811,6857,35,B-008672,1.2,6000.0,2023-10-06
812,2084,5,B-002661,3.88,6000.0,2023-05-18
813,4038,13,B-005147,2.2,2000.0,2023-02-04
814,6213,7,B-007860,1.3,,2023-03-25
815,4467,7,B-005696,4.55,,2023-05-11
816,14302,1,B-018088,3.35,2000.0,2023-11-11
817,1921,15,B-002460,2.73,2000.0,2023-08-10
818,4025,8,B-005130,3.93,6000.0,2023-11-06
819,63,16,B-000088,2.35,,2023-11-01
820,10575,21,B-013387,3.79,2000.0,2023-01-11
821,15207,34,B-019200,0.6,6000.0,2023-10-26
822,12179,4,B-015399,1.23,,2023-06-24
823,7563,34,B-009544,4.53,4000.0,2023-04-19
824,834,9,B-001070,1.59,6000.0,2023-03-15
825,5986,15,B-007586,4.42,,2023-03-08
826,7477,9,B-009441,2.33,,2023-09-16
827,7336,4,B-009265,2.92,6000.0,2023-12-25
828,11769,12,B-014878,0.77,4000.0,2023-07-27
829,1812,26,B-002333,3.42,6000.0,2023-07-26
830,6039,17,B-007649,4.06,,2023-12-06
831,6855,1,B-008669,4.08,2000.0,2023-04-09
832,5092,16,B-006483,3.69,2000.0,2023-04-25
833,10991,33,B-013931,2.53,6000.0,2023-05-19
834,2960,32,B-003761,1.8,,2023-04-12
835,14111,1,B-017845,3.05,2000.0,2023-05-16
836,5810,8,B-007367,1.82,,2023-07-09
837,3831,21,B-004883,0.55,6000.0,2023-06-24
838,6884,15,B-008705,3.28,2000.0,2023-03-12
839,3656,20,B-004661,2.2,,2023-08-21
840,15788,23,B-019930,2.21,2000.0,2023-11-03
841,1509,3,B-001955,4.0,6000.0,2023-02-21
842,4259,24,B-005437,4.58,,2023-12-28
843,7979,14,B-010080,0.65,2000.0,2023-11-04
844,14759,3,B-018652,2.92,6000.0,2023-02-26
845,7493,28,B-009458,4.09,2000.0,2023-03-23
846,11372,34,B-014391,4.91,2000.0,2023-05-18
847,3185,32,B-004075,4.58,4000.0,2023-03-17
848,12146,31,B-015359,0.94,4000.0,2023-01-11
849,7888,30,B-009965,0.95,6000.0,2023-10-07
850,10414,13,B-013190,1.0,4000.0,2023-08-25
851,7060,24,B-008921,4.97,6000.0,2023-05-25
852,12958,6,B-016400,2.78,4000.0,2023-09-10
853,13989,31,B-017695,3.55,2000.0,2023-09-10
854,12789,8,B-016181,4.88,6000.0,2023-08-16
855,11331,23,B-014345,2.04,6000.0,2023-11-18
856,2063,22,B-002636,2.76,2000.0,2023-06-25
857,1019,14,B-001307,1.45,6000.0,2023-11-05
858,11177,2,B-014157,3.25,6000.0,2023-03-11
859,15296,14,B-019316,4.01,4000.0,2023-05-08
860,6492,33,B-008205,1.15,6000.0,2023-06-24
861,655,5,B-000848,3.03,,2023-07-01
862,2359,7,B-002993,4.89,2000.0,2023-05-01
863,15686,24,B-019802,2.18,4000.0,2023-06-14
864,14915,4,B-018849,1.47,4000.0,2023-09-15
865,519,32,B-000680,3.17,,2023-01-25
866,6984,4,B-008832,1.76,2000.0,2023-10-19
867,14943,4,B-018883,2.16,2000.0,2023-05-04
868,1029,11,B-001319,2.36,4000.0,2023-03-28
869,4499,20,B-005741,2.47,6000.0,2023-06-19
870,12192,12,B-015418,3.6,4000.0,2023-03-25
871,13435,30,B-017006,4.81,2000.0,2023-06-25
872,11459,8,B-014491,2.57,,2023-06-07
873,7217,33,B-009115,3.39,4000.0,2023-07-13
874,4659,13,B-005948,2.18,2000.0,2023-10-14
875,11282,26,B-014284,2.92,4000.0,2023-05-19
876,12737,3,B-016113,4.88,6000.0,2023-02-18
877,2356,23,B-002990,3.25,4000.0,2023-04-25
878,12181,30,B-015402,2.53,4000.0,2023-12-05
879,9025,3,B-011402,3.62,2000.0,2023-07-01
880,10571,7,B-013381,1.95,2000.0,2023-03-09
881,8648,21,B-010922,3.44,2000.0,2023-04-25
882,8329,5,B-010521,1.35,4000.0,2023-03-07
883,2710,31,B-003428,0.68,6000.0,2023-03-18
884,4136,5,B-005270,1.54,,2023-04-07
885,8559,31,B-010808,0.62,,2023-08-04
886,10648,4,B-013489,2.3,2000.0,2023-04-25
887,12833,4,B-016236,3.1,2000.0,2023-09-04
888,7481,23,B-009445,2.11,4000.0,2023-06-14
889,10361,24,B-013123,1.65,,2023-02-15
890,14252,29,B-018026,2.1,2000.0,2023-05-27
891,939,30,B-001203,5.0,6000.0,2023-02-21
892,11789,4,B-014904,4.54,6000.0,2023-01-05
893,2272,34,B-002886,2.61,2000.0,2023-01-02
894,8160,25,B-010307,2.37,2000.0,2023-03-14
895,6544,22,B-008271,4.15,,2023-03-12
896,8386,17,B-010594,3.31,,2023-05-20
897,2990,2,B-003799,0.65,4000.0,2023-03-14
898,10460,26,B-013245,1.26,,2023-02-01
899,13328,5,B-016863,2.64,6000.0,2023-07-28
900,28,12,B-000038,0.5,6000.0,2023-08-16
901,14058,33,B-017780,3.72,2000.0,2023-08-16
902,11976,24,B-015139,0.87,,2023-02-23
903,10684,7,B-013542,1.63,4000.0,2023-12-22
904,1376,31,B-001777,2.84,6000.0,2023-10-09
905,4820,19,B-006147,3.81,6000.0,2023-01-24
906,13422,4,B-016989,0.56,4000.0,2023-11-02
907,9368,34,B-011855,2.05,4000.0,2023-11-28
908,12906,7,B-016335,2.48,6000.0,2023-12-09
909,11454,15,B-014485,1.65,6000.0,2023-08-25
910,1313,9,B-001692,2.84,4000.0,2023-02-26
911,5236,1,B-006671,1.52,6000.0,2023-08-27
912,6917,17,B-008751,2.46,2000.0,2023-02-28
913,14224,15,B-017997,1.39,2000.0,2023-12-12
914,3356,14,B-004294,4.1,4000.0,2023-06-18
915,7475,21,B-009439,1.21,,2023-11-06
916,11340,21,B-014357,4.74,4000.0,2023-10-14
917,12552,24,B-015884,1.83,4000.0,2023-09-14
918,3119,11,B-003979,3.69,,2023-11-10
919,736,25,B-000946,0.77,,2023-07-05
920,6196,20,B-007842,1.22,,2023-07-13
921,4075,24,B-005190,4.77,2000.0,2023-03-13
922,8062,17,B-010183,1.43,6000.0,2023-03-22
923,14271,32,B-018050,2.86,2000.0,2023-11-20
924,339,11,B-000449,2.94,6000.0,2023-10-15
925,14309,20,B-018097,0.68,2000.0,2023-05-04
926,10560,9,B-013370,1.51,6000.0,2023-02-03
927,2411,1,B-003055,3.66,2000.0,2023-07-14
928,15698,28,B-019814,3.76,,2023-05-09
929,2927,15,B-003718,2.1,4000.0,2023-01-04
930,11961,13,B-015121,3.5,2000.0,2023-02-25
931,3030,13,B-003850,2.84,6000.0,2023-11-13
932,3959,26,B-005046,4.79,,2023-10-04
933,12903,17,B-016331,4.57,2000.0,2023-07-27
934,7581,7,B-009564,3.08,2000.0,2023-09-02
935,13173,7,B-016675,3.51,,2023-01-07
936,7093,22,B-008960,3.78,2000.0,2023-05-12
937,10739,5,B-013615,4.03,4000.0,2023-06-15
938,12494,33,B-015811,2.96,2000.0,2023-06-24
939,12237,7,B-015474,2.75,4000.0,2023-02-11
940,6315,5,B-007987,1.52,4000.0,2023-05-04
941,11840,18,B-014968,1.34,,2023-07-07
942,14280,33,B-018064,2.47,2000.0,2023-06-25
943,3715,23,B-004740,3.12,,2023-09-23
944,9931,35,B-012570,3.63,2000.0,2023-04-03
945,4900,18,B-006246,4.33,2000.0,2023-03-23
946,13157,3,B-016655,0.97,6000.0,2023-12-27
947,3501,35,B-004474,1.51,2000.0,2023-01-08
948,1775,20,B-002288,3.63,,2023-04-08
949,15277,21,B-019296,1.84,4000.0,2023-01-28
950,10724,11,B-013597,3.06,2000.0,2023-07-06
951,8813,14,B-011138,4.91,6000.0,2023-12-09
952,13145,1,B-016638,4.66,,2023-04-11
953,6919,12,B-008755,4.37,2000.0,2023-12-08
954,60,12,B-000085,2.91,,2023-02-26
955,7340,21,B-009269,2.99,6000.0,2023-04-15
956,7750,32,B-009784,3.16,6000.0,2023-02-06
957,15045,29,B-019003,2.64,,2023-12-05
958,12678,30,B-016045,4.76,2000.0,2023-12-01
959,3823,13,B-004870,2.28,4000.0,2023-11-15
960,11569,31,B-014633,3.06,6000.0,2023-09-14
961,13951,20,B-017649,4.38,2000.0,2023-10-02
962,12541,5,B-015871,2.88,2000.0,2023-12-06
963,8955,24,B-011310,1.31,4000.0,2023-03-01
964,8631,13,B-010894,3.08,6000.0,2023-11-13
965,14300,6,B-018086,1.32,6000.0,2023-05-12
966,14080,22,B-017808,1.33,2000.0,2023-07-07
967,9765,21,B-012361,3.88,2000.0,2023-09-09
968,11804,29,B-014921,0.93,4000.0,2023-01-17
969,8349,27,B-010545,3.06,4000.0,2023-06-28
970,4846,30,B-006182,2.91,6000.0,2023-06-04
971,6184,20,B-007826,3.68,,2023-03-17
972,14824,20,B-018737,4.71,6000.0,2023-02-26
973,9915,31,B-012550,1.25,2000.0,2023-02-16
974,6044,24,B-007654,4.72,6000.0,2023-11-18
975,10627,4,B-013461,0.79,,2023-04-12
976,1114,20,B-001431,2.32,4000.0,2023-06-02
977,8254,11,B-010427,4.28,,2023-02-28
978,15673,14,B-019786,3.66,,2023-09-13
979,9871,12,B-012493,1.39,,2023-11-14
980,9994,7,B-012652,1.95,4000.0,2023-08-20
981,3909,4,B-004985,3.97,,2023-12-02
982,12828,14,B-016231,3.14,,2023-10-18
983,946,22,B-001214,0.71,,2023-05-13
984,15335,24,B-019367,3.58,2000.0,2023-07-24
985,13008,15,B-016460,0.7,,2023-04-04
986,8619,9,B-010879,0.83,4000.0,2023-04-16
987,2591,25,B-003289,1.43,,2023-12-04
988,11405,35,B-014428,1.99,,2023-03-13
989,2576,21,B-003268,3.19,4000.0,2023-10-22
990,13618,33,B-017235,4.39,,2023-11-10
991,11844,25,B-014973,2.34,4000.0,2023-01-14
992,381,6,B-000503,4.01,,2023-05-20
993,3702,27,B-004724,2.52,4000.0,2023-11-23
994,10611,21,B-013435,1.97,,2023-12-09
995,3972,7,B-005059,3.92,,2023-07-27
996,1913,24,B-002452,1.07,2000.0,2023-01-16
997,12169,11,B-015385,3.93,2000.0,2023-02-08
998,6865,10,B-008685,3.19,,2023-01-22
999,8774,15,B-011094,0.7,,2023-01-05
1000,10289,3,B-013025,1.4,6000.0,2023-11-02
1001,2059,7,B-002632,1.51,4000.0,2023-11-07
1002,8522,3,B-010767,0.81,6000.0,2023-04-20
1003,13818,14,B-017486,0.76,2000.0,2023-11-03
1004,9838,6,B-012453,1.95,2000.0,2023-01-05
1005,8218,16,B-010377,4.16,2000.0,2023-10-04
1006,12631,21,B-015990,4.72,2000.0,2023-11-13
1007,14019,35,B-017729,1.57,,2023-08-20
1008,920,33,B-001177,4.64,2000.0,2023-03-15
1009,1739,12,B-002243,1.28,,2023-07-09
1010,6074,23,B-007693,2.57,,2023-12-18
1011,7459,21,B-009417,2.33,2000.0,2023-07-15
1012,15240,8,B-019245,1.97,2000.0,2023-07-05
1013,2337,14,B-002962,4.77,4000.0,2023-12-22
1014,11230,1,B-014221,2.34,6000.0,2023-11-10
1015,2543,25,B-003226,2.54,2000.0,2023-10-14
1016,2595,28,B-003294,2.23,4000.0,2023-09-14
1017,11499,22,B-014539,3.5,4000.0,2023-05-24
1018,4271,20,B-005452,1.18,6000.0,2023-06-15
1019,7774,34,B-009813,4.7,,2023-10-17
1020,737,26,B-000949,4.64,2000.0,2023-01-11
1021,1177,18,B-001508,1.18,6000.0,2023-04-10
1022,8415,30,B-010630,4.23,2000.0,2023-08-11
1023,1424,22,B-001839,4.46,4000.0,2023-03-14
1024,7618,17,B-009614,2.99,4000.0,2023-08-23
1025,9290,32,B-011747,3.49,,2023-03-15
1026,9704,16,B-012283,2.65,4000.0,2023-01-19
1027,11143,1,B-014113,4.52,4000.0,2023-08-22
1028,3742,5,B-004771,0.81,6000.0,2023-03-20
1029,6329,31,B-008002,4.71,2000.0,2023-11-07
1030,13751,2,B-017406,2.1,2000.0,2023-08-01
1031,10658,6,B-013503,2.81,6000.0,2023-09-01
1032,15316,13,B-019342,1.68,,2023-07-11
1033,4622,26,B-005901,3.47,2000.0,2023-06-18
1034,4367,26,B-005571,1.4,4000.0,2023-08-13
1035,4495,4,B-005737,4.11,2000.0,2023-07-14
1036,2024,3,B-002588,2.7,4000.0,2023-05-03
1037,15521,8,B-019596,4.53,,2023-01-26
1038,6237,19,B-007892,0.79,6000.0,2023-10-26
1039,12886,34,B-016308,3.81,2000.0,2023-06-28
1040,3677,30,B-004690,3.49,6000.0,2023-10-04
1041,6006,28,B-007609,3.73,2000.0,2023-02-01
1042,11954,10,B-015111,2.24,4000.0,2023-11-17
1043,6583,24,B-008323,1.34,6000.0,2023-05-24
1044,11909,28,B-015060,1.68,2000.0,2023-09-19
1045,6616,24,B-008367,4.32,4000.0,2023-04-06
1046,230,7,B-000308,2.78,6000.0,2023-05-07
1047,12062,10,B-015246,0.53,6000.0,2023-11-09
1048,7466,35,B-009426,4.56,2000.0,2023-01-20
1049,14162,10,B-017911,3.97,2000.0,2023-06-23
1050,4065,30,B-005177,2.11,2000.0,2023-08-12
1051,1885,13,B-002421,3.85,4000.0,2023-04-19
1052,11445,23,B-014475,1.96,2000.0,2023-07-15
1053,8965,9,B-011324,0.61,6000.0,2023-03-26
1054,7765,2,B-009803,2.15,6000.0,2023-07-26
1055,10972,22,B-013904,1.17,2000.0,2023-06-07
1056,6486,29,B-008196,1.35,2000.0,2023-10-24
1057,11842,13,B-014970,4.86,,2023-01-12
1058,7841,16,B-009900,1.14,6000.0,2023-09-16
1059,5128,25,B-006528,2.02,4000.0,2023-05-22
1060,9960,10,B-012606,2.03,,2023-06-26
1061,12513,19,B-015834,2.17,2000.0,2023-04-07
1062,2759,2,B-003495,3.35,2000.0,2023-08-26
1063,6141,32,B-007773,1.37,6000.0,2023-03-11
1064,9874,21,B-012497,1.62,2000.0,2023-10-16
1065,14827,29,B-018741,1.17,4000.0,2023-06-03
1066,9301,14,B-011763,4.81,6000.0,2023-05-03
1067,14904,8,B-018836,2.14,2000.0,2023-01-16
1068,7677,34,B-009696,2.67,6000.0,2023-03-26
1069,7661,32,B-009675,4.47,2000.0,2023-04-27
1070,553,24,B-000719,3.8,2000.0,2023-12-07
1071,15599,14,B-019691,4.18,2000.0,2023-01-10
1072,7120,33,B-008995,3.93,4000.0,2023-02-12
1073,200,9,B-000266,2.22,4000.0,2023-03-20
1074,15015,8,B-018969,1.39,6000.0,2023-10-15
1075,1247,35,B-001608,4.4,2000.0,2023-09-16
1076,12861,1,B-016277,3.41,2000.0,2023-07-06
1077,7425,2,B-009379,1.96,4000.0,2023-10-02
1078,15692,15,B-019808,1.13,2000.0,2023-02-17
1079,9139,23,B-011545,2.02,4000.0,2023-07-11
1080,5654,30,B-007177,3.39,2000.0,2023-07-23
1081,4885,20,B-006231,1.02,6000.0,2023-05-08
1082,6497,34,B-008213,0.69,2000.0,2023-04-05
1083,3509,19,B-004482,3.52,2000.0,2023-01-17
1084,2512,35,B-003184,2.98,,2023-01-07
1085,1004,26,B-001292,3.12,4000.0,2023-06-17
1086,8012,23,B-010124,3.85,2000.0,2023-05-09
1087,11419,1,B-014445,1.65,2000.0,2023-04-11
1088,856,33,B-001094,2.5,,2023-11-22
1089,9452,15,B-011956,3.84,,2023-04-07
1090,3368,31,B-004307,4.18,4000.0,2023-06-15
1091,2330,28,B-002954,0.61,,2023-01-07
1092,7657,22,B-009671,2.56,6000.0,2023-07-20
1093,8470,23,B-010706,4.08,,2023-11-28
1094,10740,34,B-013616,3.29,6000.0,2023-01-09
1095,4512,27,B-005756,1.22,4000.0,2023-01-12
1096,5165,25,B-006580,2.18,4000.0,2023-05-14
1097,3386,29,B-004331,1.68,4000.0,2023-04-04
1098,15347,29,B-019379,1.01,4000.0,2023-12-08
1099,9476,9,B-011989,1.72,4000.0,2023-12-19
1100,13742,11,B-017395,0.63,6000.0,2023-08-14
1101,12995,9,B-016443,0.7,6000.0,2023-02-25
1102,7068,32,B-008931,1.7,4000.0,2023-11-09
1103,4220,24,B-005392,4.43,,2023-07-18
1104,6655,13,B-008421,1.79,2000.0,2023-02-20
1105,12478,1,B-015790,3.46,4000.0,2023-06-24
1106,7658,12,B-009672,2.17,,2023-06-25
1107,8778,35,B-011100,4.83,2000.0,2023-02-20
1108,2972,33,B-003774,2.6,4000.0,2023-09-28
1109,12136,23,B-015347,4.92,4000.0,2023-03-20
1110,1927,3,B-002468,4.09,6000.0,2023-03-27
1111,3614,25,B-004613,4.46,2000.0,2023-09-18
1112,5835,26,B-007393,2.98,2000.0,2023-03-24
1113,10287,21,B-013023,1.96,,2023-06-18
1114,14440,7,B-018263,2.08,6000.0,2023-07-23
1115,9474,16,B-011986,3.62,6000.0,2023-04-23
1116,2335,27,B-002960,2.73,6000.0,2023-02-23
1117,10213,31,B-012930,2.94,6000.0,2023-02-27
1118,345,24,B-000457,3.99,2000.0,2023-02-03
1119,6852,33,B-008666,0.55,2000.0,2023-10-10
1120,13895,3,B-017583,4.64,4000.0,2023-11-20
1121,3166,26,B-004050,2.08,4000.0,2023-05-23
1122,11788,11,B-014903,0.94,6000.0,2023-12-19
1123,9548,5,B-012078,2.21,6000.0,2023-08-25
1124,6793,18,B-008591,2.55,6000.0,2023-12-11
1125,9865,34,B-012486,2.99,4000.0,2023-12-28
1126,9618,8,B-012173,3.17,,2023-11-25
1127,2804,29,B-003551,2.58,,2023-12-19
1128,6050,4,B-007662,1.64,4000.0,2023-02-23
1129,12220,14,B-015450,1.23,4000.0,2023-05-20
1130,632,3,B-000821,0.85,4000.0,2023-08-16
1131,14551,34,B-018397,1.51,4000.0,2023-11-19
1132,8506,13,B-010749,4.6,4000.0,2023-02-06
1133,5721,19,B-007254,2.15,4000.0,2023-12-14
1134,1601,29,B-002072,2.95,6000.0,2023-07-16
1135,12035,26,B-015214,0.79,6000.0,2023-05-22
1136,7843,5,B-009903,4.68,6000.0,2023-03-04
1137,10570,29,B-013380,4.98,6000.0,2023-06-18
1138,3011,33,B-003824,3.12,4000.0,2023-02-18
1139,3590,26,B-004581,2.26,,2023-06-02
1140,1158,15,B-001486,0.54,2000.0,2023-03-11
1141,950,34,B-001220,2.64,4000.0,2023-08-07
1142,7894,16,B-009974,4.12,2000.0,2023-03-22
1143,12758,19,B-016143,4.95,,2023-02-19
1144,2995,23,B-003806,2.13,6000.0,2023-04-27
1145,2513,33,B-003185,4.01,,2023-01-07
1146,6075,1,B-007694,3.87,4000.0,2023-03-16
1147,13920,15,B-017615,1.21,6000.0,2023-10-17
1148,3478,35,B-004446,3.03,4000.0,2023-12-25
1149,10062,20,B-012736,2.59,6000.0,2023-06-10
1150,11757,12,B-014865,2.61,2000.0,2023-08-13
1151,9607,19,B-012158,2.9,2000.0,2023-10-21
1152,13995,30,B-017702,3.17,2000.0,2023-04-11
1153,10840,2,B-013734,1.88,,2023-06-17
1154,3976,6,B-005064,1.35,4000.0,2023-10-26
1155,15393,19,B-019440,3.59,,2023-12-18
1156,2556,2,B-003245,1.03,2000.0,2023-12-10
1157,12670,34,B-016035,1.32,4000.0,2023-11-26
1158,10564,13,B-013374,4.7,2000.0,2023-08-18
1159,7262,3,B-009167,4.16,,2023-07-01
1160,837,30,B-001073,4.96,,2023-10-27
1161,9595,32,B-012142,4.92,,2023-11-16
1162,5608,16,B-007120,1.31,2000.0,2023-06-25
1163,11490,28,B-014529,1.07,4000.0,2023-02-24
1164,11523,10,B-014572,0.54,4000.0,2023-06-20
1165,6109,32,B-007737,3.07,2000.0,2023-05-18
1166,9394,5,B-011885,3.93,4000.0,2023-03-26
1167,2565,4,B-003256,0.91,2000.0,2023-12-20
1168,9512,32,B-012037,1.49,4000.0,2023-08-20
1169,14109,23,B-017842,0.51,6000.0,2023-11-10
1170,9296,10,B-011754,1.46,6000.0,2023-02-28
1171,1532,18,B-001985,4.5,,2023-10-25
1172,10306,4,B-013047,4.44,6000.0,2023-06-11
1173,7157,29,B-009041,3.23,6000.0,2023-06-05
1174,4875,30,B-006220,4.05,6000.0,2023-04-07
1175,3133,2,B-004003,2.21,2000.0,2023-08-01
1176,11786,34,B-014901,2.05,6000.0,2023-07-01
1177,2369,13,B-003004,2.47,6000.0,2023-06-08
1178,15282,32,B-019301,1.26,,2023-10-21
1179,537,14,B-000700,4.91,6000.0,2023-06-02
1180,15650,21,B-019755,2.86,6000.0,2023-05-15
1181,8653,20,B-010929,4.62,4000.0,2023-04-14
1182,6311,31,B-007982,3.08,,2023-12-06
1183,3223,35,B-004127,1.56,,2023-04-20
1184,14639,30,B-018501,4.01,,2023-09-25
1185,5283,1,B-006725,0.54,,2023-03-25
1186,15343,32,B-019375,2.27,,2023-03-02
1187,14361,11,B-018161,3.08,,2023-05-15
1188,5341,34,B-006789,1.23,2000.0,2023-10-25
1189,5574,26,B-007077,4.09,6000.0,2023-11-25
1190,6028,7,B-007635,2.6,,2023-11-17
1191,15041,5,B-018999,2.32,6000.0,2023-05-17
1192,15434,6,B-019489,3.2,6000.0,2023-06-27
1193,66,31,B-000093,0.61,2000.0,2023-08-07
1194,7194,29,B-009086,2.52,,2023-10-26
1195,3716,19,B-004742,0.57,4000.0,2023-04-15
1196,3332,33,B-004260,4.47,2000.0,2023-08-05
1197,15158,6,B-019137,4.65,4000.0,2023-05-12
1198,6498,28,B-008214,4.42,6000.0,2023-02-20
1199,4484,35,B-005718,4.7,6000.0,2023-08-03
1200,2843,5,B-003603,0.55,2000.0,2023-02-05
1201,653,32,B-000845,2.52,2000.0,2023-06-26
1202,3377,9,B-004319,4.11,4000.0,2023-10-04
1203,371,8,B-000487,3.5,,2023-09-24
1204,9283,15,B-011739,3.47,4000.0,2023-08-24
1205,6159,32,B-007797,1.49,2000.0,2023-01-10
1206,8398,27,B-010610,4.1,4000.0,2023-03-14
1207,392,33,B-000518,0.67,2000.0,2023-12-16
1208,4479,30,B-005710,3.53,4000.0,2023-02-03
1209,6876,9,B-008696,2.17,2000.0,2023-08-09
1210,1333,3,B-001718,3.57,2000.0,2023-12-19
1211,3247,14,B-004154,1.6,2000.0,2023-01-14
1212,10886,11,B-013795,4.88,,2023-07-02
1213,13622,31,B-017239,4.3,4000.0,2023-04-08
1214,2933,9,B-003725,2.78,4000.0,2023-07-24
1215,1612,7,B-002083,3.3,4000.0,2023-11-03
1216,12340,2,B-015606,1.19,2000.0,2023-08-01
1217,11614,3,B-014690,4.99,4000.0,2023-07-19
1218,9375,25,B-011864,3.25,4000.0,2023-03-11
1219,13289,23,B-016818,0.95,2000.0,2023-02-26
1220,2820,27,B-003574,4.96,6000.0,2023-01-16
1221,11713,22,B-014812,3.59,2000.0,2023-12-12
1222,13040,18,B-016510,0.87,4000.0,2023-01-20
1223,5725,27,B-007260,4.21,2000.0,2023-08-04
1224,1106,32,B-001421,4.24,6000.0,2023-05-05
1225,13501,30,B-017087,3.99,2000.0,2023-09-04
1226,7829,13,B-009884,3.49,4000.0,2023-12-16
1227,11871,8,B-015010,3.68,6000.0,2023-07-14
1228,792,34,B-001021,1.45,,2023-08-05
1229,1541,20,B-001994,0.98,4000.0,2023-08-05
1230,12407,20,B-015696,3.11,6000.0,2023-12-16
1231,10391,10,B-013161,3.52,6000.0,2023-12-19
1232,11022,31,B-013969,2.14,,2023-07-07
1233,2793,5,B-003538,2.25,2000.0,2023-08-15
1234,12697,7,B-016066,4.17,2000.0,2023-12-23
1235,11495,10,B-014535,4.41,4000.0,2023-03-01
1236,1876,23,B-002409,4.95,,2023-03-02
1237,2074,19,B-002648,4.58,2000.0,2023-12-06
1238,8353,6,B-010555,4.1,,2023-06-11
1239,3817,27,B-004861,3.46,2000.0,2023-12-24
1240,1668,15,B-002153,3.16,6000.0,2023-10-07
1241,3232,10,B-004136,2.96,2000.0,2023-09-25
1242,7133,9,B-009012,4.06,,2023-08-27
1243,14204,6,B-017969,1.54,6000.0,2023-06-27
1244,8433,21,B-010656,0.67,6000.0,2023-04-22
1245,9862,33,B-012482,1.58,6000.0,2023-01-14
1246,13736,28,B-017386,4.16,,2023-09-14
1247,7650,29,B-009664,3.38,4000.0,2023-05-25
1248,15736,28,B-019865,2.99,4000.0,2023-02-28
1249,13083,34,B-016566,1.3,4000.0,2023-11-07
1250,11128,27,B-014097,0.59,,2023-03-24
1251,2560,33,B-003250,4.58,6000.0,2023-04-24
1252,2950,23,B-003750,4.99,4000.0,2023-12-18
1253,14283,30,B-018067,0.51,,2023-04-03
1254,5551,32,B-007046,2.75,4000.0,2023-09-15
1255,11124,15,B-014093,0.91,2000.0,2023-03-13
1256,11698,24,B-014797,3.29,4000.0,2023-02-03
1257,5915,23,B-007488,1.37,4000.0,2023-11-12
1258,10698,29,B-013560,0.97,6000.0,2023-09-25
1259,8782,7,B-011107,3.86,,2023-02-24
1260,11753,21,B-014861,3.01,6000.0,2023-08-13
1261,10320,2,B-013066,0.52,6000.0,2023-06-01
1262,10754,1,B-013632,4.86,6000.0,2023-08-03
1263,2461,19,B-003116,1.02,6000.0,2023-03-16
1264,8109,13,B-010242,1.04,6000.0,2023-01-26
1265,11035,2,B-013985,0.68,4000.0,2023-02-02
1266,8108,31,B-010241,4.17,6000.0,2023-03-09
1267,6605,3,B-008353,2.14,6000.0,2023-08-10
1268,9690,31,B-012266,3.7,,2023-03-17
1269,3922,16,B-005002,1.93,2000.0,2023-02-06
1270,12291,25,B-015541,4.29,4000.0,2023-09-25
1271,1702,12,B-002200,4.42,4000.0,2023-09-10
1272,15148,31,B-019124,0.92,4000.0,2023-06-09
1273,2198,28,B-002798,0.98,6000.0,2023-08-02
1274,15106,11,B-019074,1.21,6000.0,2023-09-26
1275,11174,34,B-014152,0.97,6000.0,2023-01-16
1276,2495,25,B-003165,2.34,,2023-11-17
1277,9647,32,B-012211,2.72,2000.0,2023-04-02
1278,3335,10,B-004264,2.88,6000.0,2023-06-05
1279,14414,7,B-018232,1.71,2000.0,2023-10-28
1280,1516,17,B-001966,4.9,,2023-07-19
1281,14556,24,B-018403,4.17,4000.0,2023-10-04
1282,14559,34,B-018406,3.79,6000.0,2023-11-13
1283,8553,19,B-010802,3.43,2000.0,2023-12-04
1284,3136,27,B-004006,1.16,2000.0,2023-11-26
1285,10628,17,B-013462,3.47,6000.0,2023-11-09
1286,9169,8,B-011587,2.25,4000.0,2023-04-28
1287,10935,34,B-013859,1.63,4000.0,2023-07-15
1288,1308,23,B-001686,1.42,4000.0,2023-02-10
1289,15001,20,B-018953,3.93,,2023-02-19
1290,8106,9,B-010239,3.6,2000.0,2023-05-27
1291,9118,11,B-011523,4.57,2000.0,2023-01-25
1292,15574,34,B-019662,2.98,2000.0,2023-11-05
1293,13135,17,B-016627,0.94,,2023-11-17
1294,5491,31,B-006972,0.98,2000.0,2023-05-09
1295,3981,34,B-005071,3.26,,2023-09-06
1296,12486,13,B-015801,3.6,4000.0,2023-09-14
1297,5797,3,B-007349,2.41,6000.0,2023-12-26
1298,2801,32,B-003547,4.82,2000.0,2023-10-19
1299,9078,5,B-011473,1.96,2000.0,2023-06-12
1300,14410,11,B-018228,2.44,4000.0,2023-09-01
1301,9519,30,B-012045,2.36,6000.0,2023-12-03
1302,2964,16,B-003765,1.11,,2023-12-07
1303,7228,25,B-009129,2.34,6000.0,2023-05-21
1304,5851,8,B-007411,0.92,4000.0,2023-05-26
1305,11097,12,B-014062,2.64,4000.0,2023-05-18
1306,14539,23,B-018382,4.18,6000.0,2023-04-26
1307,14424,6,B-018244,4.66,,2023-05-01
1308,668,10,B-000861,3.0,,2023-03-01
1309,6928,16,B-008764,1.37,2000.0,2023-03-08
1310,15025,26,B-018981,1.83,,2023-01-22
1311,4631,8,B-005912,3.76,6000.0,2023-06-21
1312,7088,31,B-008955,4.25,4000.0,2023-03-16
1313,8013,4,B-010125,4.52,2000.0,2023-02-03
1314,8811,23,B-011136,3.65,2000.0,2023-03-09
1315,9102,14,B-011503,4.55,4000.0,2023-10-19
1316,153,3,B-000201,3.05,,2023-08-14
1317,4657,22,B-005945,1.67,4000.0,2023-04-24
1318,3681,29,B-004695,4.67,,2023-10-04
1319,14686,19,B-018558,1.01,4000.0,2023-08-13
1320,10370,19,B-013133,1.07,6000.0,2023-01-17
1321,1769,12,B-002281,2.92,,2023-05-09
1322,3646,3,B-004649,4.33,6000.0,2023-04-05
1323,779,21,B-001005,0.82,2000.0,2023-12-21
1324,2372,12,B-003007,4.97,4000.0,2023-06-01
1325,13734,26,B-017383,3.61,2000.0,2023-12-01
1326,5555,18,B-007050,3.14,2000.0,2023-02-23
1327,9740,24,B-012328,4.52,2000.0,2023-11-12
1328,10856,28,B-013758,3.74,2000.0,2023-06-11
1329,11758,4,B-014866,1.8,4000.0,2023-05-09
1330,8840,23,B-011171,2.65,2000.0,2023-08-17
1331,4048,30,B-005158,1.91,4000.0,2023-08-02
1332,9588,15,B-012126,4.49,4000.0,2023-07-12
1333,8085,3,B-010212,3.03,6000.0,2023-04-14
1334,15628,20,B-019728,2.16,,2023-01-12
1335,14719,31,B-018599,0.69,,2023-12-02
1336,2185,11,B-002784,3.01,4000.0,2023-10-12
1337,1336,29,B-001724,4.35,6000.0,2023-09-06
1338,4003,19,B-005099,4.39,4000.0,2023-05-27
1339,15619,14,B-019718,1.68,4000.0,2023-12-09
1340,1262,22,B-001631,1.62,4000.0,2023-04-13
1341,2092,24,B-002674,3.53,6000.0,2023-03-23
1342,7058,7,B-008917,3.4,,2023-11-24
1343,11482,31,B-014520,3.9,6000.0,2023-03-12
1344,10965,14,B-013895,4.2,2000.0,2023-05-21
1345,12578,4,B-015915,0.69,6000.0,2023-07-26
1346,15120,21,B-019092,1.34,6000.0,2023-04-28
1347,10706,29,B-013572,4.06,6000.0,2023-05-17
1348,7085,14,B-008952,3.79,6000.0,2023-06-08
1349,5564,15,B-007064,3.76,,2023-03-15
1350,13268,28,B-016789,3.38,2000.0,2023-05-08
1351,2935,25,B-003730,2.87,,2023-10-11
1352,8956,17,B-011311,0.91,,2023-12-20
1353,11121,9,B-014088,2.95,6000.0,2023-10-07
1354,2867,34,B-003634,1.48,4000.0,2023-07-21
1355,7350,2,B-009282,3.76,4000.0,2023-02-25
1356,12600,15,B-015946,0.93,,2023-09-28
1357,13643,6,B-017267,0.54,,2023-03-07
1358,7999,29,B-010107,2.37,6000.0,2023-09-05
1359,1161,14,B-001489,3.37,,2023-08-09
1360,5699,35,B-007226,4.59,6000.0,2023-01-20
1361,10230,25,B-012952,4.49,4000.0,2023-02-10
1362,1389,30,B-001796,3.09,4000.0,2023-02-18
1363,191,35,B-000252,4.27,2000.0,2023-10-05
1364,5261,6,B-006699,2.78,4000.0,2023-02-08
1365,7824,8,B-009877,4.7,,2023-12-24
1366,5449,35,B-006922,4.23,4000.0,2023-11-01
1367,3523,3,B-004497,4.85,6000.0,2023-12-02
1368,6621,14,B-008373,4.31,4000.0,2023-01-07
1369,7516,28,B-009485,3.23,2000.0,2023-01-13
1370,8508,20,B-010752,3.95,4000.0,2023-05-11
1371,3088,5,B-003932,3.07,6000.0,2023-08-21
1372,192,13,B-000254,3.3,6000.0,2023-09-27
1373,12879,33,B-016299,1.87,,2023-09-01
1374,11142,14,B-014112,1.57,4000.0,2023-11-18
1375,4513,14,B-005758,1.06,6000.0,2023-02-22
1376,3313,1,B-004234,0.71,2000.0,2023-06-19
1377,9844,30,B-012459,3.72,,2023-08-09
1378,13788,23,B-017452,4.74,2000.0,2023-07-25
1379,14976,4,B-018923,3.39,4000.0,2023-10-24
1380,12955,9,B-016393,3.11,4000.0,2023-11-19
1381,14481,34,B-018309,4.49,4000.0,2023-10-20
1382,9183,24,B-011606,4.28,,2023-04-10
1383,1835,20,B-002362,4.82,6000.0,2023-01-14
1384,10277,29,B-013012,1.03,,2023-07-01
1385,1079,8,B-001387,3.76,2000.0,2023-09-20
1386,11291,21,B-014295,3.43,,2023-09-05
1387,472,29,B-000615,4.54,2000.0,2023-07-22
1388,11915,17,B-015066,2.45,,2023-01-18
1389,1994,20,B-002552,1.16,6000.0,2023-11-09
1390,8124,18,B-010259,2.33,2000.0,2023-02-27
1391,11102,25,B-014067,3.95,4000.0,2023-09-11
1392,10467,3,B-013253,1.36,4000.0,2023-05-13
1393,10800,12,B-013687,2.79,,2023-11-02
1394,7518,29,B-009487,2.45,4000.0,2023-07-13
1395,2973,30,B-003775,0.84,2000.0,2023-11-07
1396,10481,3,B-013273,2.19,4000.0,2023-01-20
1397,523,32,B-000684,3.98,6000.0,2023-11-17
1398,8425,24,B-010643,3.32,6000.0,2023-01-24
1399,4414,1,B-005632,2.48,,2023-10-10
1400,11923,7,B-015077,3.93,2000.0,2023-07-22
1401,9371,19,B-011858,0.91,6000.0,2023-08-24
1402,2274,11,B-002888,3.04,6000.0,2023-10-03
1403,11304,33,B-014311,4.87,2000.0,2023-04-07
1404,2740,9,B-003469,1.91,4000.0,2023-12-06
1405,15262,24,B-019277,2.95,4000.0,2023-02-15
1406,11278,27,B-014277,3.55,,2023-02-20
1407,10360,23,B-013122,2.81,4000.0,2023-11-11
1408,13563,19,B-017170,2.19,2000.0,2023-04-07
1409,2015,8,B-002578,3.77,6000.0,2023-03-28
1410,10243,2,B-012969,0.93,4000.0,2023-05-10
1411,8048,28,B-010168,2.29,,2023-09-04
1412,8801,20,B-011126,2.81,4000.0,2023-03-03
1413,5726,27,B-007261,4.52,2000.0,2023-10-18
1414,8643,22,B-010914,2.96,,2023-12-27
1415,4320,13,B-005510,3.91,4000.0,2023-04-28
1416,1951,12,B-002503,3.57,,2023-06-14
1417,13219,29,B-016728,3.82,2000.0,2023-08-26
1418,2940,12,B-003737,4.98,6000.0,2023-08-16
1419,13737,28,B-017387,2.32,2000.0,2023-03-28
1420,13204,27,B-016711,3.47,2000.0,2023-03-06
1421,4990,21,B-006354,4.96,2000.0,2023-11-28
1422,9061,1,B-011449,0.97,2000.0,2023-05-13
1423,9104,20,B-011505,1.28,6000.0,2023-10-05
1424,3798,2,B-004840,4.8,6000.0,2023-09-19
1425,6114,12,B-007743,2.94,,2023-09-28
1426,15537,29,B-019613,4.09,4000.0,2023-10-23
1427,3765,21,B-004799,3.19,6000.0,2023-12-09
1428,6633,15,B-008388,3.23,6000.0,2023-12-20
1429,5076,15,B-006465,2.53,4000.0,2023-09-17
1430,4458,9,B-005686,0.91,6000.0,2023-03-08
1431,3929,12,B-005010,3.96,2000.0,2023-11-06
1432,1929,29,B-002470,0.85,2000.0,2023-10-03
1433,4546,9,B-005805,1.17,4000.0,2023-10-19
1434,12798,10,B-016192,4.25,,2023-06-17
1435,12026,24,B-015203,2.89,,2023-11-17
1436,14617,27,B-018473,3.63,4000.0,2023-01-22
1437,11630,1,B-014710,1.99,4000.0,2023-08-19
1438,14637,26,B-018498,3.86,2000.0,2023-06-09
1439,8385,33,B-010591,1.38,,2023-06-27
1440,8203,35,B-010360,2.9,6000.0,2023-10-28
1441,3879,32,B-004947,4.73,2000.0,2023-09-19
1442,11391,16,B-014411,4.62,4000.0,2023-03-18
1443,1734,3,B-002238,4.75,,2023-07-06
1444,12153,23,B-015366,1.5,6000.0,2023-09-20
1445,15152,1,B-019129,0.62,6000.0,2023-11-16
1446,7856,14,B-009923,1.96,2000.0,2023-10-11
1447,7124,13,B-009001,1.37,,2023-11-20
1448,1425,17,B-001841,0.84,,2023-02-16
1449,9128,11,B-011533,3.12,4000.0,2023-05-26
1450,13133,26,B-016625,2.54,,2023-06-27
1451,1896,2,B-002432,4.49,,2023-07-16
1452,15449,14,B-019506,0.57,2000.0,2023-10-09
1453,11969,20,B-015131,4.78,,2023-02-02
1454,11710,5,B-014809,1.05,6000.0,2023-10-17
1455,960,11,B-001233,3.91,2000.0,2023-01-09
1456,1443,1,B-001865,2.07,2000.0,2023-03-05
1457,9551,3,B-012083,2.37,4000.0,2023-06-28
1458,7451,15,B-009407,1.76,,2023-03-05
1459,1961,13,B-002515,4.52,4000.0,2023-05-18
1460,2334,3,B-002959,4.4,6000.0,2023-12-27
1461,13125,35,B-016616,1.03,2000.0,2023-02-26
1462,9954,10,B-012599,0.69,2000.0,2023-05-12
1463,11994,21,B-015163,1.09,2000.0,2023-02-26
1464,14363,2,B-018164,2.66,6000.0,2023-09-07
1465,1051,10,B-001345,1.78,6000.0,2023-09-17
1466,11652,4,B-014737,1.15,4000.0,2023-12-08
1467,4835,10,B-006169,4.77,4000.0,2023-11-14
1468,8341,20,B-010536,3.67,4000.0,2023-06-10
1469,12323,25,B-015586,1.28,,2023-09-26
1470,12984,16,B-016429,3.23,2000.0,2023-11-01
1471,3877,31,B-004944,2.84,2000.0,2023-07-09
1472,1570,13,B-002028,3.95,4000.0,2023-07-17
1473,15191,18,B-019180,2.66,2000.0,2023-06-09
1474,2678,1,B-003392,4.38,4000.0,2023-01-11
1475,8910,20,B-011254,3.51,,2023-08-13
1476,2167,34,B-002764,1.32,,2023-08-04
1477,13060,11,B-016534,4.04,6000.0,2023-12-07
1478,4433,22,B-005655,1.28,,2023-10-19
1479,998,25,B-001283,3.8,4000.0,2023-06-22
1480,6426,30,B-008119,4.54,,2023-06-21
1481,15166,1,B-019146,2.93,6000.0,2023-06-18
1482,11380,31,B-014399,4.47,2000.0,2023-04-06
1483,13565,7,B-017173,1.67,4000.0,2023-05-19
1484,13532,13,B-017130,2.51,2000.0,2023-10-15
1485,4083,27,B-005202,1.99,6000.0,2023-11-20
1486,9427,9,B-011925,1.46,6000.0,2023-12-27
1487,9654,2,B-012218,1.09,6000.0,2023-01-26
1488,7341,16,B-009270,4.38,2000.0,2023-09-07
1489,10028,22,B-012695,4.15,2000.0,2023-11-15
1490,10580,14,B-013395,3.58,2000.0,2023-12-24
1491,8769,1,B-011088,2.91,2000.0,2023-01-26
1492,1332,26,B-001716,2.25,6000.0,2023-02-27
1493,8679,2,B-010966,4.79,6000.0,2023-12-19
1494,1674,18,B-002160,4.67,4000.0,2023-10-24
1495,8555,5,B-010804,3.44,4000.0,2023-12-17
1496,2446,24,B-003097,4.96,2000.0,2023-02-07
1497,14460,13,B-018284,3.79,,2023-02-07
1498,10004,23,B-012667,1.13,,2023-02-20
1499,7374,18,B-009311,1.31,6000.0,2023-02-20
1500,6531,26,B-008258,4.66,6000.0,2023-08-08
1501,3865,24,B-004928,1.82,6000.0,2023-04-14
1502,8649,4,B-010924,2.55,4000.0,2023-11-26
1503,2091,31,B-002671,0.91,4000.0,2023-01-26
1504,3634,7,B-004635,3.09,6000.0,2023-06-05
1505,9071,20,B-011463,1.37,6000.0,2023-06-12
1506,8046,4,B-010166,1.47,6000.0,2023-11-19
1507,10146,5,B-012844,1.53,,2023-08-04
1508,3307,20,B-004226,1.97,4000.0,2023-06-13
1509,2178,31,B-002777,0.84,,2023-12-25
1510,8030,20,B-010145,2.13,,2023-03-16
1511,15420,21,B-019473,0.78,6000.0,2023-12-24
1512,9752,18,B-012344,1.08,6000.0,2023-05-17
1513,8519,16,B-010764,3.58,2000.0,2023-11-01
1514,3277,21,B-004188,1.06,2000.0,2023-10-12
1515,13628,7,B-017249,2.53,,2023-07-26
1516,2419,31,B-003063,4.0,4000.0,2023-06-12
1517,10949,35,B-013875,4.29,6000.0,2023-03-27
1518,13163,33,B-016663,3.96,6000.0,2023-09-04
1519,9370,26,B-011857,2.36,,2023-04-04
1520,458,8,B-000598,2.41,2000.0,2023-01-18
1521,9392,27,B-011882,2.51,4000.0,2023-03-19
1522,8009,29,B-010121,2.59,2000.0,2023-04-17
1523,4628,26,B-005907,1.53,2000.0,2023-02-02
1524,5530,35,B-007019,1.85,2000.0,2023-07-06
1525,8862,17,B-011198,2.07,2000.0,2023-09-22
1526,12592,5,B-015935,2.73,6000.0,2023-04-04
1527,4938,27,B-006292,4.0,6000.0,2023-10-13
1528,5862,23,B-007424,1.64,2000.0,2023-07-13
1529,3532,10,B-004508,4.24,4000.0,2023-12-28
1530,3986,11,B-005078,2.42,,2023-05-11
1531,1973,29,B-002529,2.69,4000.0,2023-08-04
1532,7675,33,B-009693,4.74,4000.0,2023-02-27
1533,2613,32,B-003315,3.68,4000.0,2023-06-26
1534,15731,22,B-019857,1.84,2000.0,2023-10-27
1535,13983,13,B-017688,4.95,6000.0,2023-11-08
1536,13632,30,B-017254,2.37,4000.0,2023-10-18
1537,964,35,B-001237,2.68,2000.0,2023-01-16
1538,8734,11,B-011036,2.47,4000.0,2023-04-24
1539,3357,15,B-004295,4.6,4000.0,2023-10-15
1540,9753,27,B-012345,4.8,2000.0,2023-03-01
1541,3968,25,B-005055,2.93,6000.0,2023-03-04
1542,4170,18,B-005317,3.47,6000.0,2023-11-26
1543,4642,33,B-005926,1.56,,2023-11-23
1544,4248,15,B-005425,2.52,2000.0,2023-03-04
1545,11328,18,B-014342,2.92,,2023-11-19
1546,1115,35,B-001432,4.33,,2023-09-13
1547,10630,33,B-013464,4.46,,2023-06-17
1548,9438,15,B-011938,2.18,6000.0,2023-01-18
1549,6148,22,B-007784,1.94,2000.0,2023-11-03
1550,11512,22,B-014556,2.31,,2023-11-22
1551,7390,18,B-009337,4.18,2000.0,2023-05-26
1552,11631,23,B-014711,1.18,2000.0,2023-12-25
1553,6053,7,B-007668,2.65,6000.0,2023-11-02
1554,13831,32,B-017499,4.06,,2023-10-14
1555,6192,17,B-007838,1.3,,2023-05-22
1556,8026,21,B-010141,4.69,2000.0,2023-10-26
1557,12155,7,B-015369,3.66,4000.0,2023-05-27
1558,4994,4,B-006358,2.43,6000.0,2023-05-15
1559,9526,15,B-012054,2.02,6000.0,2023-07-05
1560,11414,23,B-014438,4.21,6000.0,2023-07-09
1561,15362,12,B-019402,4.0,6000.0,2023-05-18
1562,7311,7,B-009234,4.46,,2023-03-09
1563,9887,7,B-012514,2.5,,2023-10-03
1564,13018,10,B-016480,4.23,4000.0,2023-10-25
1565,13654,34,B-017284,4.17,6000.0,2023-04-23
1566,10827,6,B-013719,0.5,6000.0,2023-03-08
1567,4166,26,B-005311,2.3,2000.0,2023-12-01
1568,5141,23,B-006544,2.73,,2023-05-04
1569,3559,16,B-004536,3.64,6000.0,2023-05-01
1570,6483,6,B-008193,4.69,4000.0,2023-02-25
1571,1328,14,B-001710,2.96,4000.0,2023-01-18
1572,12446,12,B-015748,2.58,,2023-09-05
1573,9612,16,B-012164,4.32,4000.0,2023-02-26
1574,14370,21,B-018172,3.32,4000.0,2023-05-18
1575,15231,10,B-019231,1.62,,2023-10-13
1576,13360,8,B-016906,3.6,6000.0,2023-02-11
1577,3192,3,B-004086,0.72,6000.0,2023-02-20
1578,7393,19,B-009341,4.98,4000.0,2023-04-23
1579,2155,4,B-002749,2.4,4000.0,2023-12-02
1580,4124,21,B-005254,4.13,6000.0,2023-04-14
1581,7074,2,B-008939,0.95,,2023-10-09
1582,11644,2,B-014724,3.17,4000.0,2023-11-19
1583,13293,31,B-016822,0.71,2000.0,2023-07-13
1584,15447,32,B-019503,2.46,,2023-08-14
1585,11323,28,B-014336,4.19,4000.0,2023-05-11
1586,2371,10,B-003006,2.92,4000.0,2023-01-19
1587,5738,8,B-007276,1.49,2000.0,2023-09-26
1588,11688,29,B-014783,2.32,2000.0,2023-07-26
1589,9066,19,B-011456,1.8,6000.0,2023-02-13
1590,677,3,B-000874,0.54,,2023-11-14
1591,10723,23,B-013596,4.83,,2023-08-14
1592,1353,11,B-001746,3.94,6000.0,2023-10-03
1593,10261,4,B-012992,4.17,,2023-05-18
1594,13001,14,B-016450,0.57,,2023-08-19
1595,9682,14,B-012254,3.01,,2023-04-28
1596,6102,18,B-007726,4.69,,2023-01-26
1597,9995,32,B-012654,1.68,,2023-03-21
1598,2093,10,B-002675,1.63,2000.0,2023-12-25
1599,9706,11,B-012286,3.78,,2023-09-02
1600,5804,9,B-007358,2.16,2000.0,2023-05-17
1601,717,22,B-000924,1.55,,2023-06-09
1602,8268,1,B-010443,0.64,6000.0,2023-07-09
1603,2558,31,B-003247,1.16,4000.0,2023-04-28
1604,8695,30,B-010987,2.92,2000.0,2023-12-24
1605,3755,13,B-004786,0.88,,2023-08-25
1606,3533,7,B-004509,3.55,6000.0,2023-03-16
1607,976,23,B-001256,4.19,4000.0,2023-08-12
1608,7446,27,B-009401,2.24,2000.0,2023-04-27
1609,12245,26,B-015482,2.24,4000.0,2023-04-11
1610,3567,12,B-004548,1.99,6000.0,2023-04-10
1611,12157,27,B-015372,2.28,2000.0,2023-08-17
1612,11622,35,B-014700,1.28,4000.0,2023-05-09
1613,132,1,B-000173,1.45,,2023-09-12
1614,2031,30,B-002597,4.03,2000.0,2023-02-01
1615,479,2,B-000623,2.55,4000.0,2023-09-17
1616,6632,33,B-008387,3.06,6000.0,2023-07-19
1617,5567,14,B-007067,2.67,6000.0,2023-12-05
1618,3845,11,B-004900,1.55,2000.0,2023-02-28
1619,14216,12,B-017984,1.71,4000.0,2023-04-27
1620,13662,21,B-017295,4.07,2000.0,2023-03-04
1621,10944,13,B-013870,4.93,2000.0,2023-09-28
1622,2876,15,B-003644,1.45,4000.0,2023-03-04
1623,15188,26,B-019175,0.51,4000.0,2023-02-23
1624,6151,14,B-007787,4.6,,2023-09-27
1625,7819,11,B-009869,1.35,4000.0,2023-07-26
1626,3128,18,B-003993,2.99,6000.0,2023-06-21
1627,1218,34,B-001565,4.04,2000.0,2023-05-14
1628,6174,19,B-007814,1.92,2000.0,2023-11-26
1629,10855,16,B-013757,2.56,6000.0,2023-07-06
1630,11850,27,B-014979,4.79,4000.0,2023-10-13
1631,1593,8,B-002059,0.71,6000.0,2023-07-22
1632,2866,4,B-003633,2.27,6000.0,2023-06-10
1633,12944,18,B-016379,4.74,,2023-05-01
1634,13884,8,B-017566,4.62,6000.0,2023-05-25
1635,411,11,B-000539,2.43,2000.0,2023-09-07
1636,13347,35,B-016888,3.04,6000.0,2023-07-06
1637,6266,4,B-007928,2.93,2000.0,2023-09-18
1638,3690,14,B-004705,4.98,2000.0,2023-11-21
1639,7564,13,B-009545,3.16,2000.0,2023-03-12
1640,11101,9,B-014066,0.61,4000.0,2023-10-08
1641,36,19,B-000052,4.84,,2023-09-19
1642,9153,22,B-011562,3.92,2000.0,2023-10-12
1643,6230,19,B-007883,2.8,2000.0,2023-02-15
1644,10771,13,B-013651,1.12,4000.0,2023-05-13
1645,4813,22,B-006138,0.91,2000.0,2023-12-19
1646,15274,7,B-019291,1.13,6000.0,2023-08-11
1647,13552,15,B-017154,4.47,6000.0,2023-05-24
1648,9343,1,B-011817,1.82,,2023-08-27
1649,1718,26,B-002218,4.3,2000.0,2023-03-05
1650,13621,1,B-017238,0.79,4000.0,2023-07-08
1651,14096,3,B-017829,1.45,6000.0,2023-03-09
1652,14680,11,B-018551,3.25,4000.0,2023-12-26
1653,13141,32,B-016634,4.61,4000.0,2023-09-06
1654,14360,23,B-018159,1.11,6000.0,2023-07-03
1655,511,4,B-000667,3.98,4000.0,2023-01-16
1656,10107,30,B-012795,3.89,6000.0,2023-01-03
1657,12184,17,B-015406,4.3,4000.0,2023-02-27
1658,1111,18,B-001427,0.7,6000.0,2023-06-08
1659,10014,8,B-012678,4.14,2000.0,2023-10-11
1660,9665,27,B-012233,3.08,,2023-05-18
1661,6575,2,B-008312,2.85,6000.0,2023-07-19
1662,405,25,B-000533,1.66,6000.0,2023-08-25
1663,9256,17,B-011702,4.07,,2023-09-05
1664,1715,11,B-002214,1.46,6000.0,2023-12-25
1665,8948,30,B-011299,3.49,6000.0,2023-07-08
1666,6244,22,B-007902,2.86,4000.0,2023-04-11
1667,2683,20,B-003397,2.46,,2023-12-14
1668,8632,8,B-010896,4.69,2000.0,2023-09-07
1669,3422,31,B-004372,4.65,6000.0,2023-11-28
1670,1132,31,B-001453,0.74,,2023-08-09
1671,14975,28,B-018922,0.86,4000.0,2023-07-06
1672,14146,25,B-017892,2.93,2000.0,2023-06-25
1673,15044,2,B-019002,0.62,,2023-10-04
1674,4496,21,B-005738,2.78,2000.0,2023-07-04
1675,12045,29,B-015225,2.25,2000.0,2023-11-23
1676,12395,22,B-015681,4.64,2000.0,2023-06-27
1677,4680,32,B-005973,4.52,6000.0,2023-11-05
1678,3458,22,B-004419,3.05,6000.0,2023-01-01
1679,1599,23,B-002068,0.73,4000.0,2023-06-04
1680,11860,3,B-014998,4.45,4000.0,2023-11-22
1681,944,33,B-001212,2.47,,2023-01-27
1682,7620,13,B-009616,2.59,4000.0,2023-09-02
1683,5182,5,B-006606,0.63,2000.0,2023-04-22
1684,1118,30,B-001436,1.87,2000.0,2023-12-01
1685,5135,25,B-006537,1.07,6000.0,2023-01-07
1686,1071,10,B-001374,0.79,2000.0,2023-09-10
1687,8186,16,B-010342,3.27,,2023-03-18
1688,8042,5,B-010161,3.59,2000.0,2023-06-05
1689,13348,26,B-016889,2.69,2000.0,2023-10-01
1690,10308,29,B-013050,4.21,,2023-01-03
1691,14069,12,B-017795,4.0,4000.0,2023-04-16
1692,12270,15,B-015513,4.8,4000.0,2023-11-07
1693,6565,35,B-008301,4.38,,2023-01-01
1694,936,7,B-001200,1.21,6000.0,2023-06-01
1695,4914,25,B-006263,4.93,2000.0,2023-06-09
1696,7422,19,B-009376,1.65,,2023-10-02
1697,9253,22,B-011698,1.48,2000.0,2023-04-10
1698,1220,3,B-001567,3.39,6000.0,2023-07-27
1699,8617,26,B-010877,2.36,2000.0,2023-05-08
1700,7086,27,B-008953,4.08,,2023-10-01
1701,3188,35,B-004079,4.6,2000.0,2023-06-25
1702,9531,12,B-012060,0.89,4000.0,2023-10-24
1703,11310,10,B-014319,4.29,6000.0,2023-07-22
1704,10350,22,B-013108,2.17,6000.0,2023-09-06
1705,11390,30,B-014410,3.63,6000.0,2023-03-01
1706,10006,8,B-012670,3.88,,2023-01-06
1707,8785,24,B-011110,3.77,6000.0,2023-03-03
1708,4801,5,B-006122,3.08,4000.0,2023-08-24
1709,12849,27,B-016260,3.98,,2023-09-14
1710,12882,25,B-016303,3.79,4000.0,2023-06-19
1711,9513,9,B-012038,0.92,2000.0,2023-09-17
1712,13442,26,B-017016,4.63,2000.0,2023-08-18
1713,6908,25,B-008740,4.59,2000.0,2023-08-06
1714,2119,15,B-002708,0.74,2000.0,2023-02-17
1715,10979,19,B-013911,1.46,4000.0,2023-05-18
1716,2023,19,B-002587,3.48,,2023-03-02
1717,11141,33,B-014111,1.45,,2023-03-24
1718,4633,14,B-005914,3.7,6000.0,2023-12-01
1719,14135,19,B-017875,3.35,4000.0,2023-01-09
1720,7625,20,B-009627,4.33,2000.0,2023-03-23
1721,8334,16,B-010526,2.77,4000.0,2023-07-11
1722,14578,28,B-018426,2.05,6000.0,2023-10-08
1723,2053,8,B-002624,0.93,6000.0,2023-09-08
1724,8503,19,B-010746,4.96,4000.0,2023-02-14
1725,7672,30,B-009688,4.37,4000.0,2023-03-19
1726,7951,14,B-010044,4.29,4000.0,2023-12-18
1727,15414,32,B-019467,0.87,,2023-04-04
1728,11018,6,B-013963,3.01,2000.0,2023-06-27
1729,4278,6,B-005461,3.89,4000.0,2023-01-13
1730,11504,21,B-014546,4.12,4000.0,2023-06-12
1731,9115,28,B-011520,0.66,4000.0,2023-07-13
1732,11586,24,B-014652,1.51,6000.0,2023-07-12
1733,1080,27,B-001388,1.35,6000.0,2023-03-13
1734,9146,19,B-011553,1.65,,2023-07-22
1735,11258,19,B-014253,3.0,2000.0,2023-06-09
1736,7121,20,B-008997,4.8,,2023-09-24
1737,1455,13,B-001880,0.94,2000.0,2023-10-14
1738,1920,20,B-002459,3.7,6000.0,2023-11-20
1739,10511,4,B-013311,4.49,6000.0,2023-12-10
1740,9412,9,B-011905,2.14,6000.0,2023-04-08
1741,13286,34,B-016813,1.58,,2023-02-23
1742,15754,1,B-019885,2.18,4000.0,2023-12-09
1743,14855,1,B-018773,3.6,4000.0,2023-11-09
1744,3668,13,B-004679,4.53,6000.0,2023-05-24
1745,15580,3,B-019669,2.17,4000.0,2023-08-28
1746,893,32,B-001141,2.76,4000.0,2023-02-14
1747,15056,25,B-019017,2.16,,2023-09-23
1748,1706,27,B-002204,4.63,2000.0,2023-05-17
1749,6106,18,B-007734,1.95,6000.0,2023-06-19
1750,9488,4,B-012004,4.34,6000.0,2023-04-01
1751,9378,9,B-011867,3.73,,2023-02-09
1752,9912,22,B-012546,4.99,,2023-05-21
1753,827,12,B-001062,4.17,4000.0,2023-05-25
1754,3945,2,B-005028,2.36,6000.0,2023-11-25
1755,11659,9,B-014744,0.58,2000.0,2023-09-21
1756,9605,17,B-012156,1.25,,2023-02-03
1757,9630,1,B-012191,3.01,2000.0,2023-06-06
1758,11506,25,B-014548,4.53,2000.0,2023-07-17
1759,1964,9,B-002520,3.55,6000.0,2023-01-04
1760,3536,13,B-004512,3.55,6000.0,2023-12-17
1761,13705,6,B-017350,1.5,,2023-08-15
1762,9505,8,B-012025,1.35,6000.0,2023-08-01
1763,10303,17,B-013043,3.33,6000.0,2023-06-27
1764,8155,20,B-010302,1.96,6000.0,2023-09-22
1765,7232,26,B-009133,3.78,2000.0,2023-02-10
1766,6474,22,B-008180,1.04,,2023-01-20
1767,15104,31,B-019072,3.96,4000.0,2023-04-25
1768,657,7,B-000850,4.59,2000.0,2023-04-04
1769,4780,24,B-006097,2.83,6000.0,2023-07-06
1770,12922,29,B-016353,2.05,2000.0,2023-12-12
1771,13406,5,B-016966,4.59,6000.0,2023-03-06
1772,10017,20,B-012681,3.65,6000.0,2023-04-17
1773,3036,22,B-003859,4.23,2000.0,2023-04-26
1774,6781,5,B-008578,4.87,,2023-08-13
1775,6737,18,B-008530,2.8,6000.0,2023-07-20
1776,11565,13,B-014624,4.23,,2023-04-13
1777,5541,26,B-007032,1.5,4000.0,2023-09-22
1778,7408,22,B-009358,4.07,6000.0,2023-11-14
1779,12722,33,B-016096,1.96,,2023-05-05
1780,5149,20,B-006560,3.61,,2023-03-05
1781,3144,23,B-004019,3.89,4000.0,2023-05-09
1782,3480,20,B-004448,3.05,,2023-12-27
1783,1891,22,B-002427,4.19,,2023-10-11
1784,11714,25,B-014813,4.54,4000.0,2023-12-16
1785,4436,34,B-005658,3.58,6000.0,2023-08-09
1786,11534,16,B-014586,3.02,,2023-05-25
1787,2265,17,B-002877,1.49,,2023-07-06
1788,8294,7,B-010473,2.3,,2023-10-27
1789,9011,11,B-011385,1.75,2000.0,2023-08-02
1790,1649,1,B-002128,4.72,4000.0,2023-11-03
1791,14249,1,B-018023,3.53,2000.0,2023-06-14
1792,14046,32,B-017766,4.93,4000.0,2023-10-11
1793,7539,8,B-009515,2.65,6000.0,2023-01-26
1794,7785,19,B-009829,0.57,6000.0,2023-10-28
1795,4051,13,B-005162,3.07,,2023-12-14
1796,4475,7,B-005705,0.66,4000.0,2023-09-16
1797,9362,25,B-011846,0.86,6000.0,2023-10-25
1798,13169,22,B-016671,3.63,4000.0,2023-09-18
1799,15344,11,B-019376,3.37,6000.0,2023-04-21
1800,15424,31,B-019478,2.22,2000.0,2023-05-07
1801,5169,29,B-006586,3.37,6000.0,2023-03-08
1802,3570,17,B-004551,0.61,2000.0,2023-06-16
1803,15532,4,B-019608,1.78,6000.0,2023-01-23
1804,12796,28,B-016189,1.88,,2023-09-22
1805,669,10,B-000862,4.66,2000.0,2023-02-14
1806,15239,24,B-019244,0.65,6000.0,2023-06-02
1807,14356,29,B-018155,2.62,,2023-01-19
1808,9556,4,B-012089,4.83,2000.0,2023-08-03
1809,15366,17,B-019407,3.06,,2023-07-08
1810,14293,2,B-018077,3.74,4000.0,2023-03-12
1811,3326,5,B-004253,2.42,4000.0,2023-04-03
1812,2219,2,B-002826,3.02,2000.0,2023-10-25
1813,1670,3,B-002155,3.46,6000.0,2023-04-10
1814,15476,3,B-019541,1.81,2000.0,2023-04-10
1815,14897,33,B-018829,1.05,,2023-10-20
1816,12398,34,B-015685,2.53,6000.0,2023-04-19
1817,13610,32,B-017226,4.27,4000.0,2023-12-18
1818,15064,23,B-019026,1.08,6000.0,2023-12-16
1819,10595,25,B-013417,3.97,4000.0,2023-09-19
1820,1882,32,B-002417,3.92,6000.0,2023-08-05
1821,3208,28,B-004107,2.66,6000.0,2023-05-28
1822,8228,14,B-010389,2.63,6000.0,2023-10-05
1823,1895,19,B-002431,4.32,,2023-07-03
1824,11660,20,B-014745,1.14,,2023-12-28
1825,12080,5,B-015265,2.27,2000.0,2023-06-17
1826,13397,7,B-016953,2.62,2000.0,2023-01-18
1827,8940,10,B-011290,4.75,4000.0,2023-05-23
1828,3291,1,B-004206,1.5,,2023-02-08
1829,14282,12,B-018066,1.33,4000.0,2023-07-06
1830,4673,19,B-005963,1.69,2000.0,2023-04-21
1831,3309,16,B-004229,2.37,4000.0,2023-12-23
1832,11196,7,B-014177,4.06,2000.0,2023-11-11
1833,15620,20,B-019720,1.19,,2023-11-03
1834,1405,13,B-001816,4.97,6000.0,2023-05-07
1835,3180,2,B-004069,2.15,,2023-01-06
1836,13413,23,B-016978,2.26,4000.0,2023-03-15
1837,3934,3,B-005015,1.4,4000.0,2023-03-17
1838,7889,20,B-009966,2.31,,2023-02-07
1839,4223,25,B-005396,2.34,,2023-08-03
1840,4163,17,B-005308,4.7,2000.0,2023-01-15
1841,8367,10,B-010573,4.16,4000.0,2023-04-24
1842,5831,28,B-007389,1.28,4000.0,2023-04-24
1843,8978,33,B-011339,3.73,,2023-03-02
1844,13433,19,B-017004,4.1,6000.0,2023-12-26
1845,7371,29,B-009308,1.1,4000.0,2023-01-12
1846,2021,28,B-002585,4.24,6000.0,2023-11-18
1847,6496,9,B-008212,2.64,,2023-11-23
1848,5054,13,B-006433,4.25,,2023-03-09
1849,15110,28,B-019078,4.43,2000.0,2023-08-05
1850,7119,11,B-008994,0.79,4000.0,2023-03-11
1851,3204,26,B-004102,2.23,6000.0,2023-09-10
1852,14684,33,B-018555,1.61,2000.0,2023-04-21
1853,13815,24,B-017482,0.95,4000.0,2023-02-03
1854,2418,28,B-003062,4.92,2000.0,2023-09-14
1855,13012,28,B-016469,2.54,,2023-01-28
1856,4333,13,B-005526,2.09,4000.0,2023-10-20
1857,3966,33,B-005053,4.54,2000.0,2023-02-16
1858,4396,16,B-005610,3.87,2000.0,2023-04-08
1859,8755,9,B-011064,1.15,6000.0,2023-07-06
1860,1055,4,B-001350,4.46,2000.0,2023-07-28
1861,723,24,B-000930,4.17,4000.0,2023-04-10
1862,2085,35,B-002662,1.87,4000.0,2023-09-16
1863,1162,15,B-001490,0.59,6000.0,2023-03-01
1864,6858,1,B-008673,2.07,4000.0,2023-10-25
1865,5437,2,B-006908,4.57,,2023-07-14
1866,14518,25,B-018357,1.71,4000.0,2023-08-16
1867,770,11,B-000993,0.58,4000.0,2023-02-13
1868,12896,5,B-016320,3.44,2000.0,2023-10-24
1869,15548,23,B-019628,4.8,2000.0,2023-07-07
1870,7522,26,B-009492,3.12,4000.0,2023-04-14
1871,14991,34,B-018943,2.34,6000.0,2023-10-24
1872,12506,35,B-015826,0.84,2000.0,2023-11-09
1873,15843,15,B-019997,3.76,6000.0,2023-04-21
1874,15466,12,B-019528,4.33,4000.0,2023-04-23
1875,7717,23,B-009747,4.02,4000.0,2023-06-24
1876,11754,35,B-014862,2.18,,2023-03-28
1877,1860,10,B-002392,1.84,2000.0,2023-01-04
1878,1514,17,B-001964,4.95,4000.0,2023-03-27
1879,4068,27,B-005180,2.74,,2023-11-17
1880,11385,11,B-014405,3.82,2000.0,2023-07-21
1881,10743,7,B-013620,3.99,4000.0,2023-02-20
1882,12539,10,B-015868,1.13,4000.0,2023-07-26
1883,12040,20,B-015219,0.7,2000.0,2023-03-20
1884,5250,33,B-006686,3.8,2000.0,2023-09-19
1885,8822,17,B-011148,2.33,2000.0,2023-10-20
1886,3693,32,B-004708,2.81,4000.0,2023-04-04
1887,8110,29,B-010243,3.68,4000.0,2023-01-01
1888,8287,5,B-010464,1.37,,2023-07-07
1889,8960,16,B-011318,1.6,6000.0,2023-09-08
1890,14826,27,B-018740,2.38,2000.0,2023-10-06
1891,3350,28,B-004285,4.2,4000.0,2023-07-08
1892,14908,21,B-018840,4.42,4000.0,2023-10-13
1893,13338,25,B-016875,0.87,2000.0,2023-06-21
1894,2748,17,B-003480,3.88,6000.0,2023-07-06
1895,8281,7,B-010457,4.0,2000.0,2023-01-03
1896,6262,24,B-007922,1.52,6000.0,2023-10-05
1897,12093,16,B-015286,1.51,4000.0,2023-03-15
1898,3141,30,B-004015,3.81,6000.0,2023-12-01
1899,6929,7,B-008765,3.43,,2023-07-25
1900,11649,1,B-014733,4.35,4000.0,2023-05-08
1901,15699,30,B-019815,2.34,,2023-08-17
1902,3618,17,B-004617,2.9,2000.0,2023-04-18
1903,2503,31,B-003173,0.57,2000.0,2023-12-27
1904,1285,20,B-001659,4.2,2000.0,2023-09-13
1905,7535,23,B-009510,1.12,6000.0,2023-08-07
1906,9946,31,B-012588,1.23,4000.0,2023-06-08
1907,10814,32,B-013702,3.82,2000.0,2023-03-19
1908,6441,29,B-008136,3.28,2000.0,2023-07-19
1909,4109,31,B-005234,0.6,4000.0,2023-01-18
1910,8489,9,B-010730,2.08,2000.0,2023-10-28
1911,8114,35,B-010248,3.24,,2023-09-28
1912,4876,31,B-006221,3.33,4000.0,2023-04-13
1913,4098,12,B-005222,3.13,4000.0,2023-01-09
1914,12901,35,B-016328,3.38,4000.0,2023-07-01
1915,13332,2,B-016867,1.13,,2023-08-02
1916,12101,7,B-015297,0.58,4000.0,2023-09-06
1917,12914,32,B-016344,1.5,,2023-09-18
1918,8003,24,B-010111,1.87,4000.0,2023-09-18
1919,12878,34,B-016298,4.35,6000.0,2023-02-18
1920,583,5,B-000760,4.05,2000.0,2023-01-02
1921,2328,27,B-002951,3.92,6000.0,2023-07-04
1922,10181,5,B-012886,0.94,2000.0,2023-05-25
1923,13080,24,B-016563,4.54,,2023-05-14
1924,15597,8,B-019688,3.74,6000.0,2023-01-21
1925,6234,17,B-007889,2.42,4000.0,2023-12-04
1926,14778,28,B-018675,4.86,2000.0,2023-03-20
1927,9155,26,B-011564,3.01,2000.0,2023-07-27
1928,1238,1,B-001595,1.07,6000.0,2023-06-12
1929,1283,10,B-001657,1.33,,2023-03-04
1930,7301,27,B-009220,0.63,6000.0,2023-08-10
1931,12817,11,B-016217,4.03,,2023-06-20
1932,12195,21,B-015421,2.9,,2023-06-01
1933,7413,13,B-009364,3.78,2000.0,2023-04-04
1934,13898,23,B-017587,0.51,6000.0,2023-04-13
1935,202,19,B-000268,0.81,6000.0,2023-12-25
1936,2781,11,B-003523,4.86,,2023-08-06
1937,11150,10,B-014121,1.61,6000.0,2023-06-18
1938,3436,2,B-004389,1.31,4000.0,2023-11-10
1939,15573,23,B-019660,1.91,4000.0,2023-07-04
1940,14946,15,B-018886,0.75,6000.0,2023-01-17
1941,10434,28,B-013214,2.54,6000.0,2023-05-16
1942,9478,21,B-011992,1.14,,2023-08-28
1943,1155,14,B-001483,4.25,4000.0,2023-08-04
1944,10364,5,B-013127,2.57,4000.0,2023-05-10
1945,1300,25,B-001677,1.5,2000.0,2023-02-17
1946,5012,25,B-006379,1.58,,2023-11-17
1947,9390,22,B-011880,4.5,2000.0,2023-09-03
1948,7492,5,B-009457,0.54,4000.0,2023-09-14
1949,1877,22,B-002410,3.61,,2023-07-11
1950,9998,25,B-012660,4.13,6000.0,2023-09-02
1951,13051,16,B-016524,3.59,,2023-04-10
1952,11671,32,B-014758,2.49,6000.0,2023-07-06
1953,14244,7,B-018018,4.16,6000.0,2023-03-19
1954,7261,33,B-009166,4.87,,2023-06-02
1955,3062,29,B-003894,2.03,6000.0,2023-04-19
1956,3298,29,B-004217,3.67,2000.0,2023-09-20
1957,2499,6,B-003169,1.83,4000.0,2023-05-24
1958,10196,15,B-012908,3.12,6000.0,2023-08-06
1959,9662,1,B-012229,3.69,2000.0,2023-06-25
1960,8787,14,B-011112,0.73,6000.0,2023-03-03
1961,9471,8,B-011981,3.47,4000.0,2023-11-28
1962,3705,30,B-004728,3.24,2000.0,2023-08-03
1963,5123,9,B-006523,4.62,4000.0,2023-05-11
1964,13179,16,B-016683,2.73,4000.0,2023-03-17
1965,10384,7,B-013153,3.37,2000.0,2023-04-17
1966,12951,15,B-016387,3.99,2000.0,2023-10-08
1967,15342,13,B-019374,4.49,2000.0,2023-01-24
1968,1157,23,B-001485,2.17,,2023-03-18
1969,993,10,B-001276,4.05,2000.0,2023-02-21
1970,3517,2,B-004491,4.83,2000.0,2023-01-25
1971,14709,2,B-018587,1.59,2000.0,2023-10-03
1972,12280,27,B-015524,3.08,2000.0,2023-08-10
1973,13444,19,B-017018,3.76,6000.0,2023-01-19
1974,11846,28,B-014975,0.95,,2023-09-23
1975,3829,17,B-004881,3.72,4000.0,2023-04-13
1976,13351,30,B-016893,2.89,2000.0,2023-04-13
1977,14924,7,B-018862,3.2,6000.0,2023-10-08
1978,8504,25,B-010747,3.32,6000.0,2023-09-11
1979,8264,10,B-010438,3.43,6000.0,2023-07-27
1980,15531,4,B-019607,2.06,4000.0,2023-02-04
1981,10174,4,B-012877,0.69,2000.0,2023-03-27
1982,7767,15,B-009806,0.63,,2023-03-18
1983,8723,6,B-011023,2.04,,2023-04-10
1984,13132,22,B-016624,0.81,6000.0,2023-12-22
1985,13198,6,B-016703,4.82,4000.0,2023-06-21
1986,13783,25,B-017444,1.85,4000.0,2023-05-02
1987,12685,1,B-016052,1.11,4000.0,2023-04-01
1988,7780,33,B-009824,2.79,,2023-02-09
1989,12305,33,B-015562,3.11,6000.0,2023-10-11
1990,417,25,B-000546,0.7,2000.0,2023-08-13
1991,9541,33,B-012071,3.23,,2023-12-01
1992,8600,22,B-010855,3.26,6000.0,2023-08-25
1993,2836,32,B-003592,4.35,6000.0,2023-04-27
1994,10770,3,B-013650,2.71,2000.0,2023-08-09
1995,7981,24,B-010082,4.93,2000.0,2023-02-25
1996,14563,4,B-018411,3.95,2000.0,2023-01-07
1997,12297,31,B-015552,4.56,4000.0,2023-09-16
1998,6880,25,B-008701,4.83,2000.0,2023-04-24
1999,5891,21,B-007457,4.23,6000.0,2023-02-08
2000,1305,27,B-001683,4.78,2000.0,2023-04-17
2001,12442,6,B-015744,2.07,6000.0,2023-03-02
2002,4381,33,B-005588,0.88,,2023-01-24
2003,13570,5,B-017179,0.8,4000.0,2023-01-23
2004,14735,13,B-018624,3.04,,2023-03-09
2005,3800,1,B-004843,0.77,,2023-08-23
2006,6271,31,B-007937,2.6,6000.0,2023-10-24
2007,803,11,B-001035,3.08,,2023-04-06
2008,2842,22,B-003602,4.07,6000.0,2023-03-10
2009,4905,27,B-006252,1.46,2000.0,2023-07-04
2010,478,16,B-000621,2.22,2000.0,2023-07-04
2011,11426,4,B-014452,2.3,6000.0,2023-12-21
2012,8141,23,B-010280,4.01,2000.0,2023-04-13
2013,10831,6,B-013723,4.81,4000.0,2023-10-01
2014,3892,27,B-004963,0.77,,2023-08-08
2015,10679,19,B-013532,0.62,4000.0,2023-08-07
2016,5247,9,B-006682,0.92,,2023-04-18
2017,10618,4,B-013448,0.84,2000.0,2023-07-16
2018,12996,20,B-016444,4.42,4000.0,2023-12-25
2019,12222,32,B-015454,1.0,2000.0,2023-03-18
2020,15387,30,B-019434,2.33,,2023-03-27
2021,3549,21,B-004525,1.15,6000.0,2023-11-13
2022,13427,27,B-016997,0.87,6000.0,2023-12-22
2023,5346,29,B-006795,4.09,4000.0,2023-08-06
2024,8430,4,B-010652,3.31,2000.0,2023-06-04
2025,12392,21,B-015676,3.21,2000.0,2023-05-24
2026,13603,29,B-017219,2.05,4000.0,2023-12-12
2027,9755,12,B-012348,0.98,6000.0,2023-11-04
2028,8143,2,B-010282,0.91,,2023-07-18
2029,4449,7,B-005675,4.11,4000.0,2023-07-09
2030,11912,11,B-015063,2.81,,2023-07-05
2031,13805,25,B-017470,2.75,6000.0,2023-05-10
2032,8881,9,B-011218,4.19,2000.0,2023-09-03
2033,14153,17,B-017901,3.05,6000.0,2023-02-14
2034,15669,31,B-019780,2.88,4000.0,2023-04-13
2035,6850,19,B-008663,1.75,2000.0,2023-05-17
2036,12537,10,B-015866,1.03,4000.0,2023-10-17
2037,15802,6,B-019947,4.35,4000.0,2023-03-03
2038,6394,23,B-008078,4.4,6000.0,2023-06-11
2039,7240,27,B-009143,0.58,4000.0,2023-09-13
2040,7748,34,B-009782,2.54,6000.0,2023-10-04
2041,5812,27,B-007369,5.0,2000.0,2023-02-09
2042,7723,17,B-009753,4.33,6000.0,2023-07-19
2043,7505,20,B-009471,2.56,2000.0,2023-10-22
2044,5344,12,B-006793,3.72,6000.0,2023-01-13
2045,12660,27,B-016024,4.95,,2023-02-28
2046,14374,10,B-018179,4.65,,2023-10-17
2047,12428,32,B-015723,3.75,4000.0,2023-04-15
2048,9049,18,B-011430,3.48,6000.0,2023-09-21
2049,7094,1,B-008961,3.08,6000.0,2023-05-05
2050,7469,29,B-009431,0.81,2000.0,2023-04-11
2051,3129,34,B-003994,2.19,4000.0,2023-10-20
2052,14074,33,B-017800,2.32,6000.0,2023-08-05
2053,9830,28,B-012442,3.68,4000.0,2023-09-03
2054,10212,15,B-012929,3.18,,2023-05-01
2055,15073,20,B-019038,2.75,6000.0,2023-02-16
2056,3766,33,B-004800,4.05,6000.0,2023-06-21
2057,7542,24,B-009518,2.54,4000.0,2023-01-10
2058,1073,18,B-001379,1.13,6000.0,2023-12-11
2059,15676,16,B-019790,3.33,4000.0,2023-11-11
2060,2025,5,B-002590,0.64,6000.0,2023-08-20
2061,8986,22,B-011350,1.08,2000.0,2023-04-17
2062,11464,20,B-014496,4.57,4000.0,2023-10-24
2063,6644,10,B-008404,3.72,6000.0,2023-01-16
2064,12409,10,B-015699,3.97,,2023-12-25
2065,5526,33,B-007012,1.87,6000.0,2023-03-05
2066,5194,8,B-006622,4.85,,2023-02-20
2067,15074,18,B-019040,4.09,,2023-04-24
2068,7032,31,B-008885,4.82,2000.0,2023-02-16
2069,7045,6,B-008901,3.87,4000.0,2023-03-27
2070,3525,9,B-004499,2.79,6000.0,2023-07-23
2071,2825,4,B-003580,4.79,2000.0,2023-03-09
2072,6195,30,B-007841,4.99,6000.0,2023-09-15
2073,6277,15,B-007945,2.6,,2023-02-22
2074,1289,23,B-001664,0.66,4000.0,2023-02-26
2075,13747,15,B-017402,4.88,6000.0,2023-03-08
2076,5837,2,B-007395,1.88,6000.0,2023-07-24
2077,6024,4,B-007630,2.01,,2023-11-14
2078,1335,33,B-001721,1.66,6000.0,2023-03-01
2079,2586,7,B-003284,0.9,6000.0,2023-02-04
2080,10686,13,B-013544,2.59,,2023-01-28
2081,8571,10,B-010824,2.75,2000.0,2023-09-26
2082,12243,22,B-015480,4.11,,2023-09-01
2083,15242,7,B-019248,4.17,2000.0,2023-01-06
2084,3530,18,B-004505,1.76,4000.0,2023-12-06
2085,129,34,B-000170,3.85,2000.0,2023-09-14
2086,4064,27,B-005176,3.78,2000.0,2023-09-13
2087,10529,28,B-013334,1.41,4000.0,2023-10-15
2088,12324,28,B-015588,4.64,2000.0,2023-08-27
2089,12370,17,B-015646,0.95,,2023-08-25
2090,5134,6,B-006536,4.48,2000.0,2023-03-25
2091,7455,5,B-009413,0.73,4000.0,2023-09-09
2092,8333,16,B-010525,1.98,,2023-06-01
2093,7403,17,B-009353,1.25,4000.0,2023-02-01
2094,1496,11,B-001939,4.27,4000.0,2023-09-24
2095,2313,27,B-002932,0.75,6000.0,2023-04-15
2096,6007,17,B-007610,2.8,6000.0,2023-10-16
2097,13859,20,B-017536,3.15,4000.0,2023-07-09
2098,953,11,B-001223,4.27,4000.0,2023-01-15
2099,15012,6,B-018966,1.79,4000.0,2023-01-22
2100,10807,1,B-013694,0.64,6000.0,2023-03-21
2101,4516,33,B-005761,2.28,6000.0,2023-03-06
2102,929,17,B-001191,3.94,2000.0,2023-09-12
2103,10275,9,B-013009,3.57,2000.0,2023-06-03
2104,12830,10,B-016233,4.61,4000.0,2023-06-23
2105,4787,20,B-006106,4.53,,2023-03-13
2106,7517,30,B-009486,3.95,,2023-03-10
2107,956,25,B-001228,4.4,6000.0,2023-10-05
2108,226,35,B-000304,0.55,6000.0,2023-02-24
2109,7744,10,B-009778,1.92,6000.0,2023-04-02
2110,2776,20,B-003517,3.94,4000.0,2023-12-18
2111,8688,4,B-010979,1.54,,2023-10-28
2112,7383,3,B-009325,0.58,2000.0,2023-02-25
2113,11777,32,B-014889,1.2,4000.0,2023-09-27
2114,14077,10,B-017803,2.02,2000.0,2023-12-25
2115,13572,17,B-017181,1.98,2000.0,2023-02-05
2116,12793,21,B-016185,0.94,4000.0,2023-06-09
2117,3443,20,B-004398,2.58,2000.0,2023-04-24
2118,13050,4,B-016523,3.82,,2023-06-25
2119,12129,32,B-015337,2.11,2000.0,2023-08-04
2120,7076,29,B-008941,2.13,,2023-05-25
2121,4960,11,B-006319,3.49,,2023-01-07
2122,2907,16,B-003692,0.57,,2023-03-15
2123,8582,35,B-010836,1.96,6000.0,2023-08-22
2124,14247,22,B-018021,3.97,2000.0,2023-07-22
2125,11892,14,B-015038,2.82,4000.0,2023-05-02
2126,6664,8,B-008431,4.52,4000.0,2023-11-07
2127,4784,20,B-006102,1.44,2000.0,2023-09-13
2128,350,11,B-000462,4.52,6000.0,2023-07-24
2129,8744,15,B-011047,3.52,6000.0,2023-01-26
2130,7654,33,B-009668,3.16,,2023-04-06
2131,4970,28,B-006330,1.67,2000.0,2023-06-26
2132,4508,29,B-005751,1.15,2000.0,2023-04-19
2133,10491,6,B-013288,4.34,4000.0,2023-07-09
2134,15552,27,B-019634,2.35,2000.0,2023-01-24
2135,13344,11,B-016885,2.03,6000.0,2023-05-06
2136,14453,10,B-018277,1.59,2000.0,2023-09-09
2137,2234,20,B-002843,3.87,4000.0,2023-03-15
2138,10372,25,B-013135,0.98,,2023-02-27
2139,2469,9,B-003126,3.23,4000.0,2023-08-04
2140,4748,10,B-006055,1.8,4000.0,2023-09-13
2141,3611,21,B-004608,4.8,,2023-01-07
2142,14163,22,B-017912,4.93,4000.0,2023-09-01
2143,8393,16,B-010604,2.29,4000.0,2023-08-27
2144,6435,30,B-008129,4.48,2000.0,2023-01-07
2145,174,18,B-000224,3.58,2000.0,2023-01-10
2146,6752,24,B-008546,1.64,,2023-05-13
2147,9930,21,B-012569,3.03,2000.0,2023-08-14
2148,6095,34,B-007718,0.65,2000.0,2023-07-25
2149,11575,2,B-014639,3.26,4000.0,2023-09-11
2150,15789,16,B-019931,2.58,6000.0,2023-03-25
2151,14809,13,B-018718,2.24,2000.0,2023-06-21
2152,7838,28,B-009895,0.77,6000.0,2023-07-23
2153,287,6,B-000375,2.54,2000.0,2023-03-18
2154,6774,31,B-008571,3.87,2000.0,2023-10-12
2155,9315,29,B-011782,4.17,,2023-07-24
2156,6115,13,B-007744,0.6,,2023-01-18
2157,1575,27,B-002036,4.29,,2023-03-20
2158,3049,26,B-003874,4.75,6000.0,2023-04-20
2159,12067,26,B-015251,3.13,4000.0,2023-03-06
2160,7960,5,B-010054,1.6,2000.0,2023-02-02
2161,14304,20,B-018092,2.05,2000.0,2023-01-04
2162,10489,21,B-013285,2.32,2000.0,2023-09-27
2163,13011,35,B-016467,1.61,6000.0,2023-03-10
2164,8068,34,B-010191,4.15,,2023-01-12
2165,3028,12,B-003848,4.05,4000.0,2023-05-03
2166,15840,23,B-019993,2.27,6000.0,2023-10-20
2167,9518,19,B-012044,2.31,,2023-02-16
2168,5708,9,B-007237,4.58,6000.0,2023-07-06
2169,5657,32,B-007181,2.04,4000.0,2023-02-19
2170,3426,19,B-004377,1.54,,2023-07-05
2171,12387,10,B-015670,4.34,6000.0,2023-11-13
2172,3938,33,B-005020,0.61,4000.0,2023-10-14
2173,11793,17,B-014909,3.17,2000.0,2023-11-24
2174,9674,12,B-012243,0.77,4000.0,2023-03-23
2175,10750,16,B-013627,1.93,2000.0,2023-05-07
2176,12201,19,B-015429,2.49,6000.0,2023-10-15
2177,13919,19,B-017614,3.62,,2023-05-28
2178,5638,19,B-007157,4.18,,2023-11-26
2179,6418,2,B-008109,1.31,6000.0,2023-01-10
2180,2100,12,B-002683,4.23,,2023-04-07
2181,13604,34,B-017220,2.43,,2023-02-12
2182,11576,28,B-014640,4.82,2000.0,2023-05-02
2183,13671,14,B-017308,3.81,6000.0,2023-09-07
2184,15122,12,B-019094,2.65,4000.0,2023-07-26
2185,2000,22,B-002560,3.13,2000.0,2023-03-12
2186,2897,31,B-003677,1.93,6000.0,2023-06-03
2187,1566,7,B-002024,2.9,2000.0,2023-06-24
2188,13081,7,B-016564,1.35,4000.0,2023-05-06
2189,5197,27,B-006625,1.73,4000.0,2023-05-19
2190,13897,22,B-017586,3.45,6000.0,2023-07-06
2191,3852,8,B-004911,4.24,4000.0,2023-06-27
2192,14954,28,B-018898,0.8,2000.0,2023-05-21
2193,14741,26,B-018631,3.09,4000.0,2023-04-12
2194,13471,24,B-017051,2.59,2000.0,2023-02-19
2195,15554,21,B-019636,0.6,2000.0,2023-09-05
2196,2997,9,B-003809,1.0,4000.0,2023-11-24
2197,5288,6,B-006731,2.26,6000.0,2023-04-23
2198,12656,14,B-016018,1.53,,2023-03-07
2199,2350,32,B-002980,1.16,4000.0,2023-04-22
2200,13215,17,B-016724,2.35,2000.0,2023-01-21
2201,11543,33,B-014598,4.72,2000.0,2023-12-04
2202,1413,4,B-001824,4.62,4000.0,2023-04-15
2203,11752,22,B-014859,2.13,6000.0,2023-07-25
2204,3380,26,B-004324,3.22,6000.0,2023-03-20
2205,13290,26,B-016819,2.63,2000.0,2023-06-04
2206,10738,15,B-013613,2.72,2000.0,2023-10-19
2207,11841,24,B-014969,1.49,6000.0,2023-05-09
2208,1462,32,B-001892,4.01,,2023-04-17
2209,11987,4,B-015152,0.55,4000.0,2023-06-28
2210,7992,35,B-010099,4.29,2000.0,2023-03-14
2211,548,26,B-000714,2.45,2000.0,2023-12-09
2212,10249,30,B-012975,1.52,6000.0,2023-06-21
2213,6596,2,B-008339,2.26,4000.0,2023-05-08
2214,71,2,B-000099,0.65,6000.0,2023-04-16
2215,5625,12,B-007141,3.36,4000.0,2023-12-04
2216,1862,35,B-002394,1.68,4000.0,2023-04-15
2217,14257,28,B-018033,2.53,4000.0,2023-11-28
2218,10956,5,B-013884,1.09,2000.0,2023-07-25
2219,15576,21,B-019664,4.02,,2023-06-22
2220,1616,31,B-002090,3.86,6000.0,2023-10-02
2221,14022,28,B-017733,4.29,,2023-01-25
2222,1524,14,B-001975,4.27,6000.0,2023-07-01
2223,1756,35,B-002262,2.43,4000.0,2023-06-02
2224,12234,21,B-015469,3.16,2000.0,2023-04-07
2225,808,29,B-001040,0.6,,2023-07-16
2226,7452,17,B-009408,4.5,2000.0,2023-08-19
2227,10583,32,B-013398,2.53,6000.0,2023-11-17
2228,4619,10,B-005898,3.19,2000.0,2023-01-13
2229,3470,11,B-004438,3.56,2000.0,2023-03-23
2230,10869,15,B-013775,2.67,,2023-07-01
2231,9695,2,B-012271,4.3,4000.0,2023-11-10
2232,9901,19,B-012534,2.4,2000.0,2023-12-25
2233,11621,30,B-014698,0.63,4000.0,2023-07-07
2234,9770,22,B-012370,1.23,6000.0,2023-11-01
2235,9727,11,B-012310,2.79,2000.0,2023-10-03
2236,2057,12,B-002630,2.38,,2023-06-25
2237,15706,25,B-019824,4.61,6000.0,2023-01-18
2238,3408,10,B-004358,2.32,6000.0,2023-05-06
2239,9019,29,B-011396,4.79,,2023-04-03
2240,3058,34,B-003888,3.21,2000.0,2023-01-04
2241,4577,35,B-005849,2.52,2000.0,2023-07-20
2242,13910,22,B-017605,0.51,6000.0,2023-05-20
2243,10177,14,B-012880,1.75,2000.0,2023-04-26
2244,13690,28,B-017330,4.2,4000.0,2023-02-15
2245,3262,12,B-004173,2.24,,2023-07-21
2246,5758,32,B-007298,3.4,4000.0,2023-10-28
2247,83,28,B-000114,3.75,2000.0,2023-03-28
2248,572,15,B-000745,1.01,6000.0,2023-01-20
2249,7743,20,B-009777,1.42,,2023-09-21
2250,12001,12,B-015172,2.88,2000.0,2023-10-14
2251,10968,22,B-013898,4.29,2000.0,2023-06-25
2252,13773,29,B-017431,3.47,6000.0,2023-06-19
2253,9819,22,B-012429,0.84,6000.0,2023-09-01
2254,5945,10,B-007526,4.48,4000.0,2023-07-28
2255,6420,17,B-008111,3.01,,2023-09-05
2256,11938,29,B-015094,4.12,,2023-07-07
2257,8981,33,B-011343,3.43,6000.0,2023-11-09
2258,3990,3,B-005084,4.55,4000.0,2023-02-06
2259,7149,27,B-009033,3.46,,2023-06-07
2260,4843,6,B-006177,1.2,6000.0,2023-04-15
2261,2913,1,B-003698,2.32,2000.0,2023-12-02
2262,823,34,B-001056,1.09,,2023-05-08
2263,15607,4,B-019701,1.89,4000.0,2023-06-12
2264,388,21,B-000513,0.86,4000.0,2023-09-27
2265,6233,8,B-007887,0.57,4000.0,2023-04-28
2266,5307,7,B-006753,1.03,2000.0,2023-12-19
2267,1707,8,B-002205,3.71,,2023-07-05
2268,2605,24,B-003307,4.13,,2023-10-25
2269,863,14,B-001101,3.12,2000.0,2023-10-27
2270,11567,13,B-014629,1.28,,2023-12-02
2271,1239,33,B-001596,2.35,2000.0,2023-10-05
2272,6344,27,B-008020,4.77,2000.0,2023-10-19
2273,1129,6,B-001450,4.59,2000.0,2023-10-22
2274,10406,20,B-013182,3.8,4000.0,2023-04-07
2275,11367,2,B-014384,2.3,,2023-09-15
2276,6063,13,B-007679,1.61,2000.0,2023-09-06
2277,13982,28,B-017687,3.24,,2023-04-04
2278,14907,2,B-018839,3.94,4000.0,2023-02-05
2279,1431,19,B-001850,0.72,2000.0,2023-11-23
2280,3598,9,B-004592,4.75,6000.0,2023-05-24
2281,13042,21,B-016512,3.04,4000.0,2023-04-10
2282,7512,17,B-009479,1.19,6000.0,2023-11-27
2283,6059,12,B-007674,3.4,,2023-11-13
2284,8274,31,B-010450,4.86,,2023-11-05
2285,8320,28,B-010508,4.97,4000.0,2023-07-20
2286,6133,16,B-007763,4.62,,2023-10-27
2287,7833,12,B-009889,2.31,6000.0,2023-03-01
2288,14783,18,B-018683,0.51,2000.0,2023-10-14
2289,13496,6,B-017081,2.66,2000.0,2023-11-24
2290,5713,35,B-007244,1.88,2000.0,2023-05-04
2291,10691,23,B-013552,2.67,4000.0,2023-10-11
2292,7801,7,B-009847,3.39,,2023-02-16
2293,7138,5,B-009017,1.31,6000.0,2023-01-05
2294,15626,3,B-019726,3.75,,2023-10-07
2295,4497,14,B-005739,3.79,,2023-05-28
2296,11044,31,B-013999,0.5,,2023-05-16
2297,12837,10,B-016241,1.51,2000.0,2023-02-01
2298,1198,11,B-001537,3.33,6000.0,2023-12-18
2299,8936,5,B-011286,2.92,6000.0,2023-06-03
2300,9868,32,B-012490,3.01,,2023-06-17
2301,13576,27,B-017186,1.94,2000.0,2023-08-09
2302,8270,32,B-010445,1.62,2000.0,2023-11-04
2303,10763,7,B-013643,0.55,6000.0,2023-04-27
2304,10568,27,B-013378,2.93,2000.0,2023-01-25
2305,3836,34,B-004890,1.3,2000.0,2023-09-01
2306,7783,25,B-009827,4.73,2000.0,2023-12-02
2307,9747,34,B-012336,2.3,4000.0,2023-05-21
2308,4724,29,B-006026,1.95,,2023-10-23
2309,13932,3,B-017627,1.43,6000.0,2023-04-24
2310,12274,34,B-015517,4.7,6000.0,2023-10-15
2311,6240,31,B-007897,3.93,4000.0,2023-07-16
2312,5828,26,B-007385,4.97,,2023-01-20
2313,7808,23,B-009855,2.93,6000.0,2023-12-27
2314,3707,35,B-004731,4.6,2000.0,2023-07-13
2315,12002,16,B-015173,2.04,6000.0,2023-07-08
2316,1459,22,B-001889,4.09,2000.0,2023-11-06
2317,10672,20,B-013523,0.53,4000.0,2023-08-09
2318,10769,1,B-013649,3.56,2000.0,2023-11-25
2319,13721,19,B-017367,1.8,6000.0,2023-12-03
2320,3440,3,B-004394,4.07,6000.0,2023-07-14
2321,10055,19,B-012728,3.09,6000.0,2023-01-12
2322,15319,21,B-019346,1.86,4000.0,2023-03-12
2323,6607,13,B-008356,2.83,4000.0,2023-01-11
2324,5230,28,B-006663,4.23,,2023-06-02
2325,8570,19,B-010823,1.7,6000.0,2023-01-20
2326,2026,12,B-002591,3.17,2000.0,2023-03-02
2327,11654,34,B-014739,2.03,4000.0,2023-12-07
2328,9608,9,B-012160,2.15,6000.0,2023-02-19
2329,2391,22,B-003030,2.44,6000.0,2023-03-28
2330,13874,9,B-017552,1.83,4000.0,2023-06-09
2331,4896,32,B-006242,1.94,,2023-12-18
2332,1311,35,B-001689,0.91,4000.0,2023-09-01
2333,6955,17,B-008797,2.08,4000.0,2023-04-10
2334,9764,35,B-012360,4.4,2000.0,2023-10-26
2335,1008,1,B-001296,2.21,2000.0,2023-04-26
2336,1853,6,B-002385,2.4,,2023-08-01
2337,4834,35,B-006166,4.56,6000.0,2023-07-01
2338,5600,19,B-007112,0.82,4000.0,2023-04-22
2339,12416,27,B-015709,0.91,,2023-08-26
2340,5385,16,B-006845,0.78,2000.0,2023-03-06
2341,8640,33,B-010911,2.49,4000.0,2023-05-02
2342,7866,4,B-009935,0.94,6000.0,2023-06-23
2343,15050,9,B-019009,3.08,2000.0,2023-12-03
2344,15707,14,B-019825,3.85,2000.0,2023-05-28
2345,4881,7,B-006227,1.05,2000.0,2023-04-07
2346,3025,2,B-003845,3.02,,2023-07-18
2347,12405,27,B-015694,4.87,6000.0,2023-12-23
2348,6282,11,B-007950,1.6,4000.0,2023-01-26
2349,5263,16,B-006702,2.7,,2023-04-07
2350,10264,20,B-012997,4.04,,2023-03-07
2351,6197,7,B-007843,1.95,,2023-03-27
2352,8344,7,B-010539,3.28,2000.0,2023-10-21
2353,7346,22,B-009276,3.3,6000.0,2023-12-06
2354,9856,21,B-012474,0.71,,2023-04-22
2355,12089,22,B-015279,1.35,4000.0,2023-03-17
2356,13819,32,B-017487,0.82,6000.0,2023-10-17
2357,9308,20,B-011773,1.94,4000.0,2023-02-11
2358,14752,32,B-018643,1.96,6000.0,2023-10-23
2359,14113,30,B-017847,0.52,4000.0,2023-07-26
2360,9317,35,B-011785,3.91,2000.0,2023-11-24
2361,13279,20,B-016804,1.48,,2023-02-14
2362,12875,15,B-016295,1.84,4000.0,2023-08-01
2363,12083,8,B-015271,4.09,6000.0,2023-06-20
2364,2549,2,B-003232,1.79,,2023-12-27
2365,15046,26,B-019004,0.74,,2023-08-09
2366,8309,29,B-010494,3.91,6000.0,2023-09-06
2367,5226,10,B-006657,4.29,4000.0,2023-07-27
2368,9601,23,B-012148,2.79,2000.0,2023-06-21
2369,8119,7,B-010254,3.78,2000.0,2023-05-19
2370,10700,8,B-013564,1.44,4000.0,2023-09-07
2371,1170,13,B-001499,4.29,,2023-10-26
2372,5718,30,B-007251,0.65,,2023-12-20
2373,3752,2,B-004782,4.1,,2023-04-05
2374,404,6,B-000532,1.09,,2023-04-19
2375,14119,33,B-017855,2.97,4000.0,2023-12-18
2376,10798,30,B-013684,1.8,,2023-06-08
2377,7659,33,B-009673,3.65,6000.0,2023-03-05
2378,3918,24,B-004995,1.87,,2023-08-10
2379,5050,22,B-006429,2.29,2000.0,2023-08-24
2380,8561,15,B-010810,2.87,,2023-03-07
2381,5955,8,B-007538,1.98,4000.0,2023-09-28
2382,9833,35,B-012447,1.4,2000.0,2023-12-09
2383,6372,1,B-008053,3.2,4000.0,2023-05-13
2384,12929,29,B-016362,2.5,4000.0,2023-05-19
2385,8753,4,B-011062,4.36,2000.0,2023-08-05
2386,6666,24,B-008433,2.38,4000.0,2023-07-13
2387,12650,19,B-016012,3.8,4000.0,2023-11-17
2388,12705,6,B-016076,2.85,,2023-07-11
2389,11944,2,B-015101,0.95,6000.0,2023-03-09
2390,4323,11,B-005513,2.51,4000.0,2023-09-26
2391,9135,6,B-011541,0.76,4000.0,2023-02-14
2392,4351,4,B-005547,4.51,4000.0,2023-05-09
2393,3594,30,B-004587,1.83,,2023-03-26
2394,12642,24,B-016002,2.42,6000.0,2023-09-25
2395,4727,21,B-006031,3.79,2000.0,2023-08-01
2396,1486,34,B-001925,4.71,,2023-03-07
2397,13562,15,B-017169,2.0,,2023-01-18
2398,869,12,B-001109,1.75,6000.0,2023-02-07
2399,1899,32,B-002436,4.21,6000.0,2023-08-20
2400,1234,13,B-001590,4.45,,2023-03-27
2401,161,32,B-000210,2.13,2000.0,2023-10-09
2402,10666,14,B-013514,2.09,,2023-07-25
2403,3531,13,B-004506,3.08,6000.0,2023-08-21
2404,5984,21,B-007584,3.13,2000.0,2023-11-25
2405,1727,26,B-002228,1.16,6000.0,2023-01-26
2406,3881,21,B-004949,4.89,2000.0,2023-03-11
2407,224,14,B-000300,4.3,4000.0,2023-03-02
2408,5645,21,B-007168,2.9,6000.0,2023-08-12
2409,13088,1,B-016572,3.82,6000.0,2023-11-17
2410,11821,23,B-014943,1.08,,2023-10-11
2411,9663,14,B-012230,1.74,6000.0,2023-10-14
2412,1529,23,B-001981,4.51,6000.0,2023-01-24
2413,14988,1,B-018940,1.76,4000.0,2023-08-14
2414,12630,11,B-015987,1.37,6000.0,2023-01-13
2415,391,7,B-000516,4.92,4000.0,2023-09-26
2416,167,18,B-000217,1.16,4000.0,2023-07-27
2417,13780,1,B-017440,2.97,4000.0,2023-01-14
2418,10643,20,B-013479,3.44,4000.0,2023-02-15
2419,295,15,B-000389,1.53,2000.0,2023-11-27
2420,419,28,B-000549,4.1,,2023-09-21
2421,13703,8,B-017348,3.11,2000.0,2023-12-09
2422,7125,30,B-009003,1.91,6000.0,2023-10-17
2423,13878,30,B-017556,3.31,2000.0,2023-01-27
2424,7440,8,B-009395,0.79,2000.0,2023-08-20
2425,428,28,B-000562,3.24,6000.0,2023-12-21
2426,13006,4,B-016457,2.49,6000.0,2023-04-17
2427,11140,29,B-014110,2.29,6000.0,2023-03-08
2428,4599,7,B-005875,3.82,2000.0,2023-09-26
2429,2769,12,B-003507,3.4,2000.0,2023-11-26
2430,2487,16,B-003157,2.7,6000.0,2023-07-13
2431,13575,26,B-017184,2.66,,2023-03-19
2432,3828,20,B-004880,1.74,,2023-12-17
2433,13985,10,B-017690,0.71,4000.0,2023-12-11
2434,4937,26,B-006290,2.36,6000.0,2023-09-26
2435,13630,21,B-017251,0.56,4000.0,2023-08-15
2436,6545,34,B-008272,3.46,,2023-04-04
2437,9189,2,B-011615,3.95,4000.0,2023-08-22
2438,6924,26,B-008760,3.28,6000.0,2023-11-24
2439,10272,21,B-013006,0.7,6000.0,2023-06-17
2440,14184,12,B-017941,1.89,6000.0,2023-08-02
2441,9659,16,B-012225,4.07,2000.0,2023-01-07
2442,10505,7,B-013305,3.88,4000.0,2023-09-20
2443,11894,30,B-015041,4.43,,2023-10-15
2444,6300,12,B-007970,3.32,,2023-06-14
2445,5842,15,B-007401,4.15,,2023-01-25
2446,7786,21,B-009830,4.79,2000.0,2023-01-03
2447,2068,10,B-002642,3.91,2000.0,2023-09-22
2448,807,25,B-001039,2.15,6000.0,2023-12-06
2449,2420,20,B-003064,3.02,,2023-12-07
2450,10486,26,B-013281,3.67,2000.0,2023-05-21
2451,9818,23,B-012428,2.19,6000.0,2023-12-12
2452,13967,30,B-017667,1.61,,2023-07-26
2453,12333,4,B-015598,4.08,4000.0,2023-08-23
2454,15022,33,B-018978,3.34,6000.0,2023-06-18
2455,232,35,B-000310,3.83,2000.0,2023-10-04
2456,4402,10,B-005616,4.54,2000.0,2023-02-17
2457,2121,16,B-002710,4.74,6000.0,2023-02-08
2458,12945,31,B-016380,4.5,6000.0,2023-12-19
2459,11229,33,B-014219,1.8,2000.0,2023-12-05
2460,8601,19,B-010856,3.97,4000.0,2023-01-26
2461,2468,20,B-003125,4.7,,2023-01-19
2462,13670,4,B-017307,2.37,4000.0,2023-08-15
2463,1086,17,B-001395,2.46,6000.0,2023-02-01
2464,5948,19,B-007529,1.75,4000.0,2023-01-05
2465,5455,19,B-006928,0.83,2000.0,2023-04-24
2466,12319,8,B-015582,2.7,6000.0,2023-10-24
2467,7031,29,B-008884,3.36,,2023-05-27
2468,1191,7,B-001526,4.0,2000.0,2023-06-03
2469,1900,9,B-002437,4.47,2000.0,2023-03-28
2470,7276,4,B-009188,3.88,,2023-07-07
2471,842,30,B-001079,4.57,,2023-07-20
2472,15528,3,B-019603,2.69,4000.0,2023-08-13
2473,8159,33,B-010306,1.96,6000.0,2023-03-24
2474,389,3,B-000514,4.24,,2023-05-25
2475,14884,35,B-018813,1.13,,2023-09-18
2476,3703,21,B-004725,4.81,6000.0,2023-02-09
2477,10309,1,B-013052,2.18,,2023-08-10
2478,1966,24,B-002522,2.83,,2023-10-27
2479,7768,2,B-009807,3.12,4000.0,2023-05-08
2480,4175,8,B-005324,0.73,2000.0,2023-09-26
2481,6228,1,B-007880,1.59,2000.0,2023-05-07
2482,10073,18,B-012752,2.45,2000.0,2023-09-14
2483,8613,23,B-010871,0.85,2000.0,2023-08-04
2484,9937,26,B-012578,2.4,,2023-03-11
2485,3593,9,B-004586,4.27,6000.0,2023-03-28
2486,2009,10,B-002570,4.14,6000.0,2023-02-12
2487,12968,33,B-016410,0.74,4000.0,2023-09-14
2488,8973,3,B-011334,3.63,4000.0,2023-11-11
2489,1366,19,B-001760,2.66,,2023-02-11
2490,2525,30,B-003201,0.59,6000.0,2023-07-14
2491,11313,34,B-014323,1.11,6000.0,2023-03-09
2492,6004,26,B-007607,3.49,2000.0,2023-01-12
2493,15320,4,B-019347,4.33,,2023-02-25
2494,8832,25,B-011161,0.95,,2023-04-21
2495,10267,22,B-013000,1.03,2000.0,2023-04-06
2496,8462,34,B-010695,2.0,,2023-04-10
2497,755,22,B-000971,2.43,,2023-01-06
2498,7090,33,B-008957,1.28,4000.0,2023-01-24
2499,11673,5,B-014764,2.63,6000.0,2023-04-09
2500,12706,1,B-016077,4.26,,2023-02-11
2501,5906,22,B-007476,4.16,4000.0,2023-10-28
2502,9225,30,B-011660,1.21,6000.0,2023-04-28
2503,9720,15,B-012302,2.63,2000.0,2023-06-08
2504,11173,34,B-014151,1.8,4000.0,2023-08-25
2505,4771,32,B-006087,3.5,4000.0,2023-06-07
2506,9840,6,B-012455,1.62,6000.0,2023-05-07
2507,2208,4,B-002809,2.02,2000.0,2023-02-06
2508,7665,9,B-009679,1.38,4000.0,2023-11-18
2509,6392,21,B-008076,1.98,,2023-12-14
2510,14848,34,B-018765,2.92,,2023-05-19
2511,2105,11,B-002689,3.92,,2023-11-03
2512,6941,6,B-008781,0.96,2000.0,2023-09-21
2513,3967,24,B-005054,2.63,4000.0,2023-07-02
2514,9837,11,B-012452,4.74,,2023-05-18
2515,3969,10,B-005056,0.59,2000.0,2023-03-13
2516,10086,32,B-012768,2.29,,2023-04-19
2517,15039,31,B-018996,3.39,6000.0,2023-03-24
2518,9345,23,B-011820,2.32,4000.0,2023-04-20
2519,2756,16,B-003492,4.13,4000.0,2023-11-10
2520,2365,27,B-002999,4.31,2000.0,2023-02-22
2521,130,17,B-000171,1.81,2000.0,2023-08-03
2522,15542,6,B-019619,4.5,4000.0,2023-04-07
2523,11525,3,B-014574,0.98,,2023-06-26
2524,9324,29,B-011794,3.13,,2023-02-07
2525,6990,21,B-008840,4.63,6000.0,2023-07-27
2526,15817,11,B-019965,0.95,,2023-01-27
2527,3395,12,B-004342,4.39,2000.0,2023-08-20
2528,2250,25,B-002861,0.55,2000.0,2023-05-19
2529,4815,18,B-006141,4.65,,2023-01-05
2530,11152,14,B-014123,4.67,2000.0,2023-07-18
2531,11628,26,B-014708,1.61,4000.0,2023-03-04
2532,13270,24,B-016792,1.86,4000.0,2023-05-05
2533,10561,28,B-013371,3.04,,2023-11-04
2534,2672,13,B-003385,2.22,4000.0,2023-02-11
2535,14792,11,B-018693,4.45,4000.0,2023-12-04
2536,2317,31,B-002937,1.87,6000.0,2023-08-22
2537,9177,27,B-011598,1.8,6000.0,2023-02-05
2538,15265,12,B-019281,4.59,4000.0,2023-12-03
2539,8416,25,B-010631,2.71,,2023-05-28
2540,9973,10,B-012624,1.86,6000.0,2023-02-22
2541,307,4,B-000405,3.39,2000.0,2023-02-12
2542,15099,35,B-019067,1.48,2000.0,2023-01-14
2543,14829,10,B-018743,1.64,2000.0,2023-06-11
2544,10038,23,B-012708,4.52,,2023-01-05
2545,2177,1,B-002776,3.13,4000.0,2023-10-23
2546,6287,32,B-007955,2.26,2000.0,2023-05-17
2547,13492,21,B-017076,3.33,,2023-12-11
2548,4359,10,B-005557,1.44,6000.0,2023-06-25
2549,9858,15,B-012476,3.76,4000.0,2023-08-05
2550,4357,4,B-005555,2.15,6000.0,2023-05-13
2551,3569,27,B-004550,1.0,,2023-04-01
2552,6968,4,B-008812,1.31,2000.0,2023-01-26
2553,7818,15,B-009868,0.52,2000.0,2023-11-27
2554,6954,6,B-008796,4.95,,2023-02-16
2555,12772,19,B-016159,2.76,2000.0,2023-02-04
2556,13933,5,B-017628,1.14,4000.0,2023-03-06
2557,1603,22,B-002074,1.97,,2023-03-17
2558,4294,24,B-005480,0.64,6000.0,2023-05-03
2559,11251,26,B-014244,4.11,,2023-04-12
2560,7159,16,B-009043,0.63,4000.0,2023-06-07
2561,10890,2,B-013799,1.24,4000.0,2023-11-17
2562,7779,19,B-009823,3.38,,2023-11-12
2563,14326,13,B-018119,0.63,,2023-09-01
2564,1965,30,B-002521,3.71,2000.0,2023-06-08
2565,9356,31,B-011834,3.93,4000.0,2023-02-21
2566,6524,33,B-008248,1.8,,2023-11-05
2567,6396,26,B-008081,1.5,,2023-07-08
2568,12842,5,B-016247,4.86,4000.0,2023-11-08
2569,5033,9,B-006408,0.94,,2023-11-20
2570,11866,8,B-015004,3.74,2000.0,2023-10-19
2571,2768,27,B-003506,2.05,4000.0,2023-08-26
2572,3472,1,B-004440,2.95,2000.0,2023-05-06
2573,7901,27,B-009984,3.37,2000.0,2023-12-10
2574,172,5,B-000222,2.43,2000.0,2023-07-03
2575,10241,28,B-012967,2.54,2000.0,2023-05-12
2576,8626,8,B-010887,2.36,4000.0,2023-04-14
2577,9835,30,B-012449,1.49,2000.0,2023-01-17
2578,8550,32,B-010799,3.26,2000.0,2023-07-10
2579,11403,32,B-014426,4.59,,2023-06-26
2580,8680,27,B-010969,1.13,4000.0,2023-05-06
2581,14642,25,B-018504,2.54,4000.0,2023-03-10
2582,3490,17,B-004461,2.29,6000.0,2023-02-11
2583,7799,12,B-009845,3.13,4000.0,2023-01-13
2584,14007,22,B-017716,1.23,4000.0,2023-03-12
2585,5167,8,B-006582,2.02,6000.0,2023-10-10
2586,12408,5,B-015697,2.92,4000.0,2023-03-17
2587,15602,4,B-019694,2.27,4000.0,2023-12-20
2588,4559,18,B-005821,3.2,4000.0,2023-03-01
2589,14483,31,B-018311,4.57,4000.0,2023-06-22
2590,8282,34,B-010458,1.44,6000.0,2023-01-13
2591,7570,21,B-009551,4.87,4000.0,2023-02-27
2592,12718,21,B-016090,4.01,4000.0,2023-06-01
2593,6276,22,B-007944,1.58,6000.0,2023-04-07
2594,8448,1,B-010679,3.22,,2023-01-02
2595,9737,29,B-012323,2.2,2000.0,2023-03-27
2596,7274,3,B-009185,2.72,,2023-09-24
2597,10173,1,B-012876,3.11,6000.0,2023-10-26
2598,9456,20,B-011961,4.9,2000.0,2023-03-24
2599,2937,21,B-003732,4.62,6000.0,2023-09-25
2600,5143,30,B-006548,1.8,6000.0,2023-04-15
2601,4617,27,B-005896,2.09,4000.0,2023-11-20
2602,683,16,B-000882,2.43,2000.0,2023-07-23
2603,11965,10,B-015127,3.42,4000.0,2023-07-03
2604,5407,19,B-006870,3.42,2000.0,2023-08-18
2605,11351,28,B-014368,1.61,6000.0,2023-11-04
2606,7566,7,B-009547,0.61,6000.0,2023-11-27
2607,1760,11,B-002267,1.39,,2023-08-04
2608,10588,12,B-013407,3.36,2000.0,2023-12-10
2609,13922,15,B-017617,4.31,4000.0,2023-10-10
2610,3577,24,B-004561,4.24,,2023-04-19
2611,7857,12,B-009924,3.66,,2023-02-07
2612,6268,20,B-007931,2.76,,2023-07-13
2613,6551,25,B-008280,1.66,4000.0,2023-08-22
2614,3964,24,B-005051,0.82,,2023-06-07
2615,15708,14,B-019826,0.64,4000.0,2023-07-26
2616,9759,5,B-012354,2.5,,2023-04-28
2617,1888,1,B-002424,1.92,4000.0,2023-06-08
2618,11636,34,B-014716,1.91,6000.0,2023-07-20
2619,12413,11,B-015704,3.15,6000.0,2023-03-06
2620,10371,32,B-013134,4.24,6000.0,2023-01-10
2621,13113,6,B-016601,3.1,6000.0,2023-10-14
2622,10819,2,B-013707,1.14,6000.0,2023-11-02
2623,940,6,B-001205,3.7,,2023-03-20
2624,14112,21,B-017846,3.13,,2023-04-09
2625,2186,32,B-002785,2.47,,2023-11-12
2626,2828,27,B-003584,4.93,4000.0,2023-12-28
2627,6440,27,B-008135,3.05,4000.0,2023-03-12
2628,9204,17,B-011633,1.42,4000.0,2023-11-20
2629,4270,14,B-005451,4.76,4000.0,2023-03-25
2630,1131,34,B-001452,3.64,6000.0,2023-05-11
2631,10340,30,B-013095,3.78,6000.0,2023-01-13
2632,8610,24,B-010866,4.03,6000.0,2023-09-14
2633,11136,24,B-014106,4.21,2000.0,2023-01-27
2634,2743,28,B-003472,2.77,,2023-05-05
2635,263,4,B-000346,1.42,4000.0,2023-04-14
2636,15375,8,B-019420,2.79,4000.0,2023-12-18
2637,6702,7,B-008479,2.22,6000.0,2023-06-21
2638,5737,33,B-007275,3.2,4000.0,2023-01-18
2639,13225,1,B-016734,1.35,4000.0,2023-05-20
2640,13429,1,B-017000,2.18,,2023-11-28
2641,5712,27,B-007243,4.04,6000.0,2023-09-23
2642,11552,28,B-014608,3.1,,2023-12-24
2643,9685,26,B-012260,1.72,2000.0,2023-02-12
2644,10125,7,B-012817,4.25,2000.0,2023-04-17
2645,12003,16,B-015174,2.56,2000.0,2023-06-17
2646,15169,28,B-019149,2.31,6000.0,2023-06-13
2647,3874,35,B-004940,2.97,4000.0,2023-01-03
2648,8951,26,B-011304,2.32,6000.0,2023-10-17
2649,617,25,B-000805,2.82,6000.0,2023-07-14
2650,12502,14,B-015820,4.22,4000.0,2023-07-15
2651,2709,5,B-003426,1.4,,2023-07-03
2652,7667,11,B-009681,2.0,2000.0,2023-09-07
2653,10753,1,B-013631,2.4,,2023-08-23
2654,2212,20,B-002814,3.1,2000.0,2023-10-25
2655,2993,15,B-003804,0.92,6000.0,2023-12-16
2656,3642,3,B-004643,1.7,2000.0,2023-07-14
2657,9037,13,B-011415,2.03,6000.0,2023-03-27
2658,8092,9,B-010221,3.41,,2023-05-11
2659,8902,30,B-011242,1.24,6000.0,2023-03-28
2660,15070,14,B-019033,0.52,,2023-09-15
2661,5331,24,B-006779,1.06,4000.0,2023-12-27
2662,13790,27,B-017454,4.39,4000.0,2023-03-16
2663,12505,11,B-015825,1.02,4000.0,2023-09-10
2664,9036,19,B-011414,2.77,6000.0,2023-07-07
2665,12338,27,B-015603,1.16,4000.0,2023-01-27
2666,2523,20,B-003199,1.81,2000.0,2023-04-22
2667,11341,28,B-014358,3.61,,2023-08-16
2668,11726,16,B-014826,4.56,,2023-02-22
2669,8275,11,B-010451,3.97,2000.0,2023-07-25
2670,1704,9,B-002202,2.2,6000.0,2023-04-07
2671,7795,35,B-009840,1.19,6000.0,2023-05-05
2672,1142,4,B-001465,3.31,,2023-12-06
2673,2970,19,B-003772,1.6,4000.0,2023-10-23
2674,569,27,B-000741,3.52,6000.0,2023-07-02
2675,13700,17,B-017342,0.87,6000.0,2023-06-02
2676,13727,16,B-017375,2.39,2000.0,2023-01-17
2677,4215,26,B-005386,3.51,2000.0,2023-08-11
2678,6321,9,B-007993,1.93,4000.0,2023-09-17
2679,13362,25,B-016909,0.99,6000.0,2023-10-13
2680,4483,11,B-005717,4.87,6000.0,2023-12-17
2681,4119,6,B-005248,4.24,2000.0,2023-03-01
2682,8591,25,B-010846,2.33,6000.0,2023-06-05
2683,11025,14,B-013972,4.5,,2023-03-24
2684,11978,13,B-015141,3.6,2000.0,2023-12-22
2685,5996,20,B-007598,4.05,4000.0,2023-06-03
2686,14722,29,B-018605,1.14,2000.0,2023-02-13
2687,4739,24,B-006045,1.39,6000.0,2023-04-11
2688,4789,6,B-006108,3.71,4000.0,2023-04-26
2689,11181,27,B-014161,2.87,2000.0,2023-10-19
2690,10239,34,B-012963,4.14,,2023-05-28
2691,744,12,B-000957,4.78,,2023-02-11
2692,5077,12,B-006466,3.57,2000.0,2023-10-24
2693,11648,21,B-014732,2.38,,2023-02-08
2694,11111,6,B-014076,2.8,,2023-02-05
2695,10067,19,B-012742,1.86,,2023-08-23
2696,110,33,B-000146,4.6,4000.0,2023-04-03
2697,5547,18,B-007039,3.53,,2023-12-08
2698,5298,27,B-006744,3.22,,2023-10-17
2699,7223,35,B-009121,3.86,,2023-03-22
2700,1588,10,B-002051,4.39,4000.0,2023-11-01
2701,2629,16,B-003335,4.4,2000.0,2023-09-16
2702,4806,11,B-006127,2.94,6000.0,2023-04-14
2703,9475,34,B-011987,2.11,,2023-02-24
2704,8450,7,B-010682,4.66,2000.0,2023-03-19
2705,5069,23,B-006458,3.61,,2023-01-19
2706,11857,24,B-014994,4.95,4000.0,2023-06-06
2707,2939,22,B-003735,3.71,2000.0,2023-10-01
2708,6797,9,B-008597,3.05,4000.0,2023-02-05
2709,12674,2,B-016040,2.45,,2023-10-27
2710,8134,13,B-010270,2.16,,2023-12-18
2711,10061,29,B-012735,4.74,4000.0,2023-05-04
2712,10161,8,B-012863,1.35,6000.0,2023-02-27
2713,2946,19,B-003744,2.28,4000.0,2023-02-18
2714,9024,12,B-011401,1.89,,2023-07-02
2715,9129,28,B-011534,1.33,4000.0,2023-05-20
2716,14032,22,B-017749,2.71,6000.0,2023-11-15
2717,4432,28,B-005654,3.15,4000.0,2023-01-04
2718,14333,16,B-018126,2.26,6000.0,2023-11-02
2719,2179,13,B-002778,2.31,6000.0,2023-11-20
2720,3437,5,B-004390,1.45,4000.0,2023-02-21
2721,8127,29,B-010263,3.38,4000.0,2023-01-05
2722,3040,33,B-003863,2.41,2000.0,2023-05-23
2723,6177,8,B-007818,3.36,,2023-01-23
2724,15203,2,B-019196,1.87,6000.0,2023-11-20
2725,3016,1,B-003833,1.65,2000.0,2023-12-13
2726,4700,12,B-005999,1.87,4000.0,2023-06-08
2727,14506,33,B-018341,4.53,,2023-09-22
2728,3632,6,B-004633,3.86,2000.0,2023-05-17
2729,13230,24,B-016739,3.48,6000.0,2023-06-21
2730,10057,10,B-012730,1.47,2000.0,2023-07-27
2731,10817,31,B-013705,4.15,6000.0,2023-08-12
2732,3542,14,B-004518,1.81,4000.0,2023-03-25
2733,9934,6,B-012574,4.23,,2023-05-10
2734,10939,34,B-013863,3.61,,2023-09-02
2735,13828,5,B-017496,3.18,,2023-09-09
2736,15632,7,B-019734,1.39,4000.0,2023-03-25
2737,4451,24,B-005677,4.62,6000.0,2023-08-05
2738,4283,2,B-005468,3.33,4000.0,2023-11-01
2739,15077,34,B-019043,3.02,,2023-06-04
2740,7499,5,B-009465,1.85,4000.0,2023-06-01
2741,3604,22,B-004598,4.48,4000.0,2023-03-15
2742,4809,33,B-006131,4.21,4000.0,2023-08-20
2743,8161,3,B-010309,3.09,6000.0,2023-05-28
2744,11684,23,B-014779,1.17,2000.0,2023-07-27
2745,15216,4,B-019213,3.61,2000.0,2023-09-12
2746,9303,13,B-011765,2.04,4000.0,2023-02-09
2747,237,10,B-000315,3.32,2000.0,2023-10-08
2748,15410,2,B-019459,2.05,2000.0,2023-06-11
2749,15087,21,B-019054,2.38,4000.0,2023-08-06
2750,5024,12,B-006394,2.49,4000.0,2023-07-04
2751,9940,19,B-012582,2.19,,2023-07-24
2752,15553,23,B-019635,2.41,2000.0,2023-09-09
2753,12820,14,B-016220,4.7,6000.0,2023-07-19
2754,13741,21,B-017393,3.19,4000.0,2023-02-14
2755,15149,13,B-019125,3.74,,2023-10-18
2756,14327,20,B-018120,3.55,6000.0,2023-02-06
2757,11503,25,B-014545,2.89,2000.0,2023-01-10
2758,12652,15,B-016014,3.43,,2023-01-05
2759,4295,1,B-005481,4.37,4000.0,2023-03-18
2760,2120,22,B-002709,2.62,6000.0,2023-06-15
2761,784,4,B-001012,1.82,4000.0,2023-01-24
2762,15373,35,B-019418,3.68,2000.0,2023-11-10
2763,7587,34,B-009572,4.08,6000.0,2023-01-22
2764,836,23,B-001072,3.55,2000.0,2023-02-11
2765,7128,29,B-009007,3.53,2000.0,2023-08-20
2766,5811,19,B-007368,0.79,,2023-08-07
2767,7495,23,B-009460,3.26,4000.0,2023-12-02
2768,4322,15,B-005512,0.94,6000.0,2023-09-08
2769,11853,7,B-014986,3.56,2000.0,2023-07-25
2770,15058,11,B-019019,3.57,2000.0,2023-08-01
2771,13647,8,B-017272,3.28,6000.0,2023-12-03
2772,2923,1,B-003710,0.55,2000.0,2023-03-01
2773,2945,19,B-003743,1.6,,2023-08-18
2774,6939,26,B-008779,2.06,,2023-01-06
2775,9503,2,B-012022,1.57,,2023-01-09
2776,1065,27,B-001364,2.34,,2023-12-15
2777,11436,5,B-014463,2.41,2000.0,2023-09-04
2778,5642,26,B-007162,2.51,6000.0,2023-02-02
2779,15431,2,B-019486,1.9,6000.0,2023-03-01
2780,2647,16,B-003356,4.08,6000.0,2023-03-02
2781,6421,24,B-008112,3.76,6000.0,2023-11-14
2782,7725,21,B-009756,3.5,4000.0,2023-02-21
2783,824,11,B-001057,2.6,6000.0,2023-09-19
2784,14666,31,B-018535,0.69,4000.0,2023-06-05
2785,6809,18,B-008612,4.85,4000.0,2023-01-15
2786,9045,17,B-011423,0.62,,2023-11-22
2787,2241,12,B-002851,2.56,4000.0,2023-09-12
2788,11370,18,B-014388,0.86,2000.0,2023-05-26
2789,3027,31,B-003847,2.63,4000.0,2023-10-13
2790,6135,5,B-007765,2.54,,2023-08-03
2791,5414,34,B-006878,3.6,4000.0,2023-11-17
2792,9092,15,B-011490,2.09,2000.0,2023-02-05
2793,11069,7,B-014031,2.95,2000.0,2023-01-12
2794,4261,1,B-005439,4.31,2000.0,2023-09-16
2795,3578,35,B-004563,3.45,,2023-12-25
2796,5323,35,B-006771,4.04,,2023-07-06
2797,5334,13,B-006782,0.82,6000.0,2023-08-14
2798,1503,16,B-001946,1.83,,2023-04-04
2799,9097,7,B-011496,4.65,2000.0,2023-05-16
2800,7293,29,B-009211,4.9,2000.0,2023-07-19
2801,4326,15,B-005518,2.98,,2023-04-01
2802,8395,29,B-010606,1.53,4000.0,2023-12-08
2803,7599,18,B-009590,4.78,,2023-12-20
2804,7514,17,B-009481,3.19,,2023-05-03
2805,6925,26,B-008761,0.87,2000.0,2023-08-06
2806,13323,19,B-016857,0.59,6000.0,2023-09-04
2807,2465,8,B-003121,3.43,2000.0,2023-08-11
2808,3475,8,B-004443,2.84,6000.0,2023-05-27
2809,10647,11,B-013488,3.2,2000.0,2023-06-06
2810,1500,19,B-001943,4.06,,2023-07-12
2811,7196,14,B-009088,0.96,2000.0,2023-01-14
2812,3250,30,B-004158,4.81,2000.0,2023-12-11
2813,3401,6,B-004349,0.92,2000.0,2023-10-15
2814,6476,1,B-008182,4.4,,2023-07-04
2815,3760,6,B-004793,4.61,,2023-09-03
2816,14846,18,B-018763,3.6,,2023-10-21
2817,14090,28,B-017820,0.71,,2023-04-21
2818,10166,27,B-012869,1.35,6000.0,2023-11-23
2819,12673,23,B-016039,2.4,6000.0,2023-02-26
2820,3654,34,B-004659,3.1,4000.0,2023-01-10
2821,6964,28,B-008806,3.87,,2023-06-17
2822,10708,3,B-013574,4.85,6000.0,2023-04-22
2823,9712,17,B-012294,3.34,2000.0,2023-03-11
2824,11712,3,B-014811,1.33,,2023-09-03
2825,1934,33,B-002475,4.57,4000.0,2023-02-27
2826,2407,22,B-003051,2.28,4000.0,2023-10-20
2827,10421,33,B-013201,3.0,4000.0,2023-06-08
2828,13353,16,B-016896,0.54,2000.0,2023-08-20
2829,7219,7,B-009117,3.3,6000.0,2023-11-19
2830,9560,10,B-012094,3.11,2000.0,2023-08-05
2831,15353,32,B-019389,1.29,,2023-02-15
2832,12634,11,B-015993,4.76,4000.0,2023-02-14
2833,8484,7,B-010725,3.3,2000.0,2023-04-14
2834,57,8,B-000082,4.89,2000.0,2023-12-06
2835,2409,31,B-003053,4.75,6000.0,2023-02-23
2836,11880,14,B-015023,4.14,6000.0,2023-07-22
2837,14870,34,B-018797,0.56,4000.0,2023-09-04
2838,1605,31,B-002076,1.72,2000.0,2023-11-22
2839,10294,29,B-013033,1.88,2000.0,2023-07-12
2840,5623,18,B-007138,2.37,6000.0,2023-05-01
2841,11113,35,B-014079,3.29,2000.0,2023-02-07
2842,5465,9,B-006942,4.27,2000.0,2023-02-22
2843,12812,28,B-016211,0.84,2000.0,2023-02-01
2844,6958,24,B-008800,3.87,6000.0,2023-10-06
2845,8374,26,B-010580,2.22,4000.0,2023-10-22
2846,7360,10,B-009293,1.55,,2023-09-13
2847,8757,18,B-011068,2.94,4000.0,2023-04-20
2848,3346,29,B-004280,1.87,,2023-05-21
2849,12569,20,B-015904,2.81,2000.0,2023-04-09
2850,8917,6,B-011264,1.54,4000.0,2023-04-09
2851,1231,25,B-001587,4.56,,2023-05-24
2852,1175,26,B-001506,1.8,6000.0,2023-05-08
2853,2571,22,B-003263,1.98,6000.0,2023-01-15
2854,15004,32,B-018957,1.23,4000.0,2023-09-21
2855,406,14,B-000534,4.46,4000.0,2023-08-27
2856,3182,27,B-004072,4.43,2000.0,2023-07-10
2857,14999,2,B-018951,2.62,4000.0,2023-06-02
2858,11434,33,B-014461,0.52,2000.0,2023-10-26
2859,11834,3,B-014960,1.46,2000.0,2023-05-10
2860,17,7,B-000023,2.52,6000.0,2023-09-20
2861,11061,33,B-014019,3.65,6000.0,2023-11-01
2862,5202,10,B-006630,4.59,,2023-02-01
2863,3379,25,B-004323,2.26,6000.0,2023-06-14
2864,7835,10,B-009892,2.4,6000.0,2023-01-22
2865,4089,16,B-005210,4.49,4000.0,2023-11-06
2866,7106,25,B-008980,3.38,6000.0,2023-07-19
2867,2415,14,B-003059,1.75,,2023-01-21
2868,9338,3,B-011811,4.06,4000.0,2023-04-16
2869,15161,3,B-019141,4.08,,2023-07-03
2870,2114,11,B-002701,1.99,6000.0,2023-08-04
2871,9626,31,B-012185,4.91,,2023-11-28
2872,4247,34,B-005424,2.43,4000.0,2023-03-25
2873,1316,4,B-001697,0.82,2000.0,2023-07-25
2874,10259,34,B-012988,2.33,,2023-09-28
2875,7924,28,B-010011,0.59,,2023-02-01
2876,6058,18,B-007673,3.2,4000.0,2023-02-26
2877,14519,25,B-018361,2.16,4000.0,2023-12-16
2878,2355,9,B-002989,4.51,,2023-07-11
2879,2464,6,B-003119,1.87,6000.0,2023-05-07
2880,27,33,B-000036,3.82,,2023-04-08
2881,5512,16,B-006994,1.5,4000.0,2023-08-22
2882,12355,6,B-015625,1.06,2000.0,2023-08-10
2883,1996,32,B-002554,1.28,2000.0,2023-07-05
2884,13578,4,B-017188,3.63,6000.0,2023-09-20
2885,5852,13,B-007412,4.36,,2023-10-09
2886,13447,35,B-017022,3.71,2000.0,2023-03-19
2887,11533,5,B-014584,1.64,,2023-01-25
2888,227,34,B-000305,1.77,4000.0,2023-05-28
2889,199,20,B-000265,1.89,2000.0,2023-08-12
2890,8912,24,B-011259,3.43,6000.0,2023-04-02
2891,3102,28,B-003952,3.82,4000.0,2023-07-12
2892,10919,7,B-013839,1.81,6000.0,2023-05-11
2893,3387,34,B-004332,3.46,4000.0,2023-06-08
2894,12375,3,B-015654,1.09,2000.0,2023-07-14
2895,1802,26,B-002321,0.56,6000.0,2023-01-09
2896,5927,9,B-007503,4.17,6000.0,2023-10-25
2897,9918,1,B-012553,3.19,4000.0,2023-10-19
2898,2309,7,B-002928,3.57,6000.0,2023-06-17
2899,2648,25,B-003357,2.31,4000.0,2023-02-10
2900,2669,31,B-003382,2.8,4000.0,2023-11-01
2901,8132,32,B-010268,3.52,4000.0,2023-07-18
2902,14798,20,B-018700,2.16,4000.0,2023-06-20
2903,14245,1,B-018019,3.61,2000.0,2023-01-24
2904,3520,22,B-004494,4.35,4000.0,2023-06-09
2905,9908,11,B-012542,4.62,,2023-02-09
2906,3413,28,B-004363,2.19,6000.0,2023-05-16
2907,15768,31,B-019905,0.91,,2023-08-24
2908,1738,15,B-002242,4.22,2000.0,2023-01-07
2909,209,2,B-000278,3.86,,2023-11-06
2910,4210,21,B-005378,2.11,6000.0,2023-02-18
2911,11400,6,B-014422,2.66,,2023-02-07
2912,9107,18,B-011508,0.54,2000.0,2023-06-17
2913,5501,1,B-006982,0.85,4000.0,2023-04-20
2914,3890,14,B-004961,1.04,,2023-09-20
2915,10649,2,B-013491,4.14,2000.0,2023-09-10
2916,11465,30,B-014497,2.19,2000.0,2023-06-26
2917,5607,14,B-007119,2.57,6000.0,2023-10-06
2918,2232,25,B-002841,1.9,6000.0,2023-10-03
2919,2594,26,B-003293,0.79,,2023-05-28
2920,3595,4,B-004588,1.28,4000.0,2023-03-04
2921,3155,1,B-004036,3.93,2000.0,2023-01-27
2922,9942,16,B-012584,1.37,,2023-02-03
2923,14447,35,B-018270,2.13,2000.0,2023-01-03
2924,11106,2,B-014071,2.52,2000.0,2023-09-03
2925,13854,16,B-017528,2.33,4000.0,2023-10-18
2926,3591,31,B-004582,3.84,4000.0,2023-12-14
2927,6427,34,B-008120,1.87,,2023-09-24
2928,7185,22,B-009076,4.36,4000.0,2023-10-09
2929,2164,3,B-002761,4.63,4000.0,2023-02-01
2930,15525,6,B-019600,4.92,,2023-07-23
2931,14599,18,B-018450,1.63,4000.0,2023-12-04
2932,680,7,B-000879,1.07,6000.0,2023-11-03
2933,7830,13,B-009885,4.02,2000.0,2023-10-19
2934,5290,4,B-006733,2.73,2000.0,2023-12-03
2935,14412,27,B-018230,3.92,2000.0,2023-09-21
2936,15759,9,B-019891,4.61,2000.0,2023-05-18
2937,15068,3,B-019031,1.36,,2023-08-04
2938,10141,20,B-012837,3.73,2000.0,2023-01-11
2939,7670,15,B-009685,4.61,2000.0,2023-09-13
2940,1384,29,B-001789,1.68,2000.0,2023-07-26
2941,13952,5,B-017650,4.8,2000.0,2023-07-23
2942,14286,3,B-018070,4.87,6000.0,2023-10-17
2943,9989,3,B-012645,0.66,2000.0,2023-07-11
2944,2910,5,B-003695,2.89,6000.0,2023-09-15
2945,6242,4,B-007900,3.26,,2023-04-03
2946,12937,25,B-016371,1.08,4000.0,2023-03-27
2947,15688,29,B-019804,4.41,2000.0,2023-09-13
2948,300,27,B-000396,3.49,4000.0,2023-08-03
2949,9355,27,B-011833,3.74,4000.0,2023-05-28
2950,8212,14,B-010371,1.61,,2023-03-23
2951,3381,35,B-004325,1.67,4000.0,2023-10-24
2952,10012,28,B-012676,1.58,6000.0,2023-06-03
2953,10882,6,B-013791,1.99,4000.0,2023-04-05
2954,9466,7,B-011974,2.8,4000.0,2023-09-13
2955,4439,14,B-005662,2.21,4000.0,2023-11-05
2956,12207,23,B-015435,3.49,2000.0,2023-03-17
2957,14331,23,B-018124,1.0,2000.0,2023-04-05
2958,418,34,B-000547,2.42,6000.0,2023-12-10
2959,1714,10,B-002213,0.58,6000.0,2023-07-09
2960,341,2,B-000452,3.09,2000.0,2023-10-16
2961,6794,3,B-008592,4.72,6000.0,2023-06-12
2962,5569,3,B-007070,2.7,2000.0,2023-09-23
2963,1018,9,B-001306,1.81,,2023-09-13
2964,1530,23,B-001982,3.87,4000.0,2023-02-26
2965,10301,13,B-013041,2.33,4000.0,2023-06-03
2966,13731,5,B-017380,3.25,6000.0,2023-08-17
2967,7434,10,B-009388,0.72,2000.0,2023-04-12
2968,12977,15,B-016419,1.36,2000.0,2023-01-03
2969,14482,2,B-018310,4.65,6000.0,2023-03-05
2970,15561,14,B-019644,1.87,2000.0,2023-11-20
2971,14017,23,B-017727,3.95,,2023-07-21
2972,15605,28,B-019698,4.87,4000.0,2023-05-01
2973,3924,25,B-005004,4.42,6000.0,2023-08-24
2974,7201,34,B-009093,4.94,6000.0,2023-08-04
2975,2146,5,B-002740,3.14,2000.0,2023-07-02
2976,8038,10,B-010156,1.12,6000.0,2023-03-02
2977,13881,3,B-017561,4.07,,2023-10-19
2978,13242,30,B-016755,2.07,2000.0,2023-08-24
2979,5228,20,B-006659,4.46,2000.0,2023-06-11
2980,3996,25,B-005092,2.54,2000.0,2023-06-18
2981,8471,19,B-010707,1.48,2000.0,2023-10-12
2982,10114,7,B-012804,2.28,,2023-08-18
2983,1678,29,B-002167,3.64,2000.0,2023-02-20
2984,8045,15,B-010164,3.55,6000.0,2023-05-10
2985,14568,16,B-018416,1.43,,2023-02-14
2986,6179,32,B-007820,3.4,4000.0,2023-11-19
2987,1466,11,B-001898,4.01,4000.0,2023-10-02
2988,6337,11,B-008012,3.42,6000.0,2023-12-07
2989,14384,31,B-018189,3.46,6000.0,2023-02-11
2990,11246,6,B-014238,4.24,,2023-05-25
2991,2992,28,B-003801,1.84,4000.0,2023-02-12
2992,11750,25,B-014857,0.73,4000.0,2023-01-04
2993,1396,17,B-001804,4.36,4000.0,2023-05-20
2994,14382,33,B-018187,2.68,4000.0,2023-03-12
2995,14960,1,B-018906,0.97,4000.0,2023-06-09
2996,3075,13,B-003914,3.42,2000.0,2023-08-07
2997,318,2,B-000416,2.07,6000.0,2023-01-27
2998,14744,5,B-018634,2.13,2000.0,2023-09-04
2999,284,6,B-000372,1.68,4000.0,2023-11-04
3000,4206,24,B-005369,1.85,,2023-08-04
3001,12853,33,B-016267,3.35,,2023-02-09
3002,8993,13,B-011361,4.19,4000.0,2023-04-10
3003,13393,17,B-016949,4.98,4000.0,2023-09-23
3004,6715,25,B-008496,0.61,,2023-10-27
3005,4287,4,B-005472,0.64,2000.0,2023-01-25
3006,9627,16,B-012186,4.06,2000.0,2023-05-19
3007,3251,26,B-004160,4.75,4000.0,2023-06-11
3008,6965,16,B-008807,4.09,2000.0,2023-10-26
3009,3044,34,B-003869,2.41,,2023-07-22
3010,749,34,B-000962,1.58,2000.0,2023-11-26
3011,8687,5,B-010978,2.55,4000.0,2023-03-18
3012,11104,12,B-014069,1.54,,2023-06-27
3013,7055,16,B-008913,0.71,2000.0,2023-08-28
3014,1619,31,B-002093,2.32,6000.0,2023-11-08
3015,6814,2,B-008617,2.49,,2023-02-23
3016,1970,32,B-002526,4.61,,2023-11-24
3017,12847,21,B-016258,2.14,6000.0,2023-03-13
3018,11799,29,B-014916,4.77,6000.0,2023-11-14
3019,13229,34,B-016738,1.69,,2023-02-05
3020,9328,15,B-011801,3.12,6000.0,2023-02-26
3021,1406,19,B-001817,1.25,4000.0,2023-05-21
3022,12938,23,B-016372,3.14,4000.0,2023-11-18
3023,4284,20,B-005469,2.27,4000.0,2023-06-15
3024,9522,33,B-012049,1.31,,2023-11-27
3025,4045,2,B-005155,0.94,6000.0,2023-12-18
3026,6609,3,B-008360,4.85,6000.0,2023-11-11
3027,2662,20,B-003372,0.95,2000.0,2023-10-07
3028,15503,8,B-019573,4.01,2000.0,2023-09-25
3029,5913,32,B-007485,3.52,6000.0,2023-03-01
3030,13172,30,B-016674,1.96,6000.0,2023-01-04
3031,15080,17,B-019047,0.55,6000.0,2023-01-17
3032,1124,11,B-001444,4.59,,2023-01-24
3033,306,27,B-000403,0.99,6000.0,2023-09-08
3034,6339,9,B-008014,2.67,2000.0,2023-11-16
3035,1176,30,B-001507,0.69,,2023-09-17
3036,12226,14,B-015459,2.25,6000.0,2023-10-08
3037,9428,26,B-011927,4.3,2000.0,2023-11-11
3038,15065,7,B-019028,3.15,,2023-02-13
3039,3857,26,B-004918,3.24,6000.0,2023-01-13
3040,4590,33,B-005865,3.74,6000.0,2023-08-21
3041,907,27,B-001159,3.18,6000.0,2023-11-02
3042,10845,17,B-013742,3.08,,2023-04-13
3043,5803,12,B-007357,1.29,2000.0,2023-06-08
3044,15069,30,B-019032,1.12,2000.0,2023-06-06
3045,14305,7,B-018093,3.81,4000.0,2023-01-18
3046,10760,15,B-013640,1.14,6000.0,2023-10-08
3047,8304,24,B-010484,2.77,4000.0,2023-05-07
3048,7035,18,B-008889,1.97,4000.0,2023-02-16
3049,1995,31,B-002553,3.61,2000.0,2023-06-04
3050,9653,29,B-012217,4.58,,2023-02-05
3051,3074,12,B-003913,4.78,,2023-10-23
3052,13002,11,B-016451,3.91,2000.0,2023-10-15
3053,1337,16,B-001726,3.65,,2023-04-02
3054,4601,5,B-005877,1.87,4000.0,2023-03-09
3055,5772,4,B-007314,4.14,6000.0,2023-11-21
3056,13356,2,B-016901,1.02,2000.0,2023-09-15
3057,1174,7,B-001505,0.77,6000.0,2023-07-09
3058,10374,21,B-013138,3.71,,2023-10-26
3059,1753,9,B-002259,0.86,6000.0,2023-08-25
3060,12057,34,B-015241,3.87,,2023-12-24
3061,7325,8,B-009251,4.91,,2023-06-04
3062,8060,27,B-010181,3.14,4000.0,2023-12-28
3063,13561,8,B-017168,4.96,,2023-07-01
3064,2223,3,B-002831,4.01,4000.0,2023-10-12
3065,11839,31,B-014967,0.98,4000.0,2023-08-19
3066,198,11,B-000262,3.53,4000.0,2023-06-14
3067,15270,3,B-019287,1.18,2000.0,2023-07-22
3068,5162,25,B-006576,3.56,2000.0,2023-04-19
3069,7573,27,B-009555,2.07,,2023-07-01
3070,7883,10,B-009959,4.65,4000.0,2023-11-23
3071,6281,6,B-007949,2.64,2000.0,2023-10-25
3072,12025,8,B-015202,2.19,4000.0,2023-01-25
3073,9538,25,B-012068,2.19,6000.0,2023-08-15
3074,12780,22,B-016167,0.81,6000.0,2023-02-02
3075,5030,8,B-006404,2.99,6000.0,2023-07-06
3076,6354,22,B-008033,3.44,,2023-03-10
3077,3870,24,B-004934,0.73,4000.0,2023-03-07
3078,160,21,B-000209,4.16,6000.0,2023-01-27
3079,10612,4,B-013437,3.56,2000.0,2023-01-13
3080,601,5,B-000784,2.26,6000.0,2023-03-20
3081,15230,31,B-019229,4.26,6000.0,2023-01-26
3082,8987,4,B-011352,3.0,6000.0,2023-05-18
3083,14611,11,B-018465,4.83,,2023-11-25
3084,13423,14,B-016990,1.9,2000.0,2023-03-17
3085,34,27,B-000048,4.97,4000.0,2023-03-12
3086,9742,3,B-012330,4.78,2000.0,2023-09-17
3087,15719,8,B-019843,4.78,4000.0,2023-03-04
3088,2692,34,B-003407,3.3,,2023-12-11
3089,5282,7,B-006724,3.99,,2023-11-05
3090,6166,12,B-007805,1.22,,2023-09-16
3091,14529,24,B-018372,1.21,,2023-05-19
3092,12742,1,B-016123,3.5,4000.0,2023-07-10
3093,1513,31,B-001963,2.78,6000.0,2023-08-01
3094,3661,29,B-004666,2.69,4000.0,2023-06-22
3095,7265,18,B-009170,3.45,2000.0,2023-01-03
3096,2405,13,B-003049,2.29,,2023-09-16
3097,1121,19,B-001439,2.33,,2023-03-28
3098,5985,9,B-007585,2.1,2000.0,2023-07-22
3099,10681,8,B-013536,3.75,4000.0,2023-01-16
3100,9642,12,B-012206,4.69,6000.0,2023-04-07
3101,13558,27,B-017165,1.14,6000.0,2023-04-23
3102,2184,25,B-002783,4.08,2000.0,2023-05-11
3103,2473,8,B-003132,0.84,6000.0,2023-12-22
3104,15566,12,B-019649,2.57,4000.0,2023-02-12
3105,3424,26,B-004375,4.92,4000.0,2023-08-22
3106,10208,19,B-012923,0.71,2000.0,2023-09-05
3107,1914,5,B-002453,2.52,4000.0,2023-01-27
3108,14213,32,B-017981,3.13,,2023-09-06
3109,11259,16,B-014254,2.17,2000.0,2023-06-26
3110,3349,17,B-004284,0.87,4000.0,2023-10-06
3111,6129,29,B-007759,2.57,2000.0,2023-12-28
3112,7576,17,B-009558,1.85,6000.0,2023-08-27
3113,6758,34,B-008553,0.86,4000.0,2023-09-08
3114,8171,30,B-010323,4.62,,2023-12-15
3115,14246,34,B-018020,2.57,4000.0,2023-03-25
3116,8458,33,B-010691,4.48,2000.0,2023-05-20
3117,8251,9,B-010423,1.0,2000.0,2023-07-25
3118,11734,31,B-014836,0.69,4000.0,2023-03-20
3119,7054,28,B-008912,3.38,,2023-03-10
3120,6045,11,B-007655,3.74,,2023-10-10
3121,1910,27,B-002448,1.53,,2023-07-05
3122,5213,35,B-006643,4.86,2000.0,2023-03-05
3123,13762,1,B-017419,4.02,4000.0,2023-04-02
3124,2818,18,B-003571,3.55,6000.0,2023-03-15
3125,3997,34,B-005093,1.32,2000.0,2023-05-03
3126,2736,33,B-003463,4.86,,2023-01-01
3127,4216,30,B-005387,1.48,4000.0,2023-06-20
3128,14088,14,B-017818,3.09,,2023-11-08
3129,12084,2,B-015272,2.67,6000.0,2023-08-26
3130,8151,18,B-010291,1.25,,2023-03-24
3131,10518,31,B-013321,0.55,,2023-12-07
3132,3105,20,B-003957,3.36,6000.0,2023-07-10
3133,9284,9,B-011741,1.85,4000.0,2023-08-17
3134,5353,13,B-006804,1.67,2000.0,2023-01-23
3135,14677,35,B-018547,1.15,4000.0,2023-12-24
3136,7995,28,B-010103,4.38,6000.0,2023-10-08
3137,12012,24,B-015183,0.59,,2023-06-28
3138,6864,25,B-008684,4.06,4000.0,2023-12-12
3139,3086,22,B-003930,2.56,2000.0,2023-04-27
3140,2338,15,B-002963,2.03,6000.0,2023-11-27
3141,4054,25,B-005165,1.3,4000.0,2023-05-25
3142,7892,11,B-009969,1.36,2000.0,2023-08-06
3143,1032,28,B-001322,0.83,6000.0,2023-01-05
3144,14833,34,B-018747,2.69,2000.0,2023-02-12
3145,8499,5,B-010742,4.8,6000.0,2023-05-21
3146,14845,28,B-018762,2.27,,2023-02-03
3147,13528,23,B-017123,1.55,4000.0,2023-01-16
3148,6439,14,B-008134,3.8,2000.0,2023-06-01
3149,9223,5,B-011657,1.64,6000.0,2023-02-20
3150,10257,11,B-012985,2.73,2000.0,2023-02-13
3151,13297,10,B-016826,1.09,2000.0,2023-05-14
3152,1244,34,B-001605,4.33,4000.0,2023-11-22
3153,7757,12,B-009793,1.57,,2023-03-01
3154,6736,27,B-008526,1.8,2000.0,2023-01-11
3155,4469,4,B-005698,3.18,6000.0,2023-08-03
3156,791,31,B-001019,4.61,6000.0,2023-09-02
3157,15694,26,B-019810,2.38,,2023-02-28
3158,11718,28,B-014818,2.81,6000.0,2023-09-18
3159,6479,16,B-008188,4.53,,2023-11-04
3160,2451,4,B-003104,4.85,6000.0,2023-08-23
3161,13678,12,B-017317,4.69,4000.0,2023-01-12
3162,15318,26,B-019345,3.91,2000.0,2023-09-25
3163,14250,23,B-018024,3.72,4000.0,2023-03-27
3164,3120,27,B-003980,3.51,2000.0,2023-05-15
3165,298,20,B-000392,1.77,2000.0,2023-08-17
3166,1563,21,B-002021,1.5,2000.0,2023-07-20
3167,5745,8,B-007284,3.33,4000.0,2023-10-12
3168,15451,16,B-019510,2.97,2000.0,2023-07-15
3169,5099,18,B-006493,4.75,4000.0,2023-07-17
3170,14276,15,B-018057,2.02,,2023-08-04
3171,9635,18,B-012198,4.08,6000.0,2023-07-07
3172,2159,31,B-002754,4.62,6000.0,2023-11-15
3173,6705,25,B-008482,2.88,2000.0,2023-06-14
3174,1919,3,B-002458,2.67,4000.0,2023-04-01
3175,549,24,B-000715,3.16,6000.0,2023-03-27
3176,1637,6,B-002113,0.56,4000.0,2023-02-05
3177,5089,33,B-006480,1.81,4000.0,2023-06-01
3178,11491,28,B-014531,3.85,2000.0,2023-01-22
3179,3302,25,B-004221,1.57,6000.0,2023-09-16
3180,2377,19,B-003014,1.62,2000.0,2023-04-25
3181,8609,28,B-010865,3.27,2000.0,2023-10-08
3182,14314,29,B-018103,2.47,6000.0,2023-10-19
3183,1091,6,B-001400,3.29,6000.0,2023-12-07
3184,11949,5,B-015106,2.02,,2023-08-25
3185,1286,2,B-001660,0.67,,2023-04-10
3186,4316,26,B-005505,4.32,4000.0,2023-02-06
3187,11207,1,B-014194,4.22,6000.0,2023-02-17
3188,10226,23,B-012944,2.02,,2023-07-13
3189,13417,10,B-016984,1.48,4000.0,2023-03-16
3190,752,14,B-000967,3.26,4000.0,2023-10-18
3191,13508,4,B-017096,2.63,4000.0,2023-10-11
3192,11031,35,B-013981,4.9,,2023-12-18
3193,4440,20,B-005663,3.76,6000.0,2023-04-28
3194,9178,9,B-011599,4.27,2000.0,2023-02-18
3195,5544,26,B-007036,3.14,4000.0,2023-02-09
3196,4811,17,B-006133,2.22,,2023-01-09
3197,7132,9,B-009011,3.06,,2023-12-04
3198,7266,16,B-009171,3.8,2000.0,2023-07-22
3199,11557,20,B-014615,2.98,2000.0,2023-04-10
3200,3824,30,B-004871,1.39,,2023-02-17
3201,889,16,B-001136,4.77,6000.0,2023-06-03
3202,6373,21,B-008054,0.51,2000.0,2023-05-15
3203,14962,26,B-018909,1.74,,2023-01-26
3204,12918,4,B-016348,1.46,2000.0,2023-01-07
3205,10656,16,B-013501,2.25,6000.0,2023-06-16
3206,13759,19,B-017415,2.63,4000.0,2023-05-26
3207,1545,28,B-001999,4.97,2000.0,2023-08-09
3208,2263,33,B-002875,2.86,6000.0,2023-01-20
3209,7263,21,B-009168,4.86,,2023-10-10
3210,9916,18,B-012551,0.58,2000.0,2023-03-14
3211,13432,8,B-017003,3.0,2000.0,2023-06-16
3212,14027,7,B-017738,4.98,,2023-10-13
3213,15000,3,B-018952,1.52,4000.0,2023-01-13
3214,6461,35,B-008165,2.3,,2023-10-10
3215,487,4,B-000640,3.16,2000.0,2023-09-09
3216,14049,14,B-017769,4.14,,2023-01-02
3217,9305,9,B-011768,4.77,6000.0,2023-04-21
3218,12424,11,B-015719,4.14,,2023-01-15
3219,12550,14,B-015882,3.92,2000.0,2023-01-02
3220,8926,32,B-011274,1.82,,2023-06-11
3221,13009,10,B-016463,2.84,4000.0,2023-11-19
3222,14180,6,B-017934,1.23,,2023-10-04
3223,10054,11,B-012727,2.12,4000.0,2023-01-25
3224,7011,28,B-008862,1.31,6000.0,2023-11-13
3225,4615,5,B-005893,3.83,4000.0,2023-08-21
3226,662,9,B-000855,3.06,,2023-05-25
3227,8273,10,B-010449,3.75,2000.0,2023-04-26
3228,14974,5,B-018921,3.48,4000.0,2023-10-05
3229,748,11,B-000961,0.92,6000.0,2023-12-03
3230,7291,34,B-009206,2.67,4000.0,2023-10-13
3231,1481,8,B-001920,3.02,4000.0,2023-02-16
3232,12225,21,B-015457,4.46,4000.0,2023-02-13
3233,9265,19,B-011713,3.01,6000.0,2023-04-12
3234,6022,33,B-007628,2.91,,2023-10-15
3235,4106,27,B-005231,1.97,4000.0,2023-08-01
3236,2585,21,B-003282,4.28,4000.0,2023-02-24
3237,6429,12,B-008122,4.84,2000.0,2023-06-11
3238,6245,19,B-007903,3.3,6000.0,2023-03-13
3239,6904,28,B-008734,1.0,4000.0,2023-12-02
3240,15779,18,B-019919,4.31,6000.0,2023-08-07
3241,5666,33,B-007190,3.32,4000.0,2023-02-05
3242,13977,18,B-017680,3.45,,2023-04-17
3243,15281,31,B-019300,0.73,,2023-11-22
3244,4465,7,B-005693,3.49,4000.0,2023-09-04
3245,4525,13,B-005771,3.33,,2023-11-14
3246,6123,1,B-007752,1.07,4000.0,2023-02-25
3247,8249,14,B-010421,3.88,,2023-09-24
3248,9298,7,B-011757,4.23,2000.0,2023-03-07
3249,718,6,B-000925,2.41,2000.0,2023-04-11
3250,9119,30,B-011524,4.26,2000.0,2023-03-08
3251,3652,30,B-004657,4.9,6000.0,2023-03-26
3252,14665,12,B-018534,1.29,6000.0,2023-10-08
3253,12747,9,B-016130,1.94,2000.0,2023-03-06
3254,8016,2,B-010128,1.86,6000.0,2023-09-09
3255,4509,34,B-005753,3.67,,2023-09-14
3256,12701,15,B-016071,2.42,4000.0,2023-01-20
3257,969,14,B-001244,1.93,4000.0,2023-06-20
3258,2333,28,B-002958,1.25,4000.0,2023-08-17
3259,14682,11,B-018553,3.6,2000.0,2023-01-23
3260,6017,32,B-007623,1.02,6000.0,2023-03-24
3261,5647,7,B-007170,2.79,,2023-02-18
3262,500,27,B-000654,3.05,,2023-08-15
3263,12381,21,B-015663,1.38,2000.0,2023-06-16
3264,13541,2,B-017141,2.53,,2023-11-03
3265,13847,30,B-017518,2.55,,2023-04-23
3266,5180,14,B-006602,3.44,,2023-07-04
3267,3344,16,B-004276,0.64,,2023-01-18
3268,8836,26,B-011166,3.65,6000.0,2023-10-06
3269,4555,33,B-005816,1.5,,2023-03-26
3270,14121,17,B-017858,1.41,4000.0,2023-03-21
3271,1507,8,B-001952,4.64,2000.0,2023-09-12
3272,14981,20,B-018931,4.3,6000.0,2023-09-10
3273,3799,19,B-004841,3.72,,2023-08-20
3274,3641,10,B-004642,1.21,6000.0,2023-12-24
3275,2868,2,B-003635,4.48,,2023-01-17
3276,9453,17,B-011957,3.7,4000.0,2023-03-14
3277,1848,22,B-002377,4.98,2000.0,2023-03-05
3278,9673,34,B-012242,3.67,,2023-04-22
3279,13674,32,B-017311,1.39,,2023-08-11
3280,2609,25,B-003311,1.14,,2023-09-01
3281,8727,17,B-011029,2.4,,2023-07-20
3282,15649,4,B-019754,0.54,2000.0,2023-04-28
3283,8366,27,B-010572,2.25,2000.0,2023-07-13
3284,3499,33,B-004472,4.05,4000.0,2023-06-18
3285,14394,29,B-018206,3.11,2000.0,2023-07-27
3286,11308,23,B-014316,1.04,,2023-01-11
3287,12613,29,B-015965,3.08,4000.0,2023-12-14
3288,8234,16,B-010397,4.26,4000.0,2023-12-11
3289,4478,1,B-005709,4.07,4000.0,2023-09-02
3290,9248,2,B-011693,3.42,,2023-11-10
3291,5774,34,B-007316,4.33,6000.0,2023-05-16
3292,4504,7,B-005746,3.18,,2023-01-25
3293,9794,16,B-012399,1.94,2000.0,2023-11-14
3294,14108,22,B-017841,1.3,2000.0,2023-01-08
3295,7639,18,B-009651,0.59,,2023-06-26
3296,14038,12,B-017756,3.17,,2023-02-27
3297,4562,12,B-005824,1.89,4000.0,2023-03-06
3298,40,21,B-000059,3.96,,2023-11-24
3299,10137,1,B-012832,2.09,4000.0,2023-07-15
3300,14427,2,B-018248,0.9,2000.0,2023-11-07
3301,4676,8,B-005967,3.69,4000.0,2023-06-15
3302,8255,6,B-010428,3.95,,2023-11-04
3303,5710,18,B-007239,4.32,2000.0,2023-09-19
3304,2696,9,B-003412,3.47,6000.0,2023-03-06
3305,12848,17,B-016259,2.19,4000.0,2023-01-17
3306,3612,24,B-004609,1.08,2000.0,2023-09-21
3307,15505,14,B-019575,1.76,4000.0,2023-02-24
3308,1992,17,B-002550,3.9,2000.0,2023-08-19
3309,15682,19,B-019796,3.63,2000.0,2023-01-26
3310,8996,21,B-011365,4.47,4000.0,2023-11-12
3311,8292,20,B-010470,3.02,6000.0,2023-10-17
3312,4313,7,B-005502,4.86,2000.0,2023-08-13
3313,2291,34,B-002908,2.73,2000.0,2023-05-20
3314,8707,31,B-011002,3.39,2000.0,2023-05-28
3315,11572,31,B-014636,3.12,6000.0,2023-03-24
3316,286,10,B-000374,2.53,6000.0,2023-06-19
3317,15588,16,B-019677,3.11,,2023-09-07
3318,5408,14,B-006871,3.05,4000.0,2023-01-15
3319,15538,10,B-019614,3.9,6000.0,2023-11-16
3320,1722,3,B-002222,2.2,4000.0,2023-09-10
3321,9088,25,B-011485,4.8,,2023-04-02
3322,6648,8,B-008411,2.25,4000.0,2023-11-21
3323,2795,24,B-003541,2.91,6000.0,2023-07-19
3324,30,23,B-000042,1.77,4000.0,2023-04-07
3325,1226,6,B-001578,2.99,6000.0,2023-11-25
3326,9991,26,B-012647,3.58,4000.0,2023-07-11
3327,11343,24,B-014360,1.99,6000.0,2023-02-10
3328,10853,8,B-013752,4.86,6000.0,2023-04-09
3329,13724,11,B-017372,0.65,4000.0,2023-04-23
3330,10702,5,B-013567,4.95,,2023-03-02
3331,12771,26,B-016158,4.88,2000.0,2023-05-26
3332,9802,1,B-012410,1.0,,2023-03-04
3333,9108,34,B-011510,1.16,4000.0,2023-11-24
3334,9718,27,B-012300,2.32,,2023-03-06
3335,2620,20,B-003324,3.7,6000.0,2023-01-12
3336,12419,4,B-015712,1.62,2000.0,2023-01-09
3337,5834,1,B-007392,2.0,4000.0,2023-03-14
3338,15793,25,B-019935,2.69,4000.0,2023-09-20
3339,11692,31,B-014788,4.36,4000.0,2023-04-19
3340,1881,28,B-002416,1.3,2000.0,2023-12-27
3341,857,34,B-001095,4.19,6000.0,2023-03-14
3342,14839,29,B-018754,4.77,4000.0,2023-11-01
3343,504,7,B-000658,4.8,,2023-11-04
3344,8269,22,B-010444,1.89,4000.0,2023-01-15
3345,6762,10,B-008557,2.22,4000.0,2023-12-03
3346,2713,24,B-003432,3.15,4000.0,2023-11-28
3347,14679,30,B-018550,3.24,4000.0,2023-02-01
3348,8865,3,B-011201,4.64,6000.0,2023-01-28
3349,4371,28,B-005575,3.44,,2023-08-24
3350,9722,32,B-012304,1.96,6000.0,2023-12-18
3351,4139,12,B-005273,4.7,,2023-01-13
3352,13298,24,B-016827,0.62,4000.0,2023-02-06
3353,13567,6,B-017175,1.66,2000.0,2023-12-14
3354,8761,1,B-011074,1.72,6000.0,2023-07-01
3355,12501,6,B-015819,4.49,2000.0,2023-05-15
3356,788,20,B-001016,2.57,6000.0,2023-08-18
3357,11159,9,B-014134,2.91,4000.0,2023-01-15
3358,4232,27,B-005407,1.93,6000.0,2023-08-15
3359,11237,28,B-014228,3.23,4000.0,2023-03-18
3360,4039,31,B-005148,4.08,6000.0,2023-03-13
3361,1362,30,B-001755,2.47,4000.0,2023-01-11
3362,2615,24,B-003319,0.65,4000.0,2023-07-24
3363,8595,7,B-010850,2.2,,2023-08-28
3364,5293,1,B-006736,4.54,4000.0,2023-03-25
3365,4880,33,B-006226,1.72,,2023-07-26
3366,10592,29,B-013412,1.68,4000.0,2023-01-17
3367,6873,8,B-008693,4.01,2000.0,2023-11-13
3368,7305,13,B-009225,3.42,4000.0,2023-12-02
3369,7716,11,B-009746,4.89,2000.0,2023-10-12
3370,14601,8,B-018452,4.6,2000.0,2023-07-03
3371,2477,28,B-003143,3.07,4000.0,2023-01-02
3372,1259,11,B-001627,0.63,2000.0,2023-03-01
3373,10172,1,B-012875,1.24,,2023-11-08
3374,12716,22,B-016088,4.56,6000.0,2023-08-12
3375,3948,11,B-005033,3.49,4000.0,2023-06-21
3376,15234,21,B-019236,3.87,2000.0,2023-08-24
3377,9349,31,B-011824,2.23,4000.0,2023-11-22
3378,94,33,B-000126,1.01,,2023-12-07
3379,11055,8,B-014012,4.33,4000.0,2023-02-07
3380,2260,34,B-002872,1.53,4000.0,2023-08-26
3381,7640,10,B-009652,4.03,2000.0,2023-10-15
3382,12439,4,B-015740,3.95,,2023-01-27
3383,5140,14,B-006543,1.86,6000.0,2023-11-02
3384,2509,1,B-003179,2.79,6000.0,2023-05-09
3385,652,26,B-000844,1.27,2000.0,2023-12-02
3386,13590,5,B-017204,3.1,4000.0,2023-07-07
3387,4387,22,B-005598,4.88,2000.0,2023-12-19
3388,7580,16,B-009563,2.83,2000.0,2023-12-28
3389,2102,30,B-002685,3.24,2000.0,2023-11-24
3390,15334,2,B-019366,4.22,4000.0,2023-07-04
3391,2979,15,B-003785,1.39,,2023-05-23
3392,7997,12,B-010105,4.36,2000.0,2023-05-05
3393,15043,5,B-019001,1.1,4000.0,2023-06-28
3394,12204,3,B-015432,2.83,,2023-08-26
3395,12663,16,B-016027,4.12,2000.0,2023-08-22
3396,15130,33,B-019102,2.24,6000.0,2023-05-06
3397,2353,34,B-002987,2.96,,2023-05-22
3398,10030,11,B-012699,0.85,2000.0,2023-03-16
3399,4750,3,B-006059,1.15,,2023-03-14
3400,14916,8,B-018850,2.77,,2023-11-20
3401,9877,9,B-012500,2.62,,2023-05-09
3402,9570,3,B-012105,4.85,,2023-04-09
3403,4794,27,B-006114,4.71,,2023-12-07
3404,13713,6,B-017359,4.83,,2023-07-06
3405,1140,9,B-001463,3.12,2000.0,2023-05-13
3406,6823,34,B-008628,4.29,6000.0,2023-09-10
3407,14470,35,B-018296,4.65,4000.0,2023-02-12
3408,12056,6,B-015240,3.66,,2023-04-28
3409,6827,28,B-008632,2.01,4000.0,2023-05-17
3410,5854,29,B-007414,0.66,2000.0,2023-12-05
3411,6959,8,B-008801,4.82,,2023-03-26
3412,1562,13,B-002020,1.84,6000.0,2023-06-14
3413,3884,24,B-004953,3.31,4000.0,2023-04-18
3414,14266,27,B-018044,2.7,,2023-01-13
3415,13826,6,B-017494,1.99,2000.0,2023-07-13
3416,8919,21,B-011266,0.86,6000.0,2023-01-06
3417,10701,14,B-013566,2.85,4000.0,2023-09-13
3418,5890,10,B-007456,4.79,4000.0,2023-05-13
3419,13272,14,B-016794,4.97,,2023-09-10
3420,10020,8,B-012685,3.51,6000.0,2023-11-06
3421,10826,12,B-013718,1.44,6000.0,2023-03-01
3422,12303,25,B-015560,4.91,6000.0,2023-03-26
3423,6098,8,B-007722,1.11,6000.0,2023-09-23
3424,12341,3,B-015607,4.92,2000.0,2023-12-08
3425,15683,20,B-019797,1.71,6000.0,2023-02-24
3426,15011,27,B-018965,1.5,4000.0,2023-11-21
3427,10219,5,B-012937,3.36,4000.0,2023-06-16
3428,891,34,B-001138,3.43,2000.0,2023-08-16
3429,13004,26,B-016453,3.13,4000.0,2023-04-02
3430,3791,19,B-004832,2.05,4000.0,2023-08-01
3431,3096,31,B-003942,1.99,6000.0,2023-06-10
3432,11635,6,B-014715,1.5,4000.0,2023-10-26
3433,4442,8,B-005665,1.82,2000.0,2023-02-14
3434,4292,11,B-005478,2.12,6000.0,2023-10-14
3435,5467,35,B-006944,2.26,,2023-06-13
3436,4958,27,B-006316,4.67,6000.0,2023-05-24
3437,3231,10,B-004135,3.31,2000.0,2023-02-23
3438,1090,23,B-001399,2.59,6000.0,2023-12-15
3439,10948,29,B-013874,3.27,6000.0,2023-06-19
3440,2007,32,B-002568,0.61,2000.0,2023-09-20
3441,11268,2,B-014267,4.8,6000.0,2023-10-17
3442,5190,29,B-006617,4.4,2000.0,2023-07-05
3443,3803,12,B-004846,0.74,2000.0,2023-09-25
3444,6677,30,B-008451,1.48,,2023-08-09
3445,8299,24,B-010478,3.45,4000.0,2023-08-06
3446,1698,15,B-002196,2.15,4000.0,2023-07-22
3447,2242,1,B-002852,1.83,6000.0,2023-08-11
3448,10047,3,B-012718,4.51,6000.0,2023-06-21
3449,10285,34,B-013021,3.34,,2023-08-04
3450,8455,31,B-010687,1.79,,2023-02-18
3451,7166,21,B-009051,1.09,,2023-11-12
3452,11873,20,B-015013,3.98,2000.0,2023-11-17
3453,308,23,B-000406,3.25,,2023-12-06
3454,10852,18,B-013750,3.7,,2023-06-05
3455,2903,28,B-003688,2.24,6000.0,2023-10-09
3456,15441,9,B-019496,1.14,,2023-01-07
3457,3848,1,B-004904,3.82,2000.0,2023-05-10
3458,3813,27,B-004857,2.46,2000.0,2023-05-21
3459,14171,29,B-017922,4.56,6000.0,2023-06-23
3460,2735,23,B-003462,0.78,,2023-01-10
3461,15797,11,B-019940,3.45,,2023-03-11
3462,7421,31,B-009375,1.42,2000.0,2023-05-24
3463,8921,21,B-011268,0.81,,2023-04-20
3464,10631,10,B-013465,2.37,,2023-03-16
3465,6844,34,B-008656,3.98,,2023-10-03
3466,15396,25,B-019444,3.16,4000.0,2023-05-18
3467,12575,26,B-015912,3.4,6000.0,2023-12-03
3468,12263,4,B-015501,1.35,4000.0,2023-10-04
3469,14148,26,B-017894,2.27,6000.0,2023-09-24
3470,4423,25,B-005643,3.32,2000.0,2023-08-02
3471,7145,31,B-009025,0.81,,2023-08-03
3472,10425,27,B-013205,0.92,6000.0,2023-02-17
3473,3697,11,B-004714,1.0,4000.0,2023-12-07
3474,10394,23,B-013164,2.43,,2023-08-03
3475,989,33,B-001271,0.76,2000.0,2023-12-16
3476,14980,9,B-018930,4.37,6000.0,2023-08-05
3477,8607,21,B-010863,2.27,6000.0,2023-04-22
3478,6149,13,B-007785,1.92,6000.0,2023-12-25
3479,1251,8,B-001616,3.92,,2023-10-20
3480,12312,4,B-015572,2.58,4000.0,2023-01-12
3481,13104,32,B-016590,2.29,4000.0,2023-11-20
3482,9641,34,B-012205,2.58,6000.0,2023-01-16
3483,507,16,B-000663,4.02,2000.0,2023-10-16
3484,8759,30,B-011072,1.32,2000.0,2023-05-07
3485,7863,29,B-009931,4.0,4000.0,2023-05-10
3486,8067,12,B-010190,3.43,2000.0,2023-04-15
3487,7275,3,B-009187,1.14,4000.0,2023-06-18
3488,12735,20,B-016110,1.73,6000.0,2023-06-28
3489,2539,17,B-003219,4.8,4000.0,2023-01-07
3490,5901,31,B-007470,2.94,4000.0,2023-04-18
3491,3446,13,B-004404,4.79,6000.0,2023-09-01
3492,14001,26,B-017709,2.83,2000.0,2023-07-14
3493,14764,32,B-018658,1.7,4000.0,2023-07-08
3494,8326,13,B-010515,2.56,4000.0,2023-06-06
3495,6981,8,B-008829,1.86,6000.0,2023-09-04
3496,10776,17,B-013657,1.3,2000.0,2023-02-23
3497,2307,31,B-002926,0.83,4000.0,2023-09-13
3498,4829,17,B-006159,4.45,6000.0,2023-02-03
3499,14997,14,B-018949,4.02,4000.0,2023-06-11
3500,5454,32,B-006927,3.84,,2023-09-08
3501,10537,4,B-013343,0.9,6000.0,2023-05-26
3502,12543,29,B-015875,4.96,2000.0,2023-10-12
3503,15728,6,B-019854,4.33,2000.0,2023-02-20
3504,1426,6,B-001842,4.8,2000.0,2023-09-13
3505,13537,11,B-017136,3.43,2000.0,2023-12-25
3506,1667,8,B-002151,2.89,4000.0,2023-09-12
3507,8072,28,B-010195,2.53,4000.0,2023-10-07
3508,10439,33,B-013219,4.63,2000.0,2023-06-02
3509,3477,12,B-004445,1.67,2000.0,2023-01-08
3510,14790,32,B-018691,1.35,2000.0,2023-12-16
3511,4466,9,B-005694,1.99,4000.0,2023-11-19
3512,4959,3,B-006317,2.1,2000.0,2023-05-20
3513,5164,4,B-006578,0.88,2000.0,2023-12-25
3514,13980,11,B-017685,2.46,,2023-08-11
3515,6470,23,B-008176,4.85,,2023-12-23
3516,846,30,B-001084,2.57,2000.0,2023-11-26
3517,11831,35,B-014957,1.91,6000.0,2023-02-27
3518,14288,6,B-018072,2.4,2000.0,2023-12-17
3519,9336,13,B-011809,0.71,,2023-02-15
3520,5125,27,B-006525,3.57,6000.0,2023-10-10
3521,7104,3,B-008978,1.58,6000.0,2023-05-28
3522,14236,31,B-018010,3.68,2000.0,2023-11-28
3523,12033,34,B-015212,4.98,,2023-09-07
3524,10274,25,B-013008,3.71,,2023-07-22
3525,3173,13,B-004060,0.72,6000.0,2023-03-14
3526,777,2,B-001002,2.63,2000.0,2023-02-11
3527,14522,14,B-018364,0.79,4000.0,2023-09-28
3528,13046,9,B-016519,3.18,4000.0,2023-02-24
3529,12655,27,B-016017,2.37,,2023-02-10
3530,11560,7,B-014618,4.86,4000.0,2023-10-28
3531,4558,15,B-005820,4.1,,2023-03-24
3532,14231,31,B-018004,4.16,,2023-11-17
3533,9070,12,B-011461,1.33,,2023-08-24
3534,8932,11,B-011281,3.78,4000.0,2023-08-01
3535,4198,28,B-005359,1.16,,2023-04-06
3536,6699,3,B-008476,2.98,6000.0,2023-03-25
3537,15032,23,B-018988,3.27,2000.0,2023-11-13
3538,7394,6,B-009342,3.74,2000.0,2023-04-18
3539,701,25,B-000900,0.78,,2023-05-13
3540,14641,14,B-018503,1.35,2000.0,2023-12-16
3541,13137,27,B-016629,0.6,4000.0,2023-01-26
3542,4186,34,B-005339,2.8,4000.0,2023-12-14
3543,5533,10,B-007023,0.66,2000.0,2023-12-02
3544,15324,15,B-019351,3.53,4000.0,2023-12-14
3545,5820,13,B-007377,4.7,2000.0,2023-03-20
3546,5327,6,B-006775,3.53,2000.0,2023-05-26
3547,6973,3,B-008818,2.28,2000.0,2023-11-09
3548,10597,18,B-013419,2.51,,2023-10-09
3549,13160,13,B-016658,4.13,2000.0,2023-04-10
3550,216,3,B-000292,4.89,,2023-07-20
3551,12287,21,B-015536,4.78,2000.0,2023-05-12
3552,15677,23,B-019791,1.59,2000.0,2023-10-23
3553,4450,26,B-005676,1.66,2000.0,2023-01-24
3554,13504,4,B-017092,3.41,4000.0,2023-05-15
3555,5787,7,B-007333,3.69,,2023-04-16
3556,15134,29,B-019106,2.3,,2023-07-20
3557,7923,25,B-010010,1.66,2000.0,2023-03-18
3558,7144,5,B-009024,1.13,2000.0,2023-04-16
3559,10958,22,B-013888,1.53,4000.0,2023-08-27
3560,9748,28,B-012337,1.63,4000.0,2023-01-07
3561,9047,8,B-011427,3.35,4000.0,2023-09-26
3562,13879,15,B-017558,4.86,,2023-03-12
3563,14887,13,B-018817,1.49,,2023-02-19
3564,5634,14,B-007151,4.71,,2023-11-04
3565,12097,11,B-015293,0.57,2000.0,2023-11-21
3566,7842,4,B-009901,1.86,,2023-12-05
3567,10279,16,B-013014,1.5,6000.0,2023-10-22
3568,2645,23,B-003353,3.33,6000.0,2023-08-07
3569,184,10,B-000241,3.77,4000.0,2023-03-17
3570,9687,25,B-012263,2.56,,2023-10-15
3571,7334,14,B-009263,0.6,6000.0,2023-03-04
3572,7747,15,B-009781,4.84,4000.0,2023-06-25
3573,15327,18,B-019355,0.55,,2023-07-14
3574,12475,14,B-015786,1.5,2000.0,2023-05-16
3575,1618,6,B-002092,3.1,6000.0,2023-09-14
3576,8722,34,B-011020,4.51,2000.0,2023-01-08
3577,7173,14,B-009060,2.22,,2023-03-04
3578,8432,2,B-010655,3.55,6000.0,2023-05-07
3579,7183,6,B-009073,4.63,,2023-05-01
3580,6763,24,B-008558,1.79,2000.0,2023-06-14
3581,7755,1,B-009791,0.74,6000.0,2023-12-28
3582,4839,18,B-006173,4.73,2000.0,2023-07-22
3583,3854,4,B-004913,3.81,,2023-11-26
3584,15269,9,B-019286,4.76,,2023-04-10
3585,1440,15,B-001861,0.79,2000.0,2023-11-13
3586,10457,27,B-013242,1.86,6000.0,2023-09-14
3587,15276,7,B-019295,1.44,2000.0,2023-12-05
3588,13845,6,B-017516,3.96,,2023-10-21
3589,643,24,B-000835,3.34,2000.0,2023-05-03
3590,14297,11,B-018082,3.27,,2023-01-20
3591,7671,24,B-009687,4.72,2000.0,2023-12-22
3592,6718,1,B-008501,3.88,6000.0,2023-04-23
3593,10824,32,B-013716,1.65,6000.0,2023-08-26
3594,10471,25,B-013258,3.96,2000.0,2023-01-24
3595,10051,2,B-012723,2.05,2000.0,2023-02-18
3596,906,24,B-001158,2.52,6000.0,2023-02-19
3597,4879,14,B-006224,2.5,,2023-04-27
3598,8903,33,B-011245,1.94,6000.0,2023-04-17
3599,5747,26,B-007287,0.7,,2023-10-21
3600,12325,4,B-015589,1.24,2000.0,2023-04-10
3601,9291,21,B-011748,1.3,2000.0,2023-02-06
3602,7793,16,B-009837,2.77,,2023-02-01
3603,15013,14,B-018967,1.81,2000.0,2023-07-01
3604,4650,31,B-005936,2.49,,2023-08-14
3605,14457,17,B-018281,1.34,4000.0,2023-02-26
3606,13695,3,B-017335,2.32,6000.0,2023-06-12
3607,12199,6,B-015427,3.37,4000.0,2023-11-02
3608,3281,26,B-004193,3.21,,2023-04-07
3609,13010,1,B-016465,2.3,6000.0,2023-02-27
3610,13649,21,B-017275,1.25,,2023-06-26
3611,8704,11,B-010999,4.15,6000.0,2023-08-04
3612,2308,12,B-002927,4.61,6000.0,2023-02-20
3613,5744,35,B-007283,4.61,6000.0,2023-11-26
3614,15791,1,B-019933,3.52,6000.0,2023-12-26
3615,5776,21,B-007319,0.87,,2023-07-26
3616,7968,13,B-010063,3.25,6000.0,2023-03-20
3617,10873,25,B-013779,4.32,6000.0,2023-12-26
3618,10200,1,B-012913,1.49,4000.0,2023-03-03
3619,13294,24,B-016823,0.69,2000.0,2023-05-02
3620,4252,28,B-005429,3.54,2000.0,2023-08-16
3621,15615,1,B-019714,2.52,4000.0,2023-09-01
3622,3340,4,B-004270,4.05,4000.0,2023-12-05
3623,7602,26,B-009594,3.16,,2023-06-03
3624,3780,10,B-004818,1.03,,2023-07-02
3625,5997,30,B-007599,1.09,,2023-11-23
3626,11004,21,B-013947,1.5,4000.0,2023-01-06
3627,15687,2,B-019803,2.73,4000.0,2023-12-05
3628,6089,28,B-007710,4.17,6000.0,2023-06-20
3629,681,10,B-000880,4.98,,2023-02-28
3630,11208,29,B-014195,3.07,,2023-07-28
3631,8231,28,B-010394,0.9,,2023-03-25
3632,7579,28,B-009562,2.32,2000.0,2023-05-25
3633,7533,16,B-009508,1.64,6000.0,2023-12-26
3634,12236,6,B-015472,3.61,,2023-08-04
3635,8049,33,B-010169,3.04,,2023-05-09
3636,913,5,B-001167,4.6,,2023-01-14
3637,14984,19,B-018934,2.44,2000.0,2023-09-08
3638,11524,12,B-014573,2.69,2000.0,2023-03-20
3639,2516,32,B-003188,1.81,4000.0,2023-06-15
3640,6489,8,B-008200,3.32,6000.0,2023-05-15
3641,14330,7,B-018123,4.13,4000.0,2023-04-02
3642,11225,16,B-014214,1.13,6000.0,2023-11-13
3643,15279,17,B-019298,1.94,2000.0,2023-01-05
3644,4906,4,B-006254,2.24,,2023-12-18
3645,6863,7,B-008681,2.85,4000.0,2023-05-26
3646,15214,7,B-019211,4.04,,2023-07-16
3647,5321,26,B-006769,3.86,4000.0,2023-11-10
3648,687,26,B-000886,1.09,2000.0,2023-02-23
3649,11269,20,B-014268,2.04,2000.0,2023-12-13
3650,11042,26,B-013996,3.29,2000.0,2023-10-13
3651,15653,30,B-019759,1.18,4000.0,2023-11-12
3652,1747,21,B-002251,1.04,6000.0,2023-05-12
3653,13191,6,B-016696,1.8,4000.0,2023-03-08
3654,13252,20,B-016765,4.65,6000.0,2023-10-09
3655,4401,33,B-005615,1.75,4000.0,2023-12-21
3656,5266,30,B-006705,2.68,4000.0,2023-04-09
3657,12785,24,B-016175,2.67,2000.0,2023-09-05
3658,7386,31,B-009330,2.89,,2023-04-03
3659,14021,25,B-017731,4.56,,2023-09-03
3660,11749,15,B-014855,3.05,6000.0,2023-03-28
3661,12779,31,B-016166,3.98,,2023-07-26
3662,5922,25,B-007497,4.88,4000.0,2023-06-28
3663,1822,19,B-002347,2.85,4000.0,2023-09-05
3664,4071,24,B-005184,1.17,2000.0,2023-05-10
3665,11157,22,B-014130,4.86,2000.0,2023-11-18
3666,9274,22,B-011726,1.63,,2023-06-08
3667,2331,14,B-002955,2.63,6000.0,2023-07-13
3668,15384,26,B-019431,1.85,,2023-12-23
3669,1035,15,B-001325,3.32,,2023-06-07
3670,6317,30,B-007989,2.26,,2023-06-20
3671,15645,24,B-019750,2.66,,2023-05-23
3672,8183,18,B-010339,3.36,4000.0,2023-02-01
3673,12911,4,B-016340,4.4,6000.0,2023-07-10
3674,2282,5,B-002898,1.46,4000.0,2023-10-26
3675,4029,11,B-005135,1.52,6000.0,2023-04-09
3676,8233,8,B-010396,0.92,2000.0,2023-01-24
3677,739,25,B-000951,3.2,,2023-08-12
3678,55,12,B-000078,3.32,4000.0,2023-12-17
3679,5847,14,B-007407,2.32,6000.0,2023-12-26
3680,14971,19,B-018918,1.65,2000.0,2023-08-14
3681,2712,21,B-003431,4.4,2000.0,2023-04-07
3682,9854,17,B-012472,3.01,,2023-08-01
3683,10010,35,B-012674,3.79,6000.0,2023-12-17
3684,2166,25,B-002763,2.62,4000.0,2023-08-09
3685,7478,27,B-009442,4.99,,2023-06-13
3686,9896,27,B-012526,1.23,4000.0,2023-09-28
3687,2030,20,B-002596,1.07,2000.0,2023-10-27
3688,15785,25,B-019927,2.92,4000.0,2023-08-18
3689,10163,33,B-012865,1.47,4000.0,2023-04-07
3690,9885,27,B-012511,3.14,,2023-07-19
3691,10093,23,B-012776,4.85,4000.0,2023-01-09
3692,1123,12,B-001443,3.44,,2023-05-07
3693,1643,3,B-002121,5.0,2000.0,2023-02-04
3694,7970,14,B-010068,2.08,,2023-03-09
3695,5597,22,B-007106,3.57,,2023-08-25
3696,8220,29,B-010380,4.05,6000.0,2023-05-21
3697,13281,14,B-016806,4.67,4000.0,2023-12-27
3698,5185,1,B-006610,2.75,2000.0,2023-04-04
3699,5539,25,B-007030,2.27,,2023-10-16
3700,12498,22,B-015816,2.64,2000.0,2023-06-19
3701,15601,25,B-019693,0.9,6000.0,2023-05-20
3702,4930,30,B-006281,3.44,4000.0,2023-05-06
3703,54,10,B-000077,3.24,,2023-01-22
3704,476,13,B-000619,0.87,4000.0,2023-10-04
3705,6913,3,B-008746,1.33,6000.0,2023-04-14
3706,15052,33,B-019012,3.13,6000.0,2023-01-03
3707,9464,27,B-011972,4.1,2000.0,2023-07-25
3708,4793,33,B-006113,3.07,,2023-02-11
3709,12307,11,B-015566,3.26,2000.0,2023-10-13
3710,178,9,B-000231,0.66,6000.0,2023-11-13
3711,13277,17,B-016802,2.45,4000.0,2023-04-22
3712,4146,22,B-005280,2.47,2000.0,2023-03-09
3713,9796,1,B-012401,3.89,2000.0,2023-06-12
3714,10772,8,B-013652,1.03,4000.0,2023-11-11
3715,14230,31,B-018003,1.43,2000.0,2023-03-24
3716,2466,6,B-003123,2.79,4000.0,2023-12-18
3717,218,6,B-000294,3.22,,2023-04-12
3718,14647,15,B-018510,4.18,4000.0,2023-10-10
3719,48,25,B-000068,2.35,,2023-05-16
3720,13512,28,B-017100,3.46,4000.0,2023-06-20
3721,9501,7,B-012020,2.83,6000.0,2023-11-24
3722,3187,4,B-004077,4.88,6000.0,2023-12-03
3723,2921,5,B-003708,1.74,,2023-08-09
3724,8995,2,B-011363,0.61,,2023-06-08
3725,11352,8,B-014369,3.56,6000.0,2023-12-17
3726,4422,7,B-005642,4.45,,2023-04-15
3727,4013,5,B-005114,2.86,4000.0,2023-06-08
3728,13296,12,B-016825,2.31,4000.0,2023-04-06
3729,14228,17,B-018001,3.83,6000.0,2023-01-23
3730,4933,32,B-006285,0.75,2000.0,2023-05-03
3731,6523,5,B-008247,1.91,4000.0,2023-01-26
3732,7635,20,B-009645,2.53,,2023-10-14
3733,3935,25,B-005016,3.41,2000.0,2023-05-23
3734,2143,7,B-002737,4.33,2000.0,2023-03-16
3735,15189,24,B-019177,1.0,4000.0,2023-10-05
3736,10654,28,B-013498,4.17,4000.0,2023-01-03
3737,575,29,B-000750,2.9,2000.0,2023-11-28
3738,3834,2,B-004886,4.47,2000.0,2023-08-19
3739,12290,11,B-015540,0.6,6000.0,2023-02-09
3740,3736,33,B-004765,2.17,,2023-12-16
3741,13041,14,B-016511,3.51,6000.0,2023-11-22
3742,14651,22,B-018515,4.37,4000.0,2023-08-11
3743,15355,10,B-019393,4.61,6000.0,2023-09-22
3744,7737,17,B-009771,3.73,6000.0,2023-02-28
3745,6790,25,B-008588,2.14,6000.0,2023-11-19
3746,4341,14,B-005536,3.81,6000.0,2023-04-08
3747,12885,13,B-016306,4.0,,2023-01-16
3748,11507,30,B-014549,4.3,,2023-06-04
3749,8909,29,B-011253,2.87,2000.0,2023-09-22
3750,1695,31,B-002193,1.38,4000.0,2023-01-08
3751,13867,33,B-017545,2.45,6000.0,2023-06-22
3752,11676,35,B-014769,3.29,2000.0,2023-08-06
3753,6353,15,B-008032,4.19,2000.0,2023-04-26
3754,4609,4,B-005886,3.85,2000.0,2023-06-24
3755,9708,15,B-012290,4.5,,2023-09-18
3756,2438,2,B-003088,4.87,6000.0,2023-01-15
3757,2115,1,B-002702,1.2,6000.0,2023-10-20
3758,12285,28,B-015534,3.23,4000.0,2023-10-22
3759,14072,7,B-017798,1.24,6000.0,2023-04-12
3760,11897,7,B-015044,0.63,6000.0,2023-10-21
3761,10504,17,B-013304,3.57,2000.0,2023-04-06
3762,14466,29,B-018291,0.52,4000.0,2023-05-05
3763,236,24,B-000314,3.62,6000.0,2023-07-17
3764,13612,19,B-017228,4.02,,2023-01-19
3765,2896,34,B-003676,1.8,6000.0,2023-08-07
3766,9419,14,B-011914,2.51,2000.0,2023-04-19
3767,12752,14,B-016137,1.97,,2023-09-27
3768,1666,16,B-002150,4.37,2000.0,2023-04-25
3769,2734,15,B-003461,1.09,6000.0,2023-06-28
3770,9506,16,B-012028,2.6,,2023-07-25
3771,274,14,B-000360,3.16,4000.0,2023-04-02
3772,7648,15,B-009662,3.29,4000.0,2023-05-09
3773,6541,15,B-008268,2.81,,2023-05-19
3774,2171,17,B-002769,2.8,,2023-03-21
3775,1560,33,B-002018,0.62,2000.0,2023-07-20
3776,4707,1,B-006007,3.98,,2023-04-12
3777,9219,3,B-011651,3.7,2000.0,2023-11-05
3778,8435,8,B-010659,4.26,6000.0,2023-11-16
3779,10253,13,B-012979,1.78,2000.0,2023-12-04
3780,471,19,B-000613,3.81,,2023-04-16
3781,4821,11,B-006148,4.43,,2023-06-20
3782,11345,35,B-014362,2.37,6000.0,2023-05-24
3783,8308,16,B-010492,2.4,,2023-08-04
3784,3280,20,B-004191,0.63,,2023-03-25
3785,9983,8,B-012637,1.06,4000.0,2023-03-25
3786,6926,20,B-008762,1.39,4000.0,2023-02-10
3787,8083,1,B-010210,0.96,6000.0,2023-11-27
3788,611,28,B-000797,1.58,2000.0,2023-05-12
3789,7706,5,B-009731,4.66,4000.0,2023-03-04
3790,603,10,B-000786,1.42,2000.0,2023-11-16
3791,13680,6,B-017319,0.54,,2023-12-19
3792,1371,18,B-001772,0.86,4000.0,2023-02-12
3793,8472,3,B-010709,0.92,6000.0,2023-12-19
3794,10811,9,B-013699,0.71,6000.0,2023-10-22
3795,245,34,B-000324,2.86,6000.0,2023-09-17
3796,607,12,B-000791,0.65,4000.0,2023-06-26
3797,8949,24,B-011301,1.28,2000.0,2023-03-13
3798,13441,35,B-017014,3.8,,2023-12-07
3799,5374,10,B-006829,0.51,2000.0,2023-11-08
3800,5742,12,B-007280,3.45,2000.0,2023-02-18
3801,14973,12,B-018920,4.73,,2023-09-04
3802,1567,6,B-002025,4.47,,2023-03-24
3803,7097,27,B-008967,1.34,4000.0,2023-07-14
3804,3237,35,B-004141,4.32,4000.0,2023-05-15
3805,14987,24,B-018938,3.2,4000.0,2023-07-14
3806,9100,34,B-011500,0.92,4000.0,2023-12-18
3807,1955,11,B-002509,3.05,4000.0,2023-05-13
3808,2657,14,B-003367,3.24,,2023-10-20
3809,9016,3,B-011391,2.47,2000.0,2023-05-21
3810,15568,20,B-019652,4.07,4000.0,2023-10-25
3811,8175,27,B-010328,1.71,4000.0,2023-10-13
3812,115,4,B-000153,4.81,2000.0,2023-02-22
3813,13375,12,B-016924,1.59,4000.0,2023-11-21
3814,5427,19,B-006896,4.56,2000.0,2023-04-15
3815,8586,25,B-010841,0.74,2000.0,2023-07-22
3816,1282,30,B-001655,3.68,,2023-09-11
3817,14235,13,B-018009,1.98,6000.0,2023-07-22
3818,13285,2,B-016812,4.19,,2023-06-27
3819,3462,9,B-004424,2.02,6000.0,2023-12-05
3820,8078,7,B-010204,3.38,6000.0,2023-10-09
3821,14351,25,B-018149,0.66,6000.0,2023-07-04
3822,9084,33,B-011481,4.1,4000.0,2023-03-02
3823,1744,28,B-002248,1.63,,2023-12-04
3824,5401,1,B-006863,0.92,6000.0,2023-09-12
3825,10735,29,B-013610,1.56,2000.0,2023-06-28
3826,14571,2,B-018419,4.61,4000.0,2023-03-23
3827,1334,15,B-001719,3.7,,2023-04-06
3828,6627,13,B-008382,1.08,6000.0,2023-04-18
3829,9312,16,B-011777,2.77,2000.0,2023-02-24
3830,14622,13,B-018479,2.07,,2023-11-25
3831,1490,35,B-001929,3.19,,2023-06-28
3832,3631,19,B-004632,3.29,4000.0,2023-02-04
3833,1445,35,B-001868,1.37,,2023-05-28
3834,10157,27,B-012858,3.74,4000.0,2023-02-08
3835,1349,26,B-001742,4.9,6000.0,2023-02-13
3836,6455,9,B-008155,2.57,4000.0,2023-05-15
3837,2564,34,B-003255,3.24,2000.0,2023-08-10
3838,7897,34,B-009978,2.29,4000.0,2023-01-06
3839,2580,21,B-003273,2.03,2000.0,2023-01-14
3840,10070,20,B-012747,2.39,4000.0,2023-03-02
3841,3369,34,B-004309,1.15,,2023-12-11
3842,10747,17,B-013624,4.63,6000.0,2023-07-18
3843,6775,13,B-008572,3.98,2000.0,2023-03-03
3844,12598,14,B-015944,1.41,4000.0,2023-03-08
3845,2603,1,B-003305,4.64,4000.0,2023-01-21
3846,13402,1,B-016961,4.86,4000.0,2023-07-11
3847,9121,11,B-011526,1.35,,2023-02-23
3848,5275,14,B-006714,1.69,,2023-12-17
3849,14700,3,B-018577,3.08,2000.0,2023-03-24
3850,2056,26,B-002628,0.79,2000.0,2023-12-10
3851,493,12,B-000646,1.5,,2023-05-13
3852,7107,1,B-008981,1.57,2000.0,2023-06-16
3853,15212,1,B-019207,4.55,6000.0,2023-02-13
3854,13416,33,B-016983,0.93,6000.0,2023-08-01
3855,2689,32,B-003403,3.65,,2023-10-06
3856,8928,21,B-011276,3.04,2000.0,2023-08-03
3857,12095,8,B-015289,2.88,4000.0,2023-08-13
3858,6225,8,B-007876,4.86,6000.0,2023-10-08
3859,4242,29,B-005417,3.74,,2023-10-03
3860,3023,4,B-003843,3.43,2000.0,2023-08-19
3861,32,25,B-000045,0.63,,2023-10-23
3862,13374,33,B-016923,4.11,4000.0,2023-05-28
3863,8710,5,B-011005,1.41,6000.0,2023-06-15
3864,1136,29,B-001459,4.39,,2023-01-19
3865,12838,33,B-016242,4.46,,2023-06-14
3866,1401,20,B-001810,3.11,,2023-03-14
3867,10799,29,B-013685,3.46,4000.0,2023-12-27
3868,14673,30,B-018543,3.83,,2023-01-20
3869,8677,21,B-010962,4.3,4000.0,2023-01-27
3870,6407,30,B-008096,2.75,4000.0,2023-07-22
3871,1906,23,B-002444,3.51,4000.0,2023-12-17
3872,12300,9,B-015556,0.72,6000.0,2023-05-22
3873,1150,9,B-001476,0.95,6000.0,2023-10-11
3874,10089,10,B-012772,2.31,,2023-07-01
3875,6629,13,B-008384,2.13,,2023-12-26
3876,958,17,B-001230,2.09,6000.0,2023-02-07
3877,14087,1,B-017817,3.06,2000.0,2023-12-22
3878,9369,9,B-011856,3.24,6000.0,2023-06-02
3879,13288,28,B-016816,4.46,4000.0,2023-12-17
3880,11724,6,B-014824,1.09,6000.0,2023-02-16
3881,14733,13,B-018621,2.75,4000.0,2023-10-08
3882,8354,1,B-010557,3.55,,2023-06-21
3883,2980,31,B-003788,3.16,2000.0,2023-02-06
3884,5912,5,B-007484,0.78,,2023-07-09
3885,14093,10,B-017824,1.0,4000.0,2023-02-19
3886,3807,6,B-004851,1.58,4000.0,2023-01-07
3887,3384,30,B-004328,0.68,4000.0,2023-11-13
3888,13840,14,B-017509,4.29,2000.0,2023-03-14
3889,14933,23,B-018871,4.8,6000.0,2023-05-16
3890,1267,15,B-001636,4.35,,2023-10-07
3891,10521,35,B-013324,1.24,,2023-03-05
3892,2252,21,B-002863,4.7,6000.0,2023-04-19
3893,11312,32,B-014322,4.26,,2023-11-21
3894,494,28,B-000647,2.73,2000.0,2023-08-25
3895,11019,18,B-013964,1.45,,2023-11-11
3896,3734,25,B-004761,0.81,4000.0,2023-06-16
3897,4623,5,B-005902,3.29,6000.0,2023-09-02
3898,13732,24,B-017381,3.4,2000.0,2023-07-06
3899,8770,33,B-011089,4.22,6000.0,2023-08-01
3900,4021,14,B-005124,3.92,2000.0,2023-04-25
3901,5499,32,B-006980,4.36,4000.0,2023-12-19
3902,9567,11,B-012101,1.18,6000.0,2023-01-04
3903,15718,14,B-019841,3.27,,2023-10-20
3904,1212,17,B-001557,2.52,2000.0,2023-06-07
3905,12940,14,B-016375,0.95,6000.0,2023-06-23
3906,15354,13,B-019392,3.39,,2023-07-10
3907,11535,23,B-014587,4.59,6000.0,2023-05-14
3908,577,23,B-000752,2.04,6000.0,2023-05-26
3909,121,4,B-000159,1.62,6000.0,2023-05-01
3910,11015,13,B-013960,1.83,2000.0,2023-05-13
3911,15713,4,B-019835,4.67,,2023-05-16
3912,8611,28,B-010869,1.62,4000.0,2023-10-17
3913,13222,30,B-016731,2.26,2000.0,2023-06-05
3914,2194,30,B-002794,0.5,2000.0,2023-03-06
3915,4214,35,B-005385,2.22,2000.0,2023-01-20
3916,4584,3,B-005858,1.71,4000.0,2023-04-07
3917,11590,24,B-014656,1.13,,2023-06-20
3918,5649,30,B-007172,1.94,,2023-02-15
3919,12371,16,B-015649,3.05,,2023-12-11
3920,8065,22,B-010188,0.89,6000.0,2023-10-28
3921,3442,17,B-004396,3.12,6000.0,2023-10-09
3922,11374,15,B-014393,2.81,6000.0,2023-06-23
3923,9493,7,B-012011,1.78,4000.0,2023-03-14
3924,1188,2,B-001523,0.64,6000.0,2023-08-10
3925,15374,26,B-019419,3.66,4000.0,2023-07-20
3926,10544,15,B-013353,3.31,,2023-09-03
3927,12843,12,B-016250,1.61,6000.0,2023-07-15
3928,2363,2,B-002997,1.9,6000.0,2023-05-23
3929,1444,17,B-001866,1.17,2000.0,2023-02-18
3930,5154,29,B-006567,4.47,4000.0,2023-04-04
3931,5148,5,B-006558,4.49,,2023-04-10
3932,12460,22,B-015767,3.77,2000.0,2023-03-24
3933,5908,33,B-007480,0.87,2000.0,2023-04-25
3934,3485,23,B-004454,4.85,,2023-05-06
3935,10806,34,B-013693,2.63,2000.0,2023-01-10
3936,4961,19,B-006320,3.36,4000.0,2023-11-22
3937,13708,12,B-017353,3.69,4000.0,2023-08-10
3938,10997,28,B-013938,2.75,6000.0,2023-03-03
3939,6190,26,B-007836,4.29,2000.0,2023-01-01
3940,10348,34,B-013106,2.17,6000.0,2023-02-01
3941,5439,13,B-006910,1.12,2000.0,2023-05-06
3942,13798,10,B-017462,4.15,4000.0,2023-09-19
3943,11481,25,B-014519,3.89,4000.0,2023-12-23
3944,15512,21,B-019584,3.0,4000.0,2023-02-26
3945,2140,23,B-002733,2.22,2000.0,2023-04-22
3946,1433,23,B-001853,2.82,4000.0,2023-08-24
3947,1680,26,B-002172,4.57,2000.0,2023-08-25
3948,9030,21,B-011407,0.82,6000.0,2023-02-24
3949,9409,10,B-011902,3.43,2000.0,2023-06-08
3950,13258,31,B-016772,4.17,6000.0,2023-11-01
3951,12212,13,B-015442,3.98,2000.0,2023-05-19
3952,15753,35,B-019884,2.3,6000.0,2023-06-15
3953,2042,4,B-002612,3.96,4000.0,2023-04-18
3954,1319,27,B-001700,3.25,6000.0,2023-05-18
3955,5364,32,B-006817,2.17,4000.0,2023-06-11
3956,11811,16,B-014930,3.26,4000.0,2023-06-10
3957,13825,16,B-017493,3.86,6000.0,2023-02-01
3958,15273,6,B-019290,4.9,2000.0,2023-07-08
3959,10379,7,B-013145,3.8,2000.0,2023-05-03
3960,7381,13,B-009322,1.13,,2023-05-05
3961,8790,6,B-011115,4.14,2000.0,2023-01-23
3962,5655,24,B-007179,3.35,,2023-09-04
3963,2341,19,B-002970,4.43,2000.0,2023-10-21
3964,7927,21,B-010016,3.84,2000.0,2023-12-11
3965,4877,19,B-006222,1.93,4000.0,2023-10-14
3966,10085,34,B-012766,0.82,,2023-05-20
3967,4600,25,B-005876,4.98,2000.0,2023-09-13
3968,7928,23,B-010017,2.0,,2023-10-09
3969,358,29,B-000473,2.38,4000.0,2023-09-12
3970,15482,18,B-019548,2.75,4000.0,2023-05-03
3971,8878,33,B-011215,1.68,,2023-07-03
3972,11396,10,B-014418,4.07,4000.0,2023-04-06
3973,10843,30,B-013739,4.62,6000.0,2023-01-07
3974,9420,19,B-011916,1.65,6000.0,2023-12-07
3975,12602,31,B-015949,4.42,4000.0,2023-01-10
3976,11554,7,B-014611,1.05,6000.0,2023-06-12
3977,1658,3,B-002141,0.71,2000.0,2023-08-25
3978,6256,20,B-007915,2.11,,2023-12-15
3979,11926,19,B-015080,0.85,2000.0,2023-09-26
3980,6326,13,B-007998,2.71,,2023-08-24
3981,1432,8,B-001851,2.66,4000.0,2023-11-03
3982,11502,19,B-014543,1.5,2000.0,2023-08-21
3983,5296,23,B-006739,1.03,4000.0,2023-05-11
3984,5695,3,B-007221,4.23,4000.0,2023-11-24
3985,579,9,B-000754,4.54,,2023-01-16
3986,806,7,B-001038,2.07,,2023-08-26
3987,15557,2,B-019639,0.98,,2023-09-21
3988,8491,2,B-010732,2.13,2000.0,2023-05-27
3989,4040,31,B-005149,2.52,6000.0,2023-11-19
3990,155,2,B-000203,1.91,,2023-07-15
3991,9138,27,B-011544,0.84,,2023-06-07
3992,11236,9,B-014227,2.06,2000.0,2023-11-21
3993,8783,5,B-011108,1.7,,2023-01-15
3994,6799,14,B-008599,3.64,2000.0,2023-09-28
3995,9936,14,B-012576,1.24,4000.0,2023-12-24
3996,9625,19,B-012184,0.64,,2023-01-15
3997,7484,19,B-009448,1.9,,2023-02-04
3998,9372,22,B-011859,2.71,4000.0,2023-12-01
3999,7331,32,B-009258,2.98,4000.0,2023-07-16
4000,2893,18,B-003670,2.45,4000.0,2023-05-10
4001,12380,13,B-015660,0.87,,2023-01-04
4002,8686,15,B-010975,1.21,6000.0,2023-08-25
4003,11299,28,B-014306,3.9,6000.0,2023-08-08
4004,4347,19,B-005543,2.89,6000.0,2023-10-28
4005,6722,11,B-008505,3.38,,2023-01-09
4006,13945,21,B-017642,3.18,4000.0,2023-12-17
4007,8929,20,B-011277,2.6,,2023-05-28
4008,9082,14,B-011479,4.9,4000.0,2023-04-05
4009,8018,34,B-010130,4.17,,2023-02-17
4010,1215,17,B-001561,2.64,,2023-01-08
4011,5585,32,B-007092,3.78,4000.0,2023-03-12
4012,8587,4,B-010842,1.44,6000.0,2023-03-11
4013,9413,18,B-011906,0.83,4000.0,2023-06-09
4014,3183,16,B-004073,0.62,2000.0,2023-01-16
4015,6239,16,B-007896,0.74,2000.0,2023-01-12
4016,13085,19,B-016568,2.47,4000.0,2023-04-24
4017,8616,1,B-010875,1.92,,2023-07-04
4018,8766,17,B-011081,3.3,2000.0,2023-12-20
4019,8321,31,B-010509,4.33,2000.0,2023-06-11
4020,4950,25,B-006306,2.91,,2023-03-13
4021,13908,14,B-017602,1.71,,2023-10-19
4022,15827,31,B-019978,2.06,6000.0,2023-06-19
4023,10683,21,B-013541,4.77,,2023-12-21
4024,7244,3,B-009148,4.67,4000.0,2023-08-11
4025,11558,26,B-014616,3.14,4000.0,2023-11-27
4026,7949,8,B-010042,4.2,6000.0,2023-03-12
4027,696,22,B-000895,2.67,2000.0,2023-05-25
4028,147,32,B-000191,1.88,2000.0,2023-05-26
4029,8346,28,B-010542,2.8,,2023-03-13
4030,12110,31,B-015309,2.14,4000.0,2023-04-16
4031,2011,9,B-002572,3.03,2000.0,2023-11-28
4032,6553,35,B-008284,1.13,6000.0,2023-01-28
4033,10976,33,B-013908,4.9,6000.0,2023-12-07
4034,6071,10,B-007689,4.16,4000.0,2023-03-27
4035,11013,33,B-013958,4.78,6000.0,2023-06-22
4036,14311,16,B-018100,3.98,6000.0,2023-04-05
4037,11252,1,B-014245,4.0,4000.0,2023-05-08
4038,13866,15,B-017544,2.57,,2023-10-12
4039,955,20,B-001227,2.75,,2023-05-19
4040,9728,6,B-012312,3.22,6000.0,2023-12-12
4041,6375,5,B-008056,1.28,,2023-12-07
4042,14573,16,B-018421,4.38,,2023-03-15
4043,3101,16,B-003947,1.76,6000.0,2023-01-06
4044,4245,25,B-005422,0.96,,2023-07-27
4045,12561,32,B-015895,0.68,6000.0,2023-12-13
4046,3575,3,B-004558,1.54,2000.0,2023-02-04
4047,634,29,B-000825,4.12,4000.0,2023-09-23
4048,6569,23,B-008306,2.1,4000.0,2023-09-23
4049,15846,19,B-020000,2.67,,2023-05-06
4050,7141,25,B-009020,4.6,,2023-04-27
4051,8345,9,B-010541,1.47,,2023-07-25
4052,4861,22,B-006204,0.51,4000.0,2023-08-25
4053,5183,23,B-006608,4.79,2000.0,2023-12-17
4054,10576,4,B-013388,4.87,2000.0,2023-06-07
4055,3031,13,B-003851,0.62,4000.0,2023-03-01
4056,14969,24,B-018916,0.73,2000.0,2023-10-07
4057,5941,21,B-007522,0.97,4000.0,2023-03-20
4058,5740,11,B-007278,0.89,2000.0,2023-05-17
4059,10365,3,B-013128,4.61,6000.0,2023-06-20
4060,7435,29,B-009389,0.5,6000.0,2023-01-16
4061,5792,20,B-007342,4.42,4000.0,2023-02-17
4062,12887,32,B-016309,3.98,2000.0,2023-03-08
4063,11073,25,B-014035,4.52,,2023-09-24
4064,6463,9,B-008167,3.29,2000.0,2023-04-06
4065,5780,24,B-007325,4.39,6000.0,2023-10-10
4066,4067,30,B-005179,1.49,6000.0,2023-01-02
4067,1502,8,B-001945,2.07,2000.0,2023-12-26
4068,6451,13,B-008149,4.96,2000.0,2023-10-11
4069,9646,16,B-012210,2.47,,2023-04-13
4070,8469,6,B-010705,1.3,,2023-07-11
4071,13428,16,B-016998,3.43,2000.0,2023-05-25
4072,1304,2,B-001682,4.58,2000.0,2023-03-04
4073,12836,13,B-016239,3.22,2000.0,2023-04-28
4074,5310,35,B-006756,2.49,2000.0,2023-11-18
4075,450,6,B-000588,3.63,4000.0,2023-06-18
4076,14796,2,B-018698,0.89,2000.0,2023-07-21
4077,14442,10,B-018265,0.91,,2023-08-20
4078,2,34,B-000003,1.93,6000.0,2023-08-16
4079,14218,28,B-017986,0.99,4000.0,2023-12-09
4080,14345,5,B-018138,4.67,2000.0,2023-05-08
4081,10247,8,B-012973,2.67,6000.0,2023-10-07
4082,14337,4,B-018130,2.18,4000.0,2023-10-06
4083,12471,10,B-015781,0.73,6000.0,2023-04-22
4084,8028,23,B-010143,1.03,2000.0,2023-06-13
4085,8271,11,B-010446,1.62,2000.0,2023-01-18
4086,3914,3,B-004991,4.04,,2023-02-12
4087,13521,21,B-017114,0.53,2000.0,2023-09-26
4088,6587,27,B-008329,2.92,2000.0,2023-07-21
4089,7296,26,B-009214,1.71,4000.0,2023-04-27
4090,2676,7,B-003390,2.45,,2023-09-09
4091,13386,8,B-016938,0.62,4000.0,2023-08-26
4092,13182,26,B-016687,0.95,6000.0,2023-05-26
4093,5905,34,B-007475,4.03,2000.0,2023-12-19
4094,12311,18,B-015571,4.51,6000.0,2023-05-07
4095,4379,4,B-005585,4.6,4000.0,2023-08-14
4096,4665,22,B-005954,3.69,2000.0,2023-05-27
4097,10671,27,B-013522,2.47,2000.0,2023-02-17
4098,691,20,B-000890,0.8,4000.0,2023-03-16
4099,10569,15,B-013379,3.77,4000.0,2023-10-17
4100,2883,15,B-003653,3.59,4000.0,2023-03-03
4101,12682,23,B-016049,4.1,4000.0,2023-03-04
4102,5882,2,B-007446,1.05,4000.0,2023-03-22
4103,4262,27,B-005440,4.01,2000.0,2023-07-15
4104,7270,11,B-009178,2.21,4000.0,2023-01-10
4105,13644,2,B-017268,0.88,2000.0,2023-02-13
4106,8037,31,B-010155,4.04,2000.0,2023-11-15
4107,13877,7,B-017555,2.23,4000.0,2023-05-16
4108,13448,7,B-017023,4.68,4000.0,2023-11-05
4109,9285,10,B-011742,0.82,,2023-06-02
4110,8523,35,B-010768,1.1,2000.0,2023-09-17
4111,4664,13,B-005953,1.74,4000.0,2023-03-01
4112,9278,10,B-011730,1.27,4000.0,2023-09-15
4113,5855,21,B-007415,0.66,4000.0,2023-07-26
4114,1446,11,B-001869,3.13,,2023-04-06
4115,1240,18,B-001597,1.35,,2023-10-27
4116,9829,34,B-012441,1.0,6000.0,2023-09-09
4117,8547,29,B-010796,2.85,2000.0,2023-06-12
4118,14755,19,B-018647,0.97,6000.0,2023-02-09
4119,13527,24,B-017121,2.55,4000.0,2023-09-07
4120,4385,2,B-005593,1.4,,2023-09-15
4121,4557,18,B-005819,4.8,,2023-10-14
4122,15084,34,B-019051,3.09,6000.0,2023-12-24
4123,8222,12,B-010382,4.66,,2023-06-22
4124,12487,4,B-015802,3.87,4000.0,2023-02-25
4125,12693,10,B-016061,2.62,,2023-12-06
4126,3754,24,B-004784,1.78,6000.0,2023-07-17
4127,7102,1,B-008974,1.36,4000.0,2023-08-19
4128,14523,28,B-018365,3.23,6000.0,2023-01-22
4129,4805,2,B-006126,4.27,,2023-04-18
4130,9103,9,B-011504,3.07,6000.0,2023-11-09
4131,14301,5,B-018087,4.17,6000.0,2023-12-09
4132,576,6,B-000751,2.41,2000.0,2023-04-21
4133,11618,34,B-014695,2.85,,2023-05-07
4134,2106,19,B-002690,0.91,,2023-05-01
4135,15611,34,B-019706,3.18,6000.0,2023-09-27
4136,1785,35,B-002302,2.88,2000.0,2023-04-25
4137,10632,5,B-013466,3.86,,2023-04-24
4138,9288,34,B-011745,3.38,4000.0,2023-10-20
4139,9614,9,B-012166,1.41,6000.0,2023-01-20
4140,9348,27,B-011823,3.55,,2023-12-23
4141,12915,34,B-016345,3.39,4000.0,2023-08-14
4142,1360,5,B-001753,2.5,,2023-08-08
4143,3256,3,B-004167,2.61,4000.0,2023-02-06
4144,7922,4,B-010009,4.09,6000.0,2023-10-24
4145,2533,19,B-003210,4.83,,2023-06-02
4146,2428,16,B-003073,3.06,,2023-07-06
4147,1527,11,B-001979,3.4,2000.0,2023-06-17
4148,13388,22,B-016941,1.47,6000.0,2023-10-03
4149,14450,19,B-018273,4.64,4000.0,2023-12-20
4150,5058,17,B-006438,3.64,,2023-06-11
4151,2789,9,B-003533,0.88,,2023-12-03
4152,5916,6,B-007489,4.35,4000.0,2023-12-22
4153,10663,2,B-013510,1.35,6000.0,2023-05-07
4154,10113,7,B-012803,3.04,2000.0,2023-07-19
4155,12868,18,B-016285,2.59,2000.0,2023-03-06
4156,9287,8,B-011744,2.58,,2023-01-28
4157,4342,15,B-005537,1.94,4000.0,2023-08-04
4158,1368,28,B-001766,1.48,,2023-01-02
4159,9800,26,B-012406,4.89,4000.0,2023-06-17
4160,5342,10,B-006791,1.99,2000.0,2023-07-12
4161,585,6,B-000762,2.58,6000.0,2023-01-08
4162,12011,35,B-015182,1.33,4000.0,2023-05-27
4163,8217,4,B-010376,2.36,2000.0,2023-09-10
4164,10830,30,B-013722,2.0,,2023-08-11
4165,8716,13,B-011013,4.18,4000.0,2023-09-12
4166,7637,16,B-009648,3.06,6000.0,2023-07-12
4167,1561,1,B-002019,0.56,,2023-11-25
4168,9993,21,B-012651,1.32,,2023-07-24
4169,12661,32,B-016025,1.22,2000.0,2023-03-11
4170,5825,18,B-007382,3.15,4000.0,2023-06-27
4171,5920,24,B-007494,0.7,,2023-02-10
4172,8542,20,B-010789,4.31,6000.0,2023-01-18
4173,7642,30,B-009656,3.02,4000.0,2023-02-01
4174,12385,24,B-015667,4.91,6000.0,2023-04-20
4175,6534,20,B-008261,4.54,,2023-09-09
4176,1708,29,B-002206,3.16,6000.0,2023-06-07
4177,12480,28,B-015792,3.47,2000.0,2023-11-10
4178,6469,13,B-008173,2.78,6000.0,2023-05-10
4179,50,7,B-000072,3.6,4000.0,2023-04-14
4180,6870,27,B-008690,2.83,6000.0,2023-09-06
4181,9534,5,B-012063,1.31,6000.0,2023-11-14
4182,610,23,B-000796,3.05,2000.0,2023-03-07
4183,7176,20,B-009065,1.6,6000.0,2023-05-23
4184,12121,6,B-015325,1.25,6000.0,2023-01-24
4185,15038,32,B-018995,1.63,,2023-07-14
4186,10846,7,B-013744,3.85,,2023-02-18
4187,7598,28,B-009587,2.76,4000.0,2023-09-13
4188,6254,14,B-007913,3.27,,2023-03-09
4189,11982,33,B-015145,3.89,,2023-11-26
4190,12576,1,B-015913,4.1,,2023-04-22
4191,10110,31,B-012798,1.53,,2023-11-08
4192,11937,16,B-015093,3.11,2000.0,2023-04-09
4193,11796,11,B-014913,4.05,,2023-04-16
4194,2288,13,B-002904,3.24,2000.0,2023-01-03
4195,8974,23,B-011335,1.31,2000.0,2023-01-21
4196,7513,20,B-009480,4.68,,2023-04-27
4197,2236,7,B-002846,1.81,6000.0,2023-01-19
4198,9462,22,B-011969,3.18,2000.0,2023-07-16
4199,15392,22,B-019439,4.54,6000.0,2023-04-04
4200,1630,9,B-002104,3.64,6000.0,2023-01-01
4201,13531,27,B-017128,3.88,,2023-02-15
4202,4985,4,B-006348,4.19,4000.0,2023-03-10
4203,8528,31,B-010773,2.8,,2023-08-04
4204,14039,1,B-017757,1.87,4000.0,2023-10-04
4205,7864,17,B-009932,3.6,4000.0,2023-08-01
4206,13608,19,B-017224,0.65,,2023-05-02
4207,4140,26,B-005274,2.84,,2023-09-24
4208,6533,24,B-008260,1.3,4000.0,2023-04-06
4209,11416,17,B-014441,4.42,,2023-04-06
4210,4947,33,B-006303,3.81,4000.0,2023-06-06
4211,5398,8,B-006860,0.69,6000.0,2023-03-03
4212,12776,21,B-016163,1.81,,2023-09-24
4213,11869,25,B-015007,2.3,6000.0,2023-09-04
4214,8984,17,B-011347,4.23,2000.0,2023-09-14
4215,9869,19,B-012491,2.78,6000.0,2023-05-25
4216,3179,23,B-004068,0.68,6000.0,2023-10-10
4217,3510,18,B-004483,1.44,4000.0,2023-01-10
4218,5120,27,B-006519,4.01,6000.0,2023-01-22
4219,4404,3,B-005618,2.76,,2023-03-18
4220,3781,35,B-004820,2.77,4000.0,2023-07-15
4221,5859,13,B-007420,4.98,2000.0,2023-11-15
4222,15474,7,B-019538,2.79,,2023-06-11
4223,1689,27,B-002186,3.18,2000.0,2023-08-08
4224,1758,19,B-002264,3.6,6000.0,2023-04-05
4225,5317,27,B-006763,1.65,,2023-07-07
4226,7822,4,B-009872,2.14,,2023-03-10
4227,9075,26,B-011470,4.24,2000.0,2023-08-26
4228,11486,30,B-014524,1.72,,2023-06-26
4229,12986,8,B-016431,4.78,,2023-11-22
4230,6637,18,B-008394,3.47,,2023-01-10
4231,3844,31,B-004898,3.46,6000.0,2023-02-19
4232,10901,28,B-013813,2.01,2000.0,2023-07-16
4233,9095,7,B-011494,1.08,,2023-10-13
4234,7103,29,B-008976,2.52,4000.0,2023-05-11
4235,11132,30,B-014102,3.91,4000.0,2023-01-05
4236,4036,20,B-005144,4.93,4000.0,2023-04-10
4237,9228,8,B-011664,1.95,4000.0,2023-04-24
4238,9543,20,B-012073,1.32,6000.0,2023-05-17
4239,12123,11,B-015328,1.29,,2023-08-06
4240,7181,24,B-009070,4.51,2000.0,2023-11-01
4241,8207,23,B-010365,2.76,,2023-11-14
4242,2812,24,B-003561,2.23,6000.0,2023-09-10
4243,2593,32,B-003292,3.75,4000.0,2023-07-26
4244,2715,5,B-003436,2.99,6000.0,2023-11-15
4245,8098,7,B-010227,4.91,,2023-04-27
4246,9259,34,B-011705,3.34,2000.0,2023-01-28
4247,12730,16,B-016105,1.03,6000.0,2023-12-05
4248,8907,18,B-011250,3.6,2000.0,2023-06-06
4249,14401,6,B-018216,1.32,6000.0,2023-04-07
4250,12492,1,B-015809,4.1,2000.0,2023-02-24
4251,8719,31,B-011017,0.88,2000.0,2023-02-15
4252,1681,3,B-002174,3.05,4000.0,2023-08-21
4253,9210,35,B-011640,1.85,2000.0,2023-11-25
4254,14210,31,B-017977,0.84,4000.0,2023-10-04
4255,12411,17,B-015702,3.39,,2023-03-09
4256,2297,4,B-002914,4.96,,2023-03-09
4257,6530,8,B-008256,3.3,4000.0,2023-09-16
4258,14372,1,B-018175,1.58,4000.0,2023-01-02
4259,9004,9,B-011376,3.43,6000.0,2023-09-08
4260,8261,32,B-010435,4.54,6000.0,2023-01-11
4261,4147,9,B-005282,3.83,6000.0,2023-02-01
4262,9209,15,B-011639,4.78,,2023-12-16
4263,1461,12,B-001891,1.26,6000.0,2023-04-24
4264,15208,28,B-019201,3.34,2000.0,2023-01-14
4265,15301,6,B-019324,0.62,2000.0,2023-10-21
4266,7295,6,B-009213,0.96,6000.0,2023-03-26
4267,6221,30,B-007871,3.33,2000.0,2023-07-11
4268,7568,27,B-009549,0.88,,2023-10-01
4269,7401,16,B-009350,4.96,2000.0,2023-02-14
4270,12215,26,B-015445,4.92,,2023-03-18
4271,8655,12,B-010931,4.83,4000.0,2023-11-05
4272,9206,17,B-011635,1.69,4000.0,2023-12-20
4273,5382,35,B-006840,3.93,4000.0,2023-10-20
4274,14132,8,B-017872,3.41,4000.0,2023-05-03
4275,14810,32,B-018719,1.5,2000.0,2023-08-06
4276,11581,34,B-014646,3.73,6000.0,2023-06-19
4277,10878,1,B-013786,3.2,2000.0,2023-08-11
4278,6914,11,B-008748,3.24,,2023-03-19
4279,3673,21,B-004685,3.47,2000.0,2023-10-21
4280,11360,12,B-014377,2.61,2000.0,2023-12-21
4281,10955,16,B-013883,2.91,,2023-06-01
4282,5448,32,B-006921,2.03,4000.0,2023-07-24
4283,10459,29,B-013244,3.35,4000.0,2023-10-21
4284,13906,4,B-017600,2.11,4000.0,2023-11-15
4285,6768,7,B-008565,0.89,6000.0,2023-02-17
4286,1352,35,B-001745,4.27,,2023-05-04
4287,15309,14,B-019333,1.82,,2023-09-12
4288,4895,21,B-006241,4.1,2000.0,2023-11-08
4289,1852,11,B-002382,1.99,6000.0,2023-08-24
4290,15831,6,B-019982,1.95,4000.0,2023-04-16
4291,8690,33,B-010982,3.77,6000.0,2023-12-05
4292,721,3,B-000928,3.85,,2023-05-14
4293,2583,9,B-003276,4.12,,2023-03-28
4294,14654,23,B-018518,1.29,2000.0,2023-05-19
4295,9710,10,B-012292,1.65,2000.0,2023-10-19
4296,10168,28,B-012871,0.67,,2023-01-02
4297,2064,33,B-002637,4.74,4000.0,2023-05-05
4298,3682,6,B-004696,1.5,4000.0,2023-12-18
4299,8861,3,B-011197,2.67,6000.0,2023-12-08
4300,3207,3,B-004106,3.75,,2023-12-06
4301,1868,29,B-002400,2.29,,2023-04-07
4302,10854,33,B-013753,2.87,4000.0,2023-04-15
4303,15341,20,B-019373,4.98,4000.0,2023-04-22
4304,8959,25,B-011315,3.26,,2023-08-03
4305,10153,4,B-012851,1.81,2000.0,2023-02-17
4306,14880,31,B-018809,0.74,,2023-03-22
4307,2637,29,B-003343,4.6,,2023-09-02
4308,9754,23,B-012347,2.37,4000.0,2023-12-24
4309,7015,6,B-008867,1.58,4000.0,2023-07-11
4310,402,9,B-000530,3.28,2000.0,2023-01-07
4311,13391,33,B-016947,4.13,2000.0,2023-12-09
4312,10532,24,B-013338,4.56,6000.0,2023-03-13
4313,5856,25,B-007416,0.72,,2023-10-24
4314,1303,19,B-001680,3.55,4000.0,2023-02-10
4315,7988,14,B-010095,1.14,2000.0,2023-05-01
4316,11231,10,B-014222,0.98,6000.0,2023-11-04
4317,14516,31,B-018354,0.98,6000.0,2023-07-10
4318,9579,34,B-012116,4.45,4000.0,2023-10-15
4319,13257,34,B-016771,4.21,4000.0,2023-03-12
4320,11189,23,B-014170,1.43,6000.0,2023-08-25
4321,15139,17,B-019114,3.95,2000.0,2023-10-03
4322,14580,31,B-018428,3.31,6000.0,2023-02-24
4323,8392,32,B-010603,1.82,,2023-05-14
4324,7282,33,B-009196,0.83,,2023-06-06
4325,15439,31,B-019494,3.82,4000.0,2023-07-16
4326,3061,12,B-003893,2.76,2000.0,2023-08-25
4327,6620,13,B-008371,2.19,2000.0,2023-01-24
4328,14853,21,B-018771,3.84,,2023-09-23
4329,10313,29,B-013056,4.55,6000.0,2023-01-27
4330,15762,13,B-019895,3.53,4000.0,2023-02-14
4331,9029,16,B-011406,1.07,6000.0,2023-11-24
4332,3696,18,B-004713,1.3,6000.0,2023-06-10
4333,8989,22,B-011354,1.41,6000.0,2023-03-25
4334,8627,7,B-010888,0.91,2000.0,2023-06-22
4335,591,28,B-000770,2.79,,2023-06-12
4336,12009,9,B-015180,2.37,2000.0,2023-07-14
4337,14221,31,B-017992,3.86,,2023-07-09
4338,4987,6,B-006350,1.91,4000.0,2023-12-14
4339,5372,17,B-006826,2.37,4000.0,2023-04-06
4340,12948,19,B-016383,2.18,6000.0,2023-10-13
4341,8889,30,B-011226,2.43,,2023-10-15
4342,4020,31,B-005123,3.11,,2023-09-10
4343,7163,14,B-009047,3.23,,2023-07-24
4344,13745,24,B-017399,2.73,6000.0,2023-01-09
4345,15823,25,B-019973,1.31,6000.0,2023-06-27
4346,14653,18,B-018517,1.1,4000.0,2023-05-13
4347,3216,27,B-004118,0.91,2000.0,2023-09-28
4348,2624,10,B-003328,4.27,,2023-06-22
4349,14711,5,B-018590,1.17,,2023-04-01
4350,11244,6,B-014236,2.09,2000.0,2023-08-12
4351,14510,7,B-018345,4.1,,2023-01-26
4352,11129,31,B-014098,1.48,6000.0,2023-12-06
4353,11262,11,B-014257,2.86,6000.0,2023-12-15
4354,14859,31,B-018778,4.07,,2023-03-22
4355,10726,21,B-013599,2.82,6000.0,2023-03-01
4356,2911,34,B-003696,2.43,6000.0,2023-11-23
4357,11814,3,B-014934,3.48,,2023-09-11
4358,8224,24,B-010384,3.7,4000.0,2023-02-21
4359,14496,23,B-018330,0.64,2000.0,2023-04-21
4360,9198,7,B-011626,3.74,6000.0,2023-10-10
4361,8399,11,B-010611,4.78,4000.0,2023-06-19
4362,13987,15,B-017693,2.71,6000.0,2023-01-23
4363,9772,22,B-012372,0.64,6000.0,2023-04-16
4364,7633,1,B-009641,3.84,2000.0,2023-11-07
4365,7089,20,B-008956,3.6,6000.0,2023-12-11
4366,15546,6,B-019626,0.75,2000.0,2023-07-17
4367,7831,9,B-009886,1.98,2000.0,2023-05-28
4368,14011,35,B-017720,1.22,2000.0,2023-12-20
4369,10046,15,B-012717,0.52,4000.0,2023-12-03
4370,9387,2,B-011877,1.71,,2023-02-08
4371,2501,7,B-003171,2.36,4000.0,2023-06-05
4372,12580,15,B-015918,4.12,,2023-07-04
4373,5800,2,B-007354,4.17,,2023-03-19
4374,2290,31,B-002907,4.34,2000.0,2023-05-24
4375,8851,2,B-011185,4.39,6000.0,2023-02-24
4376,951,34,B-001221,3.31,2000.0,2023-01-25
4377,13970,26,B-017671,3.17,6000.0,2023-12-13
4378,2238,8,B-002848,3.43,,2023-12-26
4379,14101,1,B-017834,2.23,2000.0,2023-01-04
4380,6653,35,B-008419,3.99,6000.0,2023-11-08
4381,1510,6,B-001956,1.11,4000.0,2023-11-05
4382,4845,29,B-006181,3.7,6000.0,2023-09-18
4383,510,16,B-000666,2.28,2000.0,2023-08-14
4384,15679,21,B-019793,2.5,4000.0,2023-05-25
4385,15841,33,B-019995,2.39,6000.0,2023-01-15
4386,7222,16,B-009120,3.47,6000.0,2023-06-16
4387,3385,35,B-004330,2.7,6000.0,2023-01-11
4388,1652,33,B-002132,0.84,6000.0,2023-05-24
4389,13733,27,B-017382,4.94,6000.0,2023-09-21
4390,7585,12,B-009569,0.73,4000.0,2023-06-17
4391,15634,15,B-019736,4.91,,2023-03-19
4392,3268,22,B-004179,1.72,4000.0,2023-08-25
4393,14879,15,B-018808,2.82,4000.0,2023-05-01
4394,4241,18,B-005416,3.24,4000.0,2023-08-25
4395,6032,27,B-007641,4.85,,2023-01-15
4396,9200,25,B-011628,2.48,2000.0,2023-12-08
4397,12147,31,B-015360,1.54,,2023-10-21
4398,1980,26,B-002537,2.89,4000.0,2023-10-13
4399,501,13,B-000655,2.08,6000.0,2023-03-22
4400,1963,12,B-002519,2.11,6000.0,2023-02-04
4401,12036,18,B-015215,3.21,4000.0,2023-12-01
4402,4149,35,B-005286,2.52,6000.0,2023-10-24
4403,15732,26,B-019858,2.94,4000.0,2023-08-22
4404,642,6,B-000834,4.97,6000.0,2023-07-27
4405,13469,23,B-017049,4.53,,2023-02-07
4406,12087,31,B-015277,2.62,2000.0,2023-04-18
4407,8113,9,B-010247,0.6,2000.0,2023-02-17
4408,7983,24,B-010087,3.35,,2023-11-27
4409,10903,8,B-013815,1.25,,2023-01-16
4410,8590,17,B-010845,1.03,4000.0,2023-04-27
4411,3871,16,B-004935,4.23,4000.0,2023-07-27
4412,6359,8,B-008038,4.02,4000.0,2023-11-18
4413,10224,19,B-012942,2.89,6000.0,2023-08-11
4414,7429,8,B-009383,4.59,4000.0,2023-04-22
4415,7135,27,B-009014,2.67,,2023-10-28
4416,4592,23,B-005867,1.29,2000.0,2023-06-11
4417,932,9,B-001195,1.66,6000.0,2023-06-04
4418,10148,31,B-012846,2.1,4000.0,2023-12-10
4419,9174,31,B-011595,1.16,6000.0,2023-06-05
4420,4088,6,B-005208,0.72,6000.0,2023-02-27
4421,6806,14,B-008609,1.92,4000.0,2023-07-16
4422,2844,34,B-003604,1.94,6000.0,2023-07-10
4423,2376,6,B-003013,3.88,2000.0,2023-09-01
4424,14409,12,B-018226,4.37,,2023-04-09
4425,875,10,B-001118,4.79,,2023-01-08
4426,10179,31,B-012883,3.6,2000.0,2023-04-25
4427,6549,12,B-008277,2.12,6000.0,2023-05-25
4428,12681,2,B-016048,4.46,4000.0,2023-06-24
4429,5363,11,B-006815,2.31,6000.0,2023-09-18
4430,7043,27,B-008898,4.98,2000.0,2023-12-28
4431,6957,20,B-008799,3.86,6000.0,2023-07-25
4432,12587,23,B-015928,2.2,,2023-08-24
4433,13482,33,B-017066,4.52,6000.0,2023-04-21
4434,4488,11,B-005725,2.61,2000.0,2023-08-25
4435,2861,22,B-003625,4.08,,2023-03-06
4436,11444,32,B-014474,1.13,6000.0,2023-12-01
4437,2760,7,B-003496,3.8,6000.0,2023-09-12
4438,12717,32,B-016089,1.93,,2023-09-08
4439,4260,18,B-005438,1.51,4000.0,2023-04-06
4440,14605,15,B-018457,0.54,,2023-08-19
4441,14789,12,B-018690,4.23,4000.0,2023-09-19
4442,3772,10,B-004810,4.07,2000.0,2023-01-17
4443,14178,6,B-017930,2.24,2000.0,2023-11-07
4444,9744,31,B-012332,4.74,,2023-03-07
4445,12633,29,B-015992,1.3,,2023-10-26
4446,6872,35,B-008692,2.27,2000.0,2023-02-13
4447,6147,24,B-007781,0.69,4000.0,2023-08-06
4448,7283,7,B-009197,1.43,2000.0,2023-07-10
4449,10652,28,B-013496,3.5,,2023-05-19
4450,15610,18,B-019705,1.64,2000.0,2023-11-23
4451,8422,21,B-010639,0.93,,2023-12-23
4452,109,16,B-000145,4.93,,2023-03-17
4453,14441,32,B-018264,2.9,2000.0,2023-06-15
4454,8675,4,B-010960,0.97,4000.0,2023-01-17
4455,4445,31,B-005669,3.98,6000.0,2023-12-02
4456,5762,28,B-007302,3.16,2000.0,2023-11-04
4457,3092,8,B-003938,4.23,6000.0,2023-10-04
4458,11720,4,B-014820,4.84,2000.0,2023-07-13
4459,8331,13,B-010523,1.49,6000.0,2023-03-03
4460,7961,10,B-010055,1.73,4000.0,2023-04-25
4461,11901,14,B-015051,4.31,4000.0,2023-01-15
4462,8057,30,B-010177,3.9,2000.0,2023-10-17
4463,3130,1,B-003995,3.37,,2023-12-01
4464,13614,10,B-017230,4.69,6000.0,2023-11-07
4465,8849,17,B-011183,1.93,,2023-05-24
4466,11475,30,B-014511,3.91,,2023-03-06
4467,4129,27,B-005259,0.71,,2023-10-28
4468,4902,5,B-006249,1.04,4000.0,2023-03-14
4469,12477,10,B-015788,2.65,2000.0,2023-04-23
4470,10305,19,B-013046,1.83,2000.0,2023-01-08
4471,12246,23,B-015483,1.63,4000.0,2023-07-27
4472,1437,20,B-001858,1.77,4000.0,2023-01-25
4473,4964,21,B-006323,3.18,2000.0,2023-10-09
4474,3290,20,B-004204,2.86,,2023-04-08
4475,7001,29,B-008852,1.79,6000.0,2023-07-21
4476,15761,34,B-019894,4.15,6000.0,2023-06-02
4477,3633,32,B-004634,0.98,6000.0,2023-10-01
4478,13796,2,B-017460,1.27,,2023-01-20
4479,11812,28,B-014932,1.54,2000.0,2023-02-23
4480,6693,30,B-008469,3.71,4000.0,2023-01-07
4481,10636,33,B-013470,3.6,2000.0,2023-09-13
4482,13797,3,B-017461,1.82,,2023-05-20
4483,4817,4,B-006144,1.49,4000.0,2023-07-24
4484,6660,28,B-008427,1.68,,2023-03-01
4485,10385,16,B-013154,2.75,6000.0,2023-03-12
4486,6593,19,B-008336,1.77,6000.0,2023-05-07
4487,5761,34,B-007301,3.23,,2023-12-11
4488,6306,11,B-007976,2.44,4000.0,2023-09-10
4489,13220,28,B-016729,2.3,4000.0,2023-09-03
4490,13066,9,B-016543,1.6,2000.0,2023-07-09
4491,11638,23,B-014718,3.9,6000.0,2023-04-01
4492,8446,25,B-010675,3.2,2000.0,2023-03-24
4493,2485,7,B-003155,3.2,2000.0,2023-09-27
4494,4120,9,B-005249,3.29,,2023-10-16
4495,6654,31,B-008420,1.41,,2023-11-15
4496,14346,9,B-018141,2.56,2000.0,2023-02-20
4497,1224,31,B-001573,2.01,6000.0,2023-08-15
4498,2149,21,B-002743,3.98,,2023-05-01
4499,10007,3,B-012671,4.57,2000.0,2023-12-19
4500,6971,16,B-008815,1.82,2000.0,2023-02-23
4501,6906,13,B-008737,1.75,2000.0,2023-04-02
4502,89,11,B-000121,4.54,2000.0,2023-09-22
4503,8135,15,B-010272,4.79,2000.0,2023-10-19
4504,14909,16,B-018841,2.35,2000.0,2023-05-25
4505,2730,30,B-003454,4.99,,2023-12-14
4506,8691,8,B-010983,4.14,6000.0,2023-12-06
4507,8164,30,B-010314,1.25,2000.0,2023-08-25
4508,10011,12,B-012675,3.1,4000.0,2023-11-19
4509,15432,30,B-019487,1.81,,2023-12-23
4510,11191,5,B-014172,2.16,,2023-08-23
4511,8892,21,B-011230,2.88,2000.0,2023-06-19
4512,14893,7,B-018823,3.3,,2023-05-09
4513,10805,16,B-013692,0.66,2000.0,2023-08-12
4514,1321,6,B-001703,0.73,6000.0,2023-07-10
4515,14699,26,B-018575,3.13,6000.0,2023-09-24
4516,6967,23,B-008811,3.87,,2023-05-05
4517,10710,9,B-013579,3.15,,2023-08-19
4518,9111,20,B-011514,3.39,4000.0,2023-10-16
4519,11377,24,B-014396,1.95,,2023-05-15
4520,9600,1,B-012147,3.66,4000.0,2023-11-24
4521,10032,34,B-012701,4.28,6000.0,2023-06-07
4522,5617,20,B-007131,3.62,6000.0,2023-08-15
4523,15133,17,B-019105,2.64,2000.0,2023-04-23
4524,10572,29,B-013382,2.2,6000.0,2023-01-02
4525,12177,35,B-015397,2.72,4000.0,2023-06-05
4526,923,11,B-001182,4.47,,2023-10-23
4527,9670,9,B-012238,1.3,2000.0,2023-12-15
4528,8901,23,B-011241,1.45,4000.0,2023-09-21
4529,14422,16,B-018242,1.11,,2023-03-28
4530,296,8,B-000390,2.28,2000.0,2023-04-19
4531,5943,30,B-007524,4.49,6000.0,2023-03-11
4532,9289,6,B-011746,4.51,4000.0,2023-03-21
4533,4257,26,B-005435,1.94,,2023-12-12
4534,14220,26,B-017991,0.63,2000.0,2023-10-28
4535,1117,11,B-001434,3.97,2000.0,2023-01-27
4536,937,10,B-001201,1.79,6000.0,2023-01-11
4537,12568,21,B-015903,3.43,,2023-12-28
4538,2300,6,B-002917,1.25,6000.0,2023-09-24
4539,10278,10,B-013013,2.15,6000.0,2023-02-08
4540,3224,14,B-004128,1.51,,2023-08-28
4541,7241,4,B-009144,2.34,,2023-06-04
4542,904,29,B-001155,2.14,,2023-08-01
4543,7462,1,B-009421,2.89,4000.0,2023-05-10
4544,14807,18,B-018716,3.12,,2023-12-18
4545,14758,10,B-018650,2.29,2000.0,2023-03-28
4546,11808,7,B-014926,2.01,6000.0,2023-06-03
4547,3315,1,B-004238,4.78,4000.0,2023-02-28
4548,5244,24,B-006679,1.48,,2023-03-15
4549,14594,24,B-018443,2.0,4000.0,2023-11-01
4550,13164,30,B-016664,1.0,,2023-05-14
4551,8174,18,B-010326,4.72,4000.0,2023-07-25
4552,5199,3,B-006627,3.54,6000.0,2023-05-25
4553,5588,8,B-007095,2.88,6000.0,2023-02-06
4554,12908,8,B-016337,3.2,2000.0,2023-11-09
4555,208,34,B-000277,3.5,2000.0,2023-11-24
4556,5014,17,B-006382,2.69,,2023-10-08
4557,8730,27,B-011032,2.94,6000.0,2023-10-20
4558,14158,27,B-017907,0.69,4000.0,2023-02-09
4559,6927,29,B-008763,2.99,4000.0,2023-12-04
4560,70,28,B-000097,2.04,4000.0,2023-11-17
4561,8322,10,B-010510,4.83,2000.0,2023-04-03
4562,9329,16,B-011802,0.6,4000.0,2023-03-21
4563,8020,30,B-010132,4.23,2000.0,2023-05-05
4564,805,15,B-001037,2.28,2000.0,2023-03-02
4565,9783,9,B-012386,4.03,,2023-05-19
4566,9657,2,B-012222,4.38,4000.0,2023-03-01
4567,7603,34,B-009595,2.45,4000.0,2023-07-22
4568,573,5,B-000746,2.39,6000.0,2023-06-16
4569,9087,15,B-011484,3.31,,2023-01-10
4570,14033,34,B-017750,1.81,6000.0,2023-02-13
4571,928,32,B-001190,3.76,,2023-10-11
4572,4587,24,B-005861,0.6,4000.0,2023-03-09
4573,12028,13,B-015206,4.52,2000.0,2023-11-28
4574,15746,1,B-019876,1.63,2000.0,2023-09-13
4575,1347,17,B-001739,1.4,2000.0,2023-04-10
4576,3723,26,B-004749,4.66,2000.0,2023-03-22
4577,10186,11,B-012893,2.79,2000.0,2023-10-06
4578,8898,27,B-011238,1.38,6000.0,2023-06-22
4579,3872,6,B-004938,1.23,,2023-04-14
4580,7868,12,B-009938,1.54,4000.0,2023-05-04
4581,1103,12,B-001418,5.0,6000.0,2023-06-21
4582,14947,11,B-018890,0.65,,2023-03-17
4583,9905,29,B-012539,0.62,2000.0,2023-03-19
4584,13329,35,B-016864,2.24,,2023-10-10
4585,15430,32,B-019485,1.75,,2023-11-10
4586,4903,34,B-006250,1.57,2000.0,2023-12-04
4587,5083,14,B-006474,2.61,2000.0,2023-10-21
4588,12276,28,B-015520,3.85,2000.0,2023-08-16
4589,8573,19,B-010826,1.83,4000.0,2023-09-08
4590,382,15,B-000505,1.28,2000.0,2023-01-26
4591,6136,18,B-007766,4.04,4000.0,2023-06-21
4592,2001,21,B-002562,1.52,2000.0,2023-10-05
4593,6909,19,B-008741,2.65,4000.0,2023-03-15
4594,14873,9,B-018801,1.24,,2023-02-22
4595,1731,14,B-002235,2.87,6000.0,2023-07-02
4596,9667,21,B-012235,2.28,,2023-09-16
4597,5032,12,B-006407,4.03,,2023-12-26
4598,10312,35,B-013055,4.48,2000.0,2023-09-08
4599,14321,1,B-018111,3.89,4000.0,2023-01-13
4600,10984,34,B-013918,3.4,6000.0,2023-01-05
4601,7077,2,B-008942,3.67,2000.0,2023-08-19
4602,3792,35,B-004833,2.86,2000.0,2023-02-17
4603,15749,14,B-019879,0.85,2000.0,2023-04-28
4604,1834,2,B-002361,3.14,,2023-12-03
4605,3832,17,B-004884,1.53,4000.0,2023-11-11
4606,8776,28,B-011097,3.07,4000.0,2023-03-13
4607,11493,24,B-014533,4.24,6000.0,2023-05-25
4608,11849,13,B-014978,2.99,4000.0,2023-11-05
4609,10290,19,B-013026,4.05,4000.0,2023-02-24
4610,11220,33,B-014208,2.28,2000.0,2023-06-03
4611,9447,2,B-011950,4.4,2000.0,2023-01-19
4612,8403,7,B-010616,4.96,,2023-01-22
4613,13110,15,B-016598,3.63,2000.0,2023-03-09
4614,140,23,B-000183,3.38,2000.0,2023-12-23
4615,7180,7,B-009069,1.84,2000.0,2023-09-07
4616,11321,26,B-014333,3.14,2000.0,2023-03-24
4617,7203,3,B-009095,3.91,,2023-04-11
4618,1798,21,B-002317,3.56,2000.0,2023-08-15
4619,13103,25,B-016589,2.25,6000.0,2023-06-18
4620,524,11,B-000685,2.47,6000.0,2023-02-09
4621,58,27,B-000083,3.59,6000.0,2023-03-28
4622,7430,15,B-009384,2.67,6000.0,2023-05-13
4623,7742,7,B-009776,2.74,2000.0,2023-11-09
4624,15484,11,B-019550,1.27,6000.0,2023-04-12
4625,13047,4,B-016520,4.95,2000.0,2023-01-07
4626,7099,20,B-008971,1.15,,2023-06-11
4627,13861,12,B-017538,1.43,6000.0,2023-12-01
4628,3916,11,B-004993,3.48,4000.0,2023-03-17
4629,2721,21,B-003442,1.71,6000.0,2023-12-14
4630,9686,30,B-012261,4.05,6000.0,2023-04-22
4631,13938,7,B-017633,4.37,2000.0,2023-08-11
4632,11705,7,B-014804,0.67,6000.0,2023-06-03
4633,9401,3,B-011894,0.57,4000.0,2023-11-13
4634,4415,24,B-005634,4.96,2000.0,2023-06-22
4635,2741,30,B-003470,3.83,2000.0,2023-12-28
4636,5315,28,B-006761,0.91,,2023-12-21
4637,11736,1,B-014838,4.69,,2023-12-16
4638,8377,34,B-010583,4.65,6000.0,2023-03-25
4639,11008,2,B-013951,2.61,,2023-01-11
4640,6640,1,B-008398,0.67,,2023-02-06
4641,1813,4,B-002334,3.67,,2023-03-27
4642,2065,11,B-002638,3.63,2000.0,2023-02-07
4643,2378,19,B-003015,1.68,2000.0,2023-01-06
4644,2856,30,B-003618,1.79,2000.0,2023-06-16
4645,8000,11,B-010108,2.87,,2023-03-23
4646,10793,1,B-013677,0.88,2000.0,2023-07-22
4647,12801,1,B-016197,3.62,,2023-06-05
4648,14970,12,B-018917,1.38,2000.0,2023-11-05
4649,1454,20,B-001878,4.68,2000.0,2023-04-12
4650,2343,20,B-002972,0.97,4000.0,2023-12-07
4651,8700,5,B-010994,2.68,6000.0,2023-03-14
4652,10346,14,B-013102,2.36,,2023-11-12
4653,7362,2,B-009295,3.91,4000.0,2023-02-18
4654,12731,5,B-016106,2.66,2000.0,2023-07-24
4655,693,31,B-000892,3.86,,2023-06-18
4656,11007,17,B-013950,3.03,2000.0,2023-11-18
4657,9724,6,B-012306,1.64,6000.0,2023-07-03
4658,12086,25,B-015276,4.8,4000.0,2023-07-07
4659,7118,4,B-008993,1.49,6000.0,2023-05-27
4660,5971,8,B-007558,1.53,4000.0,2023-08-19
4661,8360,20,B-010563,1.01,2000.0,2023-02-12
4662,7127,27,B-009006,2.74,6000.0,2023-05-11
4663,935,28,B-001199,1.94,6000.0,2023-11-01
4664,3735,33,B-004763,4.39,2000.0,2023-11-19
4665,12753,10,B-016138,1.56,6000.0,2023-07-13
4666,865,29,B-001104,3.11,,2023-10-18
4667,3209,18,B-004108,2.14,4000.0,2023-10-15
4668,1248,14,B-001609,2.78,4000.0,2023-10-22
4669,2551,5,B-003235,1.6,4000.0,2023-11-20
4670,9398,12,B-011889,0.79,,2023-07-08
4671,7538,2,B-009513,1.57,4000.0,2023-11-06
4672,6312,18,B-007983,2.23,2000.0,2023-02-26
4673,4244,18,B-005421,2.61,6000.0,2023-06-16
4674,15501,12,B-019571,0.68,,2023-01-02
4675,1627,2,B-002101,1.01,4000.0,2023-04-13
4676,12954,2,B-016390,0.8,2000.0,2023-04-09
4677,8497,31,B-010740,3.83,6000.0,2023-08-04
4678,12756,19,B-016141,3.93,6000.0,2023-06-08
4679,1270,24,B-001640,2.16,,2023-08-11
4680,3666,12,B-004672,1.34,,2023-12-04
4681,8034,7,B-010151,3.94,,2023-06-21
4682,895,11,B-001144,3.66,2000.0,2023-08-07
4683,15412,9,B-019464,2.55,2000.0,2023-10-21
4684,15379,15,B-019426,2.35,,2023-10-16
4685,4087,13,B-005207,0.55,4000.0,2023-01-22
4686,6292,35,B-007961,3.2,6000.0,2023-03-20
4687,5827,29,B-007384,3.7,6000.0,2023-12-05
4688,4212,7,B-005380,1.8,2000.0,2023-04-01
4689,14065,3,B-017791,2.41,6000.0,2023-02-03
4690,14644,9,B-018506,4.81,4000.0,2023-08-06
4691,15729,32,B-019855,4.04,6000.0,2023-09-15
4692,8994,26,B-011362,2.73,2000.0,2023-12-11
4693,14515,24,B-018351,3.84,2000.0,2023-06-20
4694,1948,11,B-002497,0.65,4000.0,2023-08-24
4695,7338,29,B-009267,2.34,4000.0,2023-07-15
4696,7355,22,B-009288,2.96,6000.0,2023-09-15
4697,4679,29,B-005972,1.51,6000.0,2023-10-27
4698,10451,20,B-013234,0.97,2000.0,2023-04-01
4699,15737,10,B-019866,2.88,4000.0,2023-09-07
4700,5529,26,B-007018,4.37,4000.0,2023-09-04
4701,12893,10,B-016317,3.5,4000.0,2023-01-13
4702,56,11,B-000080,2.1,6000.0,2023-04-24
4703,4027,2,B-005132,3.85,4000.0,2023-11-22
4704,3153,8,B-004034,0.55,2000.0,2023-01-06
4705,10170,3,B-012873,3.27,2000.0,2023-09-18
4706,2863,30,B-003630,2.88,6000.0,2023-03-07
4707,9232,3,B-011669,3.33,,2023-01-17
4708,9584,29,B-012122,4.05,6000.0,2023-12-25
4709,8313,31,B-010500,2.43,,2023-11-27
4710,5630,17,B-007146,0.9,4000.0,2023-11-10
4711,3557,29,B-004534,0.7,6000.0,2023-01-28
4712,15308,31,B-019332,2.99,2000.0,2023-03-05
4713,4612,11,B-005890,1.9,4000.0,2023-05-20
4714,1703,34,B-002201,4.34,2000.0,2023-11-27
4715,8810,15,B-011135,3.45,4000.0,2023-04-18
4716,9492,25,B-012010,1.87,6000.0,2023-06-25
4717,4256,15,B-005433,1.49,,2023-06-03
4718,14016,35,B-017726,3.41,4000.0,2023-10-21
4719,6216,6,B-007864,3.78,,2023-05-12
4720,13904,25,B-017597,1.73,4000.0,2023-12-18
4721,5757,12,B-007297,4.29,2000.0,2023-02-10
4722,13855,27,B-017529,0.73,2000.0,2023-10-17
4723,10027,8,B-012694,2.75,4000.0,2023-02-13
4724,3925,6,B-005005,4.52,,2023-04-28
4725,6309,12,B-007979,2.97,6000.0,2023-06-02
4726,7155,16,B-009039,2.23,6000.0,2023-03-12
4727,1380,8,B-001784,0.99,2000.0,2023-08-13
4728,2268,15,B-002880,4.75,6000.0,2023-10-12
4729,8371,13,B-010577,2.7,2000.0,2023-06-02
4730,7869,28,B-009939,2.53,6000.0,2023-08-08
4731,1050,21,B-001344,0.67,4000.0,2023-05-06
4732,10883,4,B-013792,4.59,2000.0,2023-05-15
4733,13637,18,B-017260,1.68,2000.0,2023-02-12
4734,11105,22,B-014070,2.75,4000.0,2023-11-05
4735,12621,6,B-015978,3.47,2000.0,2023-10-26
4736,1779,17,B-002294,3.01,6000.0,2023-05-20
4737,11548,15,B-014604,4.15,6000.0,2023-04-15
4738,6978,34,B-008825,1.91,2000.0,2023-03-27
4739,12362,11,B-015633,3.54,6000.0,2023-05-14
4740,3372,33,B-004313,2.46,,2023-02-07
4741,9500,5,B-012019,0.89,2000.0,2023-04-05
4742,11484,10,B-014522,1.65,4000.0,2023-02-28
4743,8131,1,B-010267,2.08,,2023-03-28
4744,973,1,B-001253,2.16,2000.0,2023-09-17
4745,9422,28,B-011919,3.64,4000.0,2023-08-06
4746,963,11,B-001236,3.45,6000.0,2023-04-16
4747,11559,14,B-014617,2.33,4000.0,2023-03-15
4748,15596,34,B-019685,2.51,,2023-12-14
4749,10985,8,B-013920,2.78,6000.0,2023-09-28
4750,6573,17,B-008310,2.92,2000.0,2023-08-21
4751,8192,9,B-010349,3.09,6000.0,2023-05-20
4752,387,24,B-000512,4.48,2000.0,2023-03-28
4753,10513,7,B-013315,0.52,2000.0,2023-11-11
4754,7554,21,B-009534,2.76,4000.0,2023-03-02
4755,14742,24,B-018632,1.43,4000.0,2023-02-16
4756,5209,8,B-006638,4.62,4000.0,2023-09-22
4757,9958,12,B-012603,3.49,,2023-12-04
4758,14102,15,B-017835,0.55,,2023-04-14
4759,2752,19,B-003486,1.5,4000.0,2023-09-27
4760,11745,1,B-014849,4.48,,2023-04-19
4761,461,11,B-000601,4.14,6000.0,2023-06-19
4762,7154,18,B-009038,4.31,6000.0,2023-04-23
4763,14526,4,B-018368,2.35,,2023-11-06
4764,7048,20,B-008905,3.22,,2023-03-11
4765,11583,16,B-014648,4.41,6000.0,2023-07-21
4766,6992,16,B-008843,4.8,2000.0,2023-03-03
4767,6107,28,B-007735,4.3,6000.0,2023-10-16
4768,8477,29,B-010714,0.79,6000.0,2023-10-20
4769,14169,11,B-017919,2.38,,2023-06-02
4770,12623,12,B-015980,3.01,6000.0,2023-11-06
4771,4695,17,B-005994,4.94,,2023-01-17
4772,5052,9,B-006431,1.38,,2023-01-20
4773,2887,20,B-003659,3.49,4000.0,2023-03-13
4774,11550,26,B-014606,4.71,6000.0,2023-08-10
4775,12512,15,B-015833,2.86,2000.0,2023-09-27
4776,7647,14,B-009661,2.9,4000.0,2023-06-06
4777,9495,20,B-012014,3.09,,2023-11-22
4778,11082,22,B-014044,3.17,,2023-11-08
4779,3739,35,B-004768,3.38,2000.0,2023-09-18
4780,1696,7,B-002194,2.96,,2023-01-16
4781,6011,22,B-007614,2.35,6000.0,2023-10-27
4782,6495,14,B-008211,3.37,4000.0,2023-06-21
4783,6612,29,B-008363,2.93,,2023-06-02
4784,1156,27,B-001484,0.64,,2023-10-02
4785,5105,24,B-006501,3.95,2000.0,2023-10-23
4786,4672,15,B-005962,2.19,6000.0,2023-07-19
4787,6509,6,B-008228,0.64,,2023-10-22
4788,133,24,B-000174,0.53,2000.0,2023-07-06
4789,8603,22,B-010858,1.43,,2023-07-24
4790,13434,32,B-017005,1.54,2000.0,2023-07-04
4791,10964,35,B-013894,0.54,2000.0,2023-08-03
4792,10435,8,B-013215,1.63,6000.0,2023-06-25
4793,7966,17,B-010061,2.99,,2023-10-23
4794,8874,27,B-011210,4.14,6000.0,2023-11-12
4795,2129,23,B-002718,2.16,2000.0,2023-08-26
4796,9801,10,B-012407,4.75,4000.0,2023-03-23
4797,6658,22,B-008424,2.19,,2023-02-02
4798,1783,7,B-002300,3.12,4000.0,2023-04-12
4799,5770,8,B-007311,2.15,,2023-02-16
4800,2041,3,B-002609,3.31,6000.0,2023-10-28
4801,2316,13,B-002936,2.27,6000.0,2023-02-11
4802,7349,14,B-009280,4.6,6000.0,2023-09-20
4803,7342,17,B-009271,0.94,6000.0,2023-02-11
4804,12112,17,B-015311,1.82,6000.0,2023-09-10
4805,11288,1,B-014291,0.83,4000.0,2023-11-07
4806,1864,8,B-002396,1.69,6000.0,2023-10-01
4807,9530,6,B-012058,1.93,2000.0,2023-01-18
4808,9479,5,B-011994,0.53,2000.0,2023-02-21
4809,14316,18,B-018105,2.58,4000.0,2023-07-04
4810,4603,25,B-005879,2.53,,2023-09-08
4811,13045,18,B-016518,0.9,2000.0,2023-03-01
4812,2830,34,B-003586,4.8,,2023-07-09
4813,14734,27,B-018623,1.08,4000.0,2023-07-24
4814,6318,28,B-007990,4.82,,2023-05-03
4815,2988,17,B-003797,1.28,,2023-11-23
4816,15685,30,B-019800,1.81,,2023-07-14
4817,13516,20,B-017108,1.53,,2023-01-21
4818,4746,10,B-006053,0.83,4000.0,2023-02-14
4819,3017,15,B-003835,4.74,2000.0,2023-06-04
4820,538,3,B-000702,1.16,6000.0,2023-08-10
4821,8673,10,B-010955,3.88,,2023-05-19
4822,2674,2,B-003388,1.8,2000.0,2023-02-23
4823,6709,25,B-008486,4.69,2000.0,2023-11-22
4824,11765,35,B-014873,3.35,4000.0,2023-11-01
4825,10242,13,B-012968,2.91,2000.0,2023-10-27
4826,4636,2,B-005919,4.1,4000.0,2023-09-08
4827,4995,27,B-006359,4.36,,2023-05-21
4828,6077,35,B-007696,1.7,,2023-04-12
4829,11893,11,B-015039,0.92,6000.0,2023-07-17
4830,5884,1,B-007449,4.09,6000.0,2023-06-02
4831,11418,33,B-014444,0.58,6000.0,2023-12-04
4832,584,14,B-000761,2.51,2000.0,2023-11-01
4833,12288,5,B-015537,4.72,,2023-01-20
4834,8411,5,B-010626,2.89,4000.0,2023-08-24
4835,4165,20,B-005310,1.42,6000.0,2023-10-20
4836,15119,22,B-019091,0.91,4000.0,2023-06-28
4837,9126,32,B-011531,4.51,4000.0,2023-10-01
4838,6749,15,B-008543,0.74,6000.0,2023-09-26
4839,8221,24,B-010381,3.12,,2023-10-05
4840,10720,20,B-013593,4.8,6000.0,2023-03-11
4841,3508,4,B-004481,3.69,4000.0,2023-04-17
4842,10794,5,B-013679,1.29,6000.0,2023-08-23
4843,14425,17,B-018245,1.29,4000.0,2023-11-23
4844,3374,13,B-004315,3.65,4000.0,2023-05-06
4845,13584,16,B-017197,3.24,6000.0,2023-03-02
4846,7059,8,B-008919,2.16,2000.0,2023-09-15
4847,13263,30,B-016780,0.73,6000.0,2023-11-11
4848,15839,19,B-019992,4.79,2000.0,2023-11-26
4849,4838,27,B-006172,4.32,4000.0,2023-11-18
4850,8473,13,B-010710,1.51,4000.0,2023-05-22
4851,4860,22,B-006202,1.17,2000.0,2023-09-24
4852,4688,16,B-005986,1.07,4000.0,2023-03-03
4853,7627,34,B-009629,1.43,2000.0,2023-02-01
4854,12588,11,B-015931,0.7,2000.0,2023-05-13
4855,11637,32,B-014717,3.7,4000.0,2023-02-06
4856,10802,25,B-013689,3.01,,2023-04-17
4857,14256,2,B-018032,4.74,2000.0,2023-12-19
4858,15280,31,B-019299,2.66,6000.0,2023-09-12
4859,3219,8,B-004122,1.51,6000.0,2023-02-14
4860,13964,22,B-017664,4.14,4000.0,2023-04-15
4861,14917,30,B-018851,4.29,,2023-05-09
4862,2882,12,B-003652,0.51,4000.0,2023-08-21
4863,6686,32,B-008461,1.54,,2023-02-04
4864,5219,21,B-006650,3.09,2000.0,2023-07-06
4865,4533,31,B-005782,4.47,2000.0,2023-01-01
4866,10578,2,B-013390,4.74,2000.0,2023-09-05
4867,11227,25,B-014217,1.06,2000.0,2023-09-01
4868,14588,22,B-018436,1.95,6000.0,2023-03-24
4869,6307,12,B-007977,3.94,6000.0,2023-06-17
4870,10258,13,B-012987,2.42,4000.0,2023-05-04
4871,6241,2,B-007899,3.85,,2023-08-25
4872,11496,29,B-014536,0.77,2000.0,2023-11-23
4873,12581,7,B-015919,4.05,2000.0,2023-02-23
4874,80,10,B-000109,3.16,,2023-06-24
4875,6504,21,B-008223,4.28,,2023-05-22
4876,14219,28,B-017990,0.54,4000.0,2023-04-16
4877,1766,25,B-002277,4.46,,2023-01-10
4878,5684,1,B-007208,2.26,2000.0,2023-05-15
4879,2125,31,B-002714,1.6,2000.0,2023-06-26
4880,2967,2,B-003769,3.09,2000.0,2023-10-01
4881,983,3,B-001264,1.04,2000.0,2023-01-27
4882,14458,8,B-018282,0.65,2000.0,2023-06-16
4883,8347,29,B-010543,1.94,4000.0,2023-09-04
4884,3606,6,B-004601,1.68,2000.0,2023-06-14
4885,2738,2,B-003466,3.64,4000.0,2023-09-25
4886,1923,18,B-002462,1.33,2000.0,2023-06-09
4887,14626,28,B-018485,4.88,6000.0,2023-06-23
4888,2016,2,B-002579,3.04,6000.0,2023-03-02
4889,4649,17,B-005935,3.21,6000.0,2023-10-22
4890,7815,34,B-009864,0.85,6000.0,2023-01-12
4891,9295,12,B-011753,4.03,4000.0,2023-05-14
4892,10574,5,B-013385,0.67,4000.0,2023-05-23
4893,12213,6,B-015443,2.23,,2023-04-10
4894,8579,12,B-010832,0.59,2000.0,2023-09-19
4895,14950,20,B-018893,2.5,6000.0,2023-01-03
4896,5345,24,B-006794,3.82,4000.0,2023-02-17
4897,10494,17,B-013291,1.3,2000.0,2023-11-12
4898,15710,28,B-019829,0.6,2000.0,2023-04-04
4899,13415,3,B-016981,4.33,4000.0,2023-08-09
4900,1436,30,B-001857,4.12,6000.0,2023-12-22
4901,6235,4,B-007890,0.96,,2023-01-23
4902,8754,21,B-011063,2.56,2000.0,2023-08-02
4903,6199,23,B-007845,1.64,,2023-05-09
4904,6203,4,B-007849,3.92,6000.0,2023-05-22
4905,2729,31,B-003453,0.8,6000.0,2023-02-28
4906,7666,34,B-009680,3.86,,2023-11-09
4907,13876,13,B-017554,4.02,6000.0,2023-08-24
4908,8394,2,B-010605,1.85,2000.0,2023-09-19
4909,10773,31,B-013654,2.03,,2023-09-09
4910,13483,7,B-017067,3.4,6000.0,2023-05-18
4911,280,15,B-000368,2.65,,2023-11-21
4912,14532,11,B-018375,1.43,2000.0,2023-09-02
4913,542,2,B-000707,3.03,6000.0,2023-09-15
4914,1622,17,B-002096,1.88,2000.0,2023-07-26
4915,7442,9,B-009397,0.76,6000.0,2023-10-03
4916,7684,17,B-009706,4.27,4000.0,2023-03-11
4917,2066,25,B-002640,4.68,6000.0,2023-01-17
4918,1709,5,B-002208,1.03,,2023-11-12
4919,8165,10,B-010315,4.21,6000.0,2023-07-16
4920,6642,26,B-008400,2.65,2000.0,2023-08-27
4921,490,17,B-000643,4.31,2000.0,2023-01-05
4922,11540,1,B-014595,2.12,6000.0,2023-05-09
4923,7423,35,B-009377,1.94,,2023-06-05
4924,1874,1,B-002407,4.77,4000.0,2023-05-24
4925,711,32,B-000917,3.45,,2023-07-27
4926,2136,6,B-002726,4.87,4000.0,2023-01-23
4927,3312,3,B-004232,4.01,2000.0,2023-11-15
4928,2327,23,B-002950,3.31,,2023-12-25
4929,6690,20,B-008465,4.46,4000.0,2023-08-02
4930,13341,32,B-016879,3.4,6000.0,2023-07-27
4931,7776,7,B-009820,2.93,2000.0,2023-11-06
4932,7312,9,B-009235,1.28,6000.0,2023-10-27
4933,8272,35,B-010447,2.29,2000.0,2023-02-14
4934,12069,5,B-015253,3.56,,2023-05-05
4935,11375,32,B-014394,4.98,,2023-10-04
4936,9321,4,B-011790,4.11,2000.0,2023-06-20
4937,9429,22,B-011928,3.26,2000.0,2023-09-02
4938,15391,11,B-019438,0.71,2000.0,2023-09-03
4939,10624,24,B-013457,3.82,,2023-01-05
4940,3644,25,B-004645,4.24,4000.0,2023-07-19
4941,1094,22,B-001405,0.91,6000.0,2023-07-22
4942,2803,5,B-003549,3.62,6000.0,2023-10-28
4943,5806,31,B-007360,2.94,,2023-09-15
4944,14285,16,B-018069,0.93,6000.0,2023-02-21
4945,6100,20,B-007724,4.58,2000.0,2023-01-12
4946,11221,4,B-014210,1.64,4000.0,2023-04-19
4947,15326,35,B-019354,2.67,6000.0,2023-11-24
4948,2195,35,B-002795,1.59,4000.0,2023-12-16
4949,2839,34,B-003595,0.74,2000.0,2023-04-01
4950,10730,22,B-013605,4.07,6000.0,2023-08-19
4951,14078,25,B-017804,4.77,,2023-06-12
4952,13761,24,B-017418,4.38,4000.0,2023-11-21
4953,1816,31,B-002339,2.6,2000.0,2023-07-18
4954,10283,9,B-013019,3.8,4000.0,2023-11-17
4955,14957,32,B-018901,4.85,6000.0,2023-08-06
4956,10616,15,B-013443,3.27,6000.0,2023-01-10
4957,9935,29,B-012575,1.24,,2023-07-28
4958,14076,4,B-017802,3.85,2000.0,2023-08-08
4959,8084,30,B-010211,1.69,2000.0,2023-12-01
4960,15141,9,B-019116,3.99,,2023-05-08
4961,6619,34,B-008370,2.14,,2023-09-04
4962,3389,35,B-004334,0.86,2000.0,2023-04-12
4963,2154,25,B-002748,3.74,4000.0,2023-09-10
4964,9377,1,B-011866,0.91,4000.0,2023-04-16
4965,8895,28,B-011233,4.94,,2023-12-15
4966,12916,32,B-016346,4.78,4000.0,2023-08-08
4967,5868,27,B-007430,4.99,2000.0,2023-08-07
4968,7740,9,B-009774,3.35,6000.0,2023-01-03
4969,7663,27,B-009677,0.85,6000.0,2023-09-20
4970,883,23,B-001128,2.37,4000.0,2023-04-17
4971,2965,4,B-003766,4.67,,2023-01-06
4972,4857,2,B-006197,2.04,,2023-12-02
4973,13082,32,B-016565,0.64,,2023-01-10
4974,14254,3,B-018028,3.68,,2023-10-11
4975,1378,6,B-001779,1.36,,2023-12-28
4976,205,32,B-000272,2.68,4000.0,2023-07-14
4977,2614,28,B-003316,2.0,6000.0,2023-03-11
4978,12422,11,B-015716,1.89,6000.0,2023-05-25
4979,15544,28,B-019622,3.62,4000.0,2023-07-25
4980,11784,17,B-014899,1.66,,2023-02-24
4981,6537,14,B-008264,3.01,4000.0,2023-02-13
4982,8877,28,B-011213,3.05,6000.0,2023-11-26
4983,13594,3,B-017210,2.31,2000.0,2023-12-18
4984,15126,4,B-019098,3.8,4000.0,2023-02-10
4985,1912,32,B-002451,3.95,,2023-12-13
4986,7854,13,B-009921,4.32,6000.0,2023-02-11
4987,13174,17,B-016676,4.91,6000.0,2023-03-14
4988,12356,15,B-015627,0.69,6000.0,2023-03-09
4989,14869,30,B-018796,1.83,6000.0,2023-01-15
4990,15293,4,B-019312,0.85,,2023-05-08
4991,7973,10,B-010073,1.52,2000.0,2023-12-21
4992,7784,9,B-009828,1.91,6000.0,2023-02-28
4993,13267,9,B-016786,2.45,4000.0,2023-02-23
4994,11365,9,B-014382,2.92,2000.0,2023-01-01
4995,10145,8,B-012843,1.78,6000.0,2023-06-12
4996,6886,9,B-008707,2.67,2000.0,2023-01-14
4997,12854,10,B-016270,1.22,4000.0,2023-03-18
4998,14777,21,B-018674,0.55,6000.0,2023-11-19
4999,1487,20,B-001926,2.14,4000.0,2023-08-18
5000,1192,21,B-001527,3.6,,2023-09-22
5001,14501,16,B-018335,1.7,6000.0,2023-05-23
5002,12021,9,B-015197,4.31,6000.0,2023-09-01
5003,1654,18,B-002136,1.08,6000.0,2023-09-07
5004,13634,6,B-017257,1.17,6000.0,2023-08-27
5005,7832,26,B-009888,1.26,,2023-01-24
5006,6987,7,B-008836,2.17,6000.0,2023-06-20
5007,10697,5,B-013559,2.26,2000.0,2023-07-25
5008,15,30,B-000020,2.33,6000.0,2023-06-18
5009,11619,7,B-014696,4.94,,2023-03-25
5010,10029,1,B-012696,1.35,6000.0,2023-03-26
5011,8793,28,B-011118,4.12,2000.0,2023-01-13
5012,8421,32,B-010638,4.19,,2023-11-28
5013,13461,13,B-017039,1.4,,2023-05-04
5014,6759,28,B-008554,1.95,2000.0,2023-05-17
5015,5426,35,B-006893,3.7,2000.0,2023-10-08
5016,4757,29,B-006069,4.15,2000.0,2023-11-23
5017,11322,6,B-014334,3.33,2000.0,2023-01-13
5018,546,32,B-000712,2.18,2000.0,2023-01-10
5019,9050,35,B-011431,3.86,,2023-04-02
5020,12924,33,B-016356,1.22,,2023-08-14
5021,5538,33,B-007029,1.94,6000.0,2023-11-26
5022,2959,28,B-003760,4.78,6000.0,2023-08-11
5023,12676,31,B-016042,0.5,4000.0,2023-05-06
5024,13475,13,B-017056,2.76,6000.0,2023-01-15
5025,13090,23,B-016574,1.13,6000.0,2023-09-12
5026,9952,30,B-012594,1.98,2000.0,2023-05-15
5027,4901,18,B-006247,3.92,2000.0,2023-06-01
5028,4501,1,B-005743,2.89,6000.0,2023-05-03
5029,13200,15,B-016706,0.6,4000.0,2023-12-27
5030,10407,27,B-013183,3.81,2000.0,2023-06-03
5031,12244,3,B-015481,1.47,6000.0,2023-03-16
5032,11766,6,B-014875,4.52,6000.0,2023-10-09
5033,9859,8,B-012478,0.69,,2023-03-22
5034,10825,1,B-013717,0.73,4000.0,2023-07-07
5035,13702,6,B-017344,4.23,,2023-02-07
5036,7476,11,B-009440,1.12,4000.0,2023-06-18
5037,1243,30,B-001601,1.79,2000.0,2023-04-14
5038,14802,31,B-018707,1.38,4000.0,2023-11-10
5039,12042,2,B-015221,2.18,6000.0,2023-07-18
5040,15472,17,B-019535,4.97,6000.0,2023-05-13
5041,13651,21,B-017278,2.51,4000.0,2023-09-19
5042,9913,11,B-012548,3.53,4000.0,2023-01-05
5043,2998,24,B-003810,4.16,4000.0,2023-12-17
5044,11795,14,B-014911,3.96,,2023-06-01
5045,11110,20,B-014075,1.6,4000.0,2023-09-14
5046,14630,4,B-018490,3.44,2000.0,2023-07-02
5047,13218,23,B-016727,2.38,,2023-07-07
5048,14995,6,B-018947,2.68,,2023-09-02
5049,11348,14,B-014365,0.69,4000.0,2023-08-01
5050,7052,18,B-008909,1.83,2000.0,2023-08-02
5051,5258,9,B-006696,1.12,,2023-01-19
5052,3305,15,B-004224,4.56,6000.0,2023-04-13
5053,14643,9,B-018505,3.42,,2023-02-14
5054,64,12,B-000090,4.34,4000.0,2023-09-22
5055,9192,14,B-011619,2.16,2000.0,2023-09-22
5056,12644,32,B-016005,3.99,4000.0,2023-11-15
5057,10217,19,B-012934,2.55,6000.0,2023-10-15
5058,15558,27,B-019641,1.69,6000.0,2023-12-01
5059,7504,12,B-009470,1.66,6000.0,2023-09-15
5060,6766,26,B-008562,4.75,4000.0,2023-04-07
5061,1492,33,B-001931,4.63,,2023-08-24
5062,6728,19,B-008516,3.59,4000.0,2023-07-23
5063,87,10,B-000118,4.48,2000.0,2023-08-21
5064,4818,31,B-006145,0.54,,2023-12-07
5065,12574,8,B-015910,2.0,6000.0,2023-04-15
5066,2656,16,B-003366,2.0,4000.0,2023-06-16
5067,8922,12,B-011269,0.85,6000.0,2023-03-04
5068,10403,11,B-013178,2.66,6000.0,2023-10-09
5069,14166,33,B-017915,2.95,2000.0,2023-08-08
5070,14746,26,B-018637,2.46,,2023-01-17
5071,12956,31,B-016397,1.73,2000.0,2023-07-09
5072,1354,27,B-001747,2.33,2000.0,2023-07-05
5073,1979,17,B-002536,1.92,2000.0,2023-07-11
5074,5500,19,B-006981,1.17,6000.0,2023-06-18
5075,8447,10,B-010676,0.75,2000.0,2023-08-06
5076,7600,19,B-009591,0.7,2000.0,2023-11-01
5077,3249,16,B-004156,2.83,,2023-08-23
5078,3348,21,B-004282,4.95,,2023-10-05
5079,11051,24,B-014008,2.26,2000.0,2023-03-12
5080,6943,33,B-008784,3.03,,2023-07-03
5081,5463,28,B-006940,3.39,,2023-01-18
5082,7326,31,B-009252,4.25,2000.0,2023-10-06
5083,4693,6,B-005991,0.64,6000.0,2023-12-03
5084,7936,20,B-010026,2.26,2000.0,2023-01-19
5085,3539,10,B-004515,4.36,,2023-01-02
5086,8825,16,B-011152,4.43,6000.0,2023-05-11
5087,5113,31,B-006512,4.41,4000.0,2023-07-05
5088,15832,13,B-019983,1.2,6000.0,2023-01-21
5089,2632,2,B-003338,3.07,,2023-08-22
5090,13591,24,B-017205,2.18,6000.0,2023-07-19
5091,7162,16,B-009046,2.32,2000.0,2023-02-28
5092,10144,17,B-012842,2.11,4000.0,2023-01-14
5093,7235,32,B-009136,1.66,4000.0,2023-05-27
5094,6247,31,B-007905,2.44,4000.0,2023-11-12
5095,2310,28,B-002929,4.5,,2023-11-28
5096,4755,33,B-006066,3.08,,2023-06-07
5097,7256,12,B-009161,4.55,4000.0,2023-08-11
5098,7200,22,B-009092,1.24,6000.0,2023-09-24
5099,6265,23,B-007926,4.74,4000.0,2023-12-08
5100,13579,29,B-017189,2.73,6000.0,2023-12-09
5101,3943,35,B-005025,4.89,6000.0,2023-10-23
5102,13638,31,B-017261,4.64,,2023-08-23
5103,12859,35,B-016275,1.08,6000.0,2023-11-21
5104,13097,7,B-016581,4.04,4000.0,2023-12-26
5105,9150,15,B-011559,4.08,,2023-07-15
5106,14262,30,B-018038,1.81,2000.0,2023-03-20
5107,9528,15,B-012056,1.09,2000.0,2023-03-17
5108,1757,19,B-002263,2.61,,2023-01-28
5109,11052,22,B-014009,2.61,4000.0,2023-10-19
5110,11175,18,B-014153,1.67,2000.0,2023-05-22
5111,14114,5,B-017850,1.16,2000.0,2023-04-10
5112,13221,25,B-016730,2.81,6000.0,2023-01-14
5113,13031,25,B-016498,1.82,6000.0,2023-06-15
5114,14797,12,B-018699,1.97,4000.0,2023-01-24
5115,5775,11,B-007318,1.2,,2023-03-03
5116,10136,16,B-012831,0.93,4000.0,2023-11-17
5117,15517,18,B-019590,2.77,,2023-04-25
5118,2076,9,B-002651,2.16,2000.0,2023-01-15
5119,1272,29,B-001643,3.37,6000.0,2023-03-13
5120,2774,25,B-003514,4.43,4000.0,2023-04-05
5121,15095,10,B-019063,0.74,4000.0,2023-12-16
5122,5151,26,B-006563,4.31,,2023-04-15
5123,14040,14,B-017758,4.87,,2023-04-20
5124,4349,10,B-005545,4.15,4000.0,2023-05-12
5125,14714,32,B-018594,2.95,,2023-04-17
5126,7142,1,B-009021,2.87,4000.0,2023-07-26
5127,12030,20,B-015208,2.08,4000.0,2023-06-20
5128,9043,2,B-011421,4.24,4000.0,2023-08-04
5129,8879,1,B-011216,1.42,2000.0,2023-11-15
5130,9165,21,B-011581,1.98,,2023-07-03
5131,660,10,B-000853,3.34,6000.0,2023-03-04
5132,2061,29,B-002634,2.88,6000.0,2023-05-22
5133,5010,5,B-006376,3.9,,2023-08-02
5134,8248,27,B-010419,1.52,4000.0,2023-11-02
5135,62,6,B-000087,1.47,6000.0,2023-08-27
5136,10404,4,B-013179,3.09,6000.0,2023-11-06
5137,1164,13,B-001493,1.34,,2023-07-17
5138,15140,11,B-019115,1.67,6000.0,2023-04-18
5139,13165,13,B-016665,1.37,4000.0,2023-02-10
5140,6104,31,B-007728,4.1,,2023-10-23
5141,7791,4,B-009835,4.87,4000.0,2023-11-13
5142,15630,22,B-019730,0.53,6000.0,2023-10-23
5143,15559,20,B-019642,4.3,6000.0,2023-08-28
5144,817,21,B-001050,3.41,4000.0,2023-01-11
5145,3371,17,B-004311,1.03,2000.0,2023-01-07
5146,12551,18,B-015883,0.59,6000.0,2023-06-19
5147,4763,16,B-006076,2.43,2000.0,2023-02-20
5148,1023,6,B-001312,4.08,6000.0,2023-02-24
5149,7898,3,B-009979,0.5,2000.0,2023-03-13
5150,12877,1,B-016297,2.17,2000.0,2023-11-28
5151,9382,7,B-011871,1.13,2000.0,2023-11-16
5152,4942,11,B-006297,2.45,4000.0,2023-06-20
5153,5153,29,B-006565,1.6,2000.0,2023-10-26
5154,7965,31,B-010060,1.03,2000.0,2023-12-16
5155,8507,29,B-010751,4.78,2000.0,2023-06-08
5156,6743,9,B-008537,3.99,6000.0,2023-05-06
5157,3680,12,B-004694,0.82,2000.0,2023-07-05
5158,9224,24,B-011659,2.08,6000.0,2023-01-16
5159,7754,17,B-009789,3.22,2000.0,2023-04-14
5160,733,9,B-000942,3.46,2000.0,2023-10-21
5161,12255,11,B-015493,3.17,4000.0,2023-05-14
5162,10614,8,B-013439,1.72,6000.0,2023-07-27
5163,13129,30,B-016621,2.81,2000.0,2023-08-18
5164,8307,14,B-010491,2.93,6000.0,2023-09-05
5165,6410,33,B-008100,4.94,6000.0,2023-12-13
5166,5669,12,B-007193,1.64,,2023-09-06
5167,135,21,B-000176,4.55,4000.0,2023-05-16
5168,12769,3,B-016156,4.97,4000.0,2023-04-13
5169,10995,8,B-013936,2.22,4000.0,2023-12-17
5170,8518,30,B-010763,1.32,,2023-05-25
5171,10399,7,B-013172,4.08,,2023-02-21
5172,6711,34,B-008490,3.06,4000.0,2023-11-21
5173,3674,23,B-004686,2.18,,2023-10-14
5174,2517,34,B-003191,1.03,,2023-11-27
5175,421,30,B-000551,2.22,,2023-10-26
5176,10147,29,B-012845,3.8,4000.0,2023-05-20
5177,13779,33,B-017439,1.98,4000.0,2023-10-25
5178,6614,21,B-008365,3.04,4000.0,2023-02-28
5179,6678,30,B-008452,4.29,,2023-10-02
5180,9057,29,B-011444,3.55,4000.0,2023-11-14
5181,2987,14,B-003796,4.42,,2023-07-04
5182,15176,16,B-019158,3.24,2000.0,2023-03-01
5183,14631,6,B-018492,0.63,,2023-12-17
5184,8741,5,B-011044,3.41,6000.0,2023-08-23
5185,453,2,B-000591,1.39,4000.0,2023-06-03
5186,4616,14,B-005894,3.24,4000.0,2023-03-25
5187,3080,20,B-003920,2.61,6000.0,2023-05-21
5188,12651,16,B-016013,4.39,,2023-04-06
5189,4,1,B-000005,4.38,2000.0,2023-07-08
5190,2017,25,B-002580,1.15,6000.0,2023-08-23
5191,1108,11,B-001423,1.24,6000.0,2023-09-06
5192,3545,34,B-004521,1.69,,2023-12-09
5193,10092,33,B-012775,0.52,4000.0,2023-02-11
5194,5142,3,B-006545,3.52,,2023-06-28
5195,4535,16,B-005786,4.92,6000.0,2023-04-06
5196,8683,25,B-010972,1.59,6000.0,2023-08-11
5197,5084,23,B-006475,1.56,4000.0,2023-12-05
5198,11919,16,B-015071,2.67,4000.0,2023-10-14
5199,7609,2,B-009603,4.49,4000.0,2023-06-01
5200,12917,27,B-016347,3.74,,2023-01-10
5201,6706,14,B-008483,2.21,4000.0,2023-06-24
5202,14747,5,B-018638,4.4,6000.0,2023-12-15
5203,9544,29,B-012074,3.38,6000.0,2023-09-15
5204,15254,25,B-019266,2.92,2000.0,2023-11-05
5205,880,6,B-001125,4.87,,2023-08-12
5206,1152,29,B-001478,2.52,2000.0,2023-01-25
5207,7126,25,B-009005,4.43,6000.0,2023-08-16
5208,3657,3,B-004662,3.63,2000.0,2023-07-07
5209,9405,13,B-011898,2.63,6000.0,2023-09-01
5210,14912,3,B-018846,4.98,2000.0,2023-03-23
5211,15136,20,B-019109,4.41,4000.0,2023-07-26
5212,13755,3,B-017410,3.92,2000.0,2023-08-26
5213,4474,4,B-005704,1.97,4000.0,2023-07-05
5214,13025,23,B-016490,4.03,4000.0,2023-07-27
5215,10552,33,B-013362,3.05,,2023-12-13
5216,3555,17,B-004531,4.47,4000.0,2023-07-02
5217,12862,10,B-016278,3.19,4000.0,2023-06-03
5218,13960,26,B-017659,2.83,2000.0,2023-03-20
5219,13740,20,B-017392,3.79,6000.0,2023-01-10
5220,5886,22,B-007451,4.09,,2023-01-08
5221,5192,6,B-006619,3.19,4000.0,2023-11-21
5222,7461,6,B-009420,2.22,,2023-05-03
5223,12969,19,B-016411,3.12,2000.0,2023-01-22
5224,3345,15,B-004278,0.64,4000.0,2023-02-03
5225,2256,27,B-002868,1.42,2000.0,2023-07-01
5226,15118,34,B-019090,4.92,,2023-11-17
5227,6560,35,B-008295,4.25,2000.0,2023-03-25
5228,12421,17,B-015715,4.34,,2023-04-28
5229,7249,21,B-009153,0.75,2000.0,2023-05-08
5230,926,15,B-001186,4.93,,2023-10-16
5231,6520,3,B-008244,1.68,6000.0,2023-02-18
5232,3783,17,B-004822,4.32,2000.0,2023-08-09
5233,12957,9,B-016398,1.53,2000.0,2023-02-06
5234,1480,4,B-001918,0.53,6000.0,2023-01-05
5235,10387,25,B-013156,4.04,6000.0,2023-01-10
5236,6647,22,B-008410,1.92,2000.0,2023-09-18
5237,3304,18,B-004223,1.25,6000.0,2023-07-07
5238,11338,29,B-014355,2.54,4000.0,2023-07-03
5239,6970,16,B-008814,2.57,,2023-11-27
5240,10520,22,B-013323,1.26,,2023-04-18
5241,10266,29,B-012999,4.33,,2023-11-18
5242,11859,18,B-014997,2.25,4000.0,2023-07-03
5243,3201,34,B-004099,4.53,6000.0,2023-03-02
5244,9003,35,B-011374,2.98,6000.0,2023-07-24
5245,5722,25,B-007255,1.58,2000.0,2023-04-12
5246,4844,29,B-006179,1.96,6000.0,2023-02-02
5247,7307,31,B-009227,1.04,2000.0,2023-04-02
5248,6263,1,B-007924,0.95,4000.0,2023-04-22
5249,9967,19,B-012616,4.26,,2023-03-10
5250,3124,27,B-003986,3.34,,2023-07-14
5251,9803,3,B-012411,2.23,,2023-11-17
5252,4366,1,B-005566,1.94,6000.0,2023-09-01
5253,15314,27,B-019339,2.2,2000.0,2023-06-02
5254,5938,18,B-007518,1.05,2000.0,2023-07-12
5255,8838,27,B-011168,1.65,4000.0,2023-11-12
5256,5963,1,B-007549,1.81,6000.0,2023-12-10
5257,11613,23,B-014689,1.26,4000.0,2023-02-13
5258,7619,5,B-009615,2.33,2000.0,2023-01-27
5259,11153,17,B-014124,1.04,2000.0,2023-12-19
5260,15109,23,B-019077,2.09,,2023-01-09
5261,13886,7,B-017568,3.53,6000.0,2023-09-21
5262,1472,35,B-001905,2.06,2000.0,2023-09-24
5263,3306,13,B-004225,1.66,,2023-09-16
5264,868,18,B-001107,3.53,6000.0,2023-04-10
5265,4921,13,B-006270,1.14,4000.0,2023-12-28
5266,12546,11,B-015878,2.02,6000.0,2023-02-28
5267,10207,35,B-012922,4.82,6000.0,2023-01-05
5268,2850,29,B-003611,2.62,2000.0,2023-06-14
5269,8772,33,B-011091,1.41,2000.0,2023-11-03
5270,9091,26,B-011489,4.73,6000.0,2023-05-11
5271,2966,28,B-003768,2.49,2000.0,2023-03-27
5272,10352,24,B-013110,0.77,2000.0,2023-07-01
5273,4062,23,B-005173,1.41,2000.0,2023-11-03
5274,5312,24,B-006758,1.34,,2023-01-19
5275,11707,5,B-014806,0.64,,2023-07-08
5276,6688,8,B-008463,3.0,6000.0,2023-09-04
5277,6937,8,B-008777,3.28,2000.0,2023-02-01
5278,122,12,B-000160,2.09,,2023-02-05
5279,9086,28,B-011483,1.75,6000.0,2023-07-27
5280,10757,11,B-013635,2.22,2000.0,2023-06-02
5281,11990,33,B-015157,4.99,4000.0,2023-05-08
5282,12474,20,B-015785,3.11,2000.0,2023-03-17
5283,3692,10,B-004707,3.94,2000.0,2023-02-09
5284,1189,34,B-001524,2.0,,2023-01-08
5285,14486,22,B-018316,3.93,6000.0,2023-06-27
5286,8736,17,B-011038,3.03,6000.0,2023-09-02
5287,9693,5,B-012269,4.47,,2023-06-07
5288,10622,27,B-013453,3.8,2000.0,2023-09-08
5289,4392,28,B-005604,0.97,4000.0,2023-07-21
5290,970,11,B-001246,3.6,2000.0,2023-02-19
5291,14878,17,B-018807,4.47,2000.0,2023-10-15
5292,2306,26,B-002925,4.6,4000.0,2023-05-12
5293,6169,32,B-007808,1.02,,2023-05-08
5294,4035,15,B-005143,3.4,6000.0,2023-04-04
5295,4539,2,B-005793,3.24,,2023-10-15
5296,15664,23,B-019771,3.72,,2023-04-06
5297,11587,33,B-014653,0.85,2000.0,2023-11-02
5298,7445,2,B-009400,4.89,6000.0,2023-05-03
5299,3451,21,B-004409,3.43,6000.0,2023-04-05
5300,2361,15,B-002995,3.38,,2023-12-14
5301,9660,26,B-012226,3.12,4000.0,2023-08-26
5302,8858,27,B-011193,1.58,,2023-05-24
5303,14825,25,B-018738,2.86,4000.0,2023-05-07
5304,13022,35,B-016486,1.04,6000.0,2023-07-24
5305,9547,20,B-012077,4.66,,2023-03-01
5306,2579,8,B-003272,4.06,2000.0,2023-04-24
5307,14103,5,B-017836,4.07,,2023-07-28
5308,9523,31,B-012050,3.43,6000.0,2023-07-17
5309,15700,12,B-019816,3.37,2000.0,2023-01-01
5310,15493,12,B-019562,1.51,2000.0,2023-04-02
5311,13523,17,B-017117,3.81,4000.0,2023-02-13
5312,12008,1,B-015179,4.51,2000.0,2023-05-03
5313,2956,15,B-003756,4.77,2000.0,2023-12-06
5314,2619,14,B-003323,1.68,,2023-07-02
5315,10795,12,B-013680,1.41,6000.0,2023-05-19
5316,3197,24,B-004092,4.6,4000.0,2023-03-19
5317,10815,24,B-013703,0.53,,2023-04-01
5318,8023,14,B-010136,0.86,2000.0,2023-05-16
5319,4569,6,B-005834,3.61,2000.0,2023-07-18
5320,1997,16,B-002556,4.5,4000.0,2023-03-21
5321,12905,13,B-016333,0.84,6000.0,2023-06-07
5322,1355,22,B-001748,4.7,4000.0,2023-02-07
5323,1515,7,B-001965,1.6,,2023-05-03
5324,1000,11,B-001286,2.72,4000.0,2023-10-01
5325,8760,11,B-011073,3.63,2000.0,2023-04-19
5326,8612,18,B-010870,2.8,,2023-04-15
5327,6389,21,B-008072,3.05,2000.0,2023-01-25
5328,7963,20,B-010057,3.41,6000.0,2023-09-04
5329,15257,32,B-019271,1.6,2000.0,2023-07-19
5330,9893,14,B-012522,3.35,2000.0,2023-09-14
5331,11081,16,B-014043,3.52,4000.0,2023-03-08
5332,7020,28,B-008872,0.79,2000.0,2023-10-09
5333,531,4,B-000693,4.93,,2023-03-18
5334,12031,27,B-015210,4.49,,2023-03-02
5335,11862,24,B-015000,2.77,6000.0,2023-07-06
5336,4766,25,B-006082,2.42,,2023-02-16
5337,8050,21,B-010170,2.33,4000.0,2023-12-14
5338,4057,24,B-005168,0.8,6000.0,2023-04-14
5339,6385,28,B-008067,3.64,,2023-10-18
5340,11411,33,B-014435,4.69,4000.0,2023-04-22
5341,14161,34,B-017910,4.01,,2023-09-09
5342,11243,5,B-014234,2.73,,2023-09-12
5343,3528,19,B-004502,2.36,2000.0,2023-09-22
5344,6363,15,B-008042,4.44,,2023-03-07
5345,12703,4,B-016073,4.25,,2023-07-16
5346,11600,28,B-014671,2.0,4000.0,2023-10-18
5347,6623,12,B-008375,3.75,4000.0,2023-04-15
5348,14012,6,B-017721,4.97,2000.0,2023-12-01
5349,12473,31,B-015783,4.51,,2023-09-01
5350,2871,15,B-003639,0.57,2000.0,2023-07-25
5351,9709,16,B-012291,0.51,,2023-08-28
5352,7485,15,B-009449,1.56,6000.0,2023-10-10
5353,1628,26,B-002102,1.32,6000.0,2023-01-03
5354,689,7,B-000888,1.86,2000.0,2023-07-07
5355,6811,20,B-008614,3.5,2000.0,2023-11-24
5356,15436,27,B-019491,2.02,2000.0,2023-06-16
5357,5458,25,B-006934,1.78,4000.0,2023-01-19
5358,6191,7,B-007837,4.23,4000.0,2023-07-26
5359,7009,30,B-008860,2.33,4000.0,2023-12-06
5360,13544,35,B-017146,3.66,2000.0,2023-02-17
5361,6513,18,B-008233,4.89,,2023-06-15
5362,4462,3,B-005690,0.58,6000.0,2023-09-07
5363,5065,32,B-006451,1.56,2000.0,2023-09-18
5364,14836,23,B-018751,4.79,4000.0,2023-10-13
5365,12961,4,B-016403,4.72,4000.0,2023-11-04
5366,10042,15,B-012713,1.8,2000.0,2023-05-21
5367,2253,29,B-002864,1.67,2000.0,2023-02-05
5368,5918,4,B-007491,3.26,4000.0,2023-03-06
5369,1522,25,B-001973,1.82,,2023-02-22
5370,9055,23,B-011441,2.48,4000.0,2023-10-20
5371,6712,29,B-008491,2.24,4000.0,2023-09-16
5372,13925,19,B-017620,2.07,2000.0,2023-09-07
5373,4061,8,B-005172,4.84,,2023-01-10
5374,8942,16,B-011293,2.21,4000.0,2023-08-20
5375,103,1,B-000138,3.85,4000.0,2023-12-05
5376,15378,32,B-019425,0.86,6000.0,2023-07-16
5377,8742,2,B-011045,4.14,2000.0,2023-01-27
5378,11940,31,B-015096,2.92,6000.0,2023-10-23
5379,4873,32,B-006217,4.28,6000.0,2023-08-13
5380,7543,32,B-009520,1.71,4000.0,2023-09-17
5381,1278,10,B-001651,3.21,2000.0,2023-01-17
5382,4181,11,B-005332,1.84,,2023-09-23
5383,4641,34,B-005925,0.74,4000.0,2023-05-26
5384,7947,35,B-010040,2.13,,2023-05-11
5385,15092,20,B-019059,1.64,,2023-11-06
5386,3327,11,B-004255,4.42,2000.0,2023-04-20
5387,2423,17,B-003067,2.96,6000.0,2023-09-01
5388,7114,21,B-008988,3.6,2000.0,2023-11-01
5389,14964,1,B-018911,2.11,,2023-02-07
5390,3057,25,B-003886,1.95,4000.0,2023-08-27
5391,3454,11,B-004414,2.27,,2023-04-03
5392,6099,11,B-007723,2.33,4000.0,2023-08-24
5393,7952,14,B-010045,1.52,4000.0,2023-09-13
5394,4406,25,B-005622,1.14,2000.0,2023-07-05
5395,4697,31,B-005996,0.62,,2023-05-13
5396,13292,7,B-016821,2.54,6000.0,2023-06-08
5397,6468,7,B-008172,4.18,,2023-10-21
5398,5469,3,B-006946,0.72,,2023-09-21
5399,2727,26,B-003450,3.27,6000.0,2023-05-17
5400,5404,23,B-006867,3.15,2000.0,2023-01-12
5401,12787,34,B-016179,2.1,,2023-09-14
5402,9738,6,B-012324,4.44,,2023-04-03
5403,4782,2,B-006100,1.05,4000.0,2023-06-21
5404,4684,9,B-005982,1.15,,2023-07-17
5405,11043,6,B-013998,4.16,6000.0,2023-12-27
5406,5152,24,B-006564,4.29,4000.0,2023-05-05
5407,13491,29,B-017075,4.83,2000.0,2023-02-14
5408,13984,22,B-017689,3.97,4000.0,2023-01-24
5409,2325,6,B-002948,0.78,6000.0,2023-11-16
5410,7411,34,B-009362,1.13,6000.0,2023-05-21
5411,1665,10,B-002149,2.43,4000.0,2023-02-05
5412,7472,28,B-009436,4.9,2000.0,2023-08-22
5413,8900,22,B-011240,4.75,4000.0,2023-09-20
5414,2947,22,B-003745,4.52,2000.0,2023-11-07
5415,10534,3,B-013340,1.68,4000.0,2023-03-11
5416,1268,10,B-001637,3.87,6000.0,2023-01-16
5417,9337,15,B-011810,1.78,,2023-12-15
5418,3461,3,B-004423,2.58,,2023-05-20
5419,10401,18,B-013175,4.48,2000.0,2023-03-22
5420,3041,33,B-003864,1.71,2000.0,2023-12-12
5421,7206,30,B-009099,3.4,2000.0,2023-02-04
5422,5578,5,B-007082,1.2,6000.0,2023-04-26
5423,11068,27,B-014030,1.89,4000.0,2023-10-26
5424,12420,33,B-015713,0.57,6000.0,2023-06-09
5425,2535,29,B-003213,1.45,,2023-10-12
5426,1858,28,B-002390,4.46,2000.0,2023-06-22
5427,14471,24,B-018297,1.72,4000.0,2023-12-25
5428,12725,25,B-016099,2.25,,2023-01-11
5429,11876,1,B-015016,4.68,,2023-07-27
5430,6121,20,B-007750,2.23,,2023-06-24
5431,13566,8,B-017174,3.21,6000.0,2023-05-07
5432,11643,30,B-014723,2.09,2000.0,2023-08-18
5433,2279,8,B-002894,0.57,,2023-10-11
5434,5436,11,B-006907,0.55,2000.0,2023-02-18
5435,15654,10,B-019760,3.95,6000.0,2023-09-10
5436,14431,7,B-018253,4.25,,2023-05-11
5437,10983,6,B-013917,2.6,6000.0,2023-04-06
5438,8179,8,B-010333,2.11,6000.0,2023-08-27
5439,6695,3,B-008471,0.66,2000.0,2023-06-22
5440,14115,19,B-017851,0.71,,2023-08-10
5441,9333,25,B-011806,4.64,6000.0,2023-05-16
5442,11647,13,B-014728,1.65,,2023-05-01
5443,10165,11,B-012867,3.44,2000.0,2023-12-22
5444,14716,27,B-018596,2.7,6000.0,2023-03-20
5445,3856,30,B-004916,4.68,2000.0,2023-07-03
5446,3212,7,B-004112,4.96,,2023-08-23
5447,13587,21,B-017201,1.11,,2023-12-23
5448,15209,29,B-019202,0.84,2000.0,2023-07-03
5449,7369,14,B-009304,4.71,4000.0,2023-01-27
5450,599,13,B-000782,2.2,6000.0,2023-12-09
5451,14990,25,B-018942,1.17,,2023-11-08
5452,1255,16,B-001622,1.85,,2023-12-09
5453,8958,32,B-011314,0.78,6000.0,2023-08-21
5454,2095,34,B-002677,3.28,2000.0,2023-02-09
5455,764,17,B-000984,3.24,2000.0,2023-09-22
5456,2787,33,B-003531,3.74,2000.0,2023-12-04
5457,14165,16,B-017914,1.72,4000.0,2023-11-28
5458,12531,10,B-015858,3.9,4000.0,2023-08-19
5459,14205,29,B-017970,3.33,,2023-12-11
5460,10848,32,B-013746,4.25,2000.0,2023-01-27
5461,8168,25,B-010320,2.93,6000.0,2023-07-11
5462,11874,23,B-015014,4.28,,2023-04-09
5463,5814,25,B-007371,4.04,6000.0,2023-01-01
5464,9637,29,B-012200,2.06,,2023-12-25
5465,4297,10,B-005484,1.45,4000.0,2023-03-11
5466,3329,18,B-004257,0.74,,2023-06-17
5467,4634,23,B-005915,3.58,4000.0,2023-01-18
5468,4625,28,B-005904,4.7,,2023-11-21
5469,7271,27,B-009181,4.46,2000.0,2023-02-04
5470,7233,23,B-009134,3.66,6000.0,2023-04-02
5471,10480,7,B-013272,4.65,2000.0,2023-03-03
5472,13834,16,B-017502,0.5,,2023-09-04
5473,4420,9,B-005639,4.61,,2023-03-03
5474,246,3,B-000325,2.53,,2023-02-01
5475,5301,8,B-006747,2.87,4000.0,2023-07-09
5476,15665,6,B-019774,2.63,6000.0,2023-04-12
5477,13235,31,B-016746,2.6,6000.0,2023-03-11
5478,11222,22,B-014211,3.12,,2023-10-21
5479,14315,13,B-018104,4.23,,2023-06-03
5480,7855,4,B-009922,1.22,4000.0,2023-11-21
5481,2568,34,B-003260,3.54,2000.0,2023-01-20
5482,7488,5,B-009452,4.08,2000.0,2023-02-12
5483,11536,16,B-014589,3.34,6000.0,2023-04-05
5484,8427,21,B-010648,2.02,4000.0,2023-10-14
5485,8419,30,B-010636,3.24,,2023-12-12
5486,6976,21,B-008822,0.91,6000.0,2023-03-25
5487,2249,29,B-002860,0.89,4000.0,2023-12-23
5488,10101,6,B-012785,1.37,2000.0,2023-10-18
5489,3659,28,B-004664,4.69,4000.0,2023-05-27
5490,13631,25,B-017253,3.62,2000.0,2023-09-16
5491,4177,8,B-005327,1.62,4000.0,2023-08-05
5492,15818,35,B-019966,1.15,6000.0,2023-09-16
5493,6613,35,B-008364,1.86,2000.0,2023-10-21
5494,6316,24,B-007988,0.61,6000.0,2023-12-21
5495,12088,22,B-015278,1.26,6000.0,2023-12-19
5496,13378,26,B-016928,1.19,2000.0,2023-03-15
5497,5778,11,B-007323,0.93,2000.0,2023-11-25
5498,999,9,B-001285,1.65,,2023-02-20
5499,4898,8,B-006244,4.94,,2023-07-11
5500,14820,22,B-018731,2.31,,2023-06-25
5501,14004,17,B-017713,2.58,6000.0,2023-04-12
5502,12941,20,B-016376,0.63,6000.0,2023-11-27
5503,8193,2,B-010350,1.67,,2023-06-23
5504,1845,14,B-002374,2.91,6000.0,2023-09-10
5505,11235,17,B-014226,2.55,6000.0,2023-01-16
5506,2152,12,B-002746,1.29,2000.0,2023-03-09
5507,8311,1,B-010496,0.57,2000.0,2023-04-12
5508,12106,34,B-015303,2.09,6000.0,2023-07-04
5509,4334,33,B-005528,1.82,,2023-08-28
5510,5441,21,B-006912,3.33,4000.0,2023-10-17
5511,8187,34,B-010343,3.02,,2023-12-01
5512,7942,16,B-010033,3.64,4000.0,2023-06-13
5513,7415,15,B-009366,0.93,,2023-08-10
5514,5204,32,B-006632,4.6,2000.0,2023-01-22
5515,10977,24,B-013909,3.05,6000.0,2023-01-28
5516,915,7,B-001169,1.97,6000.0,2023-12-10
5517,1009,26,B-001297,1.07,2000.0,2023-07-21
5518,2079,2,B-002655,4.68,4000.0,2023-04-18
5519,4413,4,B-005630,2.99,4000.0,2023-06-19
5520,2943,12,B-003740,2.8,4000.0,2023-01-23
5521,4031,34,B-005137,1.19,2000.0,2023-07-28
5522,4077,14,B-005192,3.45,4000.0,2023-11-05
5523,8465,28,B-010699,0.78,2000.0,2023-09-03
5524,3745,10,B-004774,3.68,,2023-08-13
5525,14581,7,B-018429,3.64,,2023-10-18
5526,3431,28,B-004383,1.07,2000.0,2023-12-05
5527,7853,23,B-009919,4.2,6000.0,2023-03-22
5528,15162,6,B-019142,1.88,,2023-03-23
5529,13295,4,B-016824,4.19,4000.0,2023-08-21
5530,13027,32,B-016492,1.13,2000.0,2023-12-08
5531,5750,34,B-007290,2.55,4000.0,2023-03-17
5532,10108,21,B-012796,4.17,4000.0,2023-02-14
5533,11162,18,B-014137,3.0,6000.0,2023-06-07
5534,4662,29,B-005951,3.21,4000.0,2023-01-26
5535,12429,31,B-015726,1.21,6000.0,2023-01-06
5536,7621,9,B-009617,3.79,,2023-02-09
5537,6742,3,B-008536,3.03,2000.0,2023-10-04
5538,5821,11,B-007378,2.82,4000.0,2023-09-24
5539,5335,11,B-006783,1.28,2000.0,2023-03-18
5540,2148,14,B-002742,0.6,4000.0,2023-08-22
5541,12316,22,B-015578,3.48,2000.0,2023-06-15
5542,12920,29,B-016351,3.46,4000.0,2023-06-15
5543,290,2,B-000379,1.99,4000.0,2023-12-25
5544,1586,1,B-002049,1.71,4000.0,2023-10-24
5545,9426,27,B-011924,1.07,4000.0,2023-04-13
5546,13957,20,B-017655,3.58,4000.0,2023-08-22
5547,8592,26,B-010847,3.43,4000.0,2023-03-10
5548,3220,32,B-004123,2.63,4000.0,2023-08-06
5549,9629,35,B-012188,1.59,4000.0,2023-01-22
5550,11545,12,B-014600,3.21,4000.0,2023-10-04
5551,9705,28,B-012284,3.97,2000.0,2023-02-17
5552,11748,27,B-014853,3.55,6000.0,2023-03-07
5553,2728,27,B-003451,2.05,4000.0,2023-04-07
5554,2142,10,B-002735,4.69,6000.0,2023-08-13
5555,5108,5,B-006506,1.12,4000.0,2023-09-14
5556,1310,2,B-001688,3.76,4000.0,2023-07-25
5557,1219,4,B-001566,1.26,2000.0,2023-07-10
5558,813,15,B-001046,2.09,,2023-07-21
5559,11378,33,B-014397,2.79,,2023-03-19
5560,6124,33,B-007753,2.55,2000.0,2023-05-27
5561,7112,17,B-008986,1.45,6000.0,2023-04-16
5562,12377,26,B-015657,4.34,,2023-09-04
5563,330,7,B-000432,2.14,2000.0,2023-10-12
5564,9978,2,B-012631,0.96,2000.0,2023-04-08
5565,5107,20,B-006505,4.31,,2023-08-24
5566,6787,18,B-008585,2.2,6000.0,2023-12-26
5567,13266,9,B-016785,4.23,2000.0,2023-09-20
5568,13609,27,B-017225,2.47,4000.0,2023-05-08
5569,12249,6,B-015487,1.42,6000.0,2023-11-10
5570,3362,11,B-004301,1.46,6000.0,2023-09-14
5571,8015,18,B-010127,2.87,,2023-08-26
5572,1987,9,B-002545,3.53,,2023-09-10
5573,1076,24,B-001382,3.77,4000.0,2023-12-15
5574,8488,26,B-010729,0.79,2000.0,2023-07-01
5575,5018,1,B-006388,1.13,,2023-11-26
5576,3979,12,B-005069,2.15,,2023-08-14
5577,2958,2,B-003758,2.37,6000.0,2023-02-08
5578,3168,26,B-004054,2.84,,2023-12-08
5579,9552,5,B-012085,1.56,,2023-12-09
5580,3651,2,B-004656,3.62,,2023-01-24
5581,14710,22,B-018588,4.63,,2023-07-06
5582,8129,9,B-010265,1.77,6000.0,2023-03-17
5583,14929,6,B-018867,0.95,4000.0,2023-05-21
5584,13029,26,B-016495,2.25,4000.0,2023-05-09
5585,15734,25,B-019863,4.87,2000.0,2023-04-08
5586,12664,1,B-016028,3.17,,2023-09-22
5587,2196,13,B-002796,1.71,6000.0,2023-11-24
5588,355,21,B-000469,3.42,2000.0,2023-11-13
5589,439,15,B-000576,1.26,2000.0,2023-01-21
5590,8614,20,B-010872,3.45,4000.0,2023-03-06
5591,4576,33,B-005847,4.11,6000.0,2023-04-02
5592,11573,7,B-014637,3.26,6000.0,2023-01-09
5593,4178,1,B-005329,2.14,6000.0,2023-11-06
5594,11180,24,B-014160,2.38,4000.0,2023-11-08
5595,6163,21,B-007802,2.79,4000.0,2023-10-18
5596,13342,30,B-016881,3.26,4000.0,2023-08-10
5597,11270,14,B-014269,3.72,4000.0,2023-08-23
5598,7006,25,B-008857,0.51,4000.0,2023-10-24
5599,3493,19,B-004464,1.8,,2023-05-09
5600,11556,9,B-014613,4.13,,2023-01-11
5601,15519,6,B-019593,2.82,6000.0,2023-10-21
5602,14503,26,B-018337,4.4,2000.0,2023-08-28
5603,15415,19,B-019468,0.58,6000.0,2023-07-08
5604,11858,30,B-014995,4.34,2000.0,2023-08-27
5605,2285,16,B-002901,0.85,4000.0,2023-11-26
5606,13704,18,B-017349,0.72,2000.0,2023-03-18
5607,12978,7,B-016420,4.35,6000.0,2023-02-09
5608,5909,27,B-007481,1.84,6000.0,2023-03-09
5609,15249,20,B-019258,3.98,2000.0,2023-01-01
5610,14050,29,B-017770,1.27,,2023-11-22
5611,8247,23,B-010418,4.26,4000.0,2023-10-04
5612,11357,21,B-014374,4.88,4000.0,2023-02-21
5613,7318,13,B-009241,3.63,6000.0,2023-05-14
5614,5614,13,B-007127,4.54,,2023-10-28
5615,6780,9,B-008577,0.81,2000.0,2023-05-01
5616,8303,24,B-010483,4.53,4000.0,2023-04-13
5617,8300,28,B-010479,2.0,,2023-08-27
5618,12876,23,B-016296,4.01,4000.0,2023-07-06
5619,3984,20,B-005074,3.07,,2023-12-15
5620,4461,9,B-005689,2.76,,2023-02-09
5621,11904,10,B-015054,4.34,6000.0,2023-04-17
5622,6991,18,B-008842,3.21,4000.0,2023-01-13
5623,2931,20,B-003722,1.81,2000.0,2023-01-24
5624,10409,16,B-013185,4.66,6000.0,2023-03-19
5625,1144,20,B-001468,0.62,6000.0,2023-11-27
5626,5711,21,B-007240,4.59,2000.0,2023-12-20
5627,3958,24,B-005045,4.37,6000.0,2023-09-27
5628,4694,21,B-005993,4.74,,2023-06-26
5629,5308,18,B-006754,2.03,,2023-01-19
5630,14849,32,B-018766,0.77,4000.0,2023-12-06
5631,14726,5,B-018612,3.83,4000.0,2023-11-07
5632,3900,27,B-004974,0.82,2000.0,2023-07-20
5633,14544,31,B-018388,3.74,4000.0,2023-06-06
5634,1,16,B-000002,2.21,,2023-06-02
5635,6778,4,B-008575,4.3,2000.0,2023-11-01
5636,10551,22,B-013360,3.36,2000.0,2023-12-09
5637,15351,16,B-019386,2.1,4000.0,2023-07-06
5638,10963,31,B-013893,4.53,,2023-09-01
5639,1730,33,B-002234,1.86,2000.0,2023-01-08
5640,4416,24,B-005635,1.96,,2023-04-23
5641,3685,20,B-004699,2.34,,2023-02-10
5642,6070,21,B-007688,2.05,,2023-12-09
5643,6931,24,B-008768,4.29,4000.0,2023-07-18
5644,102,34,B-000137,4.86,6000.0,2023-02-24
5645,12368,22,B-015644,2.5,6000.0,2023-08-18
5646,6379,9,B-008060,1.81,2000.0,2023-03-17
5647,9777,6,B-012378,2.57,,2023-02-24
5648,15336,26,B-019368,1.82,4000.0,2023-05-17
5649,3851,27,B-004909,1.08,,2023-02-24
5650,114,15,B-000150,0.61,,2023-05-19
5651,9914,30,B-012549,0.78,4000.0,2023-03-23
5652,5556,24,B-007053,4.63,6000.0,2023-03-01
5653,10327,35,B-013074,4.5,,2023-02-05
5654,14188,30,B-017945,4.85,,2023-02-01
5655,14200,5,B-017961,2.85,6000.0,2023-08-18
5656,2981,2,B-003789,4.14,4000.0,2023-11-04
5657,12182,32,B-015403,0.59,2000.0,2023-06-04
5658,88,32,B-000119,3.58,6000.0,2023-02-11
5659,7108,21,B-008982,0.86,2000.0,2023-12-14
5660,14467,22,B-018293,3.88,2000.0,2023-10-07
5661,2440,33,B-003090,0.55,6000.0,2023-05-23
5662,5300,13,B-006746,3.64,,2023-08-07
5663,15421,13,B-019474,1.95,2000.0,2023-01-18
5664,13607,31,B-017223,4.67,2000.0,2023-09-17
5665,5079,10,B-006468,3.17,4000.0,2023-06-25
5666,3199,21,B-004095,4.65,,2023-10-24
5667,2094,34,B-002676,0.94,2000.0,2023-12-27
5668,9266,32,B-011714,2.77,4000.0,2023-03-27
5669,11856,8,B-014992,3.65,,2023-11-06
5670,8378,14,B-010584,0.85,6000.0,2023-12-19
5671,5016,33,B-006386,1.36,6000.0,2023-12-11
5672,10707,26,B-013573,2.9,4000.0,2023-12-14
5673,4858,7,B-006200,4.45,6000.0,2023-01-11
5674,2853,30,B-003615,2.61,2000.0,2023-05-07
5675,12773,29,B-016160,2.82,,2023-11-13
5676,1010,9,B-001298,1.63,2000.0,2023-01-17
5677,5446,21,B-006918,3.93,2000.0,2023-06-15
5678,8112,22,B-010246,2.23,6000.0,2023-12-13
5679,3083,23,B-003925,3.15,2000.0,2023-06-24
5680,11920,17,B-015072,2.31,6000.0,2023-11-18
5681,9897,6,B-012527,0.89,,2023-01-18
5682,10349,32,B-013107,1.31,,2023-11-22
5683,7954,11,B-010047,0.59,2000.0,2023-09-14
5684,10449,21,B-013232,4.87,4000.0,2023-01-13
5685,9000,7,B-011370,0.54,6000.0,2023-12-11
5686,14842,5,B-018758,4.65,6000.0,2023-11-20
5687,3486,28,B-004455,0.72,2000.0,2023-12-19
5688,3660,15,B-004665,2.17,6000.0,2023-07-10
5689,8410,31,B-010625,3.99,6000.0,2023-03-09
5690,14937,25,B-018875,3.65,4000.0,2023-10-21
5691,6893,26,B-008716,2.77,4000.0,2023-12-10
5692,13313,12,B-016844,0.56,2000.0,2023-03-27
5693,3447,18,B-004405,3.95,4000.0,2023-07-15
5694,5319,3,B-006766,4.06,2000.0,2023-05-07
5695,2433,13,B-003081,0.97,,2023-08-12
5696,15416,19,B-019469,1.62,2000.0,2023-09-13
5697,877,26,B-001122,2.73,,2023-09-14
5698,13320,8,B-016854,2.15,2000.0,2023-04-25
5699,1735,2,B-002239,3.48,6000.0,2023-08-10
5700,3719,24,B-004745,1.27,4000.0,2023-08-18
5701,1400,26,B-001809,2.93,,2023-01-04
5702,12440,27,B-015741,4.31,2000.0,2023-05-04
5703,5893,7,B-007461,3.67,4000.0,2023-09-26
5704,12783,5,B-016171,2.74,2000.0,2023-07-09
5705,5858,31,B-007419,4.03,4000.0,2023-05-24
5706,3489,7,B-004459,1.06,4000.0,2023-03-15
5707,9080,8,B-011477,4.06,2000.0,2023-01-06
5708,15167,4,B-019147,4.08,,2023-06-24
5709,6380,3,B-008061,3.14,,2023-07-18
5710,2430,15,B-003077,3.31,6000.0,2023-04-28
5711,12608,24,B-015959,1.36,4000.0,2023-10-03
5712,240,12,B-000318,2.35,6000.0,2023-11-10
5713,1945,31,B-002493,3.51,6000.0,2023-08-08
5714,625,4,B-000814,4.31,2000.0,2023-09-11
5715,14313,8,B-018102,1.88,2000.0,2023-07-25
5716,276,25,B-000363,3.08,2000.0,2023-01-06
5717,2403,35,B-003047,4.08,4000.0,2023-03-28
5718,1299,24,B-001676,1.93,2000.0,2023-03-04
5719,3623,10,B-004623,4.69,2000.0,2023-07-02
5720,3452,18,B-004411,3.3,4000.0,2023-09-22
5721,11431,23,B-014457,2.12,4000.0,2023-03-25
5722,9268,25,B-011718,4.62,,2023-11-22
5723,5660,31,B-007184,4.47,2000.0,2023-09-13
5724,9418,24,B-011913,2.2,2000.0,2023-07-20
5725,100,29,B-000135,2.89,2000.0,2023-01-05
5726,3002,7,B-003815,3.0,,2023-04-28
5727,15701,30,B-019817,2.6,2000.0,2023-10-26
5728,1928,16,B-002469,3.63,,2023-09-14
5729,185,29,B-000242,4.11,6000.0,2023-04-09
5730,6401,2,B-008087,3.41,,2023-05-12
5731,2810,32,B-003559,2.73,6000.0,2023-09-04
5732,4391,31,B-005602,1.15,2000.0,2023-06-01
5733,5420,9,B-006886,1.1,6000.0,2023-04-20
5734,4008,5,B-005105,2.43,,2023-08-28
5735,10171,3,B-012874,3.87,4000.0,2023-08-26
5736,10343,4,B-013099,2.54,6000.0,2023-04-13
5737,15425,30,B-019479,0.88,6000.0,2023-06-25
5738,4769,18,B-006085,1.92,2000.0,2023-07-23
5739,13677,30,B-017316,4.08,,2023-03-23
5740,9041,33,B-011419,0.84,6000.0,2023-09-06
5741,13768,8,B-017426,0.77,6000.0,2023-07-03
5742,394,33,B-000520,3.95,6000.0,2023-10-13
5743,11946,31,B-015103,2.36,6000.0,2023-09-26
5744,1026,24,B-001315,3.45,4000.0,2023-07-27
5745,10908,19,B-013821,2.65,,2023-06-09
5746,9716,27,B-012298,1.05,2000.0,2023-06-04
5747,14062,24,B-017785,2.89,2000.0,2023-03-14
5748,713,5,B-000919,2.04,4000.0,2023-10-08
5749,3417,4,B-004367,3.93,,2023-06-22
5750,10039,33,B-012709,3.9,6000.0,2023-10-08
5751,5051,8,B-006430,3.46,4000.0,2023-11-06
5752,916,22,B-001170,0.65,,2023-05-09
5753,7044,13,B-008900,3.64,6000.0,2023-10-22
5754,6082,27,B-007703,3.98,4000.0,2023-10-06
5755,2347,8,B-002976,3.75,,2023-09-15
5756,2481,30,B-003149,1.55,2000.0,2023-11-21
5757,10879,32,B-013788,3.48,2000.0,2023-12-08
5758,3200,2,B-004098,1.76,,2023-03-20
5759,11973,33,B-015135,2.82,2000.0,2023-07-23
5760,12382,26,B-015664,4.54,,2023-05-22
5761,10705,22,B-013571,0.97,6000.0,2023-06-15
5762,159,9,B-000207,4.47,,2023-03-03
5763,13098,13,B-016582,1.56,6000.0,2023-09-24
5764,9944,13,B-012586,3.06,4000.0,2023-02-13
5765,9263,10,B-011710,1.26,,2023-12-22
5766,14474,7,B-018300,3.39,4000.0,2023-07-16
5767,4949,7,B-006305,2.59,2000.0,2023-11-21
5768,9982,22,B-012636,4.68,6000.0,2023-07-15
5769,5723,26,B-007258,2.49,,2023-11-09
5770,14940,14,B-018880,2.0,4000.0,2023-09-12
5771,9553,22,B-012086,0.75,6000.0,2023-01-26
5772,420,24,B-000550,2.04,6000.0,2023-03-10
5773,2572,11,B-003264,2.06,2000.0,2023-06-17
5774,5964,22,B-007551,4.22,2000.0,2023-06-03
5775,9521,8,B-012048,0.62,6000.0,2023-08-16
5776,9979,10,B-012632,1.03,6000.0,2023-02-26
5777,1200,7,B-001540,1.37,,2023-05-06
5778,6745,5,B-008539,1.6,6000.0,2023-12-24
5779,8641,22,B-010912,4.77,,2023-12-13
5780,2700,8,B-003416,3.15,6000.0,2023-10-12
5781,6118,8,B-007747,2.9,2000.0,2023-12-05
5782,14838,1,B-018753,4.11,,2023-04-11
5783,15225,31,B-019224,4.04,4000.0,2023-08-20
5784,12858,15,B-016274,2.47,2000.0,2023-07-08
5785,15727,6,B-019853,1.9,,2023-05-19
5786,2032,15,B-002599,1.37,,2023-03-26
5787,13635,6,B-017258,3.35,4000.0,2023-07-27
5788,9432,29,B-011932,1.16,,2023-10-28
5789,530,19,B-000692,1.68,6000.0,2023-04-21
5790,9639,3,B-012202,1.26,4000.0,2023-10-19
5791,11696,25,B-014794,1.47,2000.0,2023-03-24
5792,6741,15,B-008535,0.97,2000.0,2023-01-25
5793,1548,1,B-002002,2.42,6000.0,2023-07-18
5794,3246,28,B-004151,4.78,2000.0,2023-01-10
5795,6232,29,B-007885,4.42,,2023-09-01
5796,8286,18,B-010462,4.41,,2023-05-07
5797,3842,34,B-004896,1.38,6000.0,2023-02-24
5798,14902,16,B-018834,3.83,2000.0,2023-11-20
5799,4627,19,B-005906,3.81,2000.0,2023-02-20
5800,661,4,B-000854,3.46,6000.0,2023-10-28
5801,13829,30,B-017497,1.93,4000.0,2023-12-19
5802,14638,19,B-018499,3.36,2000.0,2023-07-01
5803,2817,29,B-003569,2.84,4000.0,2023-02-25
5804,12657,18,B-016020,4.96,2000.0,2023-07-01
5805,3042,4,B-003867,4.3,2000.0,2023-04-21
5806,8211,32,B-010370,0.51,2000.0,2023-10-14
5807,5602,26,B-007114,4.12,2000.0,2023-01-12
5808,14607,21,B-018459,4.67,,2023-11-18
5809,188,12,B-000247,4.19,4000.0,2023-09-01
5810,12264,31,B-015503,1.74,4000.0,2023-12-11
5811,10280,2,B-013016,3.07,2000.0,2023-04-06
5812,3548,35,B-004524,2.53,2000.0,2023-11-26
5813,7593,35,B-009580,3.32,4000.0,2023-04-17
5814,1512,30,B-001961,2.48,,2023-01-20
5815,5093,1,B-006485,2.77,6000.0,2023-07-17
5816,14944,26,B-018884,1.15,6000.0,2023-01-02
5817,3121,15,B-003983,1.97,4000.0,2023-09-27
5818,111,2,B-000147,4.19,2000.0,2023-09-02
5819,528,24,B-000689,0.87,2000.0,2023-01-12
5820,7544,6,B-009521,1.42,,2023-01-15
5821,13479,33,B-017063,1.65,6000.0,2023-01-24
5822,14322,5,B-018112,3.85,,2023-09-04
5823,14534,34,B-018377,0.51,6000.0,2023-05-17
5824,8931,5,B-011279,3.97,4000.0,2023-12-05
5825,7735,24,B-009769,4.44,6000.0,2023-10-10
5826,1983,2,B-002540,2.23,,2023-06-27
5827,11265,1,B-014263,3.48,,2023-12-25
5828,9977,12,B-012629,3.48,,2023-02-11
5829,1143,20,B-001467,0.93,4000.0,2023-05-17
5830,3186,21,B-004076,4.68,6000.0,2023-03-22
5831,2020,6,B-002584,2.36,6000.0,2023-12-19
5832,6482,31,B-008191,0.77,,2023-02-03
5833,1169,23,B-001498,2.55,6000.0,2023-07-11
5834,8899,1,B-011239,1.61,2000.0,2023-04-18
5835,11607,24,B-014683,1.88,2000.0,2023-07-06
5836,11768,22,B-014877,3.21,2000.0,2023-01-11
5837,9832,24,B-012445,4.0,6000.0,2023-01-11
5838,14324,1,B-018114,1.54,4000.0,2023-03-11
5839,14448,8,B-018271,2.6,4000.0,2023-02-02
5840,761,1,B-000980,3.84,4000.0,2023-10-17
5841,4563,18,B-005825,3.17,4000.0,2023-12-26
5842,8358,1,B-010561,0.93,2000.0,2023-04-05
5843,13852,31,B-017523,1.27,2000.0,2023-09-02
5844,9093,23,B-011491,2.57,,2023-03-13
5845,6947,2,B-008788,1.68,6000.0,2023-01-10
5846,12005,3,B-015176,4.95,6000.0,2023-02-10
5847,13842,1,B-017512,2.18,4000.0,2023-01-07
5848,1595,28,B-002062,0.57,2000.0,2023-02-07
5849,13683,30,B-017323,0.88,4000.0,2023-04-15
5850,3001,11,B-003813,2.01,,2023-10-05
5851,15111,19,B-019080,2.42,6000.0,2023-12-10
5852,7245,9,B-009149,3.13,6000.0,2023-09-15
5853,10205,22,B-012920,4.01,4000.0,2023-02-03
5854,11443,25,B-014473,4.04,,2023-10-20
5855,9793,4,B-012398,1.36,6000.0,2023-10-14
5856,4463,15,B-005691,3.27,,2023-05-16
5857,10419,2,B-013198,0.93,,2023-03-27
5858,5664,11,B-007188,1.14,4000.0,2023-12-12
5859,9494,21,B-012013,3.94,2000.0,2023-02-26
5860,2492,31,B-003162,2.33,4000.0,2023-10-22
5861,264,11,B-000350,3.12,2000.0,2023-01-16
5862,11566,17,B-014627,4.54,,2023-02-04
5863,4851,1,B-006190,3.12,2000.0,2023-04-16
5864,4594,17,B-005869,2.3,,2023-03-13
5865,15305,31,B-019328,1.86,6000.0,2023-09-18
5866,11928,35,B-015083,2.51,6000.0,2023-05-15
5867,12127,13,B-015334,3.62,6000.0,2023-11-03
5868,12732,30,B-016107,1.66,4000.0,2023-05-09
5869,6284,28,B-007952,3.21,4000.0,2023-03-09
5870,9163,31,B-011578,2.33,,2023-07-02
5871,5646,35,B-007169,3.81,6000.0,2023-02-04
5872,7255,12,B-009160,3.83,4000.0,2023-12-15
5873,14569,21,B-018417,2.38,6000.0,2023-09-24
5874,7039,35,B-008893,1.59,4000.0,2023-11-21
5875,12006,16,B-015177,0.97,2000.0,2023-07-16
5876,6352,2,B-008030,1.75,2000.0,2023-11-12
5877,2457,3,B-003110,0.63,6000.0,2023-08-20
5878,7352,28,B-009285,3.34,,2023-06-11
5879,2414,25,B-003058,4.68,4000.0,2023-02-05
5880,7050,11,B-008907,1.33,4000.0,2023-11-18
5881,4468,5,B-005697,2.15,2000.0,2023-06-26
5882,4161,23,B-005304,1.8,2000.0,2023-09-12
5883,9485,10,B-012000,4.61,,2023-12-09
5884,6060,25,B-007675,0.61,,2023-03-02
5885,3535,32,B-004511,2.56,,2023-07-11
5886,10744,23,B-013621,0.98,6000.0,2023-05-17
5887,7770,9,B-009809,1.54,2000.0,2023-03-12
5888,11130,26,B-014100,3.81,6000.0,2023-06-13
5889,14691,24,B-018564,2.06,2000.0,2023-07-19
5890,12765,4,B-016151,2.84,2000.0,2023-05-22
5891,884,5,B-001129,4.1,4000.0,2023-11-06
5892,6882,26,B-008703,0.65,2000.0,2023-01-26
5893,11194,6,B-014175,4.83,2000.0,2023-08-11
5894,15105,17,B-019073,4.51,6000.0,2023-07-01
5895,3802,3,B-004845,3.55,2000.0,2023-04-09
5896,10604,22,B-013426,1.48,6000.0,2023-11-02
5897,15825,9,B-019976,3.28,,2023-10-28
5898,7022,3,B-008874,2.69,2000.0,2023-05-06
5899,4715,12,B-006015,4.93,2000.0,2023-12-21
5900,5876,11,B-007440,4.58,6000.0,2023-09-02
5901,7,17,B-000012,4.7,,2023-03-07
5902,11571,14,B-014635,1.45,4000.0,2023-08-11
5903,8278,26,B-010454,2.29,,2023-04-21
5904,6556,22,B-008290,2.97,6000.0,2023-07-02
5905,4867,32,B-006211,2.38,,2023-07-24
5906,9502,1,B-012021,1.61,6000.0,2023-11-19
5907,15816,11,B-019964,2.21,6000.0,2023-12-13
5908,229,26,B-000307,4.84,4000.0,2023-07-22
5909,8036,1,B-010154,1.69,2000.0,2023-08-15
5910,15764,26,B-019897,1.99,6000.0,2023-04-11
5911,4675,6,B-005966,2.53,6000.0,2023-03-25
5912,10044,32,B-012715,4.14,4000.0,2023-01-10
5913,8043,12,B-010162,0.88,6000.0,2023-10-02
5914,13394,7,B-016950,4.38,2000.0,2023-11-13
5915,4125,13,B-005255,2.79,4000.0,2023-02-06
5916,9340,5,B-011813,4.85,2000.0,2023-02-13
5917,12653,35,B-016015,4.32,2000.0,2023-03-12
5918,8539,34,B-010786,4.37,4000.0,2023-07-03
5919,6983,13,B-008831,3.51,6000.0,2023-06-27
5920,10598,14,B-013420,1.56,2000.0,2023-07-01
5921,4986,13,B-006349,3.8,2000.0,2023-04-16
5922,2458,15,B-003111,4.25,2000.0,2023-10-06
5923,6789,4,B-008587,0.61,2000.0,2023-01-16
5924,8859,1,B-011194,2.68,4000.0,2023-06-01
5925,6453,24,B-008152,4.43,4000.0,2023-10-05
5926,14428,26,B-018249,3.57,,2023-04-26
5927,7152,11,B-009036,3.06,,2023-10-06
5928,13418,20,B-016985,3.3,2000.0,2023-10-11
5929,13109,33,B-016597,1.61,6000.0,2023-12-25
5930,3638,34,B-004639,2.8,2000.0,2023-03-25
5931,12334,31,B-015599,4.23,6000.0,2023-10-17
5932,5276,16,B-006715,3.49,2000.0,2023-01-19
5933,8314,15,B-010501,0.78,,2023-01-20
5934,4143,25,B-005277,4.98,,2023-05-11
5935,12751,19,B-016135,2.7,6000.0,2023-03-23
5936,15028,11,B-018984,1.57,2000.0,2023-06-02
5937,6776,16,B-008573,4.43,6000.0,2023-10-15
5938,15113,33,B-019084,3.66,,2023-02-14
5939,855,27,B-001093,4.02,2000.0,2023-02-08
5940,552,24,B-000718,4.77,2000.0,2023-06-27
5941,13930,9,B-017625,3.85,6000.0,2023-08-03
5942,1648,18,B-002127,2.54,4000.0,2023-04-24
5943,12953,17,B-016389,1.98,6000.0,2023-06-28
5944,14026,28,B-017737,3.63,,2023-09-11
5945,13213,30,B-016721,2.39,,2023-06-12
5946,1361,30,B-001754,2.36,,2023-08-13
5947,6285,28,B-007953,1.88,,2023-12-19
5948,2476,5,B-003140,3.5,,2023-12-09
5949,1252,24,B-001618,0.97,4000.0,2023-07-05
5950,395,10,B-000522,3.69,2000.0,2023-05-05
5951,7406,22,B-009356,3.41,6000.0,2023-12-26
5952,13038,11,B-016507,1.66,6000.0,2023-04-04
5953,14306,9,B-018094,2.14,,2023-04-24
5954,5001,2,B-006367,1.84,6000.0,2023-04-24
5955,8534,2,B-010780,1.41,,2023-11-23
5956,6349,35,B-008027,3.22,4000.0,2023-11-03
5957,6813,4,B-008616,1.68,4000.0,2023-11-03
5958,8095,5,B-010224,4.72,2000.0,2023-11-17
5959,15622,23,B-019722,4.84,4000.0,2023-12-22
5960,14952,20,B-018895,1.65,4000.0,2023-09-23
5961,3282,26,B-004194,1.03,2000.0,2023-09-14
5962,13707,16,B-017352,0.88,6000.0,2023-12-06
5963,4704,1,B-006003,4.64,,2023-06-08
5964,2855,6,B-003617,1.0,,2023-04-14
5965,7860,9,B-009928,2.43,6000.0,2023-01-11
5966,9300,32,B-011762,2.22,2000.0,2023-02-05
5967,910,13,B-001162,3.89,6000.0,2023-06-08
5968,165,30,B-000215,3.18,4000.0,2023-01-22
5969,2703,4,B-003420,2.42,2000.0,2023-03-28
5970,8501,28,B-010744,1.38,2000.0,2023-10-25
5971,6371,16,B-008052,4.48,2000.0,2023-08-11
5972,10755,4,B-013633,4.5,,2023-02-20
5973,1022,20,B-001311,2.54,6000.0,2023-06-11
5974,6054,27,B-007669,1.83,2000.0,2023-04-18
5975,10362,32,B-013124,2.2,2000.0,2023-06-10
5976,8291,5,B-010469,3.12,2000.0,2023-02-09
5977,772,19,B-000995,2.27,6000.0,2023-07-22
5978,14459,28,B-018283,2.78,,2023-09-06
5979,14201,24,B-017962,2.69,4000.0,2023-04-27
5980,9623,31,B-012182,3.52,,2023-10-19
5981,13048,16,B-016521,2.34,2000.0,2023-09-12
5982,10635,15,B-013469,1.17,,2023-06-23
5983,4741,32,B-006047,2.32,,2023-09-16
5984,12229,16,B-015462,4.38,4000.0,2023-11-11
5985,9184,3,B-011607,4.13,6000.0,2023-07-22
5986,743,14,B-000956,3.23,6000.0,2023-09-14
5987,10651,34,B-013495,3.67,,2023-09-11
5988,12143,2,B-015356,3.65,,2023-10-10
5989,3407,21,B-004356,4.6,6000.0,2023-06-09
5990,15813,31,B-019958,2.58,6000.0,2023-07-05
5991,14511,31,B-018346,2.73,4000.0,2023-01-10
5992,9508,29,B-012031,3.61,2000.0,2023-11-23
5993,903,9,B-001154,1.63,,2023-08-14
5994,10788,4,B-013672,4.84,6000.0,2023-11-15
5995,3905,13,B-004980,2.28,,2023-11-12
5996,994,16,B-001277,4.1,,2023-04-09
5997,14851,6,B-018768,2.81,6000.0,2023-10-05
5998,6725,19,B-008512,3.28,4000.0,2023-01-06
5999,1235,5,B-001592,3.53,,2023-08-06
6000,15108,28,B-019076,1.58,4000.0,2023-09-07
6001,14623,29,B-018480,2.66,6000.0,2023-05-11
6002,13120,4,B-016610,1.54,2000.0,2023-04-27
6003,6890,34,B-008711,4.51,2000.0,2023-12-28
6004,4957,6,B-006314,3.03,,2023-01-18
6005,2452,19,B-003105,0.72,6000.0,2023-11-25
6006,14816,33,B-018725,0.68,4000.0,2023-06-21
6007,6818,34,B-008622,3.57,,2023-12-21
6008,11730,24,B-014831,4.71,6000.0,2023-12-21
6009,11190,26,B-014171,2.54,6000.0,2023-09-24
6010,7392,20,B-009340,4.1,4000.0,2023-11-01
6011,13841,10,B-017510,0.8,,2023-07-15
6012,14157,14,B-017906,2.95,6000.0,2023-01-05
6013,7246,34,B-009150,4.99,6000.0,2023-11-16
6014,9698,27,B-012275,4.47,6000.0,2023-04-26
6015,7242,5,B-009145,3.23,4000.0,2023-11-07
6016,5352,5,B-006803,2.86,,2023-04-19
6017,15247,7,B-019256,3.66,,2023-10-05
6018,1340,28,B-001729,0.84,,2023-06-01
6019,9920,26,B-012555,2.14,,2023-08-05
6020,14323,14,B-018113,1.56,2000.0,2023-11-26
6021,7483,18,B-009447,1.33,2000.0,2023-07-11
6022,12768,25,B-016155,3.62,,2023-10-13
6023,8747,7,B-011051,4.83,4000.0,2023-06-18
6024,5937,5,B-007516,3.56,2000.0,2023-02-21
6025,9109,1,B-011511,4.32,6000.0,2023-08-20
6026,8635,20,B-010900,4.21,2000.0,2023-09-28
6027,5516,9,B-006998,3.75,6000.0,2023-08-15
6028,1324,3,B-001706,3.87,,2023-11-20
6029,2141,14,B-002734,3.61,2000.0,2023-02-24
6030,10256,28,B-012984,0.8,4000.0,2023-03-25
6031,2332,9,B-002956,4.97,2000.0,2023-02-05
6032,13943,10,B-017640,3.23,2000.0,2023-11-24
6033,14959,25,B-018905,0.97,2000.0,2023-07-14
6034,6542,10,B-008269,4.58,,2023-08-10
6035,4336,6,B-005530,3.73,4000.0,2023-09-06
6036,8529,1,B-010774,0.79,2000.0,2023-03-20
6037,2027,2,B-002592,1.84,4000.0,2023-05-16
6038,14194,1,B-017954,1.38,,2023-08-25
6039,12560,22,B-015894,2.79,6000.0,2023-09-14
6040,5724,31,B-007259,4.54,2000.0,2023-06-22
6041,4527,13,B-005773,4.38,4000.0,2023-01-13
6042,4053,9,B-005164,1.76,4000.0,2023-06-03
6043,15844,16,B-019998,1.12,,2023-06-14
6044,4172,15,B-005320,1.68,2000.0,2023-10-16
6045,10921,5,B-013843,2.33,6000.0,2023-01-23
6046,4775,4,B-006091,1.33,4000.0,2023-06-02
6047,12586,35,B-015927,4.37,2000.0,2023-11-21
6048,9892,23,B-012521,1.33,6000.0,2023-04-18
6049,12517,27,B-015838,4.45,4000.0,2023-03-16
6050,5557,4,B-007055,2.8,4000.0,2023-05-19
6051,13357,11,B-016902,4.77,6000.0,2023-05-12
6052,9400,34,B-011893,3.34,6000.0,2023-04-11
6053,4158,15,B-005300,3.21,,2023-10-27
6054,13325,30,B-016859,4.65,2000.0,2023-11-21
6055,3098,3,B-003944,1.95,2000.0,2023-03-01
6056,11668,26,B-014754,3.09,,2023-04-25
6057,7075,30,B-008940,1.44,4000.0,2023-01-19
6058,2767,12,B-003505,0.51,6000.0,2023-11-25
6059,4819,2,B-006146,3.28,6000.0,2023-08-21
6060,11830,32,B-014956,2.84,6000.0,2023-05-22
6061,7137,35,B-009016,0.57,4000.0,2023-05-06
6062,11497,29,B-014537,4.44,6000.0,2023-03-18
6063,3254,6,B-004163,2.96,6000.0,2023-03-11
6064,4620,3,B-005899,4.49,,2023-10-02
6065,5853,25,B-007413,4.92,4000.0,2023-08-27
6066,5786,4,B-007332,3.14,2000.0,2023-02-07
6067,11420,1,B-014446,4.38,,2023-04-13
6068,3,2,B-000004,2.14,,2023-03-16
6069,9407,9,B-011900,4.31,2000.0,2023-03-14
6070,433,17,B-000568,4.51,,2023-10-01
6071,15179,10,B-019162,2.74,4000.0,2023-02-01
6072,7730,27,B-009761,0.62,6000.0,2023-10-25
6073,14579,33,B-018427,3.13,4000.0,2023-06-25
6074,6704,11,B-008481,3.03,2000.0,2023-11-22
6075,14655,10,B-018519,2.8,2000.0,2023-12-09
6076,3878,18,B-004946,3.68,,2023-08-28
6077,79,27,B-000108,1.54,4000.0,2023-08-20
6078,3860,2,B-004921,0.92,4000.0,2023-04-06
6079,2869,32,B-003636,3.93,2000.0,2023-03-16
6080,2778,15,B-003520,3.86,4000.0,2023-08-25
6081,4050,26,B-005160,4.76,2000.0,2023-03-24
6082,270,28,B-000356,0.74,4000.0,2023-05-17
6083,9986,35,B-012641,1.0,4000.0,2023-08-17
6084,10633,16,B-013467,4.11,4000.0,2023-01-26
6085,12808,35,B-016204,3.3,2000.0,2023-01-01
6086,10639,22,B-013474,2.74,,2023-12-04
6087,3546,12,B-004522,1.5,4000.0,2023-11-26
6088,7182,16,B-009072,1.66,2000.0,2023-04-02
6089,6624,3,B-008377,3.68,2000.0,2023-11-03
6090,15151,13,B-019128,1.55,4000.0,2023-09-06
6091,12433,23,B-015732,4.67,4000.0,2023-08-20
6092,11456,6,B-014488,0.87,,2023-07-15
6093,1978,27,B-002535,4.75,2000.0,2023-03-09
6094,1204,27,B-001545,1.78,2000.0,2023-11-21
6095,11747,3,B-014851,1.08,6000.0,2023-12-08
6096,5959,3,B-007543,3.23,2000.0,2023-09-23
6097,4565,2,B-005828,1.78,,2023-10-19
6098,1999,33,B-002558,1.75,6000.0,2023-10-15
6099,13754,20,B-017409,4.55,6000.0,2023-01-10
6100,13809,13,B-017474,3.55,6000.0,2023-08-27
6101,12459,1,B-015766,4.74,4000.0,2023-07-11
6102,7559,16,B-009539,3.62,4000.0,2023-06-16
6103,3198,31,B-004094,1.22,2000.0,2023-03-23
6104,3005,15,B-003818,1.84,6000.0,2023-06-28
6105,3287,29,B-004199,1.63,,2023-02-16
6106,10492,35,B-013289,3.66,4000.0,2023-10-16
6107,10987,3,B-013923,2.68,,2023-03-24
6108,13547,8,B-017149,1.18,,2023-05-04
6109,7399,23,B-009347,0.51,4000.0,2023-04-28
6110,5145,14,B-006551,2.64,4000.0,2023-03-08
6111,7382,9,B-009324,3.2,4000.0,2023-06-07
6112,2813,11,B-003563,1.56,4000.0,2023-10-18
6113,11780,13,B-014892,4.97,6000.0,2023-09-11
6114,984,14,B-001265,2.96,6000.0,2023-03-14
6115,13682,21,B-017322,4.95,6000.0,2023-06-04
6116,11012,28,B-013957,3.68,6000.0,2023-10-17
6117,10260,18,B-012991,3.21,2000.0,2023-05-06
6118,6248,17,B-007906,1.78,6000.0,2023-11-01
6119,2225,6,B-002833,4.52,4000.0,2023-06-11
6120,6328,24,B-008000,2.54,,2023-02-25
6121,10677,8,B-013529,1.47,6000.0,2023-05-05
6122,14502,32,B-018336,4.26,2000.0,2023-01-28
6123,9113,29,B-011516,2.19,4000.0,2023-04-05
6124,14535,35,B-018378,3.49,,2023-03-10
6125,10605,33,B-013427,4.65,,2023-02-05
6126,1217,18,B-001563,2.93,6000.0,2023-10-14
6127,14198,30,B-017959,2.76,,2023-11-06
6128,12292,11,B-015542,3.31,6000.0,2023-03-02
6129,3861,8,B-004922,2.1,6000.0,2023-09-07
6130,12821,18,B-016221,2.11,4000.0,2023-07-13
6131,13467,5,B-017047,0.72,4000.0,2023-06-09
6132,12423,35,B-015718,2.25,2000.0,2023-02-22
6133,12892,19,B-016316,2.62,4000.0,2023-02-01
6134,11249,26,B-014241,2.07,4000.0,2023-05-08
6135,11604,11,B-014677,2.53,6000.0,2023-11-27
6136,10099,18,B-012782,2.15,4000.0,2023-02-28
6137,11922,4,B-015076,3.17,6000.0,2023-02-18
6138,11413,23,B-014437,1.1,6000.0,2023-02-03
6139,4293,19,B-005479,4.8,4000.0,2023-12-03
6140,4472,28,B-005701,2.23,2000.0,2023-08-22
6141,10577,35,B-013389,1.22,2000.0,2023-03-19
6142,5604,23,B-007116,2.01,,2023-12-22
6143,5371,32,B-006825,0.92,,2023-06-12
6144,14057,28,B-017779,3.87,4000.0,2023-05-06
6145,15490,25,B-019559,2.41,2000.0,2023-07-24
6146,2925,19,B-003715,3.4,6000.0,2023-10-01
6147,9679,32,B-012250,1.25,,2023-03-10
6148,8463,23,B-010696,1.67,6000.0,2023-03-12
6149,14533,35,B-018376,1.53,,2023-02-20
6150,145,7,B-000188,4.61,4000.0,2023-04-03
6151,8225,16,B-010386,1.56,2000.0,2023-10-20
6152,10064,1,B-012738,1.33,,2023-01-03
6153,8201,5,B-010358,4.05,2000.0,2023-12-17
6154,4918,6,B-006267,2.87,6000.0,2023-12-12
6155,688,5,B-000887,2.42,4000.0,2023-06-09
6156,15337,8,B-019369,3.97,2000.0,2023-12-16
6157,13462,33,B-017040,3.42,4000.0,2023-01-24
6158,516,31,B-000675,1.97,2000.0,2023-09-09
6159,15822,13,B-019972,2.85,6000.0,2023-11-28
6160,6996,10,B-008847,1.93,6000.0,2023-01-25
6161,7329,15,B-009256,2.85,4000.0,2023-10-09
6162,14905,1,B-018837,4.35,6000.0,2023-05-14
6163,15784,11,B-019926,2.01,,2023-04-15
6164,6512,16,B-008232,3.3,2000.0,2023-06-28
6165,9051,4,B-011433,2.69,6000.0,2023-08-02
6166,12144,1,B-015357,2.19,,2023-04-22
6167,1956,29,B-002510,4.84,4000.0,2023-10-16
6168,637,23,B-000828,0.82,,2023-01-07
6169,8735,10,B-011037,4.01,4000.0,2023-04-05
6170,13665,14,B-017298,2.55,4000.0,2023-04-02
6171,5057,34,B-006437,0.96,2000.0,2023-05-14
6172,12271,9,B-015514,3.64,2000.0,2023-08-07
6173,9746,16,B-012335,2.51,,2023-10-06
6174,7721,13,B-009751,4.86,2000.0,2023-11-20
6175,7465,8,B-009425,0.75,2000.0,2023-09-07
6176,6543,19,B-008270,2.22,2000.0,2023-02-18
6177,12746,27,B-016128,4.15,,2023-01-01
6178,11585,13,B-014651,1.1,6000.0,2023-02-06
6179,14883,7,B-018812,4.3,2000.0,2023-01-04
6180,3722,30,B-004748,3.8,2000.0,2023-10-07
6181,10180,32,B-012884,2.46,,2023-09-16
6182,5072,30,B-006461,1.53,6000.0,2023-03-18
6183,1890,20,B-002426,1.66,2000.0,2023-03-19
6184,1677,3,B-002166,1.16,4000.0,2023-02-28
6185,4318,13,B-005508,1.86,,2023-10-13
6186,1058,2,B-001353,4.66,2000.0,2023-03-23
6187,11872,18,B-015012,4.62,2000.0,2023-05-21
6188,15405,14,B-019454,4.87,4000.0,2023-01-06
6189,9648,35,B-012212,1.47,4000.0,2023-06-06
6190,620,21,B-000808,2.49,,2023-02-28
6191,12763,24,B-016149,3.27,,2023-11-05
6192,5138,27,B-006541,2.41,4000.0,2023-12-26
6193,3363,9,B-004302,2.8,,2023-08-18
6194,1085,27,B-001394,3.25,4000.0,2023-04-02
6195,5130,4,B-006530,2.47,2000.0,2023-10-13
6196,6503,26,B-008222,4.32,4000.0,2023-11-10
6197,13499,30,B-017084,3.72,4000.0,2023-02-14
6198,10015,31,B-012679,4.94,6000.0,2023-06-21
6199,9052,15,B-011434,2.05,4000.0,2023-08-23
6200,1655,17,B-002137,1.0,4000.0,2023-04-09
6201,14938,23,B-018876,4.29,6000.0,2023-09-28
6202,1711,9,B-002210,3.95,,2023-07-11
6203,13849,33,B-017520,2.75,6000.0,2023-05-25
6204,15278,35,B-019297,1.74,2000.0,2023-01-07
6205,2557,29,B-003246,1.55,6000.0,2023-07-11
6206,6322,35,B-007994,2.99,2000.0,2023-04-05
6207,5086,34,B-006477,1.48,,2023-07-14
6208,13072,15,B-016551,2.86,6000.0,2023-12-25
6209,7410,6,B-009361,1.86,6000.0,2023-11-05
6210,11527,27,B-014576,3.27,,2023-01-04
6211,7281,24,B-009195,0.83,2000.0,2023-10-03
6212,7986,1,B-010093,4.44,6000.0,2023-02-03
6213,14593,5,B-018442,4.27,2000.0,2023-04-03
6214,6792,5,B-008590,2.95,6000.0,2023-12-13
6215,3154,3,B-004035,2.52,4000.0,2023-11-12
6216,3114,29,B-003971,3.89,6000.0,2023-03-04
6217,918,1,B-001174,3.4,,2023-05-10
6218,13507,21,B-017095,3.88,,2023-11-13
6219,13262,3,B-016778,3.33,2000.0,2023-09-01
6220,5552,14,B-007047,4.14,6000.0,2023-07-24
6221,4157,21,B-005299,3.86,2000.0,2023-08-11
6222,8882,21,B-011219,4.38,2000.0,2023-02-09
6223,7474,16,B-009438,3.75,4000.0,2023-05-05
6224,11359,21,B-014376,3.79,4000.0,2023-02-10
6225,1427,24,B-001844,0.78,,2023-08-10
6226,15402,19,B-019451,4.59,2000.0,2023-01-12
6227,5329,12,B-006777,4.06,,2023-05-16
6228,11803,3,B-014920,4.21,6000.0,2023-11-10
6229,4687,3,B-005985,4.74,2000.0,2023-09-06
6230,4477,22,B-005707,0.62,2000.0,2023-11-09
6231,13583,20,B-017194,1.03,6000.0,2023-08-15
6232,11119,14,B-014086,4.26,6000.0,2023-01-24
6233,4425,5,B-005645,4.7,,2023-12-14
6234,12813,22,B-016212,1.59,,2023-12-27
6235,8496,27,B-010739,4.74,6000.0,2023-10-11
6236,301,22,B-000397,2.54,,2023-08-22
6237,9964,25,B-012611,4.28,6000.0,2023-01-04
6238,13928,21,B-017623,2.5,2000.0,2023-02-16
6239,2176,34,B-002774,1.14,2000.0,2023-05-27
6240,4492,22,B-005730,1.9,4000.0,2023-09-16
6241,7990,11,B-010097,4.53,2000.0,2023-11-17
6242,14378,18,B-018183,1.75,6000.0,2023-03-11
6243,12273,10,B-015516,1.4,,2023-04-28
6244,5715,17,B-007246,3.27,4000.0,2023-09-14
6245,11895,12,B-015042,1.19,,2023-12-16
6246,11526,11,B-014575,2.48,6000.0,2023-03-02
6247,15690,8,B-019806,4.22,2000.0,2023-07-20
6248,565,16,B-000736,2.96,4000.0,2023-12-13
6249,10586,14,B-013405,2.39,6000.0,2023-10-08
6250,3012,25,B-003826,3.68,4000.0,2023-06-10
6251,13778,29,B-017438,3.62,4000.0,2023-01-23
6252,8891,34,B-011229,3.58,2000.0,2023-12-04
6253,4804,2,B-006125,2.09,6000.0,2023-02-07
6254,11606,28,B-014681,3.29,,2023-08-03
6255,9806,35,B-012415,1.89,4000.0,2023-04-01
6256,9436,27,B-011936,3.93,4000.0,2023-08-24
6257,1095,13,B-001406,4.2,,2023-12-27
6258,13030,5,B-016497,1.4,6000.0,2023-03-12
6259,9581,21,B-012118,2.45,4000.0,2023-01-11
6260,695,9,B-000894,2.21,4000.0,2023-01-15
6261,11199,28,B-014184,0.7,4000.0,2023-07-19
6262,8055,5,B-010175,4.77,6000.0,2023-07-17
6263,1884,6,B-002420,1.11,6000.0,2023-05-16
6264,10759,32,B-013639,1.31,,2023-05-01
6265,10613,33,B-013438,1.45,6000.0,2023-10-26
6266,13054,4,B-016528,3.59,6000.0,2023-01-17
6267,176,13,B-000226,3.17,2000.0,2023-12-22
6268,4409,20,B-005625,3.09,,2023-04-18
6269,8999,16,B-011368,1.08,4000.0,2023-07-11
6270,11813,27,B-014933,2.13,6000.0,2023-07-24
6271,14073,27,B-017799,2.48,4000.0,2023-06-24
6272,3921,19,B-005000,2.0,4000.0,2023-11-17
6273,5817,21,B-007374,2.32,2000.0,2023-07-11
6274,6096,18,B-007720,4.31,6000.0,2023-08-10
6275,285,34,B-000373,2.42,,2023-03-26
6276,14238,5,B-018012,2.16,6000.0,2023-02-28
6277,2708,14,B-003425,2.41,4000.0,2023-06-04
6278,9587,4,B-012125,3.95,,2023-05-18
6279,13059,24,B-016533,4.94,6000.0,2023-04-10
6280,13979,17,B-017682,1.77,4000.0,2023-01-23
6281,13308,11,B-016839,4.83,4000.0,2023-08-11
6282,14475,8,B-018301,1.92,2000.0,2023-12-09
6283,6777,12,B-008574,2.7,2000.0,2023-10-18
6284,13569,22,B-017178,2.8,2000.0,2023-08-16
6285,14214,32,B-017982,1.48,4000.0,2023-02-11
6286,7117,30,B-008992,0.74,6000.0,2023-12-22
6287,6255,6,B-007914,2.43,2000.0,2023-12-08
6288,8081,12,B-010208,0.85,6000.0,2023-05-03
6289,9455,23,B-011960,4.65,2000.0,2023-11-08
6290,1797,33,B-002316,2.56,,2023-03-20
6291,9014,8,B-011389,1.21,,2023-12-25
6292,14702,26,B-018579,4.4,2000.0,2023-10-08
6293,8668,25,B-010949,2.54,4000.0,2023-05-28
6294,225,16,B-000302,1.05,2000.0,2023-02-17
6295,4837,22,B-006171,4.63,2000.0,2023-05-02
6296,7571,34,B-009552,3.81,4000.0,2023-02-16
6297,14687,24,B-018559,4.62,,2023-04-03
6298,13106,27,B-016592,3.66,6000.0,2023-02-27
6299,547,15,B-000713,2.74,2000.0,2023-11-20
6300,3275,9,B-004186,4.34,4000.0,2023-11-23
6301,2191,13,B-002791,3.11,2000.0,2023-02-04
6302,765,35,B-000985,2.38,4000.0,2023-11-28
6303,3650,28,B-004654,1.3,6000.0,2023-04-21
6304,15053,5,B-019014,3.75,6000.0,2023-12-07
6305,10214,19,B-012931,2.27,,2023-07-18
6306,9035,14,B-011412,2.23,4000.0,2023-06-02
6307,14787,21,B-018688,1.68,4000.0,2023-02-09
6308,11441,23,B-014471,0.93,,2023-04-07
6309,12418,3,B-015711,0.74,,2023-12-21
6310,6015,6,B-007618,4.04,4000.0,2023-11-22
6311,8487,23,B-010728,1.43,,2023-07-18
6312,15114,8,B-019085,2.71,6000.0,2023-03-04
6313,854,24,B-001092,0.81,2000.0,2023-05-24
6314,5002,21,B-006368,4.62,6000.0,2023-11-07
6315,15480,31,B-019546,3.14,,2023-06-08
6316,14918,30,B-018853,0.69,4000.0,2023-01-25
6317,14354,29,B-018152,3.72,4000.0,2023-03-08
6318,8564,13,B-010816,3.35,6000.0,2023-05-03
6319,12729,35,B-016104,3.08,4000.0,2023-08-28
6320,1369,7,B-001768,2.61,,2023-11-27
6321,235,35,B-000313,1.3,6000.0,2023-01-27
6322,15400,16,B-019449,3.95,4000.0,2023-02-23
6323,8423,3,B-010640,4.93,2000.0,2023-12-16
6324,4972,6,B-006333,3.48,2000.0,2023-12-09
6325,12740,4,B-016118,3.4,,2023-11-11
6326,4892,18,B-006238,1.74,4000.0,2023-08-02
6327,6589,10,B-008332,2.45,,2023-09-14
6328,12339,23,B-015605,2.8,6000.0,2023-12-25
6329,1263,8,B-001632,1.05,2000.0,2023-02-19
6330,4058,24,B-005169,0.89,6000.0,2023-07-24
6331,6273,11,B-007941,3.41,4000.0,2023-10-28
6332,7749,10,B-009783,1.32,,2023-09-28
6333,6889,35,B-008710,2.95,,2023-09-21
6334,12595,26,B-015939,4.54,,2023-06-27
6335,14817,31,B-018727,3.4,6000.0,2023-05-20
6336,2567,15,B-003259,0.53,2000.0,2023-12-19
6337,6491,20,B-008203,2.62,6000.0,2023-11-22
6338,5928,25,B-007504,4.07,6000.0,2023-09-12
6339,13044,35,B-016514,4.49,4000.0,2023-04-01
6340,9237,20,B-011674,0.58,4000.0,2023-09-04
6341,267,21,B-000353,0.59,4000.0,2023-02-05
6342,498,23,B-000652,4.09,2000.0,2023-12-25
6343,11401,27,B-014423,4.85,2000.0,2023-11-21
6344,6859,8,B-008674,4.81,4000.0,2023-07-06
6345,3919,20,B-004996,1.41,4000.0,2023-09-05
6346,4282,15,B-005466,2.87,2000.0,2023-12-17
6347,6350,10,B-008028,1.58,,2023-10-27
6348,5062,4,B-006446,3.91,2000.0,2023-11-08
6349,9634,24,B-012197,4.19,2000.0,2023-09-17
6350,2012,25,B-002573,4.06,2000.0,2023-03-12
6351,15725,15,B-019851,0.96,4000.0,2023-07-12
6352,4455,22,B-005682,4.23,,2023-10-27
6353,8876,34,B-011212,3.34,2000.0,2023-03-04
6354,4521,14,B-005766,3.5,4000.0,2023-04-10
6355,4561,22,B-005823,2.08,6000.0,2023-09-13
6356,8111,9,B-010244,1.33,6000.0,2023-02-02
6357,3885,8,B-004954,4.13,2000.0,2023-09-28
6358,3045,6,B-003870,3.21,6000.0,2023-02-18
6359,15803,30,B-019948,4.58,,2023-09-26
6360,3544,21,B-004520,1.76,6000.0,2023-11-14
6361,10503,23,B-013303,1.59,6000.0,2023-05-18
6362,13150,11,B-016645,2.91,,2023-10-04
6363,8118,12,B-010253,3.11,2000.0,2023-01-13
6364,3303,34,B-004222,2.6,2000.0,2023-04-20
6365,4981,5,B-006344,2.86,,2023-01-01
6366,10542,9,B-013351,3.7,,2023-06-17
6367,368,27,B-000483,2.43,,2023-11-23
6368,13451,23,B-017027,4.44,6000.0,2023-06-23
6369,3597,29,B-004591,1.9,,2023-08-24
6370,12369,21,B-015645,1.52,4000.0,2023-05-26
6371,1941,2,B-002486,3.04,6000.0,2023-02-23
6372,4389,28,B-005600,3.36,2000.0,2023-08-05
6373,10913,20,B-013830,3.79,2000.0,2023-02-25
6374,14628,2,B-018488,0.55,2000.0,2023-08-25
6375,14886,1,B-018815,2.39,6000.0,2023-10-16
6376,13359,10,B-016904,4.54,4000.0,2023-02-09
6377,9454,5,B-011959,3.55,,2023-02-14
6378,14479,14,B-018306,4.43,,2023-01-01
6379,6739,7,B-008532,0.86,2000.0,2023-06-12
6380,8784,14,B-011109,4.4,2000.0,2023-11-06
6381,7944,20,B-010035,2.02,6000.0,2023-04-06
6382,8115,19,B-010249,3.95,4000.0,2023-04-20
6383,8906,1,B-011248,3.2,,2023-04-02
6384,2934,34,B-003727,3.14,6000.0,2023-01-16
6385,5380,27,B-006838,3.19,,2023-12-03
6386,3093,27,B-003939,4.57,2000.0,2023-11-26
6387,7433,30,B-009387,0.68,,2023-09-21
6388,14707,17,B-018585,3.1,4000.0,2023-10-08
6389,5506,14,B-006988,4.5,4000.0,2023-09-19
6390,4018,7,B-005119,4.01,2000.0,2023-03-18
6391,12306,35,B-015565,4.39,4000.0,2023-09-07
6392,14362,16,B-018162,2.09,4000.0,2023-09-19
6393,11907,6,B-015058,2.97,6000.0,2023-05-09
6394,13858,27,B-017534,1.89,,2023-02-20
6395,1673,22,B-002159,3.59,2000.0,2023-06-09
6396,14426,15,B-018246,2.21,2000.0,2023-04-01
6397,14126,28,B-017866,1.72,2000.0,2023-07-28
6398,1763,16,B-002271,4.5,2000.0,2023-11-25
6399,11562,21,B-014621,4.37,2000.0,2023-07-27
6400,7018,28,B-008870,3.28,4000.0,2023-09-28
6401,8872,1,B-011208,2.68,6000.0,2023-10-07
6402,10351,11,B-013109,4.67,2000.0,2023-05-16
6403,14613,32,B-018468,0.69,6000.0,2023-04-11
6404,11781,20,B-014893,4.14,6000.0,2023-01-19
6405,3975,17,B-005063,2.74,4000.0,2023-05-06
6406,14105,33,B-017838,4.16,2000.0,2023-10-02
6407,14444,19,B-018267,1.56,4000.0,2023-08-07
6408,6785,16,B-008583,0.53,2000.0,2023-09-08
6409,1716,16,B-002216,2.71,4000.0,2023-01-07
6410,10875,31,B-013781,1.31,6000.0,2023-08-09
6411,9968,20,B-012617,4.54,2000.0,2023-09-13
6412,1850,6,B-002379,0.68,,2023-01-23
6413,15071,1,B-019035,4.46,6000.0,2023-04-18
6414,7328,17,B-009255,0.74,,2023-02-28
6415,13449,2,B-017024,3.86,6000.0,2023-06-15
6416,14652,12,B-018516,4.85,4000.0,2023-12-26
6417,871,32,B-001112,1.77,2000.0,2023-09-17
6418,7231,17,B-009132,4.04,6000.0,2023-02-10
6419,6903,32,B-008733,2.04,4000.0,2023-02-15
6420,9319,18,B-011788,1.14,2000.0,2023-07-13
6421,1497,10,B-001940,1.91,2000.0,2023-06-08
6422,2380,7,B-003017,2.45,6000.0,2023-10-20
6423,4085,5,B-005204,4.65,2000.0,2023-03-08
6424,13965,16,B-017665,1.71,6000.0,2023-05-20
6425,14715,16,B-018595,4.49,2000.0,2023-09-17
6426,15648,21,B-019753,0.77,,2023-06-25
6427,9907,25,B-012541,0.85,4000.0,2023-04-12
6428,15195,10,B-019185,1.24,,2023-09-10
6429,5336,11,B-006784,4.05,6000.0,2023-08-06
6430,5295,22,B-006738,1.0,,2023-07-03
6431,3897,6,B-004971,2.96,6000.0,2023-11-17
6432,11016,32,B-013961,3.56,2000.0,2023-05-01
6433,13395,14,B-016951,1.38,2000.0,2023-08-05
6434,10629,6,B-013463,2.68,6000.0,2023-10-26
6435,11294,28,B-014299,1.8,,2023-03-11
6436,9563,17,B-012097,1.91,2000.0,2023-10-22
6437,3513,19,B-004486,4.81,4000.0,2023-04-10
6438,1943,33,B-002490,0.72,2000.0,2023-11-22
6439,10084,4,B-012765,1.96,4000.0,2023-04-16
6440,2432,5,B-003080,0.93,,2023-07-22
6441,1357,16,B-001750,2.08,4000.0,2023-08-08
6442,1671,24,B-002156,0.53,4000.0,2023-10-03
6443,2388,24,B-003027,0.57,4000.0,2023-01-16
6444,328,17,B-000430,4.81,4000.0,2023-06-04
6445,9870,31,B-012492,3.43,2000.0,2023-06-18
6446,7937,24,B-010027,0.66,4000.0,2023-08-06
6447,8001,7,B-010109,1.59,2000.0,2023-09-17
6448,3423,30,B-004373,4.36,4000.0,2023-12-06
6449,12788,24,B-016180,2.55,6000.0,2023-01-26
6450,7358,31,B-009291,0.51,,2023-01-22
6451,15456,27,B-019517,1.06,4000.0,2023-10-20
6452,2978,28,B-003784,1.45,6000.0,2023-01-06
6453,12846,13,B-016257,1.12,4000.0,2023-08-06
6454,2994,23,B-003805,3.26,4000.0,2023-06-02
6455,10689,33,B-013549,1.99,4000.0,2023-01-09
6456,8915,9,B-011262,3.91,6000.0,2023-11-12
6457,326,33,B-000428,4.83,,2023-10-15
6458,4610,24,B-005887,4.14,6000.0,2023-10-14
6459,15609,35,B-019703,3.72,,2023-10-18
6460,8927,9,B-011275,0.9,4000.0,2023-11-23
6461,10094,34,B-012777,4.35,2000.0,2023-12-07
6462,6170,10,B-007809,3.64,4000.0,2023-05-27
6463,1699,22,B-002197,3.41,,2023-11-06
6464,6511,23,B-008231,3.27,6000.0,2023-09-21
6465,7848,2,B-009908,3.03,4000.0,2023-03-05
6466,6064,2,B-007681,3.18,6000.0,2023-10-15
6467,9229,9,B-011666,2.82,6000.0,2023-09-22
6468,14721,3,B-018603,2.34,6000.0,2023-06-25
6469,13666,9,B-017299,3.32,4000.0,2023-04-08
6470,12145,14,B-015358,3.56,6000.0,2023-05-06
6471,11114,30,B-014080,4.07,6000.0,2023-05-22
6472,11528,3,B-014578,2.87,4000.0,2023-11-08
6473,6134,10,B-007764,1.07,6000.0,2023-03-12
6474,1749,35,B-002254,2.04,4000.0,2023-04-25
6475,15350,3,B-019382,3.56,,2023-05-26
6476,2497,4,B-003167,2.45,,2023-09-24
6477,11689,20,B-014784,2.64,,2023-06-14
6478,401,16,B-000529,4.19,6000.0,2023-03-06
6479,5257,16,B-006695,0.98,2000.0,2023-02-28
6480,11311,6,B-014320,2.1,2000.0,2023-05-04
6481,187,33,B-000246,1.54,6000.0,2023-03-14
6482,3460,19,B-004422,0.98,2000.0,2023-11-02
6483,5320,32,B-006768,2.95,4000.0,2023-08-16
6484,2878,15,B-003647,3.56,2000.0,2023-11-12
6485,9611,16,B-012163,1.38,6000.0,2023-03-23
6486,8705,7,B-011000,3.56,6000.0,2023-04-07
6487,13166,4,B-016666,0.66,4000.0,2023-06-15
6488,9807,18,B-012416,0.95,,2023-05-11
6489,2644,3,B-003352,4.0,6000.0,2023-11-13
6490,13021,27,B-016485,1.78,4000.0,2023-11-19
6491,2286,21,B-002902,2.79,2000.0,2023-02-20
6492,5674,1,B-007198,4.96,2000.0,2023-10-19
6493,8002,25,B-010110,4.99,4000.0,2023-02-21
6494,11936,35,B-015092,1.73,4000.0,2023-02-06
6495,8923,34,B-011270,0.91,6000.0,2023-06-04
6496,13850,13,B-017521,4.58,2000.0,2023-08-07
6497,12910,3,B-016339,3.99,4000.0,2023-10-20
6498,3162,7,B-004044,4.49,2000.0,2023-09-12
6499,5522,12,B-007006,4.61,4000.0,2023-01-23
6500,5206,7,B-006634,1.64,2000.0,2023-08-07
6501,13074,7,B-016553,1.4,,2023-01-11
6502,525,5,B-000686,3.56,6000.0,2023-11-25
6503,7885,20,B-009961,4.95,2000.0,2023-06-18
6504,14183,4,B-017939,4.4,,2023-05-07
6505,15661,33,B-019768,3.96,2000.0,2023-03-24
6506,9327,16,B-011800,3.39,2000.0,2023-01-25
6507,4023,15,B-005127,4.43,,2023-12-24
6508,13663,17,B-017296,0.97,2000.0,2023-01-12
6509,7930,28,B-010019,3.54,2000.0,2023-08-21
6510,9613,32,B-012165,4.59,6000.0,2023-07-09
6511,7417,30,B-009371,1.11,,2023-12-09
6512,7704,21,B-009729,2.03,,2023-10-24
6513,6944,7,B-008785,0.88,4000.0,2023-05-23
6514,6803,32,B-008606,4.2,2000.0,2023-07-17
6515,12625,3,B-015982,1.3,6000.0,2023-10-04
6516,9131,16,B-011537,2.25,2000.0,2023-05-06
6517,15520,12,B-019594,4.29,2000.0,2023-10-23
6518,483,27,B-000631,4.61,4000.0,2023-11-11
6519,6738,30,B-008531,2.48,2000.0,2023-03-22
6520,1387,5,B-001792,2.89,6000.0,2023-01-10
6521,5841,34,B-007400,2.57,6000.0,2023-06-07
6522,5914,9,B-007486,1.58,4000.0,2023-01-01
6523,533,24,B-000695,4.14,2000.0,2023-05-15
6524,3148,33,B-004026,2.11,6000.0,2023-10-14
6525,6717,15,B-008499,3.62,2000.0,2023-03-05
6526,6969,6,B-008813,1.46,2000.0,2023-10-27
6527,5091,29,B-006482,1.9,2000.0,2023-10-04
6528,9520,34,B-012046,4.19,4000.0,2023-07-14
6529,491,13,B-000644,3.68,2000.0,2023-06-03
6530,7236,31,B-009138,4.47,6000.0,2023-11-07
6531,12484,31,B-015799,3.73,2000.0,2023-08-25
6532,6682,25,B-008457,4.88,6000.0,2023-08-11
6533,9904,34,B-012537,3.23,2000.0,2023-01-22
6534,11517,4,B-014563,1.15,6000.0,2023-12-26
6535,10899,30,B-013811,2.57,6000.0,2023-04-01
6536,13555,8,B-017160,2.74,2000.0,2023-01-07
6537,15018,32,B-018973,1.06,2000.0,2023-10-21
6538,5678,7,B-007202,1.25,6000.0,2023-03-24
6539,5122,30,B-006522,1.91,,2023-05-07
6540,3913,4,B-004990,2.66,4000.0,2023-07-16
6541,12331,31,B-015596,2.24,,2023-09-14
6542,12427,24,B-015722,1.1,,2023-10-25
6543,5972,19,B-007559,3.5,2000.0,2023-08-04
6544,2138,4,B-002728,2.08,4000.0,2023-05-24
6545,14745,9,B-018635,3.83,,2023-04-18
6546,3784,35,B-004824,2.29,2000.0,2023-07-17
6547,7953,22,B-010046,1.91,,2023-07-03
6548,10844,31,B-013741,2.21,,2023-02-22
6549,8952,1,B-011305,3.79,2000.0,2023-08-17
6550,11516,26,B-014562,0.69,2000.0,2023-10-01
6551,1811,24,B-002331,4.18,2000.0,2023-12-03
6552,5994,18,B-007596,4.57,4000.0,2023-09-21
6553,8380,1,B-010586,4.19,,2023-12-22
6554,13891,19,B-017578,1.16,2000.0,2023-01-26
6555,1154,25,B-001482,1.51,6000.0,2023-09-20
6556,9360,5,B-011840,4.96,,2023-10-16
6557,10781,11,B-013664,2.48,6000.0,2023-08-13
6558,1434,8,B-001855,0.53,4000.0,2023-09-23
6559,2323,35,B-002946,3.91,2000.0,2023-07-11
6560,10079,16,B-012759,2.2,6000.0,2023-08-09
6561,7601,24,B-009592,0.79,4000.0,2023-11-22
6562,14097,31,B-017830,2.78,2000.0,2023-08-05
6563,14587,28,B-018435,3.92,6000.0,2023-09-09
6564,1717,34,B-002217,4.54,6000.0,2023-10-23
6565,5059,17,B-006441,1.62,4000.0,2023-04-01
6566,5328,3,B-006776,1.76,2000.0,2023-06-02
6567,11005,35,B-013948,0.94,2000.0,2023-10-06
6568,5830,27,B-007388,1.0,6000.0,2023-07-03
6569,311,4,B-000409,4.14,6000.0,2023-05-27
6570,2312,28,B-002931,4.39,6000.0,2023-11-21
6571,5871,10,B-007434,0.56,2000.0,2023-12-11
6572,11079,11,B-014041,2.35,4000.0,2023-03-06
6573,9239,6,B-011676,3.73,4000.0,2023-03-12
6574,2607,12,B-003309,1.55,2000.0,2023-08-17
6575,5885,30,B-007450,1.75,,2023-07-14
6576,11275,15,B-014274,1.27,4000.0,2023-10-02
6577,11250,16,B-014243,3.42,6000.0,2023-06-17
6578,11996,3,B-015166,2.87,,2023-02-27
6579,13843,28,B-017513,2.17,,2023-06-21
6580,15780,7,B-019920,4.83,4000.0,2023-09-04
6581,13319,19,B-016852,0.87,,2023-08-27
6582,13757,4,B-017412,3.12,,2023-08-17
6583,15608,32,B-019702,2.57,4000.0,2023-02-18
6584,9307,30,B-011770,2.74,4000.0,2023-08-24
6585,12044,26,B-015224,4.96,,2023-11-18
6586,12803,29,B-016199,3.67,6000.0,2023-12-10
6587,1166,15,B-001495,1.55,2000.0,2023-05-25
6588,1448,35,B-001871,3.15,,2023-03-26
6589,9159,2,B-011571,3.88,,2023-01-03
6590,11137,8,B-014107,1.61,6000.0,2023-06-01
6591,12178,28,B-015398,1.39,,2023-01-07
6592,4658,29,B-005947,2.65,,2023-07-23
6593,1089,16,B-001398,1.7,2000.0,2023-07-10
6594,11993,12,B-015161,2.85,2000.0,2023-03-17
6595,9170,31,B-011589,2.8,2000.0,2023-09-13
6596,4939,7,B-006293,1.65,4000.0,2023-06-12
6597,9415,8,B-011910,0.87,4000.0,2023-04-25
6598,10237,6,B-012961,0.62,2000.0,2023-10-03
6599,12745,6,B-016126,4.78,2000.0,2023-08-24
6600,7939,23,B-010029,0.75,4000.0,2023-07-14
6601,2049,14,B-002620,3.64,6000.0,2023-06-26
6602,4862,25,B-006205,3.74,,2023-11-02
6603,14000,31,B-017708,3.62,,2023-02-27
6604,4890,23,B-006236,2.23,2000.0,2023-12-09
6605,554,16,B-000720,2.56,6000.0,2023-06-15
6606,14307,17,B-018095,4.72,4000.0,2023-01-04
6607,2200,14,B-002800,3.96,2000.0,2023-04-25
6608,4303,1,B-005492,1.34,6000.0,2023-07-06
6609,7337,1,B-009266,2.39,6000.0,2023-06-01
6610,8557,34,B-010806,1.66,6000.0,2023-01-27
6611,15194,14,B-019184,3.51,4000.0,2023-11-17
6612,2081,24,B-002657,4.79,4000.0,2023-03-19
6613,1842,13,B-002370,0.52,,2023-12-08
6614,10608,21,B-013431,0.54,,2023-01-09
6615,9957,27,B-012602,2.05,6000.0,2023-05-27
6616,9230,29,B-011667,3.81,6000.0,2023-03-27
6617,649,5,B-000841,4.18,4000.0,2023-10-02
6618,5411,2,B-006875,3.04,,2023-05-13
6619,3961,24,B-005048,3.93,6000.0,2023-02-17
6620,3982,24,B-005072,3.89,,2023-04-13
6621,9457,19,B-011963,2.36,,2023-04-13
6622,14253,8,B-018027,1.93,6000.0,2023-10-14
6623,5771,31,B-007312,3.3,4000.0,2023-06-28
6624,3708,32,B-004732,2.93,6000.0,2023-12-03
6625,8128,33,B-010264,3.89,6000.0,2023-08-02
6626,2336,1,B-002961,4.69,,2023-01-11
6627,1488,10,B-001927,2.95,6000.0,2023-12-28
6628,14538,12,B-018381,2.82,4000.0,2023-10-23
6629,13905,1,B-017599,3.1,6000.0,2023-09-15
6630,39,28,B-000058,1.26,4000.0,2023-02-08
6631,8076,32,B-010201,4.36,4000.0,2023-04-18
6632,14225,22,B-017998,0.57,,2023-07-06
6633,3243,31,B-004147,4.08,2000.0,2023-08-25
6634,14785,22,B-018685,1.52,2000.0,2023-01-17
6635,5936,27,B-007515,2.29,,2023-09-10
6636,6454,34,B-008154,4.74,6000.0,2023-01-28
6637,6466,2,B-008170,0.96,,2023-08-26
6638,15458,24,B-019519,0.84,4000.0,2023-12-19
6639,10447,15,B-013230,2.29,2000.0,2023-07-03
6640,68,9,B-000095,1.47,,2023-06-13
6641,7886,23,B-009962,0.76,6000.0,2023-12-21
6642,6399,26,B-008085,4.37,,2023-12-11
6643,3064,1,B-003898,0.83,2000.0,2023-07-28
6644,2807,4,B-003554,4.53,,2023-08-12
6645,12514,10,B-015835,2.93,,2023-03-27
6646,8556,25,B-010805,1.03,2000.0,2023-04-21
6647,6157,11,B-007795,1.33,4000.0,2023-11-27
6648,5872,25,B-007435,4.24,4000.0,2023-03-08
6649,5278,9,B-006720,2.71,2000.0,2023-10-09
6650,11358,4,B-014375,1.34,,2023-02-25
6651,1013,35,B-001301,4.88,2000.0,2023-12-02
6652,7805,13,B-009851,1.79,4000.0,2023-06-17
6653,7789,3,B-009833,4.2,6000.0,2023-06-03
6654,10988,22,B-013924,2.24,,2023-11-05
6655,3138,1,B-004010,4.48,4000.0,2023-06-04
6656,7098,18,B-008968,1.67,,2023-11-03
6657,3574,32,B-004557,2.49,2000.0,2023-08-14
6658,12607,24,B-015956,1.37,6000.0,2023-09-18
6659,8154,8,B-010300,1.31,2000.0,2023-08-28
6660,7234,6,B-009135,2.77,6000.0,2023-09-22
6661,2688,4,B-003402,4.64,,2023-01-11
6662,614,29,B-000802,4.86,,2023-07-06
6663,2390,20,B-003029,2.33,2000.0,2023-02-18
6664,1894,7,B-002430,0.89,6000.0,2023-02-10
6665,703,30,B-000903,3.27,6000.0,2023-11-27
6666,8468,11,B-010704,2.44,,2023-09-14
6667,4485,2,B-005719,4.27,2000.0,2023-01-26
6668,462,16,B-000602,3.05,6000.0,2023-10-14
6669,14332,9,B-018125,1.33,,2023-05-03
6670,13986,19,B-017692,2.01,4000.0,2023-12-22
6671,14890,1,B-018820,4.86,2000.0,2023-04-11
6672,7506,17,B-009472,1.31,4000.0,2023-08-23
6673,13484,17,B-017068,3.86,2000.0,2023-10-17
6674,13990,28,B-017696,2.0,,2023-08-22
6675,12304,13,B-015561,3.02,6000.0,2023-04-20
6676,1119,30,B-001437,1.58,6000.0,2023-07-19
6677,616,33,B-000804,0.54,6000.0,2023-05-13
6678,1381,14,B-001785,4.91,2000.0,2023-08-11
6679,5376,15,B-006832,0.98,,2023-11-07
6680,2303,9,B-002921,3.25,4000.0,2023-05-12
6681,2070,12,B-002644,2.21,,2023-01-19
6682,8715,31,B-011012,1.16,4000.0,2023-07-10
6683,3655,7,B-004660,4.65,2000.0,2023-10-18
6684,7925,13,B-010013,4.81,2000.0,2023-04-03
6685,8576,20,B-010829,3.59,4000.0,2023-01-19
6686,8969,22,B-011330,4.22,4000.0,2023-10-17
6687,9073,18,B-011467,3.88,4000.0,2023-06-21
6688,7718,16,B-009748,0.85,,2023-07-17
6689,11924,32,B-015078,3.51,4000.0,2023-03-08
6690,10190,13,B-012900,2.64,2000.0,2023-02-20
6691,11511,28,B-014554,2.44,2000.0,2023-08-08
6692,13070,35,B-016549,1.58,6000.0,2023-07-15
6693,11293,33,B-014298,3.36,4000.0,2023-02-25
6694,9700,28,B-012278,4.93,,2023-09-22
6695,14149,5,B-017895,2.66,,2023-01-24
6696,10797,5,B-013682,4.48,,2023-05-25
6697,12585,3,B-015926,1.12,6000.0,2023-04-03
6698,13857,19,B-017533,4.79,2000.0,2023-06-17
6699,9950,15,B-012592,1.43,,2023-08-18
6700,13067,17,B-016544,3.48,2000.0,2023-08-02
6701,4150,9,B-005290,4.88,6000.0,2023-11-27
6702,4735,22,B-006039,4.18,4000.0,2023-05-24
6703,4865,11,B-006209,0.96,4000.0,2023-02-12
6704,13909,6,B-017603,3.53,4000.0,2023-03-10
6705,9817,23,B-012427,2.43,,2023-04-19
6706,5519,32,B-007002,1.46,4000.0,2023-02-26
6707,7140,27,B-009019,2.05,,2023-12-16
6708,829,19,B-001064,2.63,6000.0,2023-01-27
6709,3764,22,B-004798,1.33,6000.0,2023-12-01
6710,6092,22,B-007714,4.68,,2023-09-27
6711,14023,29,B-017734,3.82,2000.0,2023-12-21
6712,1546,31,B-002000,3.31,4000.0,2023-06-19
6713,9008,27,B-011381,4.2,4000.0,2023-11-21
6714,13269,32,B-016790,2.05,4000.0,2023-03-07
6715,4221,3,B-005394,4.47,,2023-09-16
6716,6828,27,B-008636,1.3,6000.0,2023-01-12
6717,5332,34,B-006780,3.73,4000.0,2023-07-25
6718,6796,28,B-008596,2.22,6000.0,2023-08-04
6719,2718,27,B-003439,4.14,4000.0,2023-06-19
6720,13657,16,B-017287,0.7,4000.0,2023-07-14
6721,14420,2,B-018240,2.76,,2023-08-23
6722,7938,10,B-010028,0.59,2000.0,2023-06-02
6723,741,20,B-000954,2.27,,2023-04-05
6724,1386,9,B-001791,3.63,4000.0,2023-06-05
6725,11538,32,B-014591,3.24,4000.0,2023-05-25
6726,14965,2,B-018912,2.6,2000.0,2023-11-22
6727,15747,33,B-019877,1.25,6000.0,2023-09-10
6728,14279,27,B-018062,3.92,6000.0,2023-08-09
6729,10522,24,B-013325,1.58,4000.0,2023-03-07
6730,6264,22,B-007925,2.42,6000.0,2023-03-21
6731,14862,20,B-018783,0.7,4000.0,2023-06-09
6732,8934,17,B-011283,5.0,2000.0,2023-07-03
6733,7849,26,B-009909,3.19,2000.0,2023-02-17
6734,10201,4,B-012914,3.3,4000.0,2023-11-07
6735,11763,31,B-014871,1.08,2000.0,2023-10-21
6736,3691,4,B-004706,4.87,,2023-06-21
6737,5515,5,B-006997,2.17,,2023-06-15
6738,7895,3,B-009976,2.98,2000.0,2023-04-16
6739,4073,28,B-005186,2.25,4000.0,2023-11-11
6740,12872,29,B-016290,2.15,4000.0,2023-11-10
6741,12317,16,B-015580,1.22,2000.0,2023-07-24
6742,7464,32,B-009424,1.62,6000.0,2023-08-22
6743,15612,26,B-019707,2.06,,2023-12-27
6744,4544,13,B-005798,2.9,6000.0,2023-07-06
6745,1647,11,B-002126,3.77,4000.0,2023-10-23
6746,7969,27,B-010065,3.27,4000.0,2023-07-01
6747,7300,1,B-009219,4.19,6000.0,2023-09-06
6748,12762,19,B-016148,1.91,2000.0,2023-07-10
6749,6727,21,B-008515,1.95,6000.0,2023-04-23
6750,9444,4,B-011947,1.11,6000.0,2023-11-19
6751,8196,6,B-010353,2.64,,2023-11-13
6752,12778,12,B-016165,4.09,,2023-07-09
6753,6387,23,B-008070,4.51,6000.0,2023-10-22
6754,10453,20,B-013238,0.75,6000.0,2023-04-26
6755,11539,5,B-014592,4.0,4000.0,2023-06-13
6756,7902,34,B-009985,4.38,,2023-09-17
6757,11213,5,B-014200,1.58,,2023-02-20
6758,14203,22,B-017967,4.31,4000.0,2023-08-17
6759,3733,25,B-004760,3.32,2000.0,2023-04-05
6760,2502,15,B-003172,2.53,,2023-02-04
6761,20,27,B-000026,2.71,,2023-04-14
6762,1495,30,B-001937,1.68,2000.0,2023-08-21
6763,299,30,B-000393,0.63,,2023-01-27
6764,6014,18,B-007617,1.74,,2023-09-19
6765,15806,29,B-019951,4.54,2000.0,2023-11-19
6766,10311,23,B-013054,3.11,2000.0,2023-08-25
6767,1493,13,B-001933,3.7,6000.0,2023-05-11
6768,14674,4,B-018544,0.94,4000.0,2023-12-21
6769,14500,12,B-018334,3.29,4000.0,2023-08-10
6770,10345,13,B-013101,3.16,2000.0,2023-05-17
6771,14232,9,B-018006,3.64,2000.0,2023-10-25
6772,11948,27,B-015105,2.85,,2023-03-27
6773,14761,4,B-018654,4.11,6000.0,2023-10-13
6774,12205,12,B-015433,3.28,6000.0,2023-02-13
6775,14364,23,B-018165,3.53,2000.0,2023-11-27
6776,4491,15,B-005729,2.1,,2023-05-18
6777,7272,10,B-009182,4.79,,2023-10-15
6778,10427,13,B-013207,1.93,4000.0,2023-12-27
6779,13992,6,B-017699,1.56,4000.0,2023-04-19
6780,2747,34,B-003479,4.67,,2023-12-06
6781,143,10,B-000186,2.52,4000.0,2023-08-08
6782,11462,12,B-014494,0.51,2000.0,2023-12-25
6783,2598,1,B-003297,1.11,,2023-04-07
6784,8953,27,B-011306,3.02,4000.0,2023-03-26
6785,3616,15,B-004615,3.99,6000.0,2023-03-19
6786,3258,5,B-004169,2.29,,2023-04-02
6787,10228,15,B-012947,3.79,,2023-12-03
6788,10713,27,B-013584,1.77,6000.0,2023-05-10
6789,3956,18,B-005043,2.54,2000.0,2023-11-18
6790,3859,35,B-004920,3.66,6000.0,2023-03-10
6791,6566,14,B-008302,1.65,,2023-07-12
6792,14843,28,B-018759,3.34,2000.0,2023-12-25
6793,14885,7,B-018814,2.21,4000.0,2023-09-22
6794,9929,13,B-012568,4.34,4000.0,2023-07-15
6795,73,28,B-000101,1.0,4000.0,2023-05-26
6796,12702,3,B-016072,3.72,,2023-01-16
6797,8897,18,B-011237,3.51,6000.0,2023-01-05
6798,14449,22,B-018272,2.29,2000.0,2023-06-02
6799,12549,24,B-015881,3.35,4000.0,2023-08-08
6800,5096,35,B-006489,0.9,2000.0,2023-07-27
6801,11161,5,B-014136,1.32,,2023-04-28
6802,12675,25,B-016041,2.37,4000.0,2023-05-24
6803,10880,18,B-013789,3.61,,2023-07-07
6804,363,21,B-000478,2.0,6000.0,2023-01-15
6805,2266,35,B-002878,1.93,,2023-11-01
6806,13126,30,B-016617,1.67,,2023-01-26
6807,15589,7,B-019678,3.31,6000.0,2023-11-16
6808,15298,13,B-019320,1.89,2000.0,2023-06-05
6809,8720,32,B-011018,3.13,6000.0,2023-11-27
6810,6204,2,B-007850,3.51,6000.0,2023-04-12
6811,6143,30,B-007775,3.19,,2023-10-23
6812,10317,33,B-013063,1.15,2000.0,2023-08-03
6813,445,28,B-000583,1.28,4000.0,2023-05-25
6814,8373,34,B-010579,3.8,6000.0,2023-09-04
6815,1725,23,B-002225,0.93,2000.0,2023-07-28
6816,14292,25,B-018076,3.46,6000.0,2023-07-05
6817,1988,2,B-002546,2.7,6000.0,2023-02-04
6818,15625,23,B-019725,1.13,6000.0,2023-12-25
6819,5962,25,B-007547,3.91,6000.0,2023-02-17
6820,6956,25,B-008798,1.71,,2023-02-14
6821,4302,13,B-005491,3.57,2000.0,2023-10-14
6822,15397,27,B-019445,3.26,2000.0,2023-03-08
6823,11725,21,B-014825,1.62,2000.0,2023-04-12
6824,11435,25,B-014462,3.89,6000.0,2023-08-24
6825,9615,19,B-012167,3.35,,2023-05-23
6826,712,29,B-000918,0.91,6000.0,2023-07-18
6827,6744,23,B-008538,2.91,6000.0,2023-03-10
6828,3849,35,B-004905,2.19,2000.0,2023-10-16
6829,7330,27,B-009257,3.4,6000.0,2023-12-22
6830,9388,8,B-011878,1.13,4000.0,2023-03-09
6831,14264,23,B-018041,2.27,6000.0,2023-12-03
6832,15581,23,B-019670,4.7,4000.0,2023-08-27
6833,7204,12,B-009097,2.6,6000.0,2023-12-03
6834,6940,8,B-008780,2.56,,2023-05-22
6835,14832,26,B-018746,1.48,,2023-10-08
6836,2697,19,B-003413,3.9,2000.0,2023-05-24
6837,7496,1,B-009461,3.89,6000.0,2023-11-23
6838,8894,8,B-011232,1.11,4000.0,2023-09-26
6839,12233,17,B-015468,2.41,4000.0,2023-06-26
6840,10344,27,B-013100,1.85,6000.0,2023-11-27
6841,10299,8,B-013039,2.97,4000.0,2023-08-06
6842,4540,35,B-005794,1.03,,2023-03-17
6843,847,34,B-001085,4.37,4000.0,2023-09-28
6844,1909,28,B-002447,4.34,2000.0,2023-10-17
6845,3602,15,B-004596,1.08,,2023-03-21
6846,386,17,B-000511,2.05,,2023-05-16
6847,13789,18,B-017453,4.0,,2023-03-19
6848,13627,27,B-017248,3.19,6000.0,2023-03-28
6849,11397,1,B-014419,4.23,6000.0,2023-09-08
6850,6918,3,B-008754,1.63,,2023-04-06
6851,2131,10,B-002720,2.98,6000.0,2023-11-15
6852,7405,11,B-009355,0.97,4000.0,2023-02-26
6853,13739,5,B-017390,2.22,6000.0,2023-09-17
6854,5015,1,B-006383,1.03,6000.0,2023-06-03
6855,15835,22,B-019987,0.7,,2023-10-19
6856,7722,9,B-009752,0.96,2000.0,2023-08-04
6857,1477,1,B-001915,1.83,2000.0,2023-09-24
6858,10126,13,B-012818,4.11,2000.0,2023-01-25
6859,9730,16,B-012314,2.85,4000.0,2023-04-09
6860,14705,21,B-018582,3.59,6000.0,2023-09-22
6861,9149,10,B-011556,4.98,2000.0,2023-03-26
6862,4043,3,B-005153,4.54,,2023-08-03
6863,9202,31,B-011631,0.7,2000.0,2023-02-20
6864,393,18,B-000519,1.54,2000.0,2023-04-08
6865,3481,7,B-004449,1.01,6000.0,2023-08-06
6866,5333,24,B-006781,0.89,6000.0,2023-06-18
6867,11711,12,B-014810,4.68,6000.0,2023-11-21
6868,6448,32,B-008144,0.79,4000.0,2023-05-05
6869,14268,17,B-018046,2.02,4000.0,2023-05-20
6870,4773,17,B-006089,3.52,2000.0,2023-06-04
6871,5845,11,B-007405,1.87,6000.0,2023-02-09
6872,3888,21,B-004959,3.65,2000.0,2023-10-18
6873,2796,28,B-003542,1.62,,2023-03-06
6874,6802,32,B-008604,1.69,,2023-10-27
6875,10764,2,B-013644,1.04,6000.0,2023-10-16
6876,11681,15,B-014776,4.96,6000.0,2023-10-04
6877,13869,5,B-017547,4.06,,2023-11-07
6878,4810,32,B-006132,3.18,6000.0,2023-01-10
6879,10159,32,B-012861,2.37,4000.0,2023-06-13
6880,10945,12,B-013871,4.87,4000.0,2023-04-03
6881,10069,7,B-012744,4.1,6000.0,2023-05-01
6882,2610,34,B-003312,4.18,,2023-10-01
6883,1184,10,B-001518,1.0,2000.0,2023-10-04
6884,5735,8,B-007271,3.22,6000.0,2023-01-18
6885,6557,4,B-008291,1.72,6000.0,2023-12-12
6886,10609,12,B-013432,3.79,2000.0,2023-07-24
6887,10338,3,B-013092,4.63,6000.0,2023-09-04
6888,6250,20,B-007908,3.79,2000.0,2023-01-16
6889,14583,4,B-018431,1.29,,2023-02-20
6890,1969,9,B-002525,3.82,4000.0,2023-03-08
6891,2462,22,B-003117,0.88,,2023-12-23
6892,4369,17,B-005573,4.33,4000.0,2023-09-01
6893,12017,8,B-015192,1.68,2000.0,2023-08-14
6894,9486,29,B-012001,2.5,4000.0,2023-07-11
6895,6782,13,B-008580,4.09,,2023-08-19
6896,3991,5,B-005085,3.27,4000.0,2023-02-27
6897,10037,33,B-012707,4.69,2000.0,2023-05-10
6898,4202,10,B-005364,1.61,4000.0,2023-10-15
6899,1823,25,B-002348,3.53,6000.0,2023-08-13
6900,9962,4,B-012608,4.31,,2023-11-10
6901,1249,22,B-001610,3.17,6000.0,2023-01-13
6902,13540,5,B-017140,3.91,2000.0,2023-08-15
6903,12866,21,B-016283,3.31,4000.0,2023-12-17
6904,1682,28,B-002175,2.57,6000.0,2023-07-14
6905,14455,23,B-018279,2.11,6000.0,2023-07-01
6906,9383,18,B-011872,4.37,4000.0,2023-06-11
6907,459,15,B-000599,3.45,4000.0,2023-05-05
6908,5946,8,B-007527,1.08,,2023-04-21
6909,4988,19,B-006351,4.38,6000.0,2023-11-08
6910,14704,26,B-018581,2.62,6000.0,2023-05-01
6911,6764,9,B-008559,2.03,2000.0,2023-05-23
6912,12807,15,B-016203,4.28,,2023-12-18
6913,12865,9,B-016282,1.66,2000.0,2023-04-08
6914,4000,4,B-005096,3.67,6000.0,2023-10-14
6915,556,33,B-000722,2.2,2000.0,2023-04-21
6916,8911,25,B-011257,2.45,6000.0,2023-09-23
6917,7711,15,B-009737,0.88,6000.0,2023-12-27
6918,14508,3,B-018343,4.77,2000.0,2023-06-04
6919,10423,22,B-013203,4.35,2000.0,2023-02-16
6920,6040,30,B-007650,3.69,4000.0,2023-11-12
6921,581,11,B-000756,3.9,4000.0,2023-07-05
6922,1312,5,B-001690,2.68,4000.0,2023-12-05
6923,12315,26,B-015577,2.66,6000.0,2023-05-04
6924,9919,8,B-012554,3.28,2000.0,2023-03-07
6925,8548,27,B-010797,4.86,,2023-08-03
6926,9652,7,B-012216,3.48,6000.0,2023-04-24
6927,4019,5,B-005120,2.53,,2023-12-06
6928,281,30,B-000369,3.88,2000.0,2023-01-27
6929,7498,25,B-009463,3.34,6000.0,2023-03-02
6930,13872,17,B-017550,0.68,,2023-02-01
6931,4014,33,B-005115,4.66,,2023-05-19
6932,8290,3,B-010467,2.3,4000.0,2023-06-03
6933,10487,29,B-013282,2.62,4000.0,2023-11-06
6934,4128,19,B-005258,4.22,4000.0,2023-03-24
6935,2588,27,B-003286,2.95,6000.0,2023-01-16
6936,15258,6,B-019273,2.58,2000.0,2023-07-11
6937,12412,31,B-015703,1.24,2000.0,2023-10-04
6938,15760,33,B-019892,3.45,4000.0,2023-05-11
6939,6896,34,B-008721,2.33,4000.0,2023-12-17
6940,4104,33,B-005229,1.04,4000.0,2023-03-05
6941,10000,23,B-012662,3.35,,2023-05-09
6942,5701,9,B-007228,1.87,4000.0,2023-06-26
6943,8702,7,B-010996,1.86,,2023-06-03
6944,1489,33,B-001928,3.14,2000.0,2023-05-05
6945,3496,4,B-004468,4.05,6000.0,2023-02-09
6946,10388,21,B-013157,3.48,6000.0,2023-02-25
6947,15716,19,B-019838,2.15,6000.0,2023-11-05
6948,3511,3,B-004484,2.49,6000.0,2023-01-27
6949,1452,6,B-001876,1.48,,2023-10-22
6950,190,9,B-000250,1.46,,2023-07-18
6951,8080,7,B-010207,1.45,4000.0,2023-02-27
6952,7264,18,B-009169,1.36,,2023-03-17
6953,6657,18,B-008423,3.76,4000.0,2023-01-15
6954,1301,34,B-001678,1.95,4000.0,2023-01-12
6955,13802,26,B-017467,1.69,6000.0,2023-03-15
6956,12441,15,B-015743,1.22,,2023-08-23
6957,4498,7,B-005740,1.3,,2023-04-27
6958,14683,15,B-018554,4.42,4000.0,2023-07-28
6959,4096,5,B-005219,1.42,4000.0,2023-01-03
6960,3473,35,B-004441,1.68,2000.0,2023-06-10
6961,1801,3,B-002320,4.58,2000.0,2023-11-26
6962,13915,14,B-017610,1.42,4000.0,2023-03-02
6963,11828,5,B-014954,3.28,2000.0,2023-04-01
6964,7450,20,B-009406,4.8,2000.0,2023-05-03
6965,3140,13,B-004012,0.71,4000.0,2023-11-13
6966,15715,14,B-019837,2.2,4000.0,2023-07-15
6967,914,35,B-001168,4.95,,2023-08-16
6968,4006,21,B-005102,2.34,4000.0,2023-06-22
6969,15251,5,B-019263,1.48,4000.0,2023-06-07
6970,4354,28,B-005550,1.66,6000.0,2023-07-19
6971,11383,21,B-014403,4.62,,2023-05-10
6972,5733,29,B-007269,1.04,,2023-10-24
6973,640,33,B-000832,3.64,,2023-03-01
6974,12347,5,B-015613,2.28,6000.0,2023-12-24
6975,361,2,B-000476,4.21,4000.0,2023-10-10
6976,6091,1,B-007713,0.74,,2023-03-05
6977,12397,15,B-015684,4.78,,2023-03-26
6978,636,12,B-000827,2.33,2000.0,2023-07-17
6979,1344,14,B-001736,4.73,,2023-12-06
6980,12855,14,B-016271,0.64,4000.0,2023-03-22
6981,11415,25,B-014439,4.41,4000.0,2023-02-14
6982,1098,21,B-001411,1.67,2000.0,2023-03-01
6983,10737,26,B-013612,4.34,,2023-01-06
6984,5043,35,B-006422,4.98,,2023-10-15
6985,2314,11,B-002933,2.79,,2023-10-04
6986,9140,5,B-011546,1.27,6000.0,2023-05-18
6987,7734,8,B-009767,3.95,,2023-08-04
6988,7690,33,B-009712,2.83,4000.0,2023-08-27
6989,12256,5,B-015494,4.24,4000.0,2023-03-19
6990,8954,17,B-011308,2.29,6000.0,2023-09-10
6991,9068,27,B-011459,1.56,6000.0,2023-01-25
6992,15514,31,B-019587,0.96,,2023-06-21
6993,7991,22,B-010098,2.6,2000.0,2023-07-16
6994,4564,9,B-005827,2.5,6000.0,2023-07-24
6995,11333,4,B-014348,2.39,6000.0,2023-11-15
6996,4266,16,B-005445,3.68,,2023-02-13
6997,14552,14,B-018398,1.12,,2023-02-16
6998,9242,17,B-011681,1.24,6000.0,2023-07-21
6999,9816,34,B-012426,0.9,2000.0,2023-02-28
7000,8698,18,B-010992,4.03,6000.0,2023-10-22
7001,12186,30,B-015408,0.7,,2023-02-21
7002,1001,9,B-001287,0.92,,2023-06-22
7003,9780,11,B-012383,1.73,6000.0,2023-03-07
7004,9895,15,B-012525,2.93,2000.0,2023-05-28
7005,14173,11,B-017924,0.69,6000.0,2023-03-15
7006,7368,14,B-009303,1.37,6000.0,2023-12-10
7007,14645,23,B-018507,0.77,,2023-03-13
7008,13833,16,B-017501,2.29,2000.0,2023-07-20
7009,9059,19,B-011446,1.17,4000.0,2023-04-23
7010,13530,17,B-017125,0.61,2000.0,2023-07-23
7011,1237,34,B-001594,1.74,6000.0,2023-04-19
7012,5896,8,B-007465,3.06,6000.0,2023-11-01
7013,3992,24,B-005086,3.65,6000.0,2023-10-17
7014,12666,26,B-016030,4.7,2000.0,2023-03-15
7015,8356,14,B-010559,2.98,,2023-12-09
7016,9208,35,B-011637,0.75,6000.0,2023-05-15
7017,9923,2,B-012559,1.25,6000.0,2023-11-01
7018,6020,10,B-007626,1.62,2000.0,2023-09-05
7019,12939,27,B-016373,2.91,4000.0,2023-07-21
7020,12014,11,B-015186,2.4,4000.0,2023-11-11
7021,2891,24,B-003667,2.81,,2023-02-13
7022,1829,29,B-002355,4.19,,2023-03-23
7023,11056,20,B-014013,1.67,6000.0,2023-05-03
7024,3308,7,B-004228,4.7,2000.0,2023-11-03
7025,15357,33,B-019395,2.94,6000.0,2023-11-06
7026,5045,23,B-006424,2.76,,2023-12-10
7027,2370,10,B-003005,3.13,2000.0,2023-08-03
7028,14635,26,B-018496,1.16,2000.0,2023-02-08
7029,8634,21,B-010899,4.75,,2023-03-03
7030,4238,33,B-005413,2.51,4000.0,2023-03-16
7031,10209,29,B-012924,4.59,4000.0,2023-11-21
7032,4173,13,B-005321,1.29,2000.0,2023-06-20
7033,5865,8,B-007427,4.13,6000.0,2023-11-02
7034,11473,14,B-014507,4.31,4000.0,2023-03-24
7035,377,28,B-000496,2.3,6000.0,2023-01-27
7036,835,34,B-001071,3.86,4000.0,2023-07-16
7037,6152,1,B-007788,4.57,4000.0,2023-02-24
7038,14013,2,B-017722,1.5,6000.0,2023-04-16
7039,4514,26,B-005759,3.16,,2023-05-26
7040,13478,28,B-017060,4.24,4000.0,2023-07-25
7041,5970,16,B-007557,3.84,4000.0,2023-01-15
7042,2199,7,B-002799,2.09,6000.0,2023-03-09
7043,3625,19,B-004625,2.52,,2023-04-15
7044,13629,20,B-017250,4.74,4000.0,2023-02-04
7045,4480,8,B-005712,2.55,4000.0,2023-05-16
7046,7844,34,B-009904,1.87,,2023-05-09
7047,7458,15,B-009416,3.65,4000.0,2023-08-21
7048,1614,13,B-002088,0.74,,2023-01-26
7049,15005,23,B-018958,1.11,,2023-11-22
7050,1309,27,B-001687,1.04,6000.0,2023-09-16
7051,5217,17,B-006647,0.58,2000.0,2023-04-20
7052,9257,24,B-011703,0.54,,2023-06-09
7053,12532,25,B-015859,1.18,6000.0,2023-12-19
7054,4187,1,B-005340,2.82,2000.0,2023-12-18
7055,7214,16,B-009112,3.04,4000.0,2023-10-15
7056,8424,21,B-010641,4.25,2000.0,2023-09-02
7057,911,20,B-001163,2.28,,2023-10-04
7058,3882,26,B-004950,3.03,,2023-04-02
7059,6900,21,B-008729,4.61,,2023-05-18
7060,5966,7,B-007553,3.26,,2023-09-24
7061,13234,6,B-016745,1.73,,2023-02-04
7062,7662,12,B-009676,1.25,6000.0,2023-03-11
7063,5326,3,B-006774,3.86,,2023-09-16
7064,3071,19,B-003909,0.57,6000.0,2023-03-21
7065,8053,11,B-010173,3.61,4000.0,2023-06-06
7066,11933,17,B-015089,4.0,,2023-12-22
7067,14589,20,B-018437,1.5,,2023-02-24
7068,2038,4,B-002606,2.38,2000.0,2023-08-25
7069,6246,1,B-007904,2.6,4000.0,2023-11-19
7070,4936,15,B-006289,3.66,,2023-05-13
7071,845,3,B-001083,3.88,,2023-10-13
7072,4377,12,B-005583,2.46,4000.0,2023-11-20
7073,13481,15,B-017065,4.9,6000.0,2023-03-20
7074,9001,19,B-011372,1.37,,2023-01-11
7075,7668,34,B-009683,4.95,2000.0,2023-02-03
7076,15175,27,B-019157,1.56,,2023-02-27
7077,12389,14,B-015673,3.38,2000.0,2023-02-19
7078,5619,12,B-007133,1.33,2000.0,2023-06-02
7079,7361,15,B-009294,4.88,,2023-05-21
7080,14439,35,B-018262,1.78,,2023-05-16
7081,4394,23,B-005607,4.26,2000.0,2023-05-10
7082,7061,8,B-008922,4.17,4000.0,2023-08-10
7083,9002,29,B-011373,3.06,4000.0,2023-10-24
7084,13991,33,B-017698,1.48,,2023-07-20
7085,2228,12,B-002836,1.09,6000.0,2023-12-20
7086,8602,25,B-010857,3.97,4000.0,2023-10-01
7087,8682,30,B-010971,4.54,,2023-04-11
7088,11048,17,B-014005,1.27,4000.0,2023-12-11
7089,9577,16,B-012114,4.85,6000.0,2023-09-28
7090,12458,35,B-015764,2.93,,2023-09-09
7091,14054,29,B-017775,3.64,6000.0,2023-01-02
7092,11513,33,B-014557,2.75,,2023-11-04
7093,15624,20,B-019724,2.39,6000.0,2023-11-15
7094,7682,15,B-009703,3.19,4000.0,2023-05-02
7095,12987,25,B-016434,2.37,4000.0,2023-11-18
7096,13358,33,B-016903,3.71,6000.0,2023-12-13
7097,4180,13,B-005331,3.0,6000.0,2023-06-03
7098,12168,20,B-015384,2.08,6000.0,2023-09-11
7099,1242,18,B-001600,2.93,,2023-11-12
7100,5755,25,B-007295,2.14,4000.0,2023-03-18
7101,2273,8,B-002887,1.24,,2023-06-16
7102,3960,2,B-005047,3.73,4000.0,2023-02-22
7103,5218,23,B-006649,1.71,2000.0,2023-05-22
7104,14432,1,B-018255,0.56,,2023-10-11
7105,7764,12,B-009802,2.48,4000.0,2023-04-20
7106,1379,4,B-001782,0.55,4000.0,2023-08-11
7107,10393,18,B-013163,1.31,,2023-08-20
7108,7738,31,B-009772,2.57,,2023-08-24
7109,9984,19,B-012638,0.57,4000.0,2023-07-03
7110,10500,35,B-013298,0.61,,2023-12-06
7111,4203,18,B-005365,0.59,6000.0,2023-06-24
7112,6409,14,B-008099,1.72,,2023-03-26
7113,8363,19,B-010568,0.65,,2023-03-05
7114,8565,21,B-010817,3.98,,2023-09-21
7115,782,7,B-001008,2.08,4000.0,2023-05-13
7116,12038,26,B-015217,1.68,6000.0,2023-06-22
7117,2814,16,B-003566,2.4,2000.0,2023-02-02
7118,11964,12,B-015124,3.4,2000.0,2023-05-15
7119,7540,7,B-009516,3.7,6000.0,2023-10-16
7120,12491,1,B-015808,4.49,6000.0,2023-10-20
7121,13343,11,B-016884,2.42,6000.0,2023-07-17
7122,10993,26,B-013933,2.97,4000.0,2023-09-18
7123,15808,8,B-019953,4.06,2000.0,2023-02-16
7124,1872,8,B-002404,2.58,6000.0,2023-08-22
7125,15684,9,B-019799,2.04,4000.0,2023-06-18
7126,1907,15,B-002445,4.38,2000.0,2023-05-25
7127,5860,21,B-007422,1.89,,2023-02-24
7128,15180,2,B-019163,4.69,4000.0,2023-06-27
7129,3746,4,B-004776,2.92,2000.0,2023-09-02
7130,5020,1,B-006390,1.65,4000.0,2023-04-27
7131,7982,16,B-010086,3.71,2000.0,2023-07-02
7132,7503,7,B-009469,4.01,2000.0,2023-03-08
7133,5781,13,B-007327,2.82,,2023-04-24
7134,2530,21,B-003206,1.2,4000.0,2023-05-17
7135,2660,2,B-003370,4.71,6000.0,2023-11-06
7136,13224,27,B-016733,1.95,,2023-05-16
7137,4074,8,B-005188,0.6,,2023-09-03
7138,14082,27,B-017810,2.3,2000.0,2023-02-15
7139,7396,27,B-009344,1.66,6000.0,2023-12-20
7140,8809,30,B-011134,3.63,4000.0,2023-07-12
7141,10857,27,B-013759,1.23,6000.0,2023-01-25
7142,5611,18,B-007123,2.55,6000.0,2023-10-06
7143,9299,11,B-011761,2.27,6000.0,2023-02-13
7144,4421,23,B-005641,1.46,6000.0,2023-01-04
7145,13108,28,B-016596,1.02,6000.0,2023-08-25
7146,7567,35,B-009548,3.02,2000.0,2023-07-09
7147,99,17,B-000134,3.92,2000.0,2023-04-04
7148,15526,19,B-019601,1.52,,2023-10-16
7149,12039,4,B-015218,4.85,2000.0,2023-04-15
7150,5195,5,B-006623,3.82,,2023-12-13
7151,15390,14,B-019437,1.35,,2023-12-15
7152,12358,24,B-015629,1.22,4000.0,2023-09-10
7153,794,6,B-001023,3.45,6000.0,2023-01-03
7154,4743,20,B-006050,0.86,2000.0,2023-11-19
7155,12132,5,B-015342,2.14,4000.0,2023-01-03
7156,675,4,B-000871,2.02,2000.0,2023-10-28
7157,15464,35,B-019526,3.05,,2023-05-11
7158,15454,20,B-019515,2.77,2000.0,2023-11-16
7159,7268,27,B-009176,4.74,6000.0,2023-02-05
7160,13775,16,B-017433,2.68,,2023-08-12
7161,1391,20,B-001798,1.91,,2023-03-12
7162,3624,3,B-004624,4.16,4000.0,2023-03-06
7163,10386,28,B-013155,1.77,6000.0,2023-02-15
7164,3033,18,B-003855,1.15,,2023-04-23
7165,5572,6,B-007074,0.54,6000.0,2023-07-09
7166,9105,14,B-011506,2.86,2000.0,2023-12-07
7167,7656,3,B-009670,2.67,6000.0,2023-01-10
7168,5071,14,B-006460,1.08,,2023-04-06
7169,10765,1,B-013645,3.78,4000.0,2023-04-18
7170,4091,21,B-005213,1.07,,2023-01-14
7171,9226,25,B-011662,3.56,6000.0,2023-03-08
7172,4922,27,B-006272,4.0,6000.0,2023-01-08
7173,5222,14,B-006653,4.55,,2023-02-18
7174,10942,2,B-013867,4.3,6000.0,2023-02-23
7175,12242,29,B-015479,3.13,2000.0,2023-01-27
7176,7069,34,B-008932,3.64,,2023-01-24
7177,12829,14,B-016232,1.81,4000.0,2023-09-13
7178,12792,1,B-016184,2.08,,2023-08-15
7179,2233,4,B-002842,2.46,2000.0,2023-05-10
7180,12298,20,B-015554,0.89,2000.0,2023-04-05
7181,1767,1,B-002279,1.76,2000.0,2023-03-25
7182,2435,22,B-003084,2.79,2000.0,2023-02-09
7183,7207,8,B-009101,3.65,2000.0,2023-11-11
7184,4946,9,B-006302,1.3,4000.0,2023-01-10
7185,4624,34,B-005903,1.16,6000.0,2023-04-03
7186,5378,13,B-006836,2.6,2000.0,2023-11-10
7187,1972,11,B-002528,4.43,2000.0,2023-12-14
7188,3704,2,B-004727,4.47,,2023-07-12
7189,14145,31,B-017890,4.85,4000.0,2023-10-19
7190,1591,30,B-002057,2.7,4000.0,2023-11-01
7191,12094,34,B-015287,5.0,6000.0,2023-02-09
7192,12618,31,B-015973,3.7,4000.0,2023-07-18
7193,919,9,B-001176,0.61,,2023-07-03
7194,8409,16,B-010624,2.14,,2023-02-02
7195,195,13,B-000258,1.05,6000.0,2023-09-13
7196,1833,4,B-002360,0.62,,2023-08-03
7197,9344,15,B-011819,4.21,2000.0,2023-12-06
7198,6305,6,B-007975,2.33,2000.0,2023-11-28
7199,11084,33,B-014046,2.32,,2023-08-14
7200,5637,27,B-007156,4.44,6000.0,2023-03-24
7201,12469,30,B-015779,0.88,4000.0,2023-12-01
7202,14445,19,B-018268,4.02,6000.0,2023-03-11
7203,10749,8,B-013626,1.31,4000.0,2023-01-26
7204,10947,24,B-013873,4.21,,2023-01-11
7205,5362,6,B-006814,4.87,,2023-02-15
7206,5902,19,B-007472,1.76,2000.0,2023-07-07
7207,9017,30,B-011394,4.5,4000.0,2023-08-28
7208,15381,29,B-019428,4.73,6000.0,2023-04-12
7209,5494,29,B-006975,3.29,,2023-02-18
7210,12965,16,B-016407,2.49,6000.0,2023-10-19
7211,10615,13,B-013442,1.75,2000.0,2023-01-15
7212,5881,6,B-007445,3.0,4000.0,2023-11-13
7213,15488,19,B-019556,1.0,4000.0,2023-02-10
7214,5471,3,B-006949,1.77,,2023-11-01
7215,7161,9,B-009045,2.48,4000.0,2023-09-28
7216,10835,33,B-013728,1.75,,2023-09-10
7217,4948,28,B-006304,2.2,2000.0,2023-01-05
7218,4560,16,B-005822,1.07,4000.0,2023-03-15
7219,2914,24,B-003699,4.56,,2023-06-04
7220,2401,26,B-003045,0.79,6000.0,2023-01-28
7221,5480,24,B-006960,4.25,,2023-08-04
7222,7846,29,B-009906,2.5,4000.0,2023-12-12
7223,90,32,B-000122,1.45,2000.0,2023-05-19
7224,13574,9,B-017183,3.28,4000.0,2023-09-27
7225,6459,24,B-008162,1.5,4000.0,2023-01-06
7226,9467,22,B-011976,3.38,,2023-01-07
7227,3053,21,B-003879,4.68,6000.0,2023-01-11
7228,9231,14,B-011668,3.78,4000.0,2023-03-06
7229,6502,22,B-008221,3.5,6000.0,2023-12-02
7230,3453,26,B-004412,4.87,,2023-03-02
7231,5289,24,B-006732,1.45,6000.0,2023-05-12
7232,7082,25,B-008949,1.91,,2023-12-14
7233,7479,34,B-009443,1.76,2000.0,2023-04-14
7234,15656,3,B-019763,3.27,6000.0,2023-10-19
7235,13893,11,B-017581,1.01,6000.0,2023-04-23
7236,12232,31,B-015467,3.63,2000.0,2023-10-13
7237,7372,13,B-009309,1.9,6000.0,2023-03-18
7238,6258,25,B-007918,2.29,2000.0,2023-07-13
7239,9143,21,B-011549,3.21,4000.0,2023-02-11
7240,10501,33,B-013299,3.23,,2023-08-15
7241,11898,27,B-015045,3.08,2000.0,2023-02-22
7242,12934,33,B-016368,3.39,6000.0,2023-08-13
7243,11943,5,B-015100,3.58,2000.0,2023-11-24
7244,14423,32,B-018243,4.12,6000.0,2023-06-04
7245,11423,24,B-014449,4.2,4000.0,2023-04-08
7246,1809,31,B-002328,0.99,2000.0,2023-12-18
7247,9458,20,B-011964,4.95,4000.0,2023-08-13
7248,9472,26,B-011982,3.83,,2023-06-22
7249,6821,10,B-008625,1.48,6000.0,2023-05-09
7250,11260,16,B-014255,2.23,6000.0,2023-12-24
7251,3589,25,B-004579,0.95,4000.0,2023-05-21
7252,10804,21,B-013691,3.38,,2023-11-06
7253,6694,28,B-008470,3.6,2000.0,2023-09-14
7254,997,8,B-001282,4.19,2000.0,2023-09-14
7255,11349,14,B-014366,2.89,6000.0,2023-02-13
7256,7910,33,B-009996,2.27,4000.0,2023-10-16
7257,14018,18,B-017728,3.71,4000.0,2023-06-08
7258,3143,9,B-004018,1.72,2000.0,2023-10-03
7259,6112,31,B-007741,1.93,,2023-02-28
7260,11518,17,B-014564,1.14,,2023-08-10
7261,9603,29,B-012152,2.86,2000.0,2023-06-28
7262,12627,15,B-015984,2.57,2000.0,2023-09-04
7263,8674,28,B-010957,1.51,4000.0,2023-02-18
7264,995,17,B-001280,1.31,,2023-07-02
7265,10727,17,B-013600,2.11,2000.0,2023-11-21
7266,8223,9,B-010383,0.95,2000.0,2023-06-02
7267,6986,15,B-008835,0.74,6000.0,2023-11-25
7268,7527,19,B-009497,3.19,2000.0,2023-04-11
7269,13882,32,B-017562,1.17,2000.0,2023-11-17
7270,11107,23,B-014072,1.76,,2023-09-17
7271,671,13,B-000865,1.77,4000.0,2023-09-23
7272,4412,35,B-005629,2.21,,2023-06-20
7273,6930,25,B-008766,1.14,4000.0,2023-06-05
7274,136,7,B-000177,0.9,6000.0,2023-04-28
7275,6065,14,B-007682,2.61,2000.0,2023-07-06
7276,5875,15,B-007439,2.77,6000.0,2023-01-24
7277,11927,28,B-015081,3.08,4000.0,2023-05-17
7278,14433,34,B-018256,3.34,,2023-07-24
7279,7448,26,B-009404,3.92,,2023-08-26
7280,9504,8,B-012023,1.88,6000.0,2023-08-25
7281,4255,3,B-005432,4.69,4000.0,2023-10-19
7282,5428,25,B-006898,3.6,6000.0,2023-07-04
7283,4534,1,B-005783,1.78,6000.0,2023-03-28
7284,3788,24,B-004828,2.86,2000.0,2023-11-07
7285,3714,8,B-004739,4.46,6000.0,2023-01-15
7286,2151,35,B-002745,0.68,2000.0,2023-07-11
7287,441,31,B-000579,3.61,2000.0,2023-12-25
7288,9013,25,B-011388,3.9,,2023-04-20
7289,7756,20,B-009792,1.45,2000.0,2023-01-10
7290,9701,22,B-012279,4.85,2000.0,2023-09-27
7291,3907,22,B-004982,3.03,,2023-12-24
7292,9416,25,B-011911,1.4,6000.0,2023-08-27
7293,7313,25,B-009236,2.06,4000.0,2023-01-03
7294,3338,22,B-004268,1.08,4000.0,2023-03-01
7295,781,30,B-001007,1.94,4000.0,2023-08-09
7296,8162,27,B-010311,3.68,6000.0,2023-10-21
7297,12504,18,B-015824,2.92,2000.0,2023-04-28
7298,7507,6,B-009473,2.96,4000.0,2023-03-25
7299,2173,10,B-002771,3.71,6000.0,2023-04-08
7300,7432,24,B-009386,3.86,2000.0,2023-04-23
7301,654,7,B-000846,4.48,,2023-07-03
7302,8510,2,B-010754,0.55,4000.0,2023-12-20
7303,3751,35,B-004781,4.69,2000.0,2023-02-24
7304,9550,13,B-012082,2.04,4000.0,2023-11-17
7305,8099,25,B-010229,0.67,4000.0,2023-11-18
7306,338,14,B-000448,1.53,4000.0,2023-12-26
7307,3686,20,B-004700,4.18,2000.0,2023-05-24
7308,6275,8,B-007943,1.7,6000.0,2023-01-17
7309,1057,12,B-001352,1.18,2000.0,2023-04-16
7310,1607,35,B-002078,2.76,4000.0,2023-09-09
7311,12615,11,B-015969,2.78,2000.0,2023-11-07
7312,979,18,B-001260,3.19,,2023-02-01
7313,3571,35,B-004553,3.1,6000.0,2023-03-08
7314,3226,31,B-004130,1.85,2000.0,2023-06-02
7315,12687,2,B-016054,4.63,,2023-03-14
7316,7985,35,B-010090,4.03,6000.0,2023-07-27
7317,3609,12,B-004604,3.35,,2023-08-23
7318,3534,22,B-004510,0.59,6000.0,2023-03-25
7319,3294,13,B-004210,0.76,2000.0,2023-02-23
7320,180,31,B-000233,2.05,,2023-10-21
7321,12156,22,B-015370,2.36,4000.0,2023-03-28
7322,1416,2,B-001828,4.07,,2023-09-17
7323,7837,29,B-009894,4.74,6000.0,2023-06-09
7324,13808,6,B-017473,3.39,2000.0,2023-10-24
7325,14983,3,B-018933,1.07,6000.0,2023-01-25
7326,9572,35,B-012108,4.23,,2023-09-18
7327,1935,8,B-002477,4.42,,2023-09-28
7328,8551,33,B-010800,3.43,4000.0,2023-03-22
7329,11775,30,B-014886,1.57,2000.0,2023-04-11
7330,13114,12,B-016602,2.46,2000.0,2023-08-10
7331,2262,18,B-002874,4.54,,2023-09-28
7332,3347,14,B-004281,0.66,2000.0,2023-02-13
7333,9085,16,B-011482,4.14,4000.0,2023-05-19
7334,10203,17,B-012917,1.18,6000.0,2023-05-27
7335,14176,5,B-017928,2.39,2000.0,2023-05-24
7336,13326,21,B-016861,4.46,,2023-11-22
7337,6832,3,B-008641,2.81,6000.0,2023-06-08
7338,415,3,B-000543,4.27,6000.0,2023-11-02
7339,12472,32,B-015782,3.95,4000.0,2023-04-15
7340,1077,24,B-001383,3.64,,2023-07-24
7341,15579,5,B-019668,3.46,2000.0,2023-03-05
7342,7727,27,B-009758,1.84,,2023-08-27
7343,11108,20,B-014073,1.33,6000.0,2023-12-09
7344,6432,7,B-008126,4.45,,2023-10-04
7345,9745,33,B-012334,0.68,2000.0,2023-08-19
7346,11300,15,B-014307,2.5,2000.0,2023-02-26
7347,9971,6,B-012622,4.12,4000.0,2023-04-25
7348,4927,17,B-006278,4.25,2000.0,2023-12-19
7349,3065,10,B-003899,3.93,2000.0,2023-10-26
7350,8572,9,B-010825,4.92,,2023-03-27
7351,5688,12,B-007212,1.21,,2023-01-21
7352,15720,28,B-019844,3.69,6000.0,2023-09-03
7353,11917,12,B-015068,3.02,4000.0,2023-12-09
7354,2147,27,B-002741,4.91,,2023-08-23
7355,2731,14,B-003455,2.06,2000.0,2023-11-18
7356,7500,26,B-009466,1.0,6000.0,2023-05-19
7357,9509,19,B-012032,2.24,,2023-04-23
7358,11971,32,B-015133,4.68,4000.0,2023-08-21
7359,692,6,B-000891,1.39,4000.0,2023-11-28
7360,10109,20,B-012797,4.1,6000.0,2023-12-21
7361,12013,9,B-015184,1.35,6000.0,2023-12-08
7362,11337,27,B-014354,2.13,6000.0,2023-10-18
7363,1468,15,B-001901,1.82,6000.0,2023-04-08
7364,13801,13,B-017466,0.55,6000.0,2023-10-01
7365,11463,21,B-014495,4.08,2000.0,2023-04-20
7366,6001,18,B-007603,3.07,2000.0,2023-09-26
7367,5133,10,B-006534,1.88,,2023-12-10
7368,6164,21,B-007803,1.67,4000.0,2023-11-16
7369,12196,3,B-015422,1.53,2000.0,2023-03-17
7370,6165,12,B-007804,3.44,2000.0,2023-10-11
7371,11298,15,B-014305,4.06,2000.0,2023-03-16
7372,11865,17,B-015003,2.9,,2023-07-27
7373,6898,14,B-008725,0.74,6000.0,2023-03-07
7374,3013,14,B-003829,1.9,,2023-05-08
7375,15631,19,B-019732,2.09,4000.0,2023-09-11
7376,8863,22,B-011199,3.75,4000.0,2023-04-04
7377,9152,29,B-011561,3.74,4000.0,2023-12-01
7378,5021,2,B-006391,3.47,4000.0,2023-09-23
7379,6144,22,B-007776,1.7,2000.0,2023-10-02
7380,3364,33,B-004303,3.75,2000.0,2023-03-10
7381,10717,26,B-013589,4.86,,2023-02-08
7382,13180,25,B-016684,1.61,6000.0,2023-01-06
7383,10158,2,B-012859,2.26,4000.0,2023-05-21
7384,149,17,B-000195,2.54,,2023-02-18
7385,10567,28,B-013377,1.15,2000.0,2023-11-21
7386,12357,24,B-015628,2.9,2000.0,2023-06-23
7387,4910,16,B-006259,4.3,6000.0,2023-03-25
7388,8792,8,B-011117,2.35,6000.0,2023-10-21
7389,11514,20,B-014559,4.92,6000.0,2023-08-27
7390,6868,21,B-008688,3.9,,2023-04-16
7391,8855,17,B-011189,3.42,2000.0,2023-01-20
7392,515,3,B-000673,3.97,2000.0,2023-09-13
7393,14020,25,B-017730,1.94,6000.0,2023-08-10
7394,12100,11,B-015296,2.71,4000.0,2023-06-05
7395,13159,16,B-016657,1.25,6000.0,2023-09-19
7396,10470,9,B-013257,3.94,,2023-11-19
7397,5573,25,B-007075,3.6,6000.0,2023-05-16
7398,7917,24,B-010003,2.01,6000.0,2023-07-06
7399,8452,16,B-010684,2.36,,2023-02-17
7400,3495,12,B-004467,2.34,6000.0,2023-08-02
7401,4300,18,B-005489,2.48,2000.0,2023-03-26
7402,3466,20,B-004430,4.95,4000.0,2023-10-09
7403,3425,30,B-004376,0.61,6000.0,2023-05-11
7404,1250,21,B-001611,4.04,,2023-10-26
7405,3273,9,B-004184,2.29,4000.0,2023-05-08
7406,8481,6,B-010721,0.67,,2023-08-19
7407,12109,14,B-015308,4.21,4000.0,2023-09-19
7408,5034,30,B-006409,3.32,4000.0,2023-07-08
7409,15250,22,B-019261,3.89,6000.0,2023-12-13
7410,14347,20,B-018142,2.65,2000.0,2023-04-11
7411,9697,17,B-012274,4.16,6000.0,2023-10-15
7412,3107,25,B-003962,2.04,,2023-01-02
7413,12994,35,B-016442,3.5,,2023-10-06
7414,8714,21,B-011009,4.32,4000.0,2023-02-13
7415,7636,6,B-009646,3.24,4000.0,2023-01-18
7416,2519,8,B-003194,2.93,2000.0,2023-07-08
7417,6731,10,B-008519,1.54,6000.0,2023-07-13
7418,4335,21,B-005529,0.58,,2023-08-12
7419,8780,1,B-011104,3.69,4000.0,2023-09-08
7420,14189,15,B-017946,1.17,2000.0,2023-09-21
7421,10461,19,B-013246,2.68,,2023-11-19
7422,4028,15,B-005133,4.63,4000.0,2023-03-12
7423,7101,6,B-008973,4.49,,2023-09-21
7424,12034,27,B-015213,1.31,2000.0,2023-05-10
7425,15288,4,B-019307,0.92,2000.0,2023-12-27
7426,104,1,B-000139,4.32,,2023-06-16
7427,873,28,B-001114,3.89,6000.0,2023-03-07
7428,150,14,B-000196,1.34,,2023-07-20
7429,15496,30,B-019565,2.14,4000.0,2023-08-10
7430,11837,23,B-014964,4.8,6000.0,2023-01-22
7431,10646,9,B-013487,1.1,4000.0,2023-05-28
7432,11408,4,B-014432,2.36,,2023-12-20
7433,10187,33,B-012894,0.85,6000.0,2023-07-14
7434,5767,12,B-007307,4.75,4000.0,2023-01-03
7435,4515,8,B-005760,3.51,,2023-01-06
7436,11902,23,B-015052,3.98,,2023-04-17
7437,9393,23,B-011883,3.21,6000.0,2023-02-06
7438,10298,33,B-013038,3.35,,2023-02-05
7439,12228,29,B-015461,0.62,2000.0,2023-05-04
7440,2494,18,B-003164,1.67,4000.0,2023-03-11
7441,425,2,B-000558,3.02,4000.0,2023-07-10
7442,13894,2,B-017582,1.16,,2023-10-26
7443,8033,11,B-010149,4.86,,2023-11-24
7444,12308,24,B-015568,2.32,2000.0,2023-05-08
7445,725,22,B-000932,3.1,6000.0,2023-05-15
7446,7709,26,B-009735,2.37,,2023-10-24
7447,8514,17,B-010758,1.86,,2023-01-16
7448,15497,16,B-019567,2.93,,2023-10-02
7449,7777,4,B-009821,1.91,,2023-01-07
7450,8279,16,B-010455,4.04,4000.0,2023-06-07
7451,1542,12,B-001996,2.78,,2023-10-11
7452,9181,25,B-011602,3.1,4000.0,2023-11-02
7453,14812,21,B-018721,4.03,,2023-04-08
7454,1101,15,B-001416,4.79,6000.0,2023-04-06
7455,12135,6,B-015345,1.91,2000.0,2023-05-04
7456,1650,27,B-002129,4.16,6000.0,2023-01-02
7457,4830,4,B-006160,3.62,,2023-04-09
7458,8511,13,B-010755,1.25,,2023-02-03
7459,9888,35,B-012516,4.54,,2023-04-06
7460,12172,2,B-015389,4.39,6000.0,2023-03-09
7461,7345,21,B-009275,1.64,,2023-08-26
7462,2389,7,B-003028,3.36,6000.0,2023-04-23
7463,13414,26,B-016980,1.72,4000.0,2023-08-05
7464,9021,13,B-011398,2.71,2000.0,2023-06-09
7465,2382,17,B-003019,3.73,2000.0,2023-01-28
7466,11219,16,B-014207,4.6,6000.0,2023-09-21
7467,3787,19,B-004827,0.84,4000.0,2023-04-07
7468,6041,9,B-007651,2.34,6000.0,2023-01-16
7469,8569,23,B-010822,2.56,4000.0,2023-05-11
7470,967,17,B-001241,3.53,,2023-03-18
7471,8289,3,B-010466,1.59,4000.0,2023-07-28
7472,11888,26,B-015034,4.86,4000.0,2023-12-10
7473,3553,12,B-004529,2.13,4000.0,2023-07-24
7474,5514,16,B-006996,3.23,2000.0,2023-06-11
7475,8980,23,B-011342,1.45,4000.0,2023-07-28
7476,8661,17,B-010938,2.99,,2023-06-20
7477,10874,8,B-013780,4.76,,2023-03-20
7478,14267,20,B-018045,0.54,,2023-03-28
7479,2078,25,B-002654,1.64,4000.0,2023-10-13
7480,945,2,B-001213,0.69,6000.0,2023-09-11
7481,3564,2,B-004544,2.81,6000.0,2023-11-25
7482,10150,26,B-012848,2.97,,2023-09-17
7483,10134,12,B-012829,3.38,2000.0,2023-09-28
7484,11085,31,B-014047,1.16,6000.0,2023-07-19
7485,13170,26,B-016672,2.05,4000.0,2023-11-05
7486,12810,16,B-016207,1.34,6000.0,2023-01-26
7487,3311,13,B-004231,2.76,,2023-02-11
7488,3392,21,B-004337,4.09,2000.0,2023-08-15
7489,2299,28,B-002916,2.09,6000.0,2023-09-10
7490,5693,16,B-007219,0.97,6000.0,2023-04-05
7491,13089,1,B-016573,3.02,,2023-05-25
7492,6376,29,B-008057,1.3,2000.0,2023-02-05
7493,2590,17,B-003288,3.41,2000.0,2023-09-25
7494,7914,5,B-010000,0.58,,2023-12-03
7495,14355,4,B-018153,1.61,4000.0,2023-08-16
7496,2305,13,B-002924,2.01,6000.0,2023-02-23
7497,8370,31,B-010576,4.39,4000.0,2023-03-02
7498,6381,31,B-008062,0.54,6000.0,2023-05-01
7499,15125,16,B-019097,4.83,6000.0,2023-11-28
7500,1832,25,B-002358,0.81,4000.0,2023-06-12
7501,7007,26,B-008858,2.88,,2023-07-18
7502,5566,10,B-007066,2.3,,2023-10-26
7503,2824,15,B-003579,4.99,6000.0,2023-01-19
7504,11743,35,B-014847,1.36,,2023-10-19
7505,12603,27,B-015950,0.65,6000.0,2023-05-13
7506,1348,17,B-001741,4.03,,2023-12-06
7507,5706,11,B-007235,4.1,6000.0,2023-08-18
7508,9272,21,B-011722,2.79,,2023-09-24
7509,3319,22,B-004244,3.31,2000.0,2023-10-14
7510,1314,31,B-001693,2.71,4000.0,2023-03-08
7511,436,13,B-000572,1.25,2000.0,2023-02-08
7512,12321,21,B-015584,3.58,4000.0,2023-11-10
7513,11805,7,B-014922,4.6,4000.0,2023-05-12
7514,12082,29,B-015269,2.11,6000.0,2023-09-06
7515,9424,4,B-011921,4.85,4000.0,2023-11-25
7516,12410,14,B-015701,0.71,2000.0,2023-06-28
7517,5766,7,B-007306,0.71,2000.0,2023-12-10
7518,15002,28,B-018955,3.55,,2023-06-13
7519,15368,20,B-019409,1.84,2000.0,2023-01-24
7520,1902,29,B-002439,4.52,,2023-12-01
7521,8464,5,B-010697,2.66,4000.0,2023-09-07
7522,12818,9,B-016218,3.21,2000.0,2023-04-16
7523,10,11,B-000015,3.97,4000.0,2023-03-09
7524,477,23,B-000620,1.29,2000.0,2023-09-22
7525,8628,13,B-010889,0.98,2000.0,2023-12-17
7526,5026,20,B-006398,3.12,,2023-09-15
7527,3416,8,B-004366,4.96,4000.0,2023-09-03
7528,1939,31,B-002484,4.31,2000.0,2023-06-13
7529,15642,18,B-019747,2.62,6000.0,2023-04-05
7530,4229,2,B-005404,1.7,4000.0,2023-02-01
7531,5036,4,B-006412,2.24,4000.0,2023-07-20
7532,7457,24,B-009415,2.91,4000.0,2023-07-11
7533,42,30,B-000061,4.06,,2023-09-01
7534,6674,11,B-008445,3.95,6000.0,2023-01-04
7535,9173,6,B-011594,0.57,4000.0,2023-12-05
7536,6361,34,B-008040,3.96,2000.0,2023-11-18
7537,6188,30,B-007834,4.75,2000.0,2023-12-05
7538,5629,24,B-007145,4.69,,2023-03-19
7539,5191,29,B-006618,2.37,2000.0,2023-12-18
7540,11430,5,B-014456,4.18,4000.0,2023-01-11
7541,898,26,B-001149,4.77,2000.0,2023-12-13
7542,6999,4,B-008850,3.1,4000.0,2023-10-06
7543,2916,33,B-003701,0.88,2000.0,2023-09-21
7544,37,15,B-000055,0.75,6000.0,2023-02-04
7545,4943,6,B-006299,4.18,,2023-03-27
7546,11164,12,B-014139,4.45,,2023-02-09
7547,11968,15,B-015130,4.37,6000.0,2023-10-22
7548,1533,16,B-001986,3.94,6000.0,2023-06-09
7549,11650,24,B-014734,0.81,,2023-04-18
7550,6932,21,B-008771,4.32,6000.0,2023-05-10
7551,4605,24,B-005881,1.55,4000.0,2023-11-05
7552,4280,10,B-005464,1.71,2000.0,2023-06-26
7553,8841,7,B-011172,4.7,,2023-07-18
7554,3891,30,B-004962,2.22,6000.0,2023-11-02
7555,11925,1,B-015079,0.62,4000.0,2023-12-03
7556,15504,11,B-019574,0.93,,2023-05-24
7557,14689,11,B-018561,3.74,6000.0,2023-03-15
7558,8391,13,B-010602,4.56,,2023-04-01
7559,14923,17,B-018861,4.06,6000.0,2023-10-10
7560,11985,7,B-015149,0.98,,2023-05-28
7561,13883,1,B-017563,3.62,4000.0,2023-09-09
7562,4368,24,B-005572,1.86,4000.0,2023-04-23
7563,15155,29,B-019133,4.21,2000.0,2023-06-15
7564,5949,5,B-007531,3.75,,2023-08-07
7565,3724,30,B-004751,4.73,2000.0,2023-08-21
7566,8402,19,B-010614,1.35,,2023-01-05
7567,12374,21,B-015653,2.31,6000.0,2023-10-03
7568,11521,7,B-014568,3.21,6000.0,2023-04-25
7569,7193,8,B-009085,2.15,2000.0,2023-07-10
7570,492,13,B-000645,4.87,,2023-05-02
7571,4940,10,B-006295,3.97,2000.0,2023-06-04
7572,15349,18,B-019381,4.2,4000.0,2023-05-27
7573,2472,32,B-003130,4.49,2000.0,2023-03-14
7574,3843,6,B-004897,3.97,2000.0,2023-08-26
7575,15763,15,B-019896,1.29,6000.0,2023-03-13
7576,5022,25,B-006392,2.82,2000.0,2023-05-07
7577,13794,6,B-017458,4.49,,2023-01-14
7578,10066,11,B-012741,2.56,6000.0,2023-06-14
7579,14876,18,B-018804,4.85,2000.0,2023-02-06
7580,10685,12,B-013543,3.96,4000.0,2023-11-12
7581,6301,35,B-007971,0.98,2000.0,2023-01-01
7582,1082,10,B-001391,1.25,2000.0,2023-06-07
7583,8210,28,B-010368,2.79,2000.0,2023-07-18
7584,5653,3,B-007176,4.89,6000.0,2023-01-25
7585,10653,4,B-013497,4.56,,2023-11-15
7586,11433,31,B-014459,0.87,4000.0,2023-11-01
7587,15481,25,B-019547,5.0,2000.0,2023-09-15
7588,447,22,B-000585,4.97,,2023-11-26
7589,9924,29,B-012561,3.01,,2023-08-20
7590,14358,4,B-018157,1.16,6000.0,2023-01-09
7591,9323,4,B-011793,2.29,4000.0,2023-06-20
7592,7693,12,B-009715,2.96,6000.0,2023-11-04
7593,3070,21,B-003908,3.93,,2023-03-28
7594,6340,26,B-008016,1.13,,2023-04-28
7595,5004,29,B-006370,4.67,,2023-04-20
7596,801,33,B-001033,0.82,6000.0,2023-05-13
7597,10291,27,B-013030,1.67,4000.0,2023-08-10
7598,12617,27,B-015972,1.86,2000.0,2023-04-10
7599,3955,31,B-005042,2.19,6000.0,2023-07-03
7600,6478,7,B-008187,1.31,,2023-06-01
7601,11515,17,B-014561,4.14,6000.0,2023-02-02
7602,15448,24,B-019505,2.76,,2023-01-18
7603,203,9,B-000269,1.99,2000.0,2023-02-24
7604,465,17,B-000607,4.68,2000.0,2023-01-20
7605,4360,29,B-005559,4.27,4000.0,2023-10-28
7606,15426,18,B-019480,4.93,,2023-02-18
7607,4339,1,B-005534,1.52,4000.0,2023-02-25
7608,9341,8,B-011814,4.65,4000.0,2023-03-09
7609,12010,16,B-015181,3.65,2000.0,2023-09-10
7610,5214,17,B-006644,4.96,6000.0,2023-11-23
7611,10454,22,B-013239,1.72,6000.0,2023-05-01
7612,14717,7,B-018597,3.08,4000.0,2023-03-23
7613,8476,19,B-010713,3.54,2000.0,2023-09-13
7614,8658,30,B-010934,2.07,,2023-06-23
7615,12636,17,B-015995,3.69,6000.0,2023-03-09
7616,5931,5,B-007510,0.75,4000.0,2023-11-02
7617,14468,6,B-018294,4.63,6000.0,2023-04-11
7618,6951,21,B-008792,1.38,6000.0,2023-05-05
7619,1903,28,B-002441,0.77,,2023-04-14
7620,14320,1,B-018109,2.65,2000.0,2023-08-24
7621,7523,22,B-009493,3.09,,2023-10-01
7622,10967,33,B-013897,3.27,2000.0,2023-02-27
7623,15723,30,B-019849,1.53,6000.0,2023-01-06
7624,464,10,B-000605,1.31,4000.0,2023-08-02
7625,11616,20,B-014693,0.94,,2023-09-07
7626,10300,27,B-013040,0.89,2000.0,2023-12-08
7627,6336,17,B-008011,4.02,6000.0,2023-04-03
7628,9785,30,B-012388,0.74,2000.0,2023-04-03
7629,15691,21,B-019807,4.17,2000.0,2023-09-15
7630,6097,9,B-007721,2.78,2000.0,2023-11-13
7631,12210,15,B-015438,4.16,6000.0,2023-12-15
7632,12540,10,B-015869,3.82,4000.0,2023-10-15
7633,14391,14,B-018201,3.96,4000.0,2023-10-03
7634,11080,24,B-014042,0.81,4000.0,2023-02-28
7635,14770,9,B-018667,2.01,2000.0,2023-12-04
7636,1657,5,B-002139,1.42,6000.0,2023-05-02
7637,15689,22,B-019805,2.13,2000.0,2023-06-03
7638,2218,27,B-002823,0.97,4000.0,2023-02-01
7639,8208,14,B-010366,2.03,4000.0,2023-11-26
7640,630,10,B-000819,3.02,6000.0,2023-08-22
7641,3951,19,B-005036,2.73,2000.0,2023-08-11
7642,14289,34,B-018073,3.85,,2023-07-18
7643,12572,21,B-015908,4.13,,2023-12-04
7644,7926,27,B-010015,2.42,4000.0,2023-02-20
7645,2197,14,B-002797,4.99,6000.0,2023-07-19
7646,7669,24,B-009684,4.42,2000.0,2023-12-12
7647,815,30,B-001048,0.59,2000.0,2023-01-21
7648,1350,32,B-001743,2.2,4000.0,2023-10-28
7649,10593,22,B-013413,0.56,4000.0,2023-08-21
7650,6449,32,B-008146,1.82,2000.0,2023-06-06
7651,7719,32,B-009749,1.04,2000.0,2023-04-02
7652,12329,4,B-015593,4.21,4000.0,2023-08-07
7653,2852,29,B-003614,2.9,2000.0,2023-10-18
7654,802,25,B-001034,3.21,,2023-12-27
7655,2617,1,B-003321,1.36,4000.0,2023-02-23
7656,5502,6,B-006984,1.1,2000.0,2023-03-09
7657,11460,6,B-014492,3.28,4000.0,2023-09-17
7658,9557,24,B-012091,2.67,6000.0,2023-03-25
7659,13661,28,B-017292,4.35,4000.0,2023-09-17
7660,5170,32,B-006587,2.41,4000.0,2023-07-10
7661,4167,5,B-005313,1.23,6000.0,2023-05-01
7662,1528,25,B-001980,2.31,,2023-12-12
7663,8873,32,B-011209,2.83,2000.0,2023-10-19
7664,7473,31,B-009437,1.54,6000.0,2023-11-18
7665,15372,29,B-019415,1.35,4000.0,2023-09-24
7666,12919,24,B-016349,4.15,2000.0,2023-07-21
7667,4135,3,B-005269,2.92,6000.0,2023-11-04
7668,2758,6,B-003494,4.48,2000.0,2023-04-27
7669,574,10,B-000747,3.17,2000.0,2023-09-02
7670,7695,1,B-009718,4.59,6000.0,2023-04-12
7671,10130,26,B-012822,2.57,2000.0,2023-05-03
7672,4308,4,B-005497,2.33,,2023-04-27
7673,804,21,B-001036,0.52,6000.0,2023-03-08
7674,12530,3,B-015854,1.1,,2023-02-04
7675,3515,22,B-004488,4.16,4000.0,2023-06-03
7676,1796,29,B-002315,3.38,2000.0,2023-02-09
7677,5351,9,B-006802,0.73,4000.0,2023-06-13
7678,13300,19,B-016829,2.56,4000.0,2023-12-23
7679,9032,8,B-011409,1.7,2000.0,2023-05-26
7680,4751,4,B-006061,1.2,6000.0,2023-06-09
7681,7179,7,B-009068,1.43,2000.0,2023-04-01
7682,2116,26,B-002704,4.15,4000.0,2023-03-08
7683,11167,35,B-014143,4.24,4000.0,2023-02-05
7684,3127,14,B-003992,0.55,6000.0,2023-01-04
7685,7556,18,B-009536,2.76,2000.0,2023-09-16
7686,11053,35,B-014010,3.43,4000.0,2023-08-02
7687,12468,13,B-015778,3.47,,2023-04-25
7688,1269,9,B-001638,1.58,4000.0,2023-06-12
7689,10924,33,B-013848,4.48,4000.0,2023-05-15
7690,13625,7,B-017245,4.58,6000.0,2023-10-01
7691,4832,18,B-006163,2.18,,2023-02-12
7692,14386,16,B-018194,3.3,4000.0,2023-05-02
7693,15577,28,B-019665,2.31,4000.0,2023-07-01
7694,12133,33,B-015343,3.19,,2023-06-13
7695,1033,9,B-001323,4.45,2000.0,2023-02-06
7696,76,34,B-000105,1.98,2000.0,2023-03-20
7697,11329,29,B-014343,2.67,4000.0,2023-03-19
7698,2318,32,B-002940,4.0,4000.0,2023-01-19
7699,1138,31,B-001461,1.12,2000.0,2023-02-22
7700,9164,1,B-011580,1.8,6000.0,2023-11-23
7701,13752,34,B-017407,2.56,,2023-06-16
7702,7703,16,B-009728,2.6,,2023-10-16
7703,14780,15,B-018679,4.4,6000.0,2023-11-12
7704,5367,23,B-006820,1.93,6000.0,2023-11-24
7705,14977,3,B-018925,4.68,6000.0,2023-05-08
7706,13187,13,B-016692,3.01,6000.0,2023-07-24
7707,8982,26,B-011344,1.84,6000.0,2023-12-05
7708,1609,1,B-002080,3.11,6000.0,2023-04-25
7709,2665,13,B-003378,0.95,,2023-06-01
7710,1821,14,B-002345,2.03,6000.0,2023-05-11
7711,11368,32,B-014385,3.47,2000.0,2023-03-20
7712,13771,4,B-017429,4.64,6000.0,2023-08-14
7713,12208,15,B-015436,4.37,6000.0,2023-09-08
7714,5823,2,B-007380,1.89,,2023-01-06
7715,5305,9,B-006751,1.06,,2023-05-06
7716,11715,3,B-014814,2.95,6000.0,2023-05-02
7717,11477,20,B-014514,3.89,,2023-09-02
7718,7918,35,B-010004,1.88,4000.0,2023-10-07
7719,8972,29,B-011333,4.66,,2023-05-20
7720,474,17,B-000617,1.95,,2023-08-07
7721,7736,26,B-009770,2.37,,2023-03-26
7722,11921,21,B-015073,1.45,,2023-12-05
7723,9294,30,B-011751,4.84,2000.0,2023-01-07
7724,11188,12,B-014169,4.76,2000.0,2023-12-16
7725,10484,14,B-013279,4.66,2000.0,2023-01-23
7726,10783,6,B-013667,2.78,6000.0,2023-04-27
7727,8137,24,B-010276,1.46,6000.0,2023-09-03
7728,12326,22,B-015590,0.7,4000.0,2023-05-02
7729,4471,1,B-005700,2.19,2000.0,2023-10-17
7730,5400,14,B-006862,1.77,6000.0,2023-10-11
7731,52,25,B-000075,0.56,,2023-06-25
7732,15667,21,B-019778,2.36,,2023-01-02
7733,3038,25,B-003861,3.74,2000.0,2023-03-13
7734,2479,12,B-003145,2.71,4000.0,2023-09-12
7735,11864,2,B-015002,3.32,4000.0,2023-02-27
7736,6867,9,B-008687,0.91,,2023-03-13
7737,1221,6,B-001568,3.68,4000.0,2023-05-21
7738,14596,18,B-018445,2.27,2000.0,2023-05-20
7739,4645,16,B-005930,1.66,,2023-09-19
7740,12052,5,B-015235,2.02,6000.0,2023-04-03
7741,6579,8,B-008316,3.99,6000.0,2023-08-06
7742,15756,5,B-019887,2.73,4000.0,2023-05-07
7743,6003,31,B-007606,0.61,,2023-01-01
7744,10566,23,B-013376,2.52,,2023-07-26
7745,8554,29,B-010803,2.18,6000.0,2023-10-12
7746,2694,11,B-003410,1.9,,2023-05-06
7747,9898,18,B-012528,2.69,,2023-11-05
7748,12250,30,B-015488,4.92,,2023-08-18
7749,2504,18,B-003174,3.34,4000.0,2023-09-10
7750,1430,15,B-001847,0.84,,2023-03-13
7751,13136,34,B-016628,4.46,2000.0,2023-05-03
7752,8890,31,B-011228,3.16,4000.0,2023-04-28
7753,12800,25,B-016196,0.71,,2023-09-06
7754,13862,32,B-017539,3.87,,2023-08-02
7755,2275,35,B-002889,1.88,2000.0,2023-05-27
7756,2047,4,B-002618,1.67,4000.0,2023-05-19
7757,8689,10,B-010980,0.87,6000.0,2023-02-25
7758,11932,1,B-015088,3.31,6000.0,2023-02-12
7759,14413,5,B-018231,2.42,4000.0,2023-12-18
7760,8362,14,B-010566,1.54,,2023-04-12
7761,13195,16,B-016700,1.95,,2023-05-19
7762,3665,35,B-004671,2.96,6000.0,2023-02-02
7763,2714,18,B-003434,1.75,6000.0,2023-01-28
7764,5610,11,B-007122,4.77,6000.0,2023-08-12
7765,3217,8,B-004119,4.96,2000.0,2023-06-28
7766,13084,17,B-016567,3.91,6000.0,2023-04-01
7767,7998,30,B-010106,2.78,2000.0,2023-07-12
7768,5863,8,B-007425,3.04,4000.0,2023-07-13
7769,544,5,B-000710,1.15,,2023-09-13
7770,1329,33,B-001711,2.66,6000.0,2023-02-10
7771,15792,11,B-019934,1.06,,2023-12-26
7772,667,35,B-000860,3.68,,2023-06-03
7773,6963,4,B-008805,0.57,6000.0,2023-06-09
7774,2269,27,B-002882,4.14,6000.0,2023-01-22
7775,10715,32,B-013586,2.29,4000.0,2023-02-23
7776,362,26,B-000477,4.07,2000.0,2023-07-11
7777,6280,18,B-007948,2.57,2000.0,2023-12-03
7778,6668,3,B-008437,1.04,,2023-08-03
7779,1469,10,B-001902,2.87,6000.0,2023-07-14
7780,909,13,B-001161,3.79,4000.0,2023-09-06
7781,3034,29,B-003856,2.15,4000.0,2023-11-17
7782,13816,1,B-017483,4.77,4000.0,2023-05-23
7783,5748,18,B-007288,4.03,4000.0,2023-09-11
7784,7689,18,B-009711,4.93,4000.0,2023-09-16
7785,7528,24,B-009499,1.94,2000.0,2023-12-09
7786,4188,7,B-005341,0.95,2000.0,2023-07-19
7787,15790,2,B-019932,4.88,2000.0,2023-12-10
7788,2566,22,B-003257,4.01,6000.0,2023-07-19
7789,8771,5,B-011090,3.36,,2023-10-27
7790,4184,5,B-005337,1.82,4000.0,2023-02-21
7791,2968,20,B-003770,1.28,6000.0,2023-09-25
7792,1397,8,B-001805,1.35,4000.0,2023-04-18
7793,4190,17,B-005344,4.21,2000.0,2023-05-01
7794,14174,7,B-017926,2.4,6000.0,2023-10-06
7795,1246,20,B-001607,3.7,2000.0,2023-04-15
7796,3056,10,B-003885,2.12,4000.0,2023-03-23
7797,15331,8,B-019360,2.58,4000.0,2023-05-19
7798,5314,27,B-006760,0.57,,2023-08-11
7799,15593,34,B-019682,3.96,4000.0,2023-09-07
7800,4825,27,B-006153,1.67,2000.0,2023-02-28
7801,2854,8,B-003616,2.7,4000.0,2023-10-10
7802,13729,19,B-017378,4.72,,2023-07-28
7803,6094,25,B-007717,0.63,,2023-05-25
7804,12496,8,B-015814,2.92,2000.0,2023-12-06
7805,14223,25,B-017995,2.7,6000.0,2023-09-15
7806,9987,11,B-012642,3.85,4000.0,2023-11-06
7807,5626,32,B-007142,1.48,,2023-03-04
7808,1846,29,B-002375,4.34,4000.0,2023-01-02
7809,12596,22,B-015942,3.8,4000.0,2023-03-16
7810,15131,29,B-019103,4.38,6000.0,2023-02-18
7811,15033,28,B-018989,0.97,,2023-09-26
7812,2301,25,B-002918,1.88,4000.0,2023-01-26
7813,4984,19,B-006347,3.2,,2023-12-13
7814,4799,14,B-006120,2.72,2000.0,2023-09-18
7815,14509,31,B-018344,1.2,2000.0,2023-04-06
7816,5924,12,B-007500,2.01,4000.0,2023-05-14
7817,13811,32,B-017477,2.24,,2023-09-18
7818,2511,31,B-003182,4.07,4000.0,2023-03-09
7819,8199,5,B-010356,1.21,,2023-11-09
7820,12669,17,B-016034,1.3,,2023-02-01
7821,14491,7,B-018323,3.8,6000.0,2023-02-13
7822,2612,32,B-003314,2.21,6000.0,2023-02-26
7823,4315,31,B-005504,1.66,6000.0,2023-03-19
7824,1613,5,B-002085,4.09,4000.0,2023-09-23
7825,398,4,B-000526,3.85,6000.0,2023-12-16
7826,12891,22,B-016315,4.58,6000.0,2023-03-26
7827,15229,13,B-019228,0.67,2000.0,2023-01-10
7828,760,32,B-000978,1.8,,2023-06-16
7829,15389,30,B-019436,1.4,,2023-12-05
7830,1733,30,B-002237,2.59,6000.0,2023-09-25
7831,1410,30,B-001821,4.2,,2023-10-05
7832,13254,27,B-016767,1.81,2000.0,2023-08-04
7833,5935,21,B-007514,3.49,2000.0,2023-10-05
7834,5393,19,B-006853,4.16,6000.0,2023-02-14
7835,2204,35,B-002805,3.68,2000.0,2023-06-27
7836,11451,23,B-014482,4.53,,2023-12-23
7837,12185,1,B-015407,3.22,4000.0,2023-02-27
7838,12406,15,B-015695,1.58,,2023-08-12
7839,7834,11,B-009890,2.32,4000.0,2023-06-14
7840,2008,32,B-002569,4.71,6000.0,2023-05-19
7841,8277,18,B-010453,4.63,4000.0,2023-12-09
7842,7931,27,B-010020,1.0,2000.0,2023-12-09
7843,13728,5,B-017376,4.99,,2023-12-21
7844,10525,19,B-013329,2.81,4000.0,2023-06-20
7845,7170,26,B-009057,3.94,,2023-09-07
7846,2963,10,B-003764,0.76,6000.0,2023-10-22
7847,1102,18,B-001417,3.29,6000.0,2023-10-25
7848,11325,26,B-014339,1.65,2000.0,2023-01-18
7849,6754,28,B-008549,3.46,6000.0,2023-04-11
7850,12027,32,B-015205,2.43,4000.0,2023-05-02
7851,14799,19,B-018703,4.86,6000.0,2023-03-23
7852,14614,26,B-018469,0.51,2000.0,2023-04-26
7853,14389,16,B-018198,2.11,,2023-10-28
7854,5983,1,B-007582,1.0,,2023-07-11
7855,3585,2,B-004574,0.89,6000.0,2023-11-16
7856,183,27,B-000238,1.18,4000.0,2023-06-07
7857,13748,12,B-017403,4.22,2000.0,2023-12-20
7858,5527,17,B-007015,2.02,4000.0,2023-05-27
7859,9533,12,B-012062,2.34,2000.0,2023-08-06
7860,3160,4,B-004042,2.19,6000.0,2023-09-27
7861,3174,33,B-004061,3.32,2000.0,2023-10-13
7862,4201,9,B-005363,1.41,2000.0,2023-02-24
7863,5603,22,B-007115,2.25,6000.0,2023-10-04
7864,7524,24,B-009494,0.85,4000.0,2023-04-19
7865,14536,32,B-018379,2.39,6000.0,2023-02-23
7866,10626,19,B-013460,4.7,2000.0,2023-06-08
7867,9779,24,B-012382,0.99,6000.0,2023-04-28
7868,11625,24,B-014703,4.59,2000.0,2023-05-03
7869,59,8,B-000084,2.52,6000.0,2023-06-13
7870,13962,1,B-017661,2.8,,2023-04-17
7871,558,10,B-000725,4.14,,2023-02-05
7872,503,24,B-000657,2.69,6000.0,2023-01-11
7873,6090,27,B-007712,3.05,4000.0,2023-11-22
7874,9499,14,B-012018,2.42,2000.0,2023-08-07
7875,6535,16,B-008262,3.87,,2023-12-17
7876,15578,7,B-019666,1.88,4000.0,2023-01-04
7877,10104,18,B-012792,4.09,2000.0,2023-04-20
7878,6881,21,B-008702,2.8,,2023-12-25
7879,10907,20,B-013819,3.96,,2023-07-12
7880,6207,4,B-007853,2.57,6000.0,2023-01-13
7881,13697,32,B-017337,4.89,2000.0,2023-03-20
7882,1245,20,B-001606,1.54,4000.0,2023-06-25
7883,11731,26,B-014832,3.16,4000.0,2023-10-26
7884,6424,21,B-008115,2.25,4000.0,2023-07-23
7885,3095,20,B-003941,0.99,2000.0,2023-03-19
7886,1064,35,B-001362,3.46,4000.0,2023-05-12
7887,7247,33,B-009151,4.13,4000.0,2023-04-22
7888,156,17,B-000204,2.77,4000.0,2023-07-12
7889,8990,22,B-011357,4.67,6000.0,2023-02-27
7890,9477,22,B-011990,4.59,6000.0,2023-09-27
7891,13975,19,B-017677,4.78,2000.0,2023-02-20
7892,2819,33,B-003572,2.5,2000.0,2023-03-19
7893,15506,16,B-019577,0.7,4000.0,2023-02-26
7894,4597,33,B-005873,4.86,6000.0,2023-02-22
7895,3804,4,B-004847,1.1,,2023-11-17
7896,3077,33,B-003917,2.49,,2023-02-21
7897,12364,15,B-015640,0.91,4000.0,2023-03-18
7898,1159,1,B-001487,2.65,4000.0,2023-05-25
7899,197,31,B-000261,3.88,6000.0,2023-12-08
7900,6214,7,B-007861,4.0,6000.0,2023-01-10
7901,12749,9,B-016132,3.45,6000.0,2023-03-12
7902,10861,29,B-013763,4.8,2000.0,2023-01-08
7903,11772,1,B-014883,4.67,2000.0,2023-11-22
7904,14804,8,B-018710,3.3,4000.0,2023-11-14
7905,5944,22,B-007525,2.15,2000.0,2023-09-19
7906,7398,9,B-009346,3.06,6000.0,2023-11-20
7907,13122,15,B-016613,2.11,6000.0,2023-03-20
7908,304,20,B-000400,3.34,2000.0,2023-09-10
7909,5887,5,B-007453,1.78,,2023-03-27
7910,11467,26,B-014499,4.57,4000.0,2023-03-27
7911,1764,17,B-002272,3.03,,2023-08-08
7912,9116,34,B-011521,2.55,4000.0,2023-11-14
7913,5212,25,B-006642,3.24,,2023-12-12
7914,2392,5,B-003031,1.1,2000.0,2023-06-21
7915,11852,17,B-014985,3.61,4000.0,2023-11-28
7916,15709,11,B-019827,2.74,4000.0,2023-08-02
7917,6005,34,B-007608,4.36,4000.0,2023-07-22
7918,14681,28,B-018552,2.55,6000.0,2023-09-09
7919,8219,29,B-010378,2.33,6000.0,2023-09-11
7920,13228,22,B-016737,1.05,,2023-03-15
7921,8139,32,B-010278,0.9,2000.0,2023-06-28
7922,15702,22,B-019818,2.18,6000.0,2023-08-03
7923,12624,32,B-015981,2.02,4000.0,2023-01-20
7924,11197,11,B-014179,0.73,6000.0,2023-12-16
7925,4274,30,B-005455,1.8,2000.0,2023-07-04
7926,15499,16,B-019569,1.32,6000.0,2023-05-21
7927,408,29,B-000536,3.56,4000.0,2023-03-02
7928,3816,17,B-004860,4.52,,2023-11-08
7929,5497,5,B-006978,1.95,4000.0,2023-11-27
7930,3459,17,B-004421,4.06,2000.0,2023-01-27
7931,15586,10,B-019675,4.37,,2023-08-28
7932,7945,4,B-010036,3.02,6000.0,2023-01-13
7933,7034,27,B-008888,0.77,6000.0,2023-07-10
7934,15837,29,B-019990,3.79,6000.0,2023-01-27
7935,2680,16,B-003394,0.59,,2023-04-17
7936,11307,24,B-014315,4.39,4000.0,2023-07-04
7937,1036,5,B-001327,3.43,,2023-02-03
7938,14634,34,B-018495,0.97,,2023-07-24
7939,4312,19,B-005501,1.49,2000.0,2023-11-06
7940,9527,11,B-012055,2.75,,2023-06-14
7941,700,29,B-000899,3.25,6000.0,2023-06-25
7942,6667,7,B-008434,4.82,4000.0,2023-04-03
7943,8749,1,B-011054,3.04,4000.0,2023-03-21
7944,4674,34,B-005964,4.91,4000.0,2023-10-09
7945,14872,25,B-018800,4.24,6000.0,2023-05-09
7946,1408,28,B-001819,1.02,6000.0,2023-05-21
7947,4925,4,B-006275,3.0,6000.0,2023-01-27
7948,4692,30,B-005990,4.26,6000.0,2023-02-02
7949,6019,15,B-007625,3.63,6000.0,2023-04-16
7950,8029,14,B-010144,1.75,,2023-05-09
7951,514,2,B-000670,2.61,6000.0,2023-02-27
7952,9525,30,B-012053,0.53,6000.0,2023-05-12
7953,4705,19,B-006004,4.71,6000.0,2023-02-14
7954,12151,3,B-015364,3.56,6000.0,2023-01-28
7955,8406,27,B-010620,4.88,4000.0,2023-08-21
7956,7252,6,B-009156,2.56,6000.0,2023-08-06
7957,10082,23,B-012762,4.05,,2023-12-22
7958,860,24,B-001098,2.91,,2023-02-24
7959,13856,26,B-017531,2.37,,2023-12-28
7960,9195,30,B-011622,1.57,2000.0,2023-08-15
7961,2646,34,B-003355,1.94,4000.0,2023-04-26
7962,10971,9,B-013902,1.49,6000.0,2023-06-18
7963,4299,2,B-005488,3.09,2000.0,2023-01-22
7964,3072,29,B-003910,4.33,6000.0,2023-03-08
7965,11362,9,B-014379,2.85,2000.0,2023-02-04
7966,12974,14,B-016416,4.35,2000.0,2023-11-02
7967,8418,2,B-010634,4.51,,2023-09-22
7968,15409,9,B-019458,3.62,,2023-08-14
7969,7531,6,B-009505,3.14,2000.0,2023-07-01
7970,10951,13,B-013878,3.89,,2023-08-27
7971,2717,19,B-003438,1.2,2000.0,2023-07-28
7972,2909,10,B-003694,3.34,4000.0,2023-12-06
7973,4122,11,B-005251,3.44,,2023-05-06
7974,4531,7,B-005779,2.27,,2023-01-21
7975,3429,7,B-004381,2.78,,2023-10-20
7976,6526,34,B-008251,4.16,4000.0,2023-04-07
7977,8819,26,B-011145,1.96,2000.0,2023-04-10
7978,5456,12,B-006930,3.87,6000.0,2023-05-10
7979,3561,6,B-004541,3.95,,2023-11-10
7980,694,16,B-000893,3.72,2000.0,2023-07-25
7981,13875,35,B-017553,1.49,4000.0,2023-10-01
7982,4790,33,B-006109,1.06,6000.0,2023-03-24
7983,4435,26,B-005657,2.19,,2023-11-25
7984,13400,15,B-016959,4.66,4000.0,2023-03-24
7985,6298,16,B-007967,2.48,4000.0,2023-03-09
7986,6499,20,B-008216,4.83,6000.0,2023-09-23
7987,6825,8,B-008630,2.41,2000.0,2023-07-15
7988,1556,21,B-002011,3.63,,2023-07-02
7989,6083,18,B-007704,4.05,,2023-06-25
7990,9201,32,B-011630,2.08,2000.0,2023-07-16
7991,6892,23,B-008715,4.8,2000.0,2023-06-05
7992,8789,7,B-011114,3.5,2000.0,2023-07-17
7993,6901,34,B-008731,1.13,6000.0,2023-01-03
7994,3756,10,B-004789,1.67,6000.0,2023-02-08
7995,5846,21,B-007406,3.67,,2023-04-09
7996,8054,18,B-010174,4.86,6000.0,2023-04-13
7997,4728,20,B-006032,1.02,4000.0,2023-06-08
7998,12214,34,B-015444,2.75,,2023-07-06
7999,8991,35,B-011358,0.66,6000.0,2023-11-23
8000,839,30,B-001076,4.07,2000.0,2023-02-17
