beneficiary_id,beneficiary_code,gender
1,B-000002,Other
2,B-000003,M
3,B-000004,
4,B-000005,F
5,B-000008,
6,B-000011,
7,B-000012,
8,B-000013,M
9,B-000014,
10,B-000015,
11,B-000016,F
12,B-000017,
13,B-000018,M
14,B-000019,
15,B-000020,
16,B-000021,F
17,B-000023,M
18,B-000024,F
19,B-000025,F
20,B-000026,
21,B-000028,M
22,B-000029,
23,B-000030,
24,B-000032,
25,B-000033,M
26,B-000034,
27,B-000036,F
28,B-000038,
29,B-000041,F
30,B-000042,
31,B-000043,
32,B-000045,
33,B-000047,Other
34,B-000048,
35,B-000050,
36,B-000052,M
37,B-000055,Other
38,B-000056,
39,B-000058,M
40,B-000059,
41,B-000060,F
42,B-000061,
43,B-000062,F
44,B-000063,M
45,B-000064,
46,B-000065,
47,B-000067,
48,B-000068,
49,B-000071,
50,B-000072,
51,B-000073,
52,B-000075,Other
53,B-000076,
54,B-000077,
55,B-000078,
56,B-000080,
57,B-000082,
58,B-000083,
59,B-000084,
60,B-000085,
61,B-000086,M
62,B-000087,F
63,B-000088,
64,B-000090,
65,B-000092,
66,B-000093,
67,B-000094,M
68,B-000095,
69,B-000096,
70,B-000097,
71,B-000099,
72,B-000100,Other
73,B-000101,F
74,B-000102,F
75,B-000103,M
76,B-000105,F
77,B-000106,M
78,B-000107,
79,B-000108,M
80,B-000109,
81,B-000110,M
82,B-000113,F
83,B-000114,
84,B-000115,F
85,B-000116,Other
86,B-000117,M
87,B-000118,Other
88,B-000119,Other
89,B-000121,
90,B-000122,
91,B-000123,F
92,B-000124,F
93,B-000125,
94,B-000126,F
95,B-000130,
96,B-000131,
97,B-000132,M
98,B-000133,
99,B-000134,
100,B-000135,
101,B-000136,F
102,B-000137,
103,B-000138,
104,B-000139,F
105,B-000140,M
106,B-000141,
107,B-000142,
108,B-000144,
109,B-000145,
110,B-000146,
111,B-000147,
112,B-000148,F
113,B-000149,M
114,B-000150,F
115,B-000153,
116,B-000154,Other
117,B-000155,M
118,B-000156,
119,B-000157,F
120,B-000158,
121,B-000159,
122,B-000160,M
123,B-000161,Other
124,B-000163,
125,B-000165,F
126,B-000166,
127,B-000168,
128,B-000169,
129,B-000170,
130,B-000171,M
131,B-000172,
132,B-000173,
133,B-000174,
134,B-000175,
135,B-000176,Other
136,B-000177,F
137,B-000179,Other
138,B-000181,M
139,B-000182,
140,B-000183,
141,B-000184,
142,B-000185,M
143,B-000186,
144,B-000187,M
145,B-000188,
146,B-000190,
147,B-000191,
148,B-000194,F
149,B-000195,
150,B-000196,Other
151,B-000198,
152,B-000200,M
153,B-000201,
154,B-000202,M
155,B-000203,
156,B-000204,Other
157,B-000205,Other
158,B-000206,M
159,B-000207,F
160,B-000209,F
161,B-000210,
162,B-000211,
163,B-000213,M
164,B-000214,
165,B-000215,
166,B-000216,Other
167,B-000217,M
168,B-000218,
169,B-000219,M
170,B-000220,
171,B-000221,
172,B-000222,
173,B-000223,
174,B-000224,
175,B-000225,
176,B-000226,
177,B-000228,
178,B-000231,F
179,B-000232,Other
180,B-000233,M
181,B-000236,
182,B-000237,
183,B-000238,
184,B-000241,
185,B-000242,F
186,B-000244,
187,B-000246,
188,B-000247,
189,B-000248,M
190,B-000250,
191,B-000252,
192,B-000254,
193,B-000256,Other
194,B-000257,
195,B-000258,M
196,B-000259,
197,B-000261,
198,B-000262,Other
199,B-000265,
200,B-000266,
201,B-000267,Other
202,B-000268,F
203,B-000269,Other
204,B-000270,
205,B-000272,F
206,B-000274,
207,B-000275,Other
208,B-000277,
209,B-000278,F
210,B-000279,
211,B-000284,Other
212,B-000286,
213,B-000289,
214,B-000290,M
215,B-000291,F
216,B-000292,
217,B-000293,Other
218,B-000294,
219,B-000295,
220,B-000296,
221,B-000297,
222,B-000298,Other
223,B-000299,F
224,B-000300,Other
225,B-000302,
226,B-000304,Other
227,B-000305,
228,B-000306,M
229,B-000307,M
230,B-000308,
231,B-000309,
232,B-000310,F
233,B-000311,Other
234,B-000312,M
235,B-000313,M
236,B-000314,F
237,B-000315,
238,B-000316,
239,B-000317,
240,B-000318,
241,B-000319,
242,B-000320,Other
243,B-000321,
244,B-000323,Other
245,B-000324,
246,B-000325,
247,B-000327,
248,B-000328,
249,B-000329,
250,B-000330,
251,B-000331,Other
252,B-000332,
253,B-000333,
254,B-000334,M
255,B-000335,M
256,B-000337,M
257,B-000338,Other
258,B-000339,
259,B-000340,
260,B-000341,
261,B-000342,
262,B-000343,
263,B-000346,
264,B-000350,M
265,B-000351,M
266,B-000352,
267,B-000353,M
268,B-000354,F
269,B-000355,M
270,B-000356,
271,B-000357,
272,B-000358,F
273,B-000359,M
274,B-000360,
275,B-000362,
276,B-000363,M
277,B-000364,F
278,B-000365,
279,B-000367,F
280,B-000368,
281,B-000369,Other
282,B-000370,M
283,B-000371,F
284,B-000372,
285,B-000373,
286,B-000374,M
287,B-000375,
288,B-000377,M
289,B-000378,M
290,B-000379,
291,B-000383,Other
292,B-000385,
293,B-000386,F
294,B-000388,
295,B-000389,
296,B-000390,F
297,B-000391,Other
298,B-000392,
299,B-000393,
300,B-000396,
301,B-000397,
302,B-000398,
303,B-000399,
304,B-000400,
305,B-000402,M
306,B-000403,
307,B-000405,
308,B-000406,
309,B-000407,Other
310,B-000408,
311,B-000409,Other
312,B-000410,
313,B-000411,Other
314,B-000412,F
315,B-000413,M
316,B-000414,F
317,B-000415,Other
318,B-000416,
319,B-000417,Other
320,B-000419,M
321,B-000421,F
322,B-000422,F
323,B-000423,M
324,B-000424,
325,B-000425,Other
326,B-000428,
327,B-000429,Other
328,B-000430,
329,B-000431,M
330,B-000432,M
331,B-000438,F
332,B-000439,F
333,B-000440,
334,B-000441,M
335,B-000443,M
336,B-000446,
337,B-000447,Other
338,B-000448,
339,B-000449,F
340,B-000451,M
341,B-000452,Other
342,B-000453,
343,B-000454,Other
344,B-000455,F
345,B-000457,
346,B-000458,F
347,B-000459,M
348,B-000460,M
349,B-000461,
350,B-000462,M
351,B-000464,
352,B-000465,Other
353,B-000466,Other
354,B-000468,F
355,B-000469,
356,B-000470,
357,B-000471,Other
358,B-000473,M
359,B-000474,
360,B-000475,M
361,B-000476,F
362,B-000477,
363,B-000478,
364,B-000479,F
365,B-000480,F
366,B-000481,
367,B-000482,Other
368,B-000483,
369,B-000484,
370,B-000485,M
371,B-000487,
372,B-000488,M
373,B-000489,
374,B-000492,Other
375,B-000494,M
376,B-000495,
377,B-000496,
378,B-000497,M
379,B-000499,
380,B-000500,
381,B-000503,M
382,B-000505,
383,B-000506,Other
384,B-000509,M
385,B-000510,
386,B-000511,F
387,B-000512,
388,B-000513,
389,B-000514,
390,B-000515,M
391,B-000516,
392,B-000518,F
393,B-000519,
394,B-000520,
395,B-000522,
396,B-000523,
397,B-000525,F
398,B-000526,F
399,B-000527,
400,B-000528,
401,B-000529,
402,B-000530,
403,B-000531,F
404,B-000532,
405,B-000533,F
406,B-000534,
407,B-000535,
408,B-000536,M
409,B-000537,F
410,B-000538,
411,B-000539,
412,B-000540,F
413,B-000541,F
414,B-000542,Other
415,B-000543,
416,B-000544,M
417,B-000546,Other
418,B-000547,
419,B-000549,M
420,B-000550,F
421,B-000551,
422,B-000553,Other
423,B-000554,
424,B-000555,Other
425,B-000558,
426,B-000559,M
427,B-000561,M
428,B-000562,M
429,B-000564,Other
430,B-000565,F
431,B-000566,
432,B-000567,F
433,B-000568,M
434,B-000569,Other
435,B-000571,F
436,B-000572,
437,B-000574,M
438,B-000575,
439,B-000576,
440,B-000578,
441,B-000579,
442,B-000580,
443,B-000581,
444,B-000582,F
445,B-000583,
446,B-000584,Other
447,B-000585,Other
448,B-000586,M
449,B-000587,F
450,B-000588,
451,B-000589,Other
452,B-000590,M
453,B-000591,Other
454,B-000592,
455,B-000594,F
456,B-000595,M
457,B-000597,M
458,B-000598,
459,B-000599,
460,B-000600,M
461,B-000601,
462,B-000602,
463,B-000603,F
464,B-000605,Other
465,B-000607,F
466,B-000608,F
467,B-000609,Other
468,B-000610,F
469,B-000611,M
470,B-000612,
471,B-000613,F
472,B-000615,
473,B-000616,M
474,B-000617,
475,B-000618,
476,B-000619,Other
477,B-000620,
478,B-000621,M
479,B-000623,
480,B-000624,F
481,B-000626,F
482,B-000628,
483,B-000631,M
484,B-000633,
485,B-000636,
486,B-000639,
487,B-000640,F
488,B-000641,Other
489,B-000642,M
490,B-000643,
491,B-000644,
492,B-000645,
493,B-000646,
494,B-000647,M
495,B-000649,
496,B-000650,
497,B-000651,M
498,B-000652,F
499,B-000653,
500,B-000654,
501,B-000655,F
502,B-000656,
503,B-000657,
504,B-000658,M
505,B-000659,
506,B-000661,
507,B-000663,
508,B-000664,Other
509,B-000665,Other
510,B-000666,M
511,B-000667,F
512,B-000668,
513,B-000669,M
514,B-000670,Other
515,B-000673,F
516,B-000675,
517,B-000676,
518,B-000678,
519,B-000680,Other
520,B-000681,
521,B-000682,
522,B-000683,
523,B-000684,M
524,B-000685,
525,B-000686,Other
526,B-000687,M
527,B-000688,
528,B-000689,Other
529,B-000690,
530,B-000692,
531,B-000693,
532,B-000694,M
533,B-000695,
534,B-000696,Other
535,B-000698,F
536,B-000699,
537,B-000700,
538,B-000702,Other
539,B-000704,Other
540,B-000705,Other
541,B-000706,Other
542,B-000707,M
543,B-000709,Other
544,B-000710,
545,B-000711,Other
546,B-000712,F
547,B-000713,Other
548,B-000714,
549,B-000715,
550,B-000716,Other
551,B-000717,
552,B-000718,
553,B-000719,
554,B-000720,M
555,B-000721,
556,B-000722,
557,B-000724,M
558,B-000725,
559,B-000726,
560,B-000727,F
561,B-000728,
562,B-000730,Other
563,B-000733,
564,B-000734,
565,B-000736,
566,B-000737,M
567,B-000738,
568,B-000740,
569,B-000741,
570,B-000743,F
571,B-000744,
572,B-000745,
573,B-000746,
574,B-000747,
575,B-000750,F
576,B-000751,F
577,B-000752,Other
578,B-000753,
579,B-000754,Other
580,B-000755,
581,B-000756,
582,B-000758,M
583,B-000760,
584,B-000761,
585,B-000762,M
586,B-000763,Other
587,B-000765,M
588,B-000767,M
589,B-000768,
590,B-000769,M
591,B-000770,
592,B-000771,
593,B-000772,
594,B-000773,
595,B-000775,Other
596,B-000776,
597,B-000778,Other
598,B-000779,
599,B-000782,M
600,B-000783,
601,B-000784,Other
602,B-000785,
603,B-000786,
604,B-000787,
605,B-000788,
606,B-000790,
607,B-000791,
608,B-000793,
609,B-000794,
610,B-000796,M
611,B-000797,
612,B-000799,Other
613,B-000801,
614,B-000802,
615,B-000803,F
616,B-000804,
617,B-000805,
618,B-000806,M
619,B-000807,Other
620,B-000808,
621,B-000809,
622,B-000811,M
623,B-000812,
624,B-000813,
625,B-000814,
626,B-000815,
627,B-000816,
628,B-000817,
629,B-000818,F
630,B-000819,
631,B-000820,Other
632,B-000821,
633,B-000823,F
634,B-000825,F
635,B-000826,
636,B-000827,F
637,B-000828,
638,B-000830,M
639,B-000831,F
640,B-000832,
641,B-000833,Other
642,B-000834,
643,B-000835,
644,B-000836,Other
645,B-000837,
646,B-000838,Other
647,B-000839,
648,B-000840,F
649,B-000841,M
650,B-000842,
651,B-000843,M
652,B-000844,M
653,B-000845,F
654,B-000846,Other
655,B-000848,M
656,B-000849,F
657,B-000850,F
658,B-000851,Other
659,B-000852,
660,B-000853,
661,B-000854,M
662,B-000855,M
663,B-000856,
664,B-000857,Other
665,B-000858,
666,B-000859,M
667,B-000860,
668,B-000861,
669,B-000862,Other
670,B-000863,M
671,B-000865,
672,B-000866,F
673,B-000868,
674,B-000870,M
675,B-000871,Other
676,B-000872,
677,B-000874,
678,B-000876,Other
679,B-000877,
680,B-000879,M
681,B-000880,
682,B-000881,Other
683,B-000882,
684,B-000883,F
685,B-000884,
686,B-000885,
687,B-000886,Other
688,B-000887,
689,B-000888,
690,B-000889,M
691,B-000890,
692,B-000891,Other
693,B-000892,M
694,B-000893,
695,B-000894,
696,B-000895,
697,B-000896,Other
698,B-000897,F
699,B-000898,M
700,B-000899,
701,B-000900,
702,B-000902,Other
703,B-000903,
704,B-000905,
705,B-000906,M
706,B-000907,M
707,B-000909,F
708,B-000911,F
709,B-000912,F
710,B-000916,M
711,B-000917,
712,B-000918,Other
713,B-000919,Other
714,B-000920,M
715,B-000921,
716,B-000922,F
717,B-000924,
718,B-000925,
719,B-000926,F
720,B-000927,M
721,B-000928,F
722,B-000929,F
723,B-000930,Other
724,B-000931,Other
725,B-000932,
726,B-000933,F
727,B-000934,
728,B-000936,
729,B-000938,M
730,B-000939,F
731,B-000940,Other
732,B-000941,
733,B-000942,
734,B-000943,
735,B-000945,Other
736,B-000946,
737,B-000949,Other
738,B-000950,Other
739,B-000951,
740,B-000952,
741,B-000954,
742,B-000955,
743,B-000956,
744,B-000957,
745,B-000958,
746,B-000959,
747,B-000960,F
748,B-000961,F
749,B-000962,
750,B-000964,
751,B-000965,F
752,B-000967,
753,B-000968,Other
754,B-000970,
755,B-000971,
756,B-000973,M
757,B-000974,M
758,B-000975,Other
759,B-000977,
760,B-000978,
761,B-000980,
762,B-000981,Other
763,B-000982,F
764,B-000984,F
765,B-000985,
766,B-000988,
767,B-000989,
768,B-000990,Other
769,B-000992,
770,B-000993,
771,B-000994,
772,B-000995,
773,B-000997,F
774,B-000998,
775,B-000999,
776,B-001000,M
777,B-001002,Other
778,B-001004,F
779,B-001005,
780,B-001006,
781,B-001007,
782,B-001008,
783,B-001010,Other
784,B-001012,M
785,B-001013,Other
786,B-001014,Other
787,B-001015,Other
788,B-001016,
789,B-001017,M
790,B-001018,Other
791,B-001019,
792,B-001021,M
793,B-001022,M
794,B-001023,Other
795,B-001024,M
796,B-001025,
797,B-001026,
798,B-001029,F
799,B-001030,
800,B-001032,F
801,B-001033,Other
802,B-001034,
803,B-001035,F
804,B-001036,
805,B-001037,
806,B-001038,F
807,B-001039,
808,B-001040,M
809,B-001042,
810,B-001043,M
811,B-001044,M
812,B-001045,Other
813,B-001046,F
814,B-001047,F
815,B-001048,Other
816,B-001049,Other
817,B-001050,
818,B-001051,F
819,B-001052,Other
820,B-001053,F
821,B-001054,F
822,B-001055,Other
823,B-001056,
824,B-001057,
825,B-001059,F
826,B-001060,Other
827,B-001062,F
828,B-001063,
829,B-001064,
830,B-001066,M
831,B-001067,M
832,B-001068,M
833,B-001069,
834,B-001070,F
835,B-001071,
836,B-001072,F
837,B-001073,
838,B-001074,M
839,B-001076,
840,B-001077,F
841,B-001078,
842,B-001079,
843,B-001080,
844,B-001082,F
845,B-001083,
846,B-001084,
847,B-001085,
848,B-001086,Other
849,B-001087,Other
850,B-001088,F
851,B-001089,M
852,B-001090,M
853,B-001091,Other
854,B-001092,
855,B-001093,
856,B-001094,
857,B-001095,
858,B-001096,
859,B-001097,M
860,B-001098,
861,B-001099,
862,B-001100,
863,B-001101,M
864,B-001102,M
865,B-001104,
866,B-001105,
867,B-001106,Other
868,B-001107,M
869,B-001109,M
870,B-001111,F
871,B-001112,
872,B-001113,F
873,B-001114,
874,B-001116,
875,B-001118,
876,B-001120,
877,B-001122,M
878,B-001123,
879,B-001124,
880,B-001125,F
881,B-001126,F
882,B-001127,M
883,B-001128,
884,B-001129,Other
885,B-001130,Other
886,B-001133,
887,B-001134,M
888,B-001135,Other
889,B-001136,
890,B-001137,Other
891,B-001138,
892,B-001139,F
893,B-001141,
894,B-001143,Other
895,B-001144,
896,B-001145,F
897,B-001148,
898,B-001149,Other
899,B-001150,M
900,B-001151,Other
901,B-001152,F
902,B-001153,
903,B-001154,
904,B-001155,
905,B-001157,
906,B-001158,
907,B-001159,
908,B-001160,
909,B-001161,F
910,B-001162,
911,B-001163,F
912,B-001164,F
913,B-001167,Other
914,B-001168,
915,B-001169,
916,B-001170,
917,B-001172,
918,B-001174,
919,B-001176,M
920,B-001177,F
921,B-001180,M
922,B-001181,
923,B-001182,F
924,B-001183,M
925,B-001185,
926,B-001186,F
927,B-001187,Other
928,B-001190,Other
929,B-001191,
930,B-001192,
931,B-001194,F
932,B-001195,
933,B-001197,M
934,B-001198,M
935,B-001199,
936,B-001200,F
937,B-001201,M
938,B-001202,F
939,B-001203,
940,B-001205,
941,B-001206,M
942,B-001208,M
943,B-001210,
944,B-001212,M
945,B-001213,M
946,B-001214,
947,B-001216,F
948,B-001217,
949,B-001218,M
950,B-001220,
951,B-001221,
952,B-001222,
953,B-001223,F
954,B-001225,
955,B-001227,
956,B-001228,
957,B-001229,M
958,B-001230,
959,B-001232,
960,B-001233,
961,B-001234,
962,B-001235,
963,B-001236,
964,B-001237,
965,B-001238,Other
966,B-001240,
967,B-001241,
968,B-001242,
969,B-001244,F
970,B-001246,
971,B-001248,M
972,B-001250,
973,B-001253,
974,B-001254,
975,B-001255,M
976,B-001256,
977,B-001257,Other
978,B-001258,
979,B-001260,M
980,B-001261,Other
981,B-001262,
982,B-001263,
983,B-001264,Other
984,B-001265,
985,B-001266,F
986,B-001267,
987,B-001268,Other
988,B-001269,
989,B-001271,
990,B-001273,M
991,B-001274,
992,B-001275,M
993,B-001276,M
994,B-001277,
995,B-001280,
996,B-001281,M
997,B-001282,M
998,B-001283,
999,B-001285,
1000,B-001286,F
1001,B-001287,M
1002,B-001289,Other
1003,B-001290,
1004,B-001292,M
1005,B-001293,
1006,B-001294,
1007,B-001295,F
1008,B-001296,M
1009,B-001297,
1010,B-001298,F
1011,B-001299,F
1012,B-001300,Other
1013,B-001301,
1014,B-001302,F
1015,B-001303,
1016,B-001304,Other
1017,B-001305,M
1018,B-001306,
1019,B-001307,
1020,B-001308,F
1021,B-001309,
1022,B-001311,Other
1023,B-001312,
1024,B-001313,F
1025,B-001314,F
1026,B-001315,M
1027,B-001317,
1028,B-001318,
1029,B-001319,
1030,B-001320,Other
1031,B-001321,
1032,B-001322,M
1033,B-001323,
1034,B-001324,
1035,B-001325,F
1036,B-001327,
1037,B-001329,Other
1038,B-001330,Other
1039,B-001331,F
1040,B-001332,
1041,B-001333,F
1042,B-001334,F
1043,B-001335,M
1044,B-001336,Other
1045,B-001337,
1046,B-001339,
1047,B-001340,
1048,B-001341,
1049,B-001342,
1050,B-001344,Other
1051,B-001345,Other
1052,B-001346,
1053,B-001347,
1054,B-001349,
1055,B-001350,
1056,B-001351,M
1057,B-001352,
1058,B-001353,
1059,B-001354,F
1060,B-001355,
1061,B-001356,
1062,B-001357,M
1063,B-001360,F
1064,B-001362,M
1065,B-001364,F
1066,B-001366,Other
1067,B-001368,
1068,B-001369,
1069,B-001371,
1070,B-001373,
1071,B-001374,M
1072,B-001375,
1073,B-001379,
1074,B-001380,
1075,B-001381,M
1076,B-001382,
1077,B-001383,
1078,B-001385,M
1079,B-001387,
1080,B-001388,
1081,B-001390,
1082,B-001391,
1083,B-001392,Other
1084,B-001393,
1085,B-001394,
1086,B-001395,
1087,B-001396,F
1088,B-001397,F
1089,B-001398,F
1090,B-001399,M
1091,B-001400,M
1092,B-001402,M
1093,B-001403,
1094,B-001405,
1095,B-001406,
1096,B-001407,M
1097,B-001408,
1098,B-001411,
1099,B-001414,
1100,B-001415,F
1101,B-001416,
1102,B-001417,
1103,B-001418,M
1104,B-001419,M
1105,B-001420,
1106,B-001421,
1107,B-001422,
1108,B-001423,F
1109,B-001424,
1110,B-001426,F
1111,B-001427,
1112,B-001429,
1113,B-001430,F
1114,B-001431,M
1115,B-001432,F
1116,B-001433,F
1117,B-001434,
1118,B-001436,Other
1119,B-001437,
1120,B-001438,F
1121,B-001439,M
1122,B-001442,F
1123,B-001443,
1124,B-001444,F
1125,B-001445,
1126,B-001446,F
1127,B-001447,
1128,B-001449,
1129,B-001450,
1130,B-001451,Other
1131,B-001452,
1132,B-001453,
1133,B-001455,
1134,B-001456,
1135,B-001458,F
1136,B-001459,
1137,B-001460,
1138,B-001461,Other
1139,B-001462,
1140,B-001463,
1141,B-001464,
1142,B-001465,
1143,B-001467,
1144,B-001468,F
1145,B-001469,
1146,B-001471,M
1147,B-001473,M
1148,B-001474,F
1149,B-001475,
1150,B-001476,F
1151,B-001477,F
1152,B-001478,M
1153,B-001479,F
1154,B-001482,
1155,B-001483,
1156,B-001484,F
1157,B-001485,
1158,B-001486,
1159,B-001487,
1160,B-001488,Other
1161,B-001489,
1162,B-001490,F
1163,B-001492,
1164,B-001493,
1165,B-001494,Other
1166,B-001495,
1167,B-001496,M
1168,B-001497,Other
1169,B-001498,
1170,B-001499,F
1171,B-001500,Other
1172,B-001502,
1173,B-001503,F
1174,B-001505,
1175,B-001506,
1176,B-001507,F
1177,B-001508,F
1178,B-001509,Other
1179,B-001512,M
1180,B-001513,
1181,B-001515,M
1182,B-001516,
1183,B-001517,
1184,B-001518,
1185,B-001519,
1186,B-001520,F
1187,B-001522,
1188,B-001523,
1189,B-001524,
1190,B-001525,Other
1191,B-001526,
1192,B-001527,M
1193,B-001528,Other
1194,B-001531,Other
1195,B-001533,Other
1196,B-001534,F
1197,B-001536,M
1198,B-001537,F
1199,B-001538,
1200,B-001540,M
1201,B-001541,F
1202,B-001542,
1203,B-001544,F
1204,B-001545,F
1205,B-001546,
1206,B-001547,
1207,B-001550,M
1208,B-001551,
1209,B-001552,
1210,B-001554,
1211,B-001555,
1212,B-001557,
1213,B-001559,
1214,B-001560,
1215,B-001561,
1216,B-001562,Other
1217,B-001563,Other
1218,B-001565,M
1219,B-001566,M
1220,B-001567,
1221,B-001568,F
1222,B-001571,Other
1223,B-001572,F
1224,B-001573,Other
1225,B-001574,M
1226,B-001578,
1227,B-001579,
1228,B-001583,
1229,B-001585,Other
1230,B-001586,
1231,B-001587,Other
1232,B-001588,Other
1233,B-001589,Other
1234,B-001590,M
1235,B-001592,M
1236,B-001593,Other
1237,B-001594,F
1238,B-001595,
1239,B-001596,
1240,B-001597,
1241,B-001599,
1242,B-001600,M
1243,B-001601,M
1244,B-001605,
1245,B-001606,
1246,B-001607,
1247,B-001608,M
1248,B-001609,M
1249,B-001610,
1250,B-001611,M
1251,B-001616,
1252,B-001618,
1253,B-001619,
1254,B-001621,M
1255,B-001622,
1256,B-001623,
1257,B-001624,M
1258,B-001625,F
1259,B-001627,Other
1260,B-001628,
1261,B-001630,
1262,B-001631,
1263,B-001632,F
1264,B-001633,
1265,B-001634,
1266,B-001635,
1267,B-001636,
1268,B-001637,F
1269,B-001638,
1270,B-001640,
1271,B-001642,F
1272,B-001643,F
1273,B-001644,
1274,B-001645,
1275,B-001646,F
1276,B-001648,
1277,B-001650,
1278,B-001651,F
1279,B-001652,M
1280,B-001653,M
1281,B-001654,Other
1282,B-001655,F
1283,B-001657,
1284,B-001658,
1285,B-001659,M
1286,B-001660,
1287,B-001661,F
1288,B-001662,
1289,B-001664,
1290,B-001665,
1291,B-001666,
1292,B-001668,Other
1293,B-001669,
1294,B-001670,
1295,B-001671,F
1296,B-001672,
1297,B-001674,F
1298,B-001675,F
1299,B-001676,F
1300,B-001677,M
1301,B-001678,
1302,B-001679,F
1303,B-001680,Other
1304,B-001682,F
1305,B-001683,
1306,B-001684,F
1307,B-001685,
1308,B-001686,
1309,B-001687,M
1310,B-001688,
1311,B-001689,
1312,B-001690,
1313,B-001692,
1314,B-001693,
1315,B-001694,F
1316,B-001697,M
1317,B-001698,F
1318,B-001699,F
1319,B-001700,
1320,B-001702,Other
1321,B-001703,
1322,B-001704,F
1323,B-001705,
1324,B-001706,
1325,B-001707,
1326,B-001708,Other
1327,B-001709,
1328,B-001710,
1329,B-001711,F
1330,B-001713,
1331,B-001714,
1332,B-001716,Other
1333,B-001718,Other
1334,B-001719,M
1335,B-001721,
1336,B-001724,Other
1337,B-001726,
1338,B-001727,
1339,B-001728,
1340,B-001729,Other
1341,B-001730,Other
1342,B-001731,F
1343,B-001735,Other
1344,B-001736,
1345,B-001737,F
1346,B-001738,
1347,B-001739,
1348,B-001741,
1349,B-001742,
1350,B-001743,
1351,B-001744,M
1352,B-001745,
1353,B-001746,
1354,B-001747,
1355,B-001748,
1356,B-001749,
1357,B-001750,
1358,B-001751,
1359,B-001752,
1360,B-001753,F
1361,B-001754,M
1362,B-001755,
1363,B-001757,
1364,B-001758,
1365,B-001759,M
1366,B-001760,M
1367,B-001765,
1368,B-001766,M
1369,B-001768,
1370,B-001769,
1371,B-001772,Other
1372,B-001773,
1373,B-001774,F
1374,B-001775,
1375,B-001776,
1376,B-001777,
1377,B-001778,M
1378,B-001779,
1379,B-001782,Other
1380,B-001784,
1381,B-001785,F
1382,B-001787,
1383,B-001788,Other
1384,B-001789,
1385,B-001790,F
1386,B-001791,Other
1387,B-001792,
1388,B-001794,Other
1389,B-001796,
1390,B-001797,M
1391,B-001798,
1392,B-001799,F
1393,B-001801,Other
1394,B-001802,M
1395,B-001803,
1396,B-001804,Other
1397,B-001805,Other
1398,B-001806,
1399,B-001808,
1400,B-001809,F
1401,B-001810,M
1402,B-001813,M
1403,B-001814,M
1404,B-001815,Other
1405,B-001816,
1406,B-001817,
1407,B-001818,Other
1408,B-001819,Other
1409,B-001820,
1410,B-001821,
1411,B-001822,
1412,B-001823,
1413,B-001824,M
1414,B-001825,Other
1415,B-001827,
1416,B-001828,
1417,B-001829,F
1418,B-001830,
1419,B-001831,M
1420,B-001832,Other
1421,B-001833,Other
1422,B-001834,Other
1423,B-001838,Other
1424,B-001839,
1425,B-001841,
1426,B-001842,
1427,B-001844,
1428,B-001845,
1429,B-001846,F
1430,B-001847,
1431,B-001850,
1432,B-001851,F
1433,B-001853,
1434,B-001855,Other
1435,B-001856,
1436,B-001857,
1437,B-001858,F
1438,B-001859,
1439,B-001860,F
1440,B-001861,
1441,B-001862,F
1442,B-001864,
1443,B-001865,
1444,B-001866,F
1445,B-001868,
1446,B-001869,M
1447,B-001870,
1448,B-001871,Other
1449,B-001872,
1450,B-001874,
1451,B-001875,
1452,B-001876,
1453,B-001877,F
1454,B-001878,
1455,B-001880,
1456,B-001882,
1457,B-001885,F
1458,B-001886,M
1459,B-001889,M
1460,B-001890,
1461,B-001891,F
1462,B-001892,Other
1463,B-001893,Other
1464,B-001896,
1465,B-001897,
1466,B-001898,
1467,B-001899,
1468,B-001901,
1469,B-001902,
1470,B-001903,Other
1471,B-001904,
1472,B-001905,
1473,B-001908,Other
1474,B-001909,M
1475,B-001911,M
1476,B-001912,M
1477,B-001915,Other
1478,B-001916,Other
1479,B-001917,
1480,B-001918,
1481,B-001920,M
1482,B-001921,
1483,B-001922,Other
1484,B-001923,
1485,B-001924,Other
1486,B-001925,
1487,B-001926,
1488,B-001927,Other
1489,B-001928,M
1490,B-001929,F
1491,B-001930,
1492,B-001931,
1493,B-001933,Other
1494,B-001934,
1495,B-001937,Other
1496,B-001939,
1497,B-001940,F
1498,B-001941,
1499,B-001942,
1500,B-001943,
1501,B-001944,
1502,B-001945,
1503,B-001946,
1504,B-001947,
1505,B-001949,
1506,B-001950,F
1507,B-001952,F
1508,B-001953,F
1509,B-001955,Other
1510,B-001956,
1511,B-001960,
1512,B-001961,
1513,B-001963,
1514,B-001964,
1515,B-001965,F
1516,B-001966,M
1517,B-001967,M
1518,B-001968,F
1519,B-001969,
1520,B-001971,F
1521,B-001972,
1522,B-001973,Other
1523,B-001974,
1524,B-001975,
1525,B-001977,
1526,B-001978,M
1527,B-001979,Other
1528,B-001980,
1529,B-001981,
1530,B-001982,
1531,B-001983,Other
1532,B-001985,
1533,B-001986,
1534,B-001987,
1535,B-001988,
1536,B-001989,M
1537,B-001990,F
1538,B-001991,F
1539,B-001992,F
1540,B-001993,Other
1541,B-001994,
1542,B-001996,F
1543,B-001997,M
1544,B-001998,
1545,B-001999,M
1546,B-002000,M
1547,B-002001,
1548,B-002002,
1549,B-002004,
1550,B-002005,M
1551,B-002006,M
1552,B-002007,Other
1553,B-002008,Other
1554,B-002009,F
1555,B-002010,
1556,B-002011,
1557,B-002012,F
1558,B-002013,Other
1559,B-002015,
1560,B-002018,
1561,B-002019,Other
1562,B-002020,
1563,B-002021,F
1564,B-002022,
1565,B-002023,Other
1566,B-002024,
1567,B-002025,
1568,B-002026,M
1569,B-002027,F
1570,B-002028,
1571,B-002030,
1572,B-002031,
1573,B-002033,F
1574,B-002035,F
1575,B-002036,
1576,B-002037,
1577,B-002038,Other
1578,B-002039,Other
1579,B-002040,
1580,B-002041,
1581,B-002043,M
1582,B-002044,F
1583,B-002045,M
1584,B-002047,
1585,B-002048,
1586,B-002049,
1587,B-002050,Other
1588,B-002051,Other
1589,B-002054,
1590,B-002056,
1591,B-002057,F
1592,B-002058,M
1593,B-002059,
1594,B-002061,
1595,B-002062,
1596,B-002065,
1597,B-002066,
1598,B-002067,
1599,B-002068,
1600,B-002071,
1601,B-002072,M
1602,B-002073,Other
1603,B-002074,
1604,B-002075,
1605,B-002076,M
1606,B-002077,F
1607,B-002078,
1608,B-002079,
1609,B-002080,
1610,B-002081,F
1611,B-002082,Other
1612,B-002083,Other
1613,B-002085,
1614,B-002088,
1615,B-002089,
1616,B-002090,
1617,B-002091,M
1618,B-002092,
1619,B-002093,
1620,B-002094,
1621,B-002095,M
1622,B-002096,
1623,B-002097,
1624,B-002098,Other
1625,B-002099,
1626,B-002100,F
1627,B-002101,
1628,B-002102,
1629,B-002103,
1630,B-002104,
1631,B-002105,M
1632,B-002106,
1633,B-002108,Other
1634,B-002110,
1635,B-002111,
1636,B-002112,
1637,B-002113,
1638,B-002114,
1639,B-002115,F
1640,B-002118,
1641,B-002119,M
1642,B-002120,F
1643,B-002121,Other
1644,B-002122,
1645,B-002123,
1646,B-002124,F
1647,B-002126,Other
1648,B-002127,
1649,B-002128,
1650,B-002129,
1651,B-002130,F
1652,B-002132,F
1653,B-002133,Other
1654,B-002136,Other
1655,B-002137,Other
1656,B-002138,
1657,B-002139,Other
1658,B-002141,
1659,B-002142,M
1660,B-002144,F
1661,B-002145,
1662,B-002146,
1663,B-002147,F
1664,B-002148,
1665,B-002149,Other
1666,B-002150,Other
1667,B-002151,
1668,B-002153,M
1669,B-002154,F
1670,B-002155,
1671,B-002156,
1672,B-002157,F
1673,B-002159,
1674,B-002160,
1675,B-002163,
1676,B-002164,F
1677,B-002166,
1678,B-002167,F
1679,B-002169,F
1680,B-002172,
1681,B-002174,M
1682,B-002175,
1683,B-002176,
1684,B-002178,
1685,B-002179,M
1686,B-002180,
1687,B-002184,F
1688,B-002185,F
1689,B-002186,
1690,B-002187,Other
1691,B-002188,F
1692,B-002190,Other
1693,B-002191,F
1694,B-002192,
1695,B-002193,
1696,B-002194,
1697,B-002195,F
1698,B-002196,F
1699,B-002197,M
1700,B-002198,
1701,B-002199,
1702,B-002200,M
1703,B-002201,F
1704,B-002202,F
1705,B-002203,F
1706,B-002204,M
1707,B-002205,
1708,B-002206,
1709,B-002208,M
1710,B-002209,Other
1711,B-002210,
1712,B-002211,
1713,B-002212,F
1714,B-002213,Other
1715,B-002214,
1716,B-002216,
1717,B-002217,M
1718,B-002218,M
1719,B-002219,Other
1720,B-002220,Other
1721,B-002221,
1722,B-002222,
1723,B-002223,F
1724,B-002224,
1725,B-002225,
1726,B-002227,F
1727,B-002228,
1728,B-002231,
1729,B-002232,
1730,B-002234,Other
1731,B-002235,M
1732,B-002236,Other
1733,B-002237,
1734,B-002238,
1735,B-002239,
1736,B-002240,F
1737,B-002241,
1738,B-002242,Other
1739,B-002243,
1740,B-002244,M
1741,B-002245,
1742,B-002246,Other
1743,B-002247,F
1744,B-002248,
1745,B-002249,
1746,B-002250,
1747,B-002251,
1748,B-002252,F
1749,B-002254,M
1750,B-002255,
1751,B-002257,Other
1752,B-002258,
1753,B-002259,
1754,B-002260,
1755,B-002261,F
1756,B-002262,Other
1757,B-002263,F
1758,B-002264,F
1759,B-002266,F
1760,B-002267,
1761,B-002268,F
1762,B-002269,M
1763,B-002271,F
1764,B-002272,
1765,B-002275,
1766,B-002277,
1767,B-002279,Other
1768,B-002280,M
1769,B-002281,F
1770,B-002282,M
1771,B-002283,
1772,B-002284,Other
1773,B-002285,
1774,B-002286,M
1775,B-002288,
1776,B-002291,
1777,B-002292,
1778,B-002293,Other
1779,B-002294,
1780,B-002295,F
1781,B-002297,M
1782,B-002298,
1783,B-002300,
1784,B-002301,
1785,B-002302,Other
1786,B-002303,M
1787,B-002304,M
1788,B-002305,Other
1789,B-002306,Other
1790,B-002307,F
1791,B-002308,M
1792,B-002309,
1793,B-002310,F
1794,B-002311,M
1795,B-002312,
1796,B-002315,M
1797,B-002316,
1798,B-002317,
1799,B-002318,
1800,B-002319,
1801,B-002320,Other
1802,B-002321,
1803,B-002322,M
1804,B-002323,
1805,B-002324,M
1806,B-002325,M
1807,B-002326,
1808,B-002327,F
1809,B-002328,
1810,B-002330,Other
1811,B-002331,
1812,B-002333,
1813,B-002334,
1814,B-002335,
1815,B-002337,Other
1816,B-002339,
1817,B-002340,
1818,B-002341,
1819,B-002343,
1820,B-002344,F
1821,B-002345,
1822,B-002347,F
1823,B-002348,
1824,B-002349,M
1825,B-002351,F
1826,B-002352,M
1827,B-002353,
1828,B-002354,
1829,B-002355,
1830,B-002356,
1831,B-002357,
1832,B-002358,
1833,B-002360,
1834,B-002361,
1835,B-002362,
1836,B-002363,
1837,B-002364,Other
1838,B-002365,F
1839,B-002366,
1840,B-002367,M
1841,B-002368,F
1842,B-002370,
1843,B-002372,F
1844,B-002373,Other
1845,B-002374,F
1846,B-002375,
1847,B-002376,Other
1848,B-002377,F
1849,B-002378,
1850,B-002379,
1851,B-002381,Other
1852,B-002382,
1853,B-002385,
1854,B-002386,
1855,B-002387,M
1856,B-002388,Other
1857,B-002389,
1858,B-002390,
1859,B-002391,M
1860,B-002392,M
1861,B-002393,Other
1862,B-002394,
1863,B-002395,Other
1864,B-002396,M
1865,B-002397,
1866,B-002398,Other
1867,B-002399,
1868,B-002400,
1869,B-002401,M
1870,B-002402,Other
1871,B-002403,
1872,B-002404,
1873,B-002406,
1874,B-002407,F
1875,B-002408,
1876,B-002409,Other
1877,B-002410,
1878,B-002411,Other
1879,B-002412,
1880,B-002415,M
1881,B-002416,
1882,B-002417,
1883,B-002418,M
1884,B-002420,
1885,B-002421,
1886,B-002422,Other
1887,B-002423,
1888,B-002424,Other
1889,B-002425,Other
1890,B-002426,
1891,B-002427,
1892,B-002428,
1893,B-002429,Other
1894,B-002430,
1895,B-002431,M
1896,B-002432,
1897,B-002434,Other
1898,B-002435,
1899,B-002436,M
1900,B-002437,
1901,B-002438,M
1902,B-002439,
1903,B-002441,
1904,B-002442,Other
1905,B-002443,M
1906,B-002444,Other
1907,B-002445,
1908,B-002446,
1909,B-002447,
1910,B-002448,
1911,B-002450,
1912,B-002451,M
1913,B-002452,Other
1914,B-002453,
1915,B-002454,F
1916,B-002455,Other
1917,B-002456,Other
1918,B-002457,
1919,B-002458,M
1920,B-002459,M
1921,B-002460,
1922,B-002461,M
1923,B-002462,
1924,B-002463,F
1925,B-002464,F
1926,B-002466,
1927,B-002468,F
1928,B-002469,
1929,B-002470,
1930,B-002471,
1931,B-002472,M
1932,B-002473,M
1933,B-002474,
1934,B-002475,
1935,B-002477,
1936,B-002479,F
1937,B-002480,
1938,B-002481,Other
1939,B-002484,
1940,B-002485,Other
1941,B-002486,
1942,B-002487,F
1943,B-002490,
1944,B-002491,F
1945,B-002493,Other
1946,B-002494,M
1947,B-002495,F
1948,B-002497,Other
1949,B-002501,
1950,B-002502,F
1951,B-002503,
1952,B-002504,F
1953,B-002506,F
1954,B-002507,
1955,B-002509,
1956,B-002510,M
1957,B-002511,Other
1958,B-002512,
1959,B-002513,
1960,B-002514,
1961,B-002515,Other
1962,B-002516,F
1963,B-002519,M
1964,B-002520,
1965,B-002521,
1966,B-002522,
1967,B-002523,
1968,B-002524,F
1969,B-002525,
1970,B-002526,
1971,B-002527,
1972,B-002528,
1973,B-002529,
1974,B-002530,Other
1975,B-002531,
1976,B-002533,M
1977,B-002534,
1978,B-002535,M
1979,B-002536,F
1980,B-002537,
1981,B-002538,M
1982,B-002539,
1983,B-002540,
1984,B-002542,Other
1985,B-002543,
1986,B-002544,M
1987,B-002545,F
1988,B-002546,
1989,B-002547,
1990,B-002548,
1991,B-002549,F
1992,B-002550,Other
1993,B-002551,F
1994,B-002552,
1995,B-002553,Other
1996,B-002554,Other
1997,B-002556,
1998,B-002557,F
1999,B-002558,Other
2000,B-002560,Other
2001,B-002562,
2002,B-002563,
2003,B-002564,Other
2004,B-002565,
2005,B-002566,
2006,B-002567,M
2007,B-002568,M
2008,B-002569,F
2009,B-002570,M
2010,B-002571,Other
2011,B-002572,
2012,B-002573,
2013,B-002574,Other
2014,B-002575,
2015,B-002578,
2016,B-002579,M
2017,B-002580,
2018,B-002581,M
2019,B-002583,F
2020,B-002584,M
2021,B-002585,
2022,B-002586,
2023,B-002587,
2024,B-002588,Other
2025,B-002590,F
2026,B-002591,Other
2027,B-002592,
2028,B-002594,
2029,B-002595,Other
2030,B-002596,
2031,B-002597,
2032,B-002599,M
2033,B-002600,F
2034,B-002601,
2035,B-002602,Other
2036,B-002604,M
2037,B-002605,M
2038,B-002606,
2039,B-002607,F
2040,B-002608,M
2041,B-002609,Other
2042,B-002612,
2043,B-002613,
2044,B-002614,
2045,B-002615,
2046,B-002617,F
2047,B-002618,
2048,B-002619,
2049,B-002620,
2050,B-002621,Other
2051,B-002622,
2052,B-002623,Other
2053,B-002624,F
2054,B-002626,
2055,B-002627,
2056,B-002628,
2057,B-002630,
2058,B-002631,F
2059,B-002632,
2060,B-002633,M
2061,B-002634,
2062,B-002635,
2063,B-002636,M
2064,B-002637,
2065,B-002638,
2066,B-002640,
2067,B-002641,
2068,B-002642,
2069,B-002643,
2070,B-002644,Other
2071,B-002645,
2072,B-002646,M
2073,B-002647,
2074,B-002648,F
2075,B-002650,Other
2076,B-002651,Other
2077,B-002652,
2078,B-002654,Other
2079,B-002655,
2080,B-002656,Other
2081,B-002657,M
2082,B-002658,F
2083,B-002660,
2084,B-002661,
2085,B-002662,
2086,B-002663,
2087,B-002664,
2088,B-002666,
2089,B-002668,F
2090,B-002670,
2091,B-002671,
2092,B-002674,
2093,B-002675,
2094,B-002676,
2095,B-002677,M
2096,B-002678,Other
2097,B-002679,F
2098,B-002680,M
2099,B-002681,M
2100,B-002683,F
2101,B-002684,F
2102,B-002685,
2103,B-002687,Other
2104,B-002688,
2105,B-002689,M
2106,B-002690,
2107,B-002691,
2108,B-002692,F
2109,B-002694,
2110,B-002696,
2111,B-002697,F
2112,B-002699,
2113,B-002700,M
2114,B-002701,
2115,B-002702,M
2116,B-002704,
2117,B-002706,M
2118,B-002707,
2119,B-002708,M
2120,B-002709,
2121,B-002710,
2122,B-002711,
2123,B-002712,M
2124,B-002713,F
2125,B-002714,Other
2126,B-002715,Other
2127,B-002716,
2128,B-002717,
2129,B-002718,
2130,B-002719,Other
2131,B-002720,F
2132,B-002721,F
2133,B-002722,M
2134,B-002723,F
2135,B-002724,
2136,B-002726,F
2137,B-002727,
2138,B-002728,
2139,B-002730,M
2140,B-002733,
2141,B-002734,Other
2142,B-002735,F
2143,B-002737,F
2144,B-002738,
2145,B-002739,
2146,B-002740,
2147,B-002741,
2148,B-002742,
2149,B-002743,
2150,B-002744,Other
2151,B-002745,F
2152,B-002746,F
2153,B-002747,
2154,B-002748,
2155,B-002749,F
2156,B-002750,
2157,B-002751,
2158,B-002753,
2159,B-002754,
2160,B-002756,Other
2161,B-002757,
2162,B-002759,
2163,B-002760,Other
2164,B-002761,M
2165,B-002762,
2166,B-002763,
2167,B-002764,
2168,B-002765,M
2169,B-002766,M
2170,B-002768,
2171,B-002769,
2172,B-002770,F
2173,B-002771,
2174,B-002772,
2175,B-002773,F
2176,B-002774,
2177,B-002776,
2178,B-002777,
2179,B-002778,M
2180,B-002779,
2181,B-002780,F
2182,B-002781,F
2183,B-002782,Other
2184,B-002783,F
2185,B-002784,
2186,B-002785,
2187,B-002786,
2188,B-002787,M
2189,B-002789,
2190,B-002790,M
2191,B-002791,M
2192,B-002792,
2193,B-002793,F
2194,B-002794,
2195,B-002795,
2196,B-002796,
2197,B-002797,
2198,B-002798,F
2199,B-002799,
2200,B-002800,F
2201,B-002802,
2202,B-002803,
2203,B-002804,F
2204,B-002805,
2205,B-002806,
2206,B-002807,
2207,B-002808,Other
2208,B-002809,
2209,B-002810,
2210,B-002811,M
2211,B-002812,F
2212,B-002814,F
2213,B-002815,F
2214,B-002817,F
2215,B-002818,
2216,B-002821,Other
2217,B-002822,
2218,B-002823,
2219,B-002826,M
2220,B-002827,
2221,B-002828,F
2222,B-002830,Other
2223,B-002831,
2224,B-002832,Other
2225,B-002833,M
2226,B-002834,F
2227,B-002835,F
2228,B-002836,
2229,B-002837,
2230,B-002838,F
2231,B-002840,Other
2232,B-002841,F
2233,B-002842,
2234,B-002843,
2235,B-002844,
2236,B-002846,F
2237,B-002847,F
2238,B-002848,
2239,B-002849,
2240,B-002850,Other
2241,B-002851,
2242,B-002852,
2243,B-002854,
2244,B-002855,
2245,B-002856,F
2246,B-002857,F
2247,B-002858,
2248,B-002859,Other
2249,B-002860,
2250,B-002861,Other
2251,B-002862,F
2252,B-002863,M
2253,B-002864,
2254,B-002865,
2255,B-002867,M
2256,B-002868,F
2257,B-002869,
2258,B-002870,
2259,B-002871,Other
2260,B-002872,
2261,B-002873,
2262,B-002874,M
2263,B-002875,
2264,B-002876,
2265,B-002877,
2266,B-002878,F
2267,B-002879,
2268,B-002880,
2269,B-002882,
2270,B-002883,F
2271,B-002884,F
2272,B-002886,
2273,B-002887,
2274,B-002888,
2275,B-002889,Other
2276,B-002890,Other
2277,B-002891,Other
2278,B-002892,
2279,B-002894,
2280,B-002895,
2281,B-002896,
2282,B-002898,F
2283,B-002899,
2284,B-002900,
2285,B-002901,
2286,B-002902,Other
2287,B-002903,Other
2288,B-002904,
2289,B-002906,Other
2290,B-002907,
2291,B-002908,
2292,B-002909,
2293,B-002910,M
2294,B-002911,
2295,B-002912,F
2296,B-002913,
2297,B-002914,M
2298,B-002915,F
2299,B-002916,
2300,B-002917,M
2301,B-002918,
2302,B-002919,
2303,B-002921,
2304,B-002923,
2305,B-002924,F
2306,B-002925,F
2307,B-002926,
2308,B-002927,M
2309,B-002928,
2310,B-002929,
2311,B-002930,
2312,B-002931,
2313,B-002932,
2314,B-002933,
2315,B-002934,Other
2316,B-002936,
2317,B-002937,
2318,B-002940,
2319,B-002942,
2320,B-002943,F
2321,B-002944,
2322,B-002945,
2323,B-002946,
2324,B-002947,
2325,B-002948,
2326,B-002949,
2327,B-002950,
2328,B-002951,
2329,B-002953,Other
2330,B-002954,M
2331,B-002955,F
2332,B-002956,
2333,B-002958,M
2334,B-002959,M
2335,B-002960,M
2336,B-002961,
2337,B-002962,
2338,B-002963,
2339,B-002964,
2340,B-002966,
2341,B-002970,
2342,B-002971,F
2343,B-002972,Other
2344,B-002973,
2345,B-002974,
2346,B-002975,
2347,B-002976,
2348,B-002978,F
2349,B-002979,
2350,B-002980,
2351,B-002981,
2352,B-002986,
2353,B-002987,M
2354,B-002988,Other
2355,B-002989,
2356,B-002990,Other
2357,B-002991,
2358,B-002992,F
2359,B-002993,Other
2360,B-002994,Other
2361,B-002995,
2362,B-002996,
2363,B-002997,
2364,B-002998,Other
2365,B-002999,Other
2366,B-003000,M
2367,B-003001,
2368,B-003003,M
2369,B-003004,Other
2370,B-003005,
2371,B-003006,
2372,B-003007,M
2373,B-003010,Other
2374,B-003011,F
2375,B-003012,
2376,B-003013,
2377,B-003014,
2378,B-003015,
2379,B-003016,M
2380,B-003017,
2381,B-003018,
2382,B-003019,M
2383,B-003020,
2384,B-003022,
2385,B-003023,
2386,B-003025,
2387,B-003026,M
2388,B-003027,M
2389,B-003028,
2390,B-003029,M
2391,B-003030,
2392,B-003031,F
2393,B-003033,Other
2394,B-003034,
2395,B-003035,Other
2396,B-003037,Other
2397,B-003040,M
2398,B-003042,Other
2399,B-003043,
2400,B-003044,M
2401,B-003045,
2402,B-003046,
2403,B-003047,
2404,B-003048,M
2405,B-003049,
2406,B-003050,F
2407,B-003051,Other
2408,B-003052,F
2409,B-003053,Other
2410,B-003054,M
2411,B-003055,M
2412,B-003056,M
2413,B-003057,
2414,B-003058,
2415,B-003059,
2416,B-003060,Other
2417,B-003061,
2418,B-003062,M
2419,B-003063,
2420,B-003064,
2421,B-003065,
2422,B-003066,
2423,B-003067,
2424,B-003068,Other
2425,B-003069,Other
2426,B-003070,F
2427,B-003071,
2428,B-003073,
2429,B-003074,M
2430,B-003077,
2431,B-003078,Other
2432,B-003080,
2433,B-003081,
2434,B-003083,F
2435,B-003084,
2436,B-003085,F
2437,B-003086,F
2438,B-003088,F
2439,B-003089,
2440,B-003090,
2441,B-003091,
2442,B-003093,
2443,B-003094,F
2444,B-003095,M
2445,B-003096,
2446,B-003097,F
2447,B-003099,Other
2448,B-003100,F
2449,B-003101,
2450,B-003102,M
2451,B-003104,F
2452,B-003105,
2453,B-003106,
2454,B-003107,
2455,B-003108,
2456,B-003109,
2457,B-003110,Other
2458,B-003111,
2459,B-003112,Other
2460,B-003114,F
2461,B-003116,Other
2462,B-003117,
2463,B-003118,F
2464,B-003119,
2465,B-003121,M
2466,B-003123,
2467,B-003124,
2468,B-003125,
2469,B-003126,M
2470,B-003127,
2471,B-003128,M
2472,B-003130,
2473,B-003132,M
2474,B-003135,Other
2475,B-003139,F
2476,B-003140,
2477,B-003143,M
2478,B-003144,M
2479,B-003145,
2480,B-003146,F
2481,B-003149,M
2482,B-003151,F
2483,B-003153,F
2484,B-003154,F
2485,B-003155,
2486,B-003156,
2487,B-003157,
2488,B-003158,Other
2489,B-003159,F
2490,B-003160,Other
2491,B-003161,F
2492,B-003162,
2493,B-003163,M
2494,B-003164,
2495,B-003165,M
2496,B-003166,F
2497,B-003167,
2498,B-003168,F
2499,B-003169,
2500,B-003170,M
2501,B-003171,
2502,B-003172,Other
2503,B-003173,
2504,B-003174,
2505,B-003175,F
2506,B-003176,Other
2507,B-003177,
2508,B-003178,F
2509,B-003179,
2510,B-003180,
2511,B-003182,M
2512,B-003184,
2513,B-003185,F
2514,B-003186,
2515,B-003187,M
2516,B-003188,M
2517,B-003191,M
2518,B-003192,
2519,B-003194,
2520,B-003195,M
2521,B-003196,Other
2522,B-003197,F
2523,B-003199,
2524,B-003200,
2525,B-003201,F
2526,B-003202,Other
2527,B-003203,M
2528,B-003204,F
2529,B-003205,M
2530,B-003206,
2531,B-003208,Other
2532,B-003209,
2533,B-003210,
2534,B-003212,F
2535,B-003213,M
2536,B-003215,
2537,B-003216,
2538,B-003217,
2539,B-003219,F
2540,B-003222,M
2541,B-003223,
2542,B-003225,
2543,B-003226,
2544,B-003227,F
2545,B-003228,F
2546,B-003229,
2547,B-003230,M
2548,B-003231,M
2549,B-003232,M
2550,B-003233,
2551,B-003235,
2552,B-003237,
2553,B-003238,
2554,B-003239,F
2555,B-003240,
2556,B-003245,F
2557,B-003246,Other
2558,B-003247,Other
2559,B-003248,
2560,B-003250,F
2561,B-003252,
2562,B-003253,
2563,B-003254,
2564,B-003255,
2565,B-003256,
2566,B-003257,
2567,B-003259,Other
2568,B-003260,Other
2569,B-003261,
2570,B-003262,F
2571,B-003263,F
2572,B-003264,M
2573,B-003265,F
2574,B-003266,
2575,B-003267,Other
2576,B-003268,
2577,B-003270,
2578,B-003271,M
2579,B-003272,
2580,B-003273,Other
2581,B-003274,
2582,B-003275,Other
2583,B-003276,Other
2584,B-003277,
2585,B-003282,
2586,B-003284,Other
2587,B-003285,F
2588,B-003286,F
2589,B-003287,M
2590,B-003288,
2591,B-003289,Other
2592,B-003290,M
2593,B-003292,
2594,B-003293,
2595,B-003294,
2596,B-003295,
2597,B-003296,
2598,B-003297,
2599,B-003300,
2600,B-003302,
2601,B-003303,
2602,B-003304,
2603,B-003305,M
2604,B-003306,
2605,B-003307,
2606,B-003308,Other
2607,B-003309,Other
2608,B-003310,
2609,B-003311,Other
2610,B-003312,F
2611,B-003313,
2612,B-003314,Other
2613,B-003315,F
2614,B-003316,
2615,B-003319,
2616,B-003320,M
2617,B-003321,Other
2618,B-003322,M
2619,B-003323,
2620,B-003324,
2621,B-003325,Other
2622,B-003326,
2623,B-003327,F
2624,B-003328,
2625,B-003329,
2626,B-003330,
2627,B-003332,Other
2628,B-003334,F
2629,B-003335,
2630,B-003336,Other
2631,B-003337,
2632,B-003338,F
2633,B-003339,F
2634,B-003340,
2635,B-003341,
2636,B-003342,
2637,B-003343,Other
2638,B-003344,M
2639,B-003346,
2640,B-003347,
2641,B-003348,Other
2642,B-003350,M
2643,B-003351,M
2644,B-003352,F
2645,B-003353,Other
2646,B-003355,
2647,B-003356,
2648,B-003357,
2649,B-003359,Other
2650,B-003360,
2651,B-003361,M
2652,B-003362,Other
2653,B-003363,Other
2654,B-003364,
2655,B-003365,
2656,B-003366,
2657,B-003367,
2658,B-003368,M
2659,B-003369,
2660,B-003370,Other
2661,B-003371,M
2662,B-003372,F
2663,B-003375,M
2664,B-003376,
2665,B-003378,
2666,B-003379,
2667,B-003380,Other
2668,B-003381,M
2669,B-003382,
2670,B-003383,
2671,B-003384,F
2672,B-003385,F
2673,B-003386,
2674,B-003388,
2675,B-003389,M
2676,B-003390,
2677,B-003391,F
2678,B-003392,
2679,B-003393,
2680,B-003394,
2681,B-003395,
2682,B-003396,
2683,B-003397,
2684,B-003398,
2685,B-003399,F
2686,B-003400,
2687,B-003401,
2688,B-003402,
2689,B-003403,Other
2690,B-003405,
2691,B-003406,
2692,B-003407,
2693,B-003408,M
2694,B-003410,F
2695,B-003411,
2696,B-003412,F
2697,B-003413,F
2698,B-003414,
2699,B-003415,M
2700,B-003416,
2701,B-003418,
2702,B-003419,F
2703,B-003420,
2704,B-003421,Other
2705,B-003422,Other
2706,B-003423,Other
2707,B-003424,M
2708,B-003425,F
2709,B-003426,
2710,B-003428,
2711,B-003429,
2712,B-003431,Other
2713,B-003432,
2714,B-003434,F
2715,B-003436,
2716,B-003437,
2717,B-003438,Other
2718,B-003439,Other
2719,B-003440,
2720,B-003441,F
2721,B-003442,F
2722,B-003443,Other
2723,B-003446,F
2724,B-003447,
2725,B-003448,M
2726,B-003449,M
2727,B-003450,
2728,B-003451,Other
2729,B-003453,
2730,B-003454,
2731,B-003455,M
2732,B-003459,M
2733,B-003460,
2734,B-003461,
2735,B-003462,
2736,B-003463,
2737,B-003464,
2738,B-003466,F
2739,B-003467,F
2740,B-003469,F
2741,B-003470,
2742,B-003471,
2743,B-003472,
2744,B-003473,
2745,B-003476,F
2746,B-003477,Other
2747,B-003479,M
2748,B-003480,F
2749,B-003481,Other
2750,B-003483,
2751,B-003484,
2752,B-003486,
2753,B-003487,
2754,B-003488,M
2755,B-003490,
2756,B-003492,
2757,B-003493,
2758,B-003494,
2759,B-003495,
2760,B-003496,M
2761,B-003497,
2762,B-003500,
2763,B-003501,F
2764,B-003502,
2765,B-003503,M
2766,B-003504,
2767,B-003505,F
2768,B-003506,F
2769,B-003507,
2770,B-003508,
2771,B-003509,Other
2772,B-003510,M
2773,B-003512,
2774,B-003514,Other
2775,B-003516,Other
2776,B-003517,F
2777,B-003519,
2778,B-003520,
2779,B-003521,Other
2780,B-003522,F
2781,B-003523,
2782,B-003524,F
2783,B-003525,M
2784,B-003526,M
2785,B-003528,
2786,B-003529,
2787,B-003531,
2788,B-003532,Other
2789,B-003533,
2790,B-003534,
2791,B-003536,M
2792,B-003537,
2793,B-003538,
2794,B-003540,M
2795,B-003541,
2796,B-003542,F
2797,B-003543,
2798,B-003544,F
2799,B-003545,
2800,B-003546,
2801,B-003547,
2802,B-003548,Other
2803,B-003549,
2804,B-003551,
2805,B-003552,Other
2806,B-003553,
2807,B-003554,Other
2808,B-003556,
2809,B-003557,F
2810,B-003559,
2811,B-003560,
2812,B-003561,
2813,B-003563,F
2814,B-003566,
2815,B-003567,
2816,B-003568,
2817,B-003569,Other
2818,B-003571,Other
2819,B-003572,Other
2820,B-003574,
2821,B-003575,F
2822,B-003576,F
2823,B-003577,M
2824,B-003579,
2825,B-003580,Other
2826,B-003581,
2827,B-003582,M
2828,B-003584,M
2829,B-003585,
2830,B-003586,
2831,B-003587,Other
2832,B-003588,M
2833,B-003589,Other
2834,B-003590,
2835,B-003591,M
2836,B-003592,F
2837,B-003593,M
2838,B-003594,
2839,B-003595,M
2840,B-003598,Other
2841,B-003601,Other
2842,B-003602,
2843,B-003603,
2844,B-003604,
2845,B-003605,M
2846,B-003606,Other
2847,B-003607,
2848,B-003608,F
2849,B-003609,Other
2850,B-003611,
2851,B-003612,Other
2852,B-003614,
2853,B-003615,
2854,B-003616,
2855,B-003617,M
2856,B-003618,
2857,B-003620,Other
2858,B-003622,M
2859,B-003623,
2860,B-003624,
2861,B-003625,
2862,B-003627,M
2863,B-003630,
2864,B-003631,M
2865,B-003632,F
2866,B-003633,M
2867,B-003634,F
2868,B-003635,
2869,B-003636,
2870,B-003638,
2871,B-003639,Other
2872,B-003640,F
2873,B-003641,
2874,B-003642,
2875,B-003643,F
2876,B-003644,
2877,B-003645,F
2878,B-003647,M
2879,B-003648,
2880,B-003649,
2881,B-003650,
2882,B-003652,
2883,B-003653,
2884,B-003654,Other
2885,B-003656,Other
2886,B-003658,Other
2887,B-003659,
2888,B-003660,Other
2889,B-003664,
2890,B-003666,
2891,B-003667,F
2892,B-003668,F
2893,B-003670,
2894,B-003671,
2895,B-003675,
2896,B-003676,
2897,B-003677,M
2898,B-003681,
2899,B-003682,
2900,B-003683,M
2901,B-003686,
2902,B-003687,
2903,B-003688,
2904,B-003689,Other
2905,B-003690,
2906,B-003691,F
2907,B-003692,
2908,B-003693,Other
2909,B-003694,
2910,B-003695,
2911,B-003696,F
2912,B-003697,Other
2913,B-003698,
2914,B-003699,
2915,B-003700,Other
2916,B-003701,
2917,B-003703,Other
2918,B-003705,
2919,B-003706,
2920,B-003707,
2921,B-003708,
2922,B-003709,Other
2923,B-003710,
2924,B-003711,F
2925,B-003715,
2926,B-003716,M
2927,B-003718,Other
2928,B-003719,Other
2929,B-003720,
2930,B-003721,Other
2931,B-003722,
2932,B-003723,
2933,B-003725,Other
2934,B-003727,F
2935,B-003730,
2936,B-003731,F
2937,B-003732,
2938,B-003733,
2939,B-003735,Other
2940,B-003737,
2941,B-003738,
2942,B-003739,
2943,B-003740,
2944,B-003741,Other
2945,B-003743,
2946,B-003744,
2947,B-003745,
2948,B-003747,Other
2949,B-003749,Other
2950,B-003750,
2951,B-003751,
2952,B-003752,Other
2953,B-003753,F
2954,B-003754,F
2955,B-003755,M
2956,B-003756,
2957,B-003757,
2958,B-003758,Other
2959,B-003760,F
2960,B-003761,
2961,B-003762,Other
2962,B-003763,Other
2963,B-003764,
2964,B-003765,
2965,B-003766,
2966,B-003768,
2967,B-003769,F
2968,B-003770,F
2969,B-003771,F
2970,B-003772,
2971,B-003773,M
2972,B-003774,
2973,B-003775,
2974,B-003778,Other
2975,B-003780,
2976,B-003781,M
2977,B-003783,
2978,B-003784,M
2979,B-003785,
2980,B-003788,
2981,B-003789,
2982,B-003790,
2983,B-003792,
2984,B-003793,M
2985,B-003794,F
2986,B-003795,F
2987,B-003796,Other
2988,B-003797,F
2989,B-003798,F
2990,B-003799,
2991,B-003800,
2992,B-003801,M
2993,B-003804,M
2994,B-003805,
2995,B-003806,
2996,B-003808,
2997,B-003809,F
2998,B-003810,
2999,B-003811,F
3000,B-003812,F
3001,B-003813,Other
3002,B-003815,M
3003,B-003816,F
3004,B-003817,M
3005,B-003818,
3006,B-003819,Other
3007,B-003820,M
3008,B-003821,
3009,B-003822,M
3010,B-003823,
3011,B-003824,F
3012,B-003826,F
3013,B-003829,F
3014,B-003831,
3015,B-003832,F
3016,B-003833,
3017,B-003835,Other
3018,B-003836,M
3019,B-003838,F
3020,B-003839,
3021,B-003841,Other
3022,B-003842,
3023,B-003843,Other
3024,B-003844,M
3025,B-003845,M
3026,B-003846,F
3027,B-003847,Other
3028,B-003848,
3029,B-003849,
3030,B-003850,F
3031,B-003851,
3032,B-003854,
3033,B-003855,
3034,B-003856,
3035,B-003857,Other
3036,B-003859,
3037,B-003860,Other
3038,B-003861,
3039,B-003862,
3040,B-003863,M
3041,B-003864,
3042,B-003867,
3043,B-003868,
3044,B-003869,
3045,B-003870,M
3046,B-003871,
3047,B-003872,
3048,B-003873,
3049,B-003874,M
3050,B-003875,Other
3051,B-003876,
3052,B-003878,Other
3053,B-003879,M
3054,B-003882,Other
3055,B-003883,
3056,B-003885,
3057,B-003886,
3058,B-003888,
3059,B-003889,Other
3060,B-003891,Other
3061,B-003893,Other
3062,B-003894,
3063,B-003895,
3064,B-003898,F
3065,B-003899,
3066,B-003900,M
3067,B-003904,
3068,B-003906,Other
3069,B-003907,F
3070,B-003908,
3071,B-003909,
3072,B-003910,
3073,B-003911,
3074,B-003913,F
3075,B-003914,F
3076,B-003915,F
3077,B-003917,
3078,B-003918,
3079,B-003919,F
3080,B-003920,
3081,B-003922,M
3082,B-003923,
3083,B-003925,
3084,B-003927,
3085,B-003929,
3086,B-003930,
3087,B-003931,M
3088,B-003932,
3089,B-003933,
3090,B-003936,F
3091,B-003937,
3092,B-003938,
3093,B-003939,Other
3094,B-003940,M
3095,B-003941,Other
3096,B-003942,M
3097,B-003943,
3098,B-003944,
3099,B-003945,M
3100,B-003946,M
3101,B-003947,F
3102,B-003952,M
3103,B-003953,
3104,B-003954,Other
3105,B-003957,Other
3106,B-003959,M
3107,B-003962,M
3108,B-003964,F
3109,B-003965,
3110,B-003966,
3111,B-003967,M
3112,B-003968,M
3113,B-003970,
3114,B-003971,Other
3115,B-003972,F
3116,B-003973,
3117,B-003974,
3118,B-003977,
3119,B-003979,
3120,B-003980,
3121,B-003983,
3122,B-003984,
3123,B-003985,F
3124,B-003986,
3125,B-003988,
3126,B-003990,
3127,B-003992,
3128,B-003993,
3129,B-003994,
3130,B-003995,
3131,B-003996,F
3132,B-004002,
3133,B-004003,F
3134,B-004004,Other
3135,B-004005,
3136,B-004006,F
3137,B-004007,F
3138,B-004010,Other
3139,B-004011,F
3140,B-004012,Other
3141,B-004015,Other
3142,B-004016,M
3143,B-004018,
3144,B-004019,
3145,B-004021,F
3146,B-004022,
3147,B-004023,Other
3148,B-004026,
3149,B-004027,Other
3150,B-004030,F
3151,B-004032,
3152,B-004033,F
3153,B-004034,Other
3154,B-004035,
3155,B-004036,
3156,B-004037,
3157,B-004039,M
3158,B-004040,
3159,B-004041,M
3160,B-004042,
3161,B-004043,Other
3162,B-004044,
3163,B-004045,M
3164,B-004047,
3165,B-004049,
3166,B-004050,Other
3167,B-004052,
3168,B-004054,M
3169,B-004055,
3170,B-004056,M
3171,B-004058,Other
3172,B-004059,M
3173,B-004060,M
3174,B-004061,Other
3175,B-004063,
3176,B-004064,M
3177,B-004065,Other
3178,B-004066,M
3179,B-004068,
3180,B-004069,
3181,B-004071,F
3182,B-004072,Other
3183,B-004073,
3184,B-004074,F
3185,B-004075,Other
3186,B-004076,
3187,B-004077,
3188,B-004079,M
3189,B-004080,
3190,B-004082,F
3191,B-004084,M
3192,B-004086,
3193,B-004087,M
3194,B-004089,
3195,B-004090,M
3196,B-004091,
3197,B-004092,Other
3198,B-004094,Other
3199,B-004095,Other
3200,B-004098,F
3201,B-004099,F
3202,B-004100,
3203,B-004101,
3204,B-004102,
3205,B-004103,
3206,B-004105,F
3207,B-004106,
3208,B-004107,M
3209,B-004108,
3210,B-004109,
3211,B-004111,Other
3212,B-004112,M
3213,B-004114,Other
3214,B-004116,F
3215,B-004117,
3216,B-004118,
3217,B-004119,
3218,B-004121,M
3219,B-004122,
3220,B-004123,
3221,B-004125,
3222,B-004126,M
3223,B-004127,
3224,B-004128,
3225,B-004129,
3226,B-004130,M
3227,B-004131,F
3228,B-004132,Other
3229,B-004133,F
3230,B-004134,Other
3231,B-004135,
3232,B-004136,
3233,B-004137,
3234,B-004138,Other
3235,B-004139,
3236,B-004140,F
3237,B-004141,Other
3238,B-004142,Other
3239,B-004143,F
3240,B-004144,M
3241,B-004145,M
3242,B-004146,F
3243,B-004147,
3244,B-004148,
3245,B-004150,
3246,B-004151,
3247,B-004154,
3248,B-004155,F
3249,B-004156,
3250,B-004158,M
3251,B-004160,
3252,B-004161,F
3253,B-004162,
3254,B-004163,M
3255,B-004165,Other
3256,B-004167,M
3257,B-004168,F
3258,B-004169,
3259,B-004170,F
3260,B-004171,
3261,B-004172,
3262,B-004173,
3263,B-004174,F
3264,B-004175,M
3265,B-004176,M
3266,B-004177,F
3267,B-004178,
3268,B-004179,
3269,B-004180,
3270,B-004181,
3271,B-004182,Other
3272,B-004183,M
3273,B-004184,
3274,B-004185,F
3275,B-004186,
3276,B-004187,Other
3277,B-004188,Other
3278,B-004189,
3279,B-004190,
3280,B-004191,Other
3281,B-004193,M
3282,B-004194,
3283,B-004195,
3284,B-004196,M
3285,B-004197,M
3286,B-004198,
3287,B-004199,
3288,B-004200,
3289,B-004202,
3290,B-004204,M
3291,B-004206,
3292,B-004207,
3293,B-004208,
3294,B-004210,
3295,B-004211,F
3296,B-004212,F
3297,B-004213,
3298,B-004217,
3299,B-004218,Other
3300,B-004219,
3301,B-004220,M
3302,B-004221,Other
3303,B-004222,
3304,B-004223,
3305,B-004224,M
3306,B-004225,
3307,B-004226,Other
3308,B-004228,
3309,B-004229,
3310,B-004230,
3311,B-004231,Other
3312,B-004232,F
3313,B-004234,
3314,B-004236,
3315,B-004238,
3316,B-004239,F
3317,B-004240,
3318,B-004242,F
3319,B-004244,Other
3320,B-004245,Other
3321,B-004246,
3322,B-004247,
3323,B-004248,
3324,B-004249,
3325,B-004251,M
3326,B-004253,
3327,B-004255,
3328,B-004256,
3329,B-004257,
3330,B-004258,
3331,B-004259,
3332,B-004260,F
3333,B-004261,
3334,B-004263,M
3335,B-004264,Other
3336,B-004265,
3337,B-004266,
3338,B-004268,F
3339,B-004269,F
3340,B-004270,M
3341,B-004272,
3342,B-004274,M
3343,B-004275,M
3344,B-004276,
3345,B-004278,
3346,B-004280,F
3347,B-004281,F
3348,B-004282,
3349,B-004284,
3350,B-004285,
3351,B-004286,
3352,B-004287,M
3353,B-004288,
3354,B-004289,
3355,B-004293,M
3356,B-004294,
3357,B-004295,Other
3358,B-004296,
3359,B-004297,F
3360,B-004298,Other
3361,B-004299,
3362,B-004301,Other
3363,B-004302,
3364,B-004303,
3365,B-004304,
3366,B-004305,F
3367,B-004306,M
3368,B-004307,
3369,B-004309,
3370,B-004310,
3371,B-004311,
3372,B-004313,
3373,B-004314,F
3374,B-004315,
3375,B-004316,
3376,B-004318,Other
3377,B-004319,Other
3378,B-004322,
3379,B-004323,
3380,B-004324,
3381,B-004325,Other
3382,B-004326,
3383,B-004327,F
3384,B-004328,
3385,B-004330,M
3386,B-004331,
3387,B-004332,M
3388,B-004333,Other
3389,B-004334,Other
3390,B-004335,
3391,B-004336,M
3392,B-004337,
3393,B-004339,M
3394,B-004341,
3395,B-004342,
3396,B-004343,
3397,B-004344,
3398,B-004345,
3399,B-004346,
3400,B-004348,F
3401,B-004349,
3402,B-004350,
3403,B-004351,Other
3404,B-004352,
3405,B-004353,F
3406,B-004354,
3407,B-004356,
3408,B-004358,Other
3409,B-004359,
3410,B-004360,
3411,B-004361,
3412,B-004362,Other
3413,B-004363,
3414,B-004364,
3415,B-004365,
3416,B-004366,
3417,B-004367,Other
3418,B-004368,M
3419,B-004369,M
3420,B-004370,
3421,B-004371,M
3422,B-004372,M
3423,B-004373,Other
3424,B-004375,M
3425,B-004376,
3426,B-004377,
3427,B-004378,
3428,B-004380,
3429,B-004381,
3430,B-004382,
3431,B-004383,M
3432,B-004385,
3433,B-004386,
3434,B-004387,Other
3435,B-004388,M
3436,B-004389,
3437,B-004390,Other
3438,B-004391,Other
3439,B-004392,F
3440,B-004394,F
3441,B-004395,
3442,B-004396,F
3443,B-004398,
3444,B-004399,Other
3445,B-004401,Other
3446,B-004404,M
3447,B-004405,M
3448,B-004406,Other
3449,B-004407,Other
3450,B-004408,Other
3451,B-004409,
3452,B-004411,
3453,B-004412,
3454,B-004414,
3455,B-004415,
3456,B-004416,Other
3457,B-004418,
3458,B-004419,
3459,B-004421,
3460,B-004422,
3461,B-004423,
3462,B-004424,
3463,B-004425,
3464,B-004426,
3465,B-004429,Other
3466,B-004430,M
3467,B-004431,F
3468,B-004432,F
3469,B-004435,
3470,B-004438,Other
3471,B-004439,Other
3472,B-004440,
3473,B-004441,
3474,B-004442,Other
3475,B-004443,
3476,B-004444,Other
3477,B-004445,
3478,B-004446,
3479,B-004447,F
3480,B-004448,
3481,B-004449,Other
3482,B-004451,M
3483,B-004452,
3484,B-004453,
3485,B-004454,M
3486,B-004455,
3487,B-004456,
3488,B-004457,
3489,B-004459,
3490,B-004461,
3491,B-004462,F
3492,B-004463,F
3493,B-004464,Other
3494,B-004466,F
3495,B-004467,
3496,B-004468,
3497,B-004469,
3498,B-004470,F
3499,B-004472,M
3500,B-004473,Other
3501,B-004474,
3502,B-004475,M
3503,B-004476,
3504,B-004477,F
3505,B-004478,F
3506,B-004479,M
3507,B-004480,M
3508,B-004481,
3509,B-004482,F
3510,B-004483,
3511,B-004484,
3512,B-004485,M
3513,B-004486,M
3514,B-004487,
3515,B-004488,
3516,B-004489,M
3517,B-004491,M
3518,B-004492,M
3519,B-004493,
3520,B-004494,F
3521,B-004495,M
3522,B-004496,F
3523,B-004497,
3524,B-004498,F
3525,B-004499,
3526,B-004500,M
3527,B-004501,
3528,B-004502,F
3529,B-004503,Other
3530,B-004505,
3531,B-004506,M
3532,B-004508,
3533,B-004509,
3534,B-004510,F
3535,B-004511,
3536,B-004512,
3537,B-004513,F
3538,B-004514,M
3539,B-004515,
3540,B-004516,M
3541,B-004517,M
3542,B-004518,Other
3543,B-004519,M
3544,B-004520,Other
3545,B-004521,Other
3546,B-004522,
3547,B-004523,F
3548,B-004524,
3549,B-004525,
3550,B-004526,
3551,B-004527,
3552,B-004528,M
3553,B-004529,
3554,B-004530,
3555,B-004531,F
3556,B-004533,M
3557,B-004534,
3558,B-004535,F
3559,B-004536,F
3560,B-004537,F
3561,B-004541,
3562,B-004542,Other
3563,B-004543,
3564,B-004544,
3565,B-004545,M
3566,B-004547,
3567,B-004548,
3568,B-004549,
3569,B-004550,
3570,B-004551,M
3571,B-004553,
3572,B-004555,M
3573,B-004556,F
3574,B-004557,
3575,B-004558,
3576,B-004559,
3577,B-004561,
3578,B-004563,M
3579,B-004564,M
3580,B-004566,F
3581,B-004570,
3582,B-004571,
3583,B-004572,M
3584,B-004573,
3585,B-004574,
3586,B-004575,F
3587,B-004576,
3588,B-004578,F
3589,B-004579,
3590,B-004581,M
3591,B-004582,
3592,B-004584,Other
3593,B-004586,
3594,B-004587,
3595,B-004588,F
3596,B-004589,
3597,B-004591,
3598,B-004592,F
3599,B-004593,Other
3600,B-004594,
3601,B-004595,Other
3602,B-004596,
3603,B-004597,
3604,B-004598,
3605,B-004600,
3606,B-004601,
3607,B-004602,F
3608,B-004603,
3609,B-004604,F
3610,B-004606,M
3611,B-004608,
3612,B-004609,M
3613,B-004611,M
3614,B-004613,Other
3615,B-004614,
3616,B-004615,
3617,B-004616,Other
3618,B-004617,F
3619,B-004618,
3620,B-004620,F
3621,B-004621,F
3622,B-004622,F
3623,B-004623,
3624,B-004624,
3625,B-004625,M
3626,B-004626,
3627,B-004627,
3628,B-004628,
3629,B-004630,F
3630,B-004631,M
3631,B-004632,M
3632,B-004633,
3633,B-004634,Other
3634,B-004635,
3635,B-004636,Other
3636,B-004637,Other
3637,B-004638,F
3638,B-004639,F
3639,B-004640,Other
3640,B-004641,M
3641,B-004642,
3642,B-004643,
3643,B-004644,F
3644,B-004645,M
3645,B-004646,F
3646,B-004649,
3647,B-004650,F
3648,B-004652,F
3649,B-004653,M
3650,B-004654,Other
3651,B-004656,
3652,B-004657,M
3653,B-004658,F
3654,B-004659,
3655,B-004660,Other
3656,B-004661,
3657,B-004662,Other
3658,B-004663,M
3659,B-004664,M
3660,B-004665,M
3661,B-004666,
3662,B-004668,F
3663,B-004669,
3664,B-004670,
3665,B-004671,
3666,B-004672,M
3667,B-004677,
3668,B-004679,
3669,B-004680,
3670,B-004681,M
3671,B-004682,
3672,B-004683,
3673,B-004685,
3674,B-004686,
3675,B-004688,
3676,B-004689,Other
3677,B-004690,
3678,B-004691,
3679,B-004693,
3680,B-004694,
3681,B-004695,Other
3682,B-004696,Other
3683,B-004697,M
3684,B-004698,Other
3685,B-004699,F
3686,B-004700,
3687,B-004701,M
3688,B-004703,Other
3689,B-004704,
3690,B-004705,
3691,B-004706,F
3692,B-004707,M
3693,B-004708,
3694,B-004710,
3695,B-004712,Other
3696,B-004713,
3697,B-004714,
3698,B-004715,Other
3699,B-004716,
3700,B-004717,M
3701,B-004722,M
3702,B-004724,
3703,B-004725,Other
3704,B-004727,
3705,B-004728,
3706,B-004730,
3707,B-004731,
3708,B-004732,
3709,B-004733,
3710,B-004734,F
3711,B-004736,
3712,B-004737,Other
3713,B-004738,
3714,B-004739,
3715,B-004740,
3716,B-004742,
3717,B-004743,M
3718,B-004744,
3719,B-004745,
3720,B-004746,Other
3721,B-004747,F
3722,B-004748,
3723,B-004749,M
3724,B-004751,
3725,B-004752,F
3726,B-004753,
3727,B-004754,
3728,B-004755,M
3729,B-004756,M
3730,B-004757,
3731,B-004758,
3732,B-004759,F
3733,B-004760,M
3734,B-004761,M
3735,B-004763,F
3736,B-004765,Other
3737,B-004766,Other
3738,B-004767,F
3739,B-004768,F
3740,B-004769,F
3741,B-004770,Other
3742,B-004771,Other
3743,B-004772,M
3744,B-004773,Other
3745,B-004774,F
3746,B-004776,Other
3747,B-004777,
3748,B-004778,Other
3749,B-004779,M
3750,B-004780,M
3751,B-004781,
3752,B-004782,F
3753,B-004783,Other
3754,B-004784,M
3755,B-004786,
3756,B-004789,
3757,B-004790,
3758,B-004791,F
3759,B-004792,
3760,B-004793,
3761,B-004794,
3762,B-004795,M
3763,B-004797,Other
3764,B-004798,
3765,B-004799,M
3766,B-004800,
3767,B-004804,
3768,B-004805,F
3769,B-004806,Other
3770,B-004807,
3771,B-004809,
3772,B-004810,M
3773,B-004811,F
3774,B-004812,F
3775,B-004813,Other
3776,B-004814,M
3777,B-004815,
3778,B-004816,Other
3779,B-004817,
3780,B-004818,
3781,B-004820,
3782,B-004821,
3783,B-004822,
3784,B-004824,
3785,B-004825,Other
3786,B-004826,
3787,B-004827,
3788,B-004828,
3789,B-004829,
3790,B-004830,
3791,B-004832,F
3792,B-004833,F
3793,B-004834,
3794,B-004835,Other
3795,B-004836,
3796,B-004837,
3797,B-004838,
3798,B-004840,
3799,B-004841,
3800,B-004843,
3801,B-004844,
3802,B-004845,
3803,B-004846,F
3804,B-004847,F
3805,B-004849,
3806,B-004850,F
3807,B-004851,
3808,B-004852,Other
3809,B-004853,
3810,B-004854,
3811,B-004855,
3812,B-004856,
3813,B-004857,Other
3814,B-004858,Other
3815,B-004859,M
3816,B-004860,F
3817,B-004861,
3818,B-004862,
3819,B-004864,M
3820,B-004867,Other
3821,B-004868,F
3822,B-004869,M
3823,B-004870,
3824,B-004871,
3825,B-004872,Other
3826,B-004873,Other
3827,B-004875,Other
3828,B-004880,
3829,B-004881,Other
3830,B-004882,M
3831,B-004883,
3832,B-004884,
3833,B-004885,F
3834,B-004886,
3835,B-004889,
3836,B-004890,M
3837,B-004891,Other
3838,B-004892,Other
3839,B-004893,
3840,B-004894,
3841,B-004895,
3842,B-004896,F
3843,B-004897,
3844,B-004898,
3845,B-004900,
3846,B-004902,Other
3847,B-004903,
3848,B-004904,
3849,B-004905,
3850,B-004906,
3851,B-004909,
3852,B-004911,
3853,B-004912,Other
3854,B-004913,
3855,B-004914,Other
3856,B-004916,
3857,B-004918,
3858,B-004919,
3859,B-004920,Other
3860,B-004921,
3861,B-004922,
3862,B-004924,
3863,B-004925,Other
3864,B-004927,
3865,B-004928,
3866,B-004929,
3867,B-004931,
3868,B-004932,
3869,B-004933,F
3870,B-004934,
3871,B-004935,
3872,B-004938,
3873,B-004939,Other
3874,B-004940,
3875,B-004942,
3876,B-004943,Other
3877,B-004944,Other
3878,B-004946,
3879,B-004947,
3880,B-004948,F
3881,B-004949,F
3882,B-004950,Other
3883,B-004952,
3884,B-004953,
3885,B-004954,F
3886,B-004956,
3887,B-004958,M
3888,B-004959,M
3889,B-004960,Other
3890,B-004961,Other
3891,B-004962,M
3892,B-004963,
3893,B-004964,Other
3894,B-004965,
3895,B-004968,
3896,B-004970,
3897,B-004971,M
3898,B-004972,M
3899,B-004973,
3900,B-004974,
3901,B-004975,
3902,B-004976,M
3903,B-004977,Other
3904,B-004978,M
3905,B-004980,
3906,B-004981,F
3907,B-004982,
3908,B-004984,F
3909,B-004985,
3910,B-004987,Other
3911,B-004988,
3912,B-004989,
3913,B-004990,
3914,B-004991,F
3915,B-004992,M
3916,B-004993,
3917,B-004994,
3918,B-004995,
3919,B-004996,Other
3920,B-004997,
3921,B-005000,
3922,B-005002,
3923,B-005003,
3924,B-005004,
3925,B-005005,
3926,B-005006,Other
3927,B-005008,
3928,B-005009,
3929,B-005010,M
3930,B-005011,
3931,B-005012,F
3932,B-005013,
3933,B-005014,
3934,B-005015,M
3935,B-005016,
3936,B-005017,Other
3937,B-005019,
3938,B-005020,
3939,B-005021,
3940,B-005022,Other
3941,B-005023,
3942,B-005024,Other
3943,B-005025,
3944,B-005027,Other
3945,B-005028,
3946,B-005029,
3947,B-005032,Other
3948,B-005033,F
3949,B-005034,
3950,B-005035,Other
3951,B-005036,M
3952,B-005039,
3953,B-005040,Other
3954,B-005041,
3955,B-005042,
3956,B-005043,
3957,B-005044,
3958,B-005045,
3959,B-005046,
3960,B-005047,
3961,B-005048,Other
3962,B-005049,
3963,B-005050,M
3964,B-005051,
3965,B-005052,Other
3966,B-005053,
3967,B-005054,
3968,B-005055,
3969,B-005056,
3970,B-005057,Other
3971,B-005058,M
3972,B-005059,
3973,B-005061,M
3974,B-005062,Other
3975,B-005063,
3976,B-005064,
3977,B-005065,
3978,B-005066,
3979,B-005069,
3980,B-005070,
3981,B-005071,
3982,B-005072,
3983,B-005073,
3984,B-005074,
3985,B-005077,Other
3986,B-005078,
3987,B-005079,Other
3988,B-005080,
3989,B-005081,
3990,B-005084,M
3991,B-005085,
3992,B-005086,Other
3993,B-005087,
3994,B-005089,Other
3995,B-005091,
3996,B-005092,
3997,B-005093,M
3998,B-005094,F
3999,B-005095,
4000,B-005096,
4001,B-005097,
4002,B-005098,F
4003,B-005099,F
4004,B-005100,
4005,B-005101,
4006,B-005102,
4007,B-005103,
4008,B-005105,Other
4009,B-005106,F
4010,B-005107,Other
4011,B-005110,
4012,B-005112,
4013,B-005114,M
4014,B-005115,
4015,B-005116,
4016,B-005117,F
4017,B-005118,
4018,B-005119,Other
4019,B-005120,Other
4020,B-005123,
4021,B-005124,F
4022,B-005126,F
4023,B-005127,Other
4024,B-005128,M
4025,B-005130,Other
4026,B-005131,
4027,B-005132,
4028,B-005133,
4029,B-005135,
4030,B-005136,Other
4031,B-005137,Other
4032,B-005138,F
4033,B-005139,
4034,B-005142,F
4035,B-005143,
4036,B-005144,
4037,B-005146,
4038,B-005147,F
4039,B-005148,
4040,B-005149,
4041,B-005151,
4042,B-005152,
4043,B-005153,M
4044,B-005154,M
4045,B-005155,
4046,B-005156,F
4047,B-005157,
4048,B-005158,
4049,B-005159,
4050,B-005160,
4051,B-005162,
4052,B-005163,
4053,B-005164,
4054,B-005165,
4055,B-005166,F
4056,B-005167,M
4057,B-005168,
4058,B-005169,
4059,B-005170,M
4060,B-005171,M
4061,B-005172,Other
4062,B-005173,
4063,B-005174,
4064,B-005176,
4065,B-005177,
4066,B-005178,
4067,B-005179,Other
4068,B-005180,M
4069,B-005182,
4070,B-005183,M
4071,B-005184,
4072,B-005185,
4073,B-005186,
4074,B-005188,F
4075,B-005190,
4076,B-005191,Other
4077,B-005192,
4078,B-005194,M
4079,B-005195,
4080,B-005197,Other
4081,B-005200,M
4082,B-005201,M
4083,B-005202,
4084,B-005203,F
4085,B-005204,Other
4086,B-005206,F
4087,B-005207,
4088,B-005208,
4089,B-005210,
4090,B-005211,Other
4091,B-005213,
4092,B-005214,F
4093,B-005216,F
4094,B-005217,Other
4095,B-005218,M
4096,B-005219,
4097,B-005221,
4098,B-005222,M
4099,B-005223,
4100,B-005225,
4101,B-005226,
4102,B-005227,
4103,B-005228,Other
4104,B-005229,M
4105,B-005230,M
4106,B-005231,F
4107,B-005232,
4108,B-005233,M
4109,B-005234,Other
4110,B-005236,
4111,B-005238,Other
4112,B-005239,F
4113,B-005241,F
4114,B-005242,Other
4115,B-005243,F
4116,B-005244,
4117,B-005245,
4118,B-005246,
4119,B-005248,
4120,B-005249,Other
4121,B-005250,M
4122,B-005251,
4123,B-005252,M
4124,B-005254,M
4125,B-005255,
4126,B-005256,
4127,B-005257,F
4128,B-005258,
4129,B-005259,Other
4130,B-005260,
4131,B-005261,
4132,B-005262,
4133,B-005264,
4134,B-005268,
4135,B-005269,F
4136,B-005270,M
4137,B-005271,
4138,B-005272,
4139,B-005273,
4140,B-005274,M
4141,B-005275,Other
4142,B-005276,F
4143,B-005277,
4144,B-005278,
4145,B-005279,
4146,B-005280,Other
4147,B-005282,F
4148,B-005284,
4149,B-005286,M
4150,B-005290,Other
4151,B-005292,
4152,B-005293,Other
4153,B-005294,
4154,B-005295,F
4155,B-005296,F
4156,B-005298,M
4157,B-005299,
4158,B-005300,Other
4159,B-005302,Other
4160,B-005303,
4161,B-005304,
4162,B-005306,
4163,B-005308,M
4164,B-005309,
4165,B-005310,Other
4166,B-005311,
4167,B-005313,F
4168,B-005315,Other
4169,B-005316,F
4170,B-005317,
4171,B-005318,
4172,B-005320,
4173,B-005321,Other
4174,B-005323,
4175,B-005324,
4176,B-005325,
4177,B-005327,
4178,B-005329,
4179,B-005330,M
4180,B-005331,
4181,B-005332,M
4182,B-005335,
4183,B-005336,
4184,B-005337,Other
4185,B-005338,
4186,B-005339,Other
4187,B-005340,
4188,B-005341,
4189,B-005342,F
4190,B-005344,
4191,B-005345,Other
4192,B-005347,Other
4193,B-005350,M
4194,B-005353,
4195,B-005355,
4196,B-005356,F
4197,B-005357,
4198,B-005359,
4199,B-005361,M
4200,B-005362,F
4201,B-005363,
4202,B-005364,
4203,B-005365,
4204,B-005367,M
4205,B-005368,M
4206,B-005369,
4207,B-005372,M
4208,B-005373,M
4209,B-005377,
4210,B-005378,M
4211,B-005379,Other
4212,B-005380,
4213,B-005384,
4214,B-005385,
4215,B-005386,
4216,B-005387,
4217,B-005388,F
4218,B-005389,F
4219,B-005390,
4220,B-005392,Other
4221,B-005394,
4222,B-005395,F
4223,B-005396,M
4224,B-005397,
4225,B-005398,Other
4226,B-005399,F
4227,B-005401,
4228,B-005402,
4229,B-005404,
4230,B-005405,
4231,B-005406,
4232,B-005407,
4233,B-005408,
4234,B-005409,Other
4235,B-005410,F
4236,B-005411,
4237,B-005412,
4238,B-005413,
4239,B-005414,
4240,B-005415,Other
4241,B-005416,M
4242,B-005417,
4243,B-005420,F
4244,B-005421,
4245,B-005422,M
4246,B-005423,M
4247,B-005424,Other
4248,B-005425,Other
4249,B-005426,
4250,B-005427,Other
4251,B-005428,
4252,B-005429,Other
4253,B-005430,
4254,B-005431,Other
4255,B-005432,
4256,B-005433,
4257,B-005435,
4258,B-005436,
4259,B-005437,
4260,B-005438,
4261,B-005439,M
4262,B-005440,M
4263,B-005441,F
4264,B-005442,M
4265,B-005444,Other
4266,B-005445,
4267,B-005446,M
4268,B-005448,
4269,B-005450,Other
4270,B-005451,
4271,B-005452,
4272,B-005453,Other
4273,B-005454,
4274,B-005455,M
4275,B-005458,M
4276,B-005459,M
4277,B-005460,
4278,B-005461,
4279,B-005462,
4280,B-005464,
4281,B-005465,F
4282,B-005466,
4283,B-005468,
4284,B-005469,F
4285,B-005470,
4286,B-005471,
4287,B-005472,
4288,B-005473,
4289,B-005475,F
4290,B-005476,
4291,B-005477,F
4292,B-005478,
4293,B-005479,Other
4294,B-005480,
4295,B-005481,
4296,B-005482,Other
4297,B-005484,
4298,B-005486,
4299,B-005488,
4300,B-005489,Other
4301,B-005490,F
4302,B-005491,M
4303,B-005492,
4304,B-005493,M
4305,B-005494,F
4306,B-005495,Other
4307,B-005496,Other
4308,B-005497,M
4309,B-005498,
4310,B-005499,
4311,B-005500,Other
4312,B-005501,
4313,B-005502,
4314,B-005503,Other
4315,B-005504,
4316,B-005505,F
4317,B-005507,
4318,B-005508,M
4319,B-005509,
4320,B-005510,Other
4321,B-005511,M
4322,B-005512,
4323,B-005513,
4324,B-005514,Other
4325,B-005516,F
4326,B-005518,
4327,B-005519,F
4328,B-005520,
4329,B-005521,F
4330,B-005523,
4331,B-005524,F
4332,B-005525,Other
4333,B-005526,
4334,B-005528,
4335,B-005529,F
4336,B-005530,Other
4337,B-005531,
4338,B-005532,M
4339,B-005534,
4340,B-005535,
4341,B-005536,
4342,B-005537,Other
4343,B-005538,
4344,B-005540,M
4345,B-005541,F
4346,B-005542,
4347,B-005543,
4348,B-005544,
4349,B-005545,F
4350,B-005546,M
4351,B-005547,F
4352,B-005548,M
4353,B-005549,
4354,B-005550,F
4355,B-005551,M
4356,B-005552,F
4357,B-005555,F
4358,B-005556,Other
4359,B-005557,
4360,B-005559,
4361,B-005560,
4362,B-005561,
4363,B-005562,
4364,B-005563,Other
4365,B-005565,
4366,B-005566,
4367,B-005571,
4368,B-005572,F
4369,B-005573,F
4370,B-005574,
4371,B-005575,
4372,B-005576,M
4373,B-005577,
4374,B-005579,F
4375,B-005580,
4376,B-005581,
4377,B-005583,
4378,B-005584,
4379,B-005585,F
4380,B-005586,
4381,B-005588,M
4382,B-005589,F
4383,B-005590,F
4384,B-005592,Other
4385,B-005593,
4386,B-005595,M
4387,B-005598,
4388,B-005599,
4389,B-005600,
4390,B-005601,
4391,B-005602,
4392,B-005604,
4393,B-005605,M
4394,B-005607,Other
4395,B-005608,
4396,B-005610,
4397,B-005611,
4398,B-005612,
4399,B-005613,M
4400,B-005614,Other
4401,B-005615,
4402,B-005616,M
4403,B-005617,F
4404,B-005618,M
4405,B-005621,M
4406,B-005622,
4407,B-005623,
4408,B-005624,
4409,B-005625,
4410,B-005626,F
4411,B-005627,M
4412,B-005629,
4413,B-005630,
4414,B-005632,
4415,B-005634,M
4416,B-005635,F
4417,B-005636,Other
4418,B-005637,
4419,B-005638,M
4420,B-005639,Other
4421,B-005641,M
4422,B-005642,
4423,B-005643,
4424,B-005644,F
4425,B-005645,Other
4426,B-005646,
4427,B-005648,M
4428,B-005650,F
4429,B-005651,Other
4430,B-005652,
4431,B-005653,
4432,B-005654,Other
4433,B-005655,F
4434,B-005656,
4435,B-005657,Other
4436,B-005658,
4437,B-005659,F
4438,B-005661,
4439,B-005662,Other
4440,B-005663,
4441,B-005664,
4442,B-005665,
4443,B-005666,M
4444,B-005668,F
4445,B-005669,F
4446,B-005670,M
4447,B-005672,
4448,B-005673,
4449,B-005675,F
4450,B-005676,F
4451,B-005677,
4452,B-005679,M
4453,B-005680,F
4454,B-005681,F
4455,B-005682,
4456,B-005683,F
4457,B-005685,
4458,B-005686,
4459,B-005687,Other
4460,B-005688,
4461,B-005689,M
4462,B-005690,Other
4463,B-005691,
4464,B-005692,
4465,B-005693,
4466,B-005694,
4467,B-005696,
4468,B-005697,
4469,B-005698,
4470,B-005699,
4471,B-005700,
4472,B-005701,
4473,B-005703,F
4474,B-005704,F
4475,B-005705,
4476,B-005706,
4477,B-005707,
4478,B-005709,
4479,B-005710,
4480,B-005712,Other
4481,B-005714,
4482,B-005716,
4483,B-005717,
4484,B-005718,
4485,B-005719,
4486,B-005720,Other
4487,B-005722,Other
4488,B-005725,F
4489,B-005727,F
4490,B-005728,
4491,B-005729,
4492,B-005730,F
4493,B-005732,Other
4494,B-005733,Other
4495,B-005737,F
4496,B-005738,F
4497,B-005739,
4498,B-005740,
4499,B-005741,
4500,B-005742,
4501,B-005743,F
4502,B-005744,Other
4503,B-005745,
4504,B-005746,
4505,B-005747,M
4506,B-005748,
4507,B-005749,
4508,B-005751,
4509,B-005753,
4510,B-005754,F
4511,B-005755,F
4512,B-005756,F
4513,B-005758,M
4514,B-005759,
4515,B-005760,
4516,B-005761,F
4517,B-005762,
4518,B-005763,
4519,B-005764,Other
4520,B-005765,Other
4521,B-005766,
4522,B-005767,M
4523,B-005769,
4524,B-005770,
4525,B-005771,
4526,B-005772,
4527,B-005773,
4528,B-005774,M
4529,B-005777,
4530,B-005778,F
4531,B-005779,
4532,B-005780,
4533,B-005782,Other
4534,B-005783,Other
4535,B-005786,
4536,B-005789,M
4537,B-005791,
4538,B-005792,
4539,B-005793,
4540,B-005794,Other
4541,B-005795,F
4542,B-005796,F
4543,B-005797,
4544,B-005798,
4545,B-005802,M
4546,B-005805,
4547,B-005806,M
4548,B-005807,M
4549,B-005808,
4550,B-005811,M
4551,B-005812,Other
4552,B-005813,
4553,B-005814,
4554,B-005815,
4555,B-005816,F
4556,B-005817,M
4557,B-005819,Other
4558,B-005820,
4559,B-005821,
4560,B-005822,Other
4561,B-005823,Other
4562,B-005824,
4563,B-005825,Other
4564,B-005827,
4565,B-005828,
4566,B-005829,F
4567,B-005830,F
4568,B-005832,
4569,B-005834,F
4570,B-005835,Other
4571,B-005837,M
4572,B-005840,
4573,B-005841,F
4574,B-005842,M
4575,B-005846,Other
4576,B-005847,
4577,B-005849,F
4578,B-005852,
4579,B-005853,Other
4580,B-005854,M
4581,B-005855,
4582,B-005856,M
4583,B-005857,F
4584,B-005858,
4585,B-005859,
4586,B-005860,
4587,B-005861,
4588,B-005862,Other
4589,B-005863,F
4590,B-005865,
4591,B-005866,
4592,B-005867,
4593,B-005868,
4594,B-005869,M
4595,B-005870,M
4596,B-005872,M
4597,B-005873,
4598,B-005874,M
4599,B-005875,
4600,B-005876,
4601,B-005877,
4602,B-005878,M
4603,B-005879,
4604,B-005880,
4605,B-005881,F
4606,B-005882,M
4607,B-005883,Other
4608,B-005885,
4609,B-005886,
4610,B-005887,
4611,B-005888,Other
4612,B-005890,
4613,B-005891,
4614,B-005892,
4615,B-005893,F
4616,B-005894,Other
4617,B-005896,F
4618,B-005897,
4619,B-005898,F
4620,B-005899,
4621,B-005900,
4622,B-005901,
4623,B-005902,
4624,B-005903,
4625,B-005904,
4626,B-005905,F
4627,B-005906,F
4628,B-005907,
4629,B-005908,Other
4630,B-005910,Other
4631,B-005912,F
4632,B-005913,
4633,B-005914,
4634,B-005915,
4635,B-005917,
4636,B-005919,
4637,B-005920,
4638,B-005922,
4639,B-005923,
4640,B-005924,
4641,B-005925,
4642,B-005926,Other
4643,B-005927,
4644,B-005929,Other
4645,B-005930,
4646,B-005931,Other
4647,B-005932,F
4648,B-005933,M
4649,B-005935,M
4650,B-005936,
4651,B-005938,M
4652,B-005939,M
4653,B-005940,F
4654,B-005942,
4655,B-005943,Other
4656,B-005944,M
4657,B-005945,
4658,B-005947,
4659,B-005948,
4660,B-005949,F
4661,B-005950,Other
4662,B-005951,
4663,B-005952,F
4664,B-005953,Other
4665,B-005954,
4666,B-005955,Other
4667,B-005956,
4668,B-005957,F
4669,B-005958,
4670,B-005959,
4671,B-005960,
4672,B-005962,M
4673,B-005963,
4674,B-005964,Other
4675,B-005966,
4676,B-005967,
4677,B-005968,Other
4678,B-005971,F
4679,B-005972,F
4680,B-005973,
4681,B-005976,
4682,B-005977,
4683,B-005979,
4684,B-005982,
4685,B-005983,Other
4686,B-005984,Other
4687,B-005985,M
4688,B-005986,Other
4689,B-005987,
4690,B-005988,
4691,B-005989,M
4692,B-005990,
4693,B-005991,
4694,B-005993,M
4695,B-005994,Other
4696,B-005995,M
4697,B-005996,
4698,B-005997,
4699,B-005998,
4700,B-005999,
4701,B-006000,Other
4702,B-006001,M
4703,B-006002,
4704,B-006003,
4705,B-006004,Other
4706,B-006006,
4707,B-006007,Other
4708,B-006008,M
4709,B-006009,
4710,B-006010,Other
4711,B-006011,
4712,B-006012,M
4713,B-006013,
4714,B-006014,Other
4715,B-006015,
4716,B-006016,M
4717,B-006017,Other
4718,B-006019,F
4719,B-006021,F
4720,B-006022,
4721,B-006023,M
4722,B-006024,Other
4723,B-006025,F
4724,B-006026,Other
4725,B-006027,
4726,B-006028,
4727,B-006031,
4728,B-006032,
4729,B-006033,F
4730,B-006034,
4731,B-006035,
4732,B-006036,Other
4733,B-006037,
4734,B-006038,
4735,B-006039,Other
4736,B-006040,
4737,B-006042,
4738,B-006044,
4739,B-006045,
4740,B-006046,Other
4741,B-006047,F
4742,B-006049,F
4743,B-006050,
4744,B-006051,
4745,B-006052,
4746,B-006053,
4747,B-006054,Other
4748,B-006055,
4749,B-006058,Other
4750,B-006059,F
4751,B-006061,
4752,B-006062,
4753,B-006063,
4754,B-006064,Other
4755,B-006066,
4756,B-006067,F
4757,B-006069,M
4758,B-006071,F
4759,B-006072,Other
4760,B-006073,Other
4761,B-006074,
4762,B-006075,
4763,B-006076,
4764,B-006077,Other
4765,B-006078,
4766,B-006082,
4767,B-006083,F
4768,B-006084,
4769,B-006085,
4770,B-006086,
4771,B-006087,
4772,B-006088,F
4773,B-006089,
4774,B-006090,F
4775,B-006091,
4776,B-006092,M
4777,B-006093,
4778,B-006095,
4779,B-006096,
4780,B-006097,
4781,B-006098,Other
4782,B-006100,
4783,B-006101,
4784,B-006102,
4785,B-006103,
4786,B-006105,
4787,B-006106,
4788,B-006107,
4789,B-006108,F
4790,B-006109,
4791,B-006110,F
4792,B-006112,
4793,B-006113,F
4794,B-006114,
4795,B-006115,
4796,B-006116,F
4797,B-006118,F
4798,B-006119,
4799,B-006120,
4800,B-006121,Other
4801,B-006122,
4802,B-006123,
4803,B-006124,
4804,B-006125,
4805,B-006126,
4806,B-006127,M
4807,B-006129,Other
4808,B-006130,M
4809,B-006131,
4810,B-006132,M
4811,B-006133,
4812,B-006136,M
4813,B-006138,M
4814,B-006139,M
4815,B-006141,
4816,B-006142,F
4817,B-006144,
4818,B-006145,F
4819,B-006146,F
4820,B-006147,
4821,B-006148,
4822,B-006150,M
4823,B-006151,
4824,B-006152,M
4825,B-006153,F
4826,B-006155,Other
4827,B-006156,
4828,B-006158,Other
4829,B-006159,
4830,B-006160,
4831,B-006162,F
4832,B-006163,Other
4833,B-006164,M
4834,B-006166,F
4835,B-006169,M
4836,B-006170,F
4837,B-006171,F
4838,B-006172,
4839,B-006173,
4840,B-006174,M
4841,B-006175,F
4842,B-006176,F
4843,B-006177,
4844,B-006179,
4845,B-006181,M
4846,B-006182,
4847,B-006184,M
4848,B-006185,Other
4849,B-006186,M
4850,B-006189,Other
4851,B-006190,
4852,B-006191,Other
4853,B-006192,
4854,B-006193,M
4855,B-006194,F
4856,B-006196,
4857,B-006197,M
4858,B-006200,
4859,B-006201,F
4860,B-006202,
4861,B-006204,
4862,B-006205,
4863,B-006206,M
4864,B-006207,F
4865,B-006209,
4866,B-006210,
4867,B-006211,F
4868,B-006212,
4869,B-006213,
4870,B-006214,
4871,B-006215,Other
4872,B-006216,
4873,B-006217,
4874,B-006219,M
4875,B-006220,
4876,B-006221,Other
4877,B-006222,
4878,B-006223,
4879,B-006224,Other
4880,B-006226,
4881,B-006227,
4882,B-006228,F
4883,B-006229,
4884,B-006230,F
4885,B-006231,
4886,B-006232,M
4887,B-006233,M
4888,B-006234,F
4889,B-006235,Other
4890,B-006236,
4891,B-006237,F
4892,B-006238,M
4893,B-006239,M
4894,B-006240,
4895,B-006241,
4896,B-006242,F
4897,B-006243,
4898,B-006244,
4899,B-006245,
4900,B-006246,
4901,B-006247,
4902,B-006249,M
4903,B-006250,Other
4904,B-006251,M
4905,B-006252,
4906,B-006254,F
4907,B-006256,
4908,B-006257,Other
4909,B-006258,
4910,B-006259,Other
4911,B-006260,
4912,B-006261,M
4913,B-006262,
4914,B-006263,M
4915,B-006264,
4916,B-006265,
4917,B-006266,
4918,B-006267,
4919,B-006268,
4920,B-006269,Other
4921,B-006270,
4922,B-006272,
4923,B-006273,
4924,B-006274,Other
4925,B-006275,
4926,B-006277,
4927,B-006278,
4928,B-006279,
4929,B-006280,
4930,B-006281,
4931,B-006282,
4932,B-006283,
4933,B-006285,
4934,B-006287,M
4935,B-006288,F
4936,B-006289,M
4937,B-006290,F
4938,B-006292,
4939,B-006293,
4940,B-006295,Other
4941,B-006296,M
4942,B-006297,F
4943,B-006299,
4944,B-006300,F
4945,B-006301,M
4946,B-006302,M
4947,B-006303,
4948,B-006304,Other
4949,B-006305,
4950,B-006306,F
4951,B-006307,
4952,B-006308,M
4953,B-006309,M
4954,B-006310,Other
4955,B-006311,F
4956,B-006313,
4957,B-006314,
4958,B-006316,
4959,B-006317,
4960,B-006319,
4961,B-006320,F
4962,B-006321,
4963,B-006322,Other
4964,B-006323,
4965,B-006324,F
4966,B-006325,
4967,B-006326,Other
4968,B-006328,F
4969,B-006329,F
4970,B-006330,F
4971,B-006331,M
4972,B-006333,Other
4973,B-006334,M
4974,B-006335,F
4975,B-006336,F
4976,B-006337,M
4977,B-006338,
4978,B-006339,
4979,B-006342,Other
4980,B-006343,F
4981,B-006344,
4982,B-006345,
4983,B-006346,F
4984,B-006347,M
4985,B-006348,
4986,B-006349,
4987,B-006350,Other
4988,B-006351,
4989,B-006352,F
4990,B-006354,
4991,B-006355,
4992,B-006356,
4993,B-006357,
4994,B-006358,Other
4995,B-006359,
4996,B-006360,Other
4997,B-006361,F
4998,B-006362,Other
4999,B-006363,
5000,B-006364,
5001,B-006367,M
5002,B-006368,
5003,B-006369,M
5004,B-006370,M
5005,B-006371,Other
5006,B-006372,
5007,B-006373,
5008,B-006374,M
5009,B-006375,F
5010,B-006376,
5011,B-006378,Other
5012,B-006379,M
5013,B-006380,M
5014,B-006382,
5015,B-006383,
5016,B-006386,F
5017,B-006387,F
5018,B-006388,Other
5019,B-006389,
5020,B-006390,Other
5021,B-006391,
5022,B-006392,
5023,B-006393,
5024,B-006394,F
5025,B-006396,M
5026,B-006398,
5027,B-006399,Other
5028,B-006400,
5029,B-006403,F
5030,B-006404,Other
5031,B-006406,F
5032,B-006407,
5033,B-006408,F
5034,B-006409,
5035,B-006411,
5036,B-006412,
5037,B-006414,Other
5038,B-006415,
5039,B-006416,M
5040,B-006419,
5041,B-006420,F
5042,B-006421,
5043,B-006422,
5044,B-006423,Other
5045,B-006424,
5046,B-006425,F
5047,B-006426,Other
5048,B-006427,
5049,B-006428,
5050,B-006429,
5051,B-006430,M
5052,B-006431,
5053,B-006432,M
5054,B-006433,
5055,B-006434,
5056,B-006436,Other
5057,B-006437,
5058,B-006438,M
5059,B-006441,Other
5060,B-006442,
5061,B-006445,M
5062,B-006446,
5063,B-006448,F
5064,B-006449,Other
5065,B-006451,
5066,B-006452,
5067,B-006454,F
5068,B-006457,
5069,B-006458,M
5070,B-006459,F
5071,B-006460,Other
5072,B-006461,
5073,B-006462,M
5074,B-006463,M
5075,B-006464,F
5076,B-006465,
5077,B-006466,Other
5078,B-006467,Other
5079,B-006468,
5080,B-006469,
5081,B-006471,
5082,B-006473,
5083,B-006474,
5084,B-006475,
5085,B-006476,Other
5086,B-006477,F
5087,B-006478,M
5088,B-006479,Other
5089,B-006480,Other
5090,B-006481,
5091,B-006482,F
5092,B-006483,
5093,B-006485,
5094,B-006487,Other
5095,B-006488,Other
5096,B-006489,
5097,B-006490,M
5098,B-006491,
5099,B-006493,
5100,B-006495,
5101,B-006496,Other
5102,B-006497,F
5103,B-006499,
5104,B-006500,M
5105,B-006501,
5106,B-006502,
5107,B-006505,
5108,B-006506,
5109,B-006508,
5110,B-006509,
5111,B-006510,Other
5112,B-006511,
5113,B-006512,
5114,B-006513,
5115,B-006514,
5116,B-006515,Other
5117,B-006516,
5118,B-006517,M
5119,B-006518,
5120,B-006519,
5121,B-006521,
5122,B-006522,
5123,B-006523,
5124,B-006524,
5125,B-006525,F
5126,B-006526,Other
5127,B-006527,Other
5128,B-006528,
5129,B-006529,M
5130,B-006530,Other
5131,B-006531,
5132,B-006533,
5133,B-006534,
5134,B-006536,
5135,B-006537,Other
5136,B-006538,M
5137,B-006540,
5138,B-006541,
5139,B-006542,F
5140,B-006543,M
5141,B-006544,
5142,B-006545,
5143,B-006548,
5144,B-006549,
5145,B-006551,Other
5146,B-006556,
5147,B-006557,M
5148,B-006558,
5149,B-006560,
5150,B-006561,
5151,B-006563,F
5152,B-006564,
5153,B-006565,
5154,B-006567,
5155,B-006568,M
5156,B-006570,
5157,B-006571,Other
5158,B-006572,
5159,B-006573,F
5160,B-006574,
5161,B-006575,Other
5162,B-006576,
5163,B-006577,F
5164,B-006578,
5165,B-006580,
5166,B-006581,F
5167,B-006582,F
5168,B-006584,Other
5169,B-006586,Other
5170,B-006587,
5171,B-006590,
5172,B-006591,F
5173,B-006592,M
5174,B-006594,M
5175,B-006595,F
5176,B-006596,
5177,B-006598,F
5178,B-006599,F
5179,B-006601,
5180,B-006602,F
5181,B-006605,Other
5182,B-006606,M
5183,B-006608,
5184,B-006609,
5185,B-006610,
5186,B-006612,F
5187,B-006614,
5188,B-006615,
5189,B-006616,Other
5190,B-006617,
5191,B-006618,
5192,B-006619,
5193,B-006621,Other
5194,B-006622,F
5195,B-006623,Other
5196,B-006624,M
5197,B-006625,
5198,B-006626,Other
5199,B-006627,
5200,B-006628,M
5201,B-006629,M
5202,B-006630,
5203,B-006631,
5204,B-006632,
5205,B-006633,F
5206,B-006634,F
5207,B-006635,F
5208,B-006636,F
5209,B-006638,Other
5210,B-006640,F
5211,B-006641,M
5212,B-006642,
5213,B-006643,Other
5214,B-006644,
5215,B-006645,Other
5216,B-006646,Other
5217,B-006647,
5218,B-006649,F
5219,B-006650,
5220,B-006651,
5221,B-006652,
5222,B-006653,M
5223,B-006654,F
5224,B-006655,
5225,B-006656,
5226,B-006657,Other
5227,B-006658,
5228,B-006659,Other
5229,B-006660,
5230,B-006663,
5231,B-006664,
5232,B-006666,Other
5233,B-006667,M
5234,B-006669,M
5235,B-006670,
5236,B-006671,M
5237,B-006672,
5238,B-006673,F
5239,B-006674,
5240,B-006675,Other
5241,B-006676,F
5242,B-006677,
5243,B-006678,Other
5244,B-006679,
5245,B-006680,Other
5246,B-006681,M
5247,B-006682,F
5248,B-006683,Other
5249,B-006685,
5250,B-006686,
5251,B-006687,
5252,B-006689,
5253,B-006690,F
5254,B-006692,M
5255,B-006693,
5256,B-006694,F
5257,B-006695,
5258,B-006696,Other
5259,B-006697,M
5260,B-006698,Other
5261,B-006699,
5262,B-006700,
5263,B-006702,
5264,B-006703,Other
5265,B-006704,M
5266,B-006705,
5267,B-006706,Other
5268,B-006707,Other
5269,B-006708,
5270,B-006709,M
5271,B-006710,
5272,B-006711,
5273,B-006712,Other
5274,B-006713,
5275,B-006714,M
5276,B-006715,Other
5277,B-006719,F
5278,B-006720,F
5279,B-006721,F
5280,B-006722,
5281,B-006723,M
5282,B-006724,
5283,B-006725,
5284,B-006726,F
5285,B-006727,M
5286,B-006728,Other
5287,B-006729,F
5288,B-006731,F
5289,B-006732,
5290,B-006733,
5291,B-006734,M
5292,B-006735,
5293,B-006736,M
5294,B-006737,Other
5295,B-006738,F
5296,B-006739,
5297,B-006743,
5298,B-006744,
5299,B-006745,Other
5300,B-006746,F
5301,B-006747,
5302,B-006748,
5303,B-006749,M
5304,B-006750,Other
5305,B-006751,F
5306,B-006752,
5307,B-006753,
5308,B-006754,F
5309,B-006755,
5310,B-006756,
5311,B-006757,Other
5312,B-006758,M
5313,B-006759,
5314,B-006760,
5315,B-006761,Other
5316,B-006762,Other
5317,B-006763,F
5318,B-006765,F
5319,B-006766,
5320,B-006768,
5321,B-006769,
5322,B-006770,F
5323,B-006771,F
5324,B-006772,M
5325,B-006773,M
5326,B-006774,
5327,B-006775,M
5328,B-006776,
5329,B-006777,F
5330,B-006778,F
5331,B-006779,
5332,B-006780,
5333,B-006781,
5334,B-006782,
5335,B-006783,
5336,B-006784,
5337,B-006785,M
5338,B-006786,M
5339,B-006787,M
5340,B-006788,M
5341,B-006789,
5342,B-006791,
5343,B-006792,F
5344,B-006793,Other
5345,B-006794,
5346,B-006795,
5347,B-006796,F
5348,B-006798,
5349,B-006799,
5350,B-006800,
5351,B-006802,Other
5352,B-006803,F
5353,B-006804,Other
5354,B-006805,Other
5355,B-006806,
5356,B-006807,
5357,B-006808,M
5358,B-006809,F
5359,B-006810,M
5360,B-006811,
5361,B-006813,F
5362,B-006814,
5363,B-006815,
5364,B-006817,F
5365,B-006818,
5366,B-006819,M
5367,B-006820,
5368,B-006821,
5369,B-006823,
5370,B-006824,
5371,B-006825,M
5372,B-006826,
5373,B-006827,
5374,B-006829,M
5375,B-006830,
5376,B-006832,
5377,B-006834,Other
5378,B-006836,
5379,B-006837,
5380,B-006838,Other
5381,B-006839,
5382,B-006840,M
5383,B-006841,F
5384,B-006844,
5385,B-006845,
5386,B-006846,
5387,B-006847,Other
5388,B-006848,
5389,B-006849,M
5390,B-006850,
5391,B-006851,
5392,B-006852,
5393,B-006853,M
5394,B-006855,
5395,B-006856,Other
5396,B-006857,
5397,B-006858,F
5398,B-006860,
5399,B-006861,M
5400,B-006862,
5401,B-006863,
5402,B-006864,M
5403,B-006866,
5404,B-006867,
5405,B-006868,
5406,B-006869,M
5407,B-006870,M
5408,B-006871,Other
5409,B-006872,M
5410,B-006874,F
5411,B-006875,F
5412,B-006876,
5413,B-006877,
5414,B-006878,Other
5415,B-006879,Other
5416,B-006881,Other
5417,B-006882,
5418,B-006883,
5419,B-006884,
5420,B-006886,
5421,B-006887,
5422,B-006888,
5423,B-006890,M
5424,B-006891,M
5425,B-006892,
5426,B-006893,
5427,B-006896,
5428,B-006898,
5429,B-006899,
5430,B-006900,Other
5431,B-006902,
5432,B-006903,M
5433,B-006904,
5434,B-006905,Other
5435,B-006906,
5436,B-006907,Other
5437,B-006908,
5438,B-006909,
5439,B-006910,M
5440,B-006911,
5441,B-006912,F
5442,B-006914,Other
5443,B-006915,
5444,B-006916,
5445,B-006917,Other
5446,B-006918,F
5447,B-006920,
5448,B-006921,
5449,B-006922,
5450,B-006923,
5451,B-006924,Other
5452,B-006925,
5453,B-006926,
5454,B-006927,
5455,B-006928,
5456,B-006930,F
5457,B-006932,
5458,B-006934,
5459,B-006935,F
5460,B-006936,
5461,B-006937,
5462,B-006938,F
5463,B-006940,
5464,B-006941,M
5465,B-006942,
5466,B-006943,
5467,B-006944,
5468,B-006945,
5469,B-006946,F
5470,B-006948,Other
5471,B-006949,Other
5472,B-006950,F
5473,B-006951,
5474,B-006954,F
5475,B-006955,
5476,B-006956,F
5477,B-006957,
5478,B-006958,F
5479,B-006959,
5480,B-006960,
5481,B-006961,
5482,B-006962,F
5483,B-006963,
5484,B-006965,M
5485,B-006966,M
5486,B-006967,
5487,B-006968,Other
5488,B-006969,Other
5489,B-006970,
5490,B-006971,
5491,B-006972,
5492,B-006973,
5493,B-006974,F
5494,B-006975,F
5495,B-006976,Other
5496,B-006977,Other
5497,B-006978,
5498,B-006979,Other
5499,B-006980,
5500,B-006981,
5501,B-006982,F
5502,B-006984,M
5503,B-006985,
5504,B-006986,F
5505,B-006987,F
5506,B-006988,
5507,B-006989,F
5508,B-006990,
5509,B-006991,
5510,B-006992,F
5511,B-006993,F
5512,B-006994,
5513,B-006995,Other
5514,B-006996,
5515,B-006997,M
5516,B-006998,M
5517,B-006999,
5518,B-007000,M
5519,B-007002,
5520,B-007003,
5521,B-007005,
5522,B-007006,
5523,B-007009,M
5524,B-007010,F
5525,B-007011,Other
5526,B-007012,
5527,B-007015,Other
5528,B-007017,Other
5529,B-007018,
5530,B-007019,F
5531,B-007020,
5532,B-007021,F
5533,B-007023,
5534,B-007024,F
5535,B-007026,Other
5536,B-007027,
5537,B-007028,M
5538,B-007029,
5539,B-007030,M
5540,B-007031,M
5541,B-007032,Other
5542,B-007033,F
5543,B-007034,M
5544,B-007036,M
5545,B-007037,Other
5546,B-007038,
5547,B-007039,F
5548,B-007040,M
5549,B-007043,
5550,B-007045,Other
5551,B-007046,F
5552,B-007047,F
5553,B-007048,M
5554,B-007049,
5555,B-007050,
5556,B-007053,
5557,B-007055,M
5558,B-007056,
5559,B-007057,F
5560,B-007060,M
5561,B-007061,F
5562,B-007062,F
5563,B-007063,
5564,B-007064,
5565,B-007065,F
5566,B-007066,
5567,B-007067,Other
5568,B-007069,
5569,B-007070,F
5570,B-007071,F
5571,B-007072,Other
5572,B-007074,
5573,B-007075,M
5574,B-007077,M
5575,B-007078,
5576,B-007079,
5577,B-007080,M
5578,B-007082,
5579,B-007084,
5580,B-007085,Other
5581,B-007086,
5582,B-007087,Other
5583,B-007090,
5584,B-007091,
5585,B-007092,
5586,B-007093,M
5587,B-007094,
5588,B-007095,M
5589,B-007096,
5590,B-007097,F
5591,B-007098,
5592,B-007100,Other
5593,B-007101,F
5594,B-007102,
5595,B-007104,M
5596,B-007105,M
5597,B-007106,Other
5598,B-007109,M
5599,B-007110,
5600,B-007112,F
5601,B-007113,
5602,B-007114,M
5603,B-007115,Other
5604,B-007116,
5605,B-007117,F
5606,B-007118,
5607,B-007119,M
5608,B-007120,
5609,B-007121,Other
5610,B-007122,M
5611,B-007123,Other
5612,B-007124,
5613,B-007126,
5614,B-007127,
5615,B-007128,
5616,B-007129,
5617,B-007131,
5618,B-007132,M
5619,B-007133,
5620,B-007134,F
5621,B-007135,M
5622,B-007136,
5623,B-007138,F
5624,B-007139,F
5625,B-007141,
5626,B-007142,
5627,B-007143,
5628,B-007144,F
5629,B-007145,
5630,B-007146,
5631,B-007148,F
5632,B-007149,
5633,B-007150,
5634,B-007151,Other
5635,B-007152,M
5636,B-007155,M
5637,B-007156,
5638,B-007157,
5639,B-007159,
5640,B-007160,
5641,B-007161,Other
5642,B-007162,
5643,B-007165,
5644,B-007166,
5645,B-007168,
5646,B-007169,
5647,B-007170,
5648,B-007171,
5649,B-007172,
5650,B-007173,Other
5651,B-007174,Other
5652,B-007175,M
5653,B-007176,F
5654,B-007177,
5655,B-007179,
5656,B-007180,Other
5657,B-007181,
5658,B-007182,M
5659,B-007183,M
5660,B-007184,
5661,B-007185,F
5662,B-007186,F
5663,B-007187,
5664,B-007188,F
5665,B-007189,F
5666,B-007190,
5667,B-007191,Other
5668,B-007192,Other
5669,B-007193,
5670,B-007194,Other
5671,B-007195,M
5672,B-007196,
5673,B-007197,M
5674,B-007198,
5675,B-007199,
5676,B-007200,
5677,B-007201,M
5678,B-007202,
5679,B-007203,F
5680,B-007204,F
5681,B-007205,
5682,B-007206,
5683,B-007207,M
5684,B-007208,
5685,B-007209,
5686,B-007210,Other
5687,B-007211,
5688,B-007212,M
5689,B-007213,Other
5690,B-007215,
5691,B-007216,M
5692,B-007217,
5693,B-007219,
5694,B-007220,
5695,B-007221,
5696,B-007222,Other
5697,B-007224,
5698,B-007225,F
5699,B-007226,
5700,B-007227,M
5701,B-007228,
5702,B-007229,
5703,B-007230,
5704,B-007233,
5705,B-007234,Other
5706,B-007235,
5707,B-007236,
5708,B-007237,
5709,B-007238,Other
5710,B-007239,
5711,B-007240,M
5712,B-007243,M
5713,B-007244,M
5714,B-007245,F
5715,B-007246,F
5716,B-007247,F
5717,B-007250,
5718,B-007251,
5719,B-007252,F
5720,B-007253,
5721,B-007254,
5722,B-007255,
5723,B-007258,
5724,B-007259,
5725,B-007260,M
5726,B-007261,
5727,B-007262,Other
5728,B-007263,
5729,B-007264,Other
5730,B-007265,
5731,B-007266,F
5732,B-007267,
5733,B-007269,F
5734,B-007270,M
5735,B-007271,
5736,B-007272,
5737,B-007275,
5738,B-007276,M
5739,B-007277,
5740,B-007278,M
5741,B-007279,
5742,B-007280,Other
5743,B-007281,
5744,B-007283,Other
5745,B-007284,M
5746,B-007285,M
5747,B-007287,
5748,B-007288,
5749,B-007289,
5750,B-007290,Other
5751,B-007291,F
5752,B-007292,M
5753,B-007293,
5754,B-007294,Other
5755,B-007295,
5756,B-007296,M
5757,B-007297,
5758,B-007298,F
5759,B-007299,F
5760,B-007300,Other
5761,B-007301,F
5762,B-007302,F
5763,B-007303,
5764,B-007304,M
5765,B-007305,
5766,B-007306,
5767,B-007307,
5768,B-007308,Other
5769,B-007310,
5770,B-007311,Other
5771,B-007312,
5772,B-007314,
5773,B-007315,
5774,B-007316,
5775,B-007318,M
5776,B-007319,
5777,B-007320,M
5778,B-007323,M
5779,B-007324,M
5780,B-007325,
5781,B-007327,
5782,B-007328,Other
5783,B-007329,
5784,B-007330,Other
5785,B-007331,Other
5786,B-007332,F
5787,B-007333,
5788,B-007335,
5789,B-007336,
5790,B-007339,
5791,B-007341,F
5792,B-007342,
5793,B-007343,F
5794,B-007344,M
5795,B-007347,
5796,B-007348,
5797,B-007349,
5798,B-007352,F
5799,B-007353,
5800,B-007354,M
5801,B-007355,
5802,B-007356,Other
5803,B-007357,
5804,B-007358,F
5805,B-007359,
5806,B-007360,
5807,B-007362,M
5808,B-007363,Other
5809,B-007364,
5810,B-007367,
5811,B-007368,
5812,B-007369,
5813,B-007370,
5814,B-007371,F
5815,B-007372,
5816,B-007373,Other
5817,B-007374,
5818,B-007375,Other
5819,B-007376,Other
5820,B-007377,
5821,B-007378,
5822,B-007379,
5823,B-007380,
5824,B-007381,
5825,B-007382,
5826,B-007383,
5827,B-007384,M
5828,B-007385,
5829,B-007387,M
5830,B-007388,
5831,B-007389,M
5832,B-007390,
5833,B-007391,
5834,B-007392,M
5835,B-007393,
5836,B-007394,
5837,B-007395,
5838,B-007396,
5839,B-007397,Other
5840,B-007398,
5841,B-007400,
5842,B-007401,F
5843,B-007402,M
5844,B-007403,
5845,B-007405,Other
5846,B-007406,
5847,B-007407,Other
5848,B-007408,F
5849,B-007409,M
5850,B-007410,
5851,B-007411,F
5852,B-007412,
5853,B-007413,Other
5854,B-007414,
5855,B-007415,
5856,B-007416,
5857,B-007417,
5858,B-007419,
5859,B-007420,F
5860,B-007422,F
5861,B-007423,F
5862,B-007424,
5863,B-007425,
5864,B-007426,M
5865,B-007427,
5866,B-007428,
5867,B-007429,
5868,B-007430,
5869,B-007432,
5870,B-007433,
5871,B-007434,F
5872,B-007435,
5873,B-007436,F
5874,B-007437,
5875,B-007439,
5876,B-007440,
5877,B-007441,
5878,B-007442,
5879,B-007443,
5880,B-007444,
5881,B-007445,F
5882,B-007446,
5883,B-007448,F
5884,B-007449,Other
5885,B-007450,M
5886,B-007451,Other
5887,B-007453,
5888,B-007454,F
5889,B-007455,F
5890,B-007456,Other
5891,B-007457,
5892,B-007458,
5893,B-007461,
5894,B-007462,M
5895,B-007464,
5896,B-007465,F
5897,B-007466,Other
5898,B-007467,F
5899,B-007468,
5900,B-007469,
5901,B-007470,
5902,B-007472,F
5903,B-007473,F
5904,B-007474,M
5905,B-007475,F
5906,B-007476,
5907,B-007478,F
5908,B-007480,F
5909,B-007481,M
5910,B-007482,Other
5911,B-007483,M
5912,B-007484,
5913,B-007485,
5914,B-007486,Other
5915,B-007488,F
5916,B-007489,
5917,B-007490,
5918,B-007491,Other
5919,B-007492,F
5920,B-007494,F
5921,B-007495,
5922,B-007497,M
5923,B-007499,
5924,B-007500,F
5925,B-007501,
5926,B-007502,
5927,B-007503,
5928,B-007504,
5929,B-007506,Other
5930,B-007507,M
5931,B-007510,
5932,B-007511,Other
5933,B-007512,
5934,B-007513,
5935,B-007514,
5936,B-007515,F
5937,B-007516,M
5938,B-007518,
5939,B-007520,
5940,B-007521,F
5941,B-007522,
5942,B-007523,M
5943,B-007524,F
5944,B-007525,
5945,B-007526,
5946,B-007527,
5947,B-007528,
5948,B-007529,
5949,B-007531,
5950,B-007532,
5951,B-007533,
5952,B-007534,
5953,B-007535,Other
5954,B-007537,Other
5955,B-007538,
5956,B-007539,
5957,B-007540,
5958,B-007541,
5959,B-007543,
5960,B-007544,
5961,B-007545,M
5962,B-007547,
5963,B-007549,Other
5964,B-007551,
5965,B-007552,
5966,B-007553,F
5967,B-007554,Other
5968,B-007555,
5969,B-007556,
5970,B-007557,
5971,B-007558,
5972,B-007559,
5973,B-007561,
5974,B-007563,F
5975,B-007566,Other
5976,B-007567,F
5977,B-007569,
5978,B-007570,
5979,B-007574,M
5980,B-007578,
5981,B-007579,
5982,B-007580,F
5983,B-007582,
5984,B-007584,
5985,B-007585,
5986,B-007586,
5987,B-007587,
5988,B-007589,
5989,B-007590,
5990,B-007591,M
5991,B-007592,M
5992,B-007594,
5993,B-007595,
5994,B-007596,M
5995,B-007597,Other
5996,B-007598,M
5997,B-007599,
5998,B-007600,
5999,B-007601,M
6000,B-007602,M
6001,B-007603,
6002,B-007605,Other
6003,B-007606,F
6004,B-007607,
6005,B-007608,Other
6006,B-007609,Other
6007,B-007610,
6008,B-007611,
6009,B-007612,
6010,B-007613,Other
6011,B-007614,
6012,B-007615,Other
6013,B-007616,
6014,B-007617,
6015,B-007618,
6016,B-007622,M
6017,B-007623,
6018,B-007624,
6019,B-007625,
6020,B-007626,F
6021,B-007627,F
6022,B-007628,M
6023,B-007629,
6024,B-007630,
6025,B-007631,
6026,B-007632,M
6027,B-007633,
6028,B-007635,
6029,B-007636,Other
6030,B-007637,M
6031,B-007638,M
6032,B-007641,F
6033,B-007642,
6034,B-007643,Other
6035,B-007644,Other
6036,B-007645,
6037,B-007646,F
6038,B-007648,Other
6039,B-007649,M
6040,B-007650,Other
6041,B-007651,
6042,B-007652,
6043,B-007653,
6044,B-007654,Other
6045,B-007655,
6046,B-007656,M
6047,B-007658,F
6048,B-007659,Other
6049,B-007660,F
6050,B-007662,M
6051,B-007665,F
6052,B-007667,
6053,B-007668,
6054,B-007669,F
6055,B-007670,M
6056,B-007671,F
6057,B-007672,Other
6058,B-007673,
6059,B-007674,
6060,B-007675,
6061,B-007676,
6062,B-007677,
6063,B-007679,
6064,B-007681,F
6065,B-007682,
6066,B-007683,
6067,B-007684,
6068,B-007685,M
6069,B-007686,
6070,B-007688,
6071,B-007689,
6072,B-007690,
6073,B-007692,
6074,B-007693,
6075,B-007694,
6076,B-007695,Other
6077,B-007696,
6078,B-007697,M
6079,B-007698,M
6080,B-007699,F
6081,B-007702,M
6082,B-007703,Other
6083,B-007704,M
6084,B-007705,
6085,B-007706,F
6086,B-007707,M
6087,B-007708,
6088,B-007709,
6089,B-007710,
6090,B-007712,
6091,B-007713,F
6092,B-007714,
6093,B-007715,
6094,B-007717,Other
6095,B-007718,M
6096,B-007720,M
6097,B-007721,
6098,B-007722,
6099,B-007723,
6100,B-007724,
6101,B-007725,Other
6102,B-007726,
6103,B-007727,
6104,B-007728,M
6105,B-007729,M
6106,B-007734,
6107,B-007735,Other
6108,B-007736,F
6109,B-007737,
6110,B-007739,
6111,B-007740,M
6112,B-007741,Other
6113,B-007742,M
6114,B-007743,
6115,B-007744,
6116,B-007745,
6117,B-007746,
6118,B-007747,
6119,B-007748,
6120,B-007749,F
6121,B-007750,
6122,B-007751,
6123,B-007752,Other
6124,B-007753,Other
6125,B-007755,Other
6126,B-007756,Other
6127,B-007757,M
6128,B-007758,
6129,B-007759,
6130,B-007760,M
6131,B-007761,M
6132,B-007762,F
6133,B-007763,
6134,B-007764,
6135,B-007765,
6136,B-007766,F
6137,B-007767,M
6138,B-007769,F
6139,B-007771,F
6140,B-007772,
6141,B-007773,F
6142,B-007774,
6143,B-007775,
6144,B-007776,
6145,B-007779,
6146,B-007780,Other
6147,B-007781,F
6148,B-007784,
6149,B-007785,Other
6150,B-007786,Other
6151,B-007787,M
6152,B-007788,
6153,B-007789,Other
6154,B-007791,F
6155,B-007792,M
6156,B-007793,F
6157,B-007795,M
6158,B-007796,Other
6159,B-007797,
6160,B-007798,
6161,B-007799,Other
6162,B-007800,
6163,B-007802,
6164,B-007803,F
6165,B-007804,Other
6166,B-007805,F
6167,B-007806,
6168,B-007807,Other
6169,B-007808,
6170,B-007809,
6171,B-007810,Other
6172,B-007812,F
6173,B-007813,M
6174,B-007814,
6175,B-007815,
6176,B-007817,Other
6177,B-007818,
6178,B-007819,
6179,B-007820,M
6180,B-007822,
6181,B-007823,M
6182,B-007824,
6183,B-007825,
6184,B-007826,
6185,B-007827,F
6186,B-007828,F
6187,B-007832,F
6188,B-007834,
6189,B-007835,F
6190,B-007836,
6191,B-007837,
6192,B-007838,
6193,B-007839,Other
6194,B-007840,
6195,B-007841,
6196,B-007842,Other
6197,B-007843,
6198,B-007844,
6199,B-007845,
6200,B-007846,F
6201,B-007847,Other
6202,B-007848,M
6203,B-007849,
6204,B-007850,
6205,B-007851,F
6206,B-007852,F
6207,B-007853,
6208,B-007854,M
6209,B-007855,M
6210,B-007856,M
6211,B-007858,
6212,B-007859,
6213,B-007860,
6214,B-007861,
6215,B-007863,F
6216,B-007864,
6217,B-007867,M
6218,B-007868,
6219,B-007869,F
6220,B-007870,
6221,B-007871,
6222,B-007872,M
6223,B-007874,
6224,B-007875,
6225,B-007876,
6226,B-007878,M
6227,B-007879,
6228,B-007880,F
6229,B-007882,
6230,B-007883,
6231,B-007884,
6232,B-007885,Other
6233,B-007887,F
6234,B-007889,
6235,B-007890,
6236,B-007891,Other
6237,B-007892,
6238,B-007893,Other
6239,B-007896,
6240,B-007897,F
6241,B-007899,
6242,B-007900,F
6243,B-007901,
6244,B-007902,
6245,B-007903,
6246,B-007904,
6247,B-007905,Other
6248,B-007906,Other
6249,B-007907,M
6250,B-007908,
6251,B-007909,
6252,B-007910,
6253,B-007912,M
6254,B-007913,F
6255,B-007914,
6256,B-007915,
6257,B-007916,F
6258,B-007918,M
6259,B-007919,M
6260,B-007920,M
6261,B-007921,M
6262,B-007922,M
6263,B-007924,
6264,B-007925,
6265,B-007926,Other
6266,B-007928,
6267,B-007929,
6268,B-007931,F
6269,B-007932,
6270,B-007935,Other
6271,B-007937,
6272,B-007938,
6273,B-007941,Other
6274,B-007942,F
6275,B-007943,
6276,B-007944,M
6277,B-007945,
6278,B-007946,
6279,B-007947,F
6280,B-007948,F
6281,B-007949,F
6282,B-007950,
6283,B-007951,Other
6284,B-007952,
6285,B-007953,
6286,B-007954,
6287,B-007955,M
6288,B-007956,F
6289,B-007957,F
6290,B-007958,Other
6291,B-007960,F
6292,B-007961,
6293,B-007962,
6294,B-007963,
6295,B-007964,F
6296,B-007965,
6297,B-007966,
6298,B-007967,Other
6299,B-007969,
6300,B-007970,
6301,B-007971,
6302,B-007972,
6303,B-007973,F
6304,B-007974,Other
6305,B-007975,Other
6306,B-007976,
6307,B-007977,
6308,B-007978,F
6309,B-007979,
6310,B-007981,Other
6311,B-007982,M
6312,B-007983,Other
6313,B-007985,Other
6314,B-007986,M
6315,B-007987,
6316,B-007988,
6317,B-007989,
6318,B-007990,M
6319,B-007991,
6320,B-007992,F
6321,B-007993,
6322,B-007994,
6323,B-007995,Other
6324,B-007996,
6325,B-007997,
6326,B-007998,Other
6327,B-007999,Other
6328,B-008000,M
6329,B-008002,
6330,B-008003,M
6331,B-008004,Other
6332,B-008005,
6333,B-008007,
6334,B-008009,F
6335,B-008010,M
6336,B-008011,
6337,B-008012,
6338,B-008013,M
6339,B-008014,
6340,B-008016,
6341,B-008017,M
6342,B-008018,
6343,B-008019,F
6344,B-008020,Other
6345,B-008022,
6346,B-008023,F
6347,B-008024,
6348,B-008025,
6349,B-008027,
6350,B-008028,M
6351,B-008029,F
6352,B-008030,
6353,B-008032,Other
6354,B-008033,
6355,B-008034,Other
6356,B-008035,Other
6357,B-008036,Other
6358,B-008037,
6359,B-008038,
6360,B-008039,
6361,B-008040,M
6362,B-008041,M
6363,B-008042,
6364,B-008043,Other
6365,B-008044,
6366,B-008045,M
6367,B-008046,
6368,B-008047,
6369,B-008048,
6370,B-008050,Other
6371,B-008052,
6372,B-008053,M
6373,B-008054,
6374,B-008055,F
6375,B-008056,
6376,B-008057,
6377,B-008058,Other
6378,B-008059,Other
6379,B-008060,
6380,B-008061,
6381,B-008062,
6382,B-008063,
6383,B-008064,
6384,B-008065,
6385,B-008067,Other
6386,B-008068,
6387,B-008070,Other
6388,B-008071,F
6389,B-008072,F
6390,B-008073,
6391,B-008074,Other
6392,B-008076,
6393,B-008077,Other
6394,B-008078,F
6395,B-008079,Other
6396,B-008081,
6397,B-008082,
6398,B-008084,F
6399,B-008085,F
6400,B-008086,
6401,B-008087,
6402,B-008088,M
6403,B-008092,
6404,B-008093,
6405,B-008094,M
6406,B-008095,
6407,B-008096,
6408,B-008097,
6409,B-008099,
6410,B-008100,
6411,B-008102,
6412,B-008103,
6413,B-008104,M
6414,B-008105,
6415,B-008106,
6416,B-008107,
6417,B-008108,Other
6418,B-008109,
6419,B-008110,F
6420,B-008111,F
6421,B-008112,F
6422,B-008113,F
6423,B-008114,
6424,B-008115,M
6425,B-008118,Other
6426,B-008119,Other
6427,B-008120,Other
6428,B-008121,
6429,B-008122,F
6430,B-008123,
6431,B-008124,
6432,B-008126,
6433,B-008127,Other
6434,B-008128,M
6435,B-008129,M
6436,B-008131,F
6437,B-008132,M
6438,B-008133,
6439,B-008134,
6440,B-008135,F
6441,B-008136,
6442,B-008138,F
6443,B-008139,F
6444,B-008140,
6445,B-008141,
6446,B-008142,Other
6447,B-008143,Other
6448,B-008144,
6449,B-008146,
6450,B-008148,
6451,B-008149,
6452,B-008151,
6453,B-008152,
6454,B-008154,
6455,B-008155,
6456,B-008158,
6457,B-008160,
6458,B-008161,Other
6459,B-008162,
6460,B-008164,
6461,B-008165,
6462,B-008166,
6463,B-008167,
6464,B-008168,
6465,B-008169,
6466,B-008170,
6467,B-008171,
6468,B-008172,M
6469,B-008173,
6470,B-008176,
6471,B-008177,
6472,B-008178,Other
6473,B-008179,
6474,B-008180,Other
6475,B-008181,
6476,B-008182,F
6477,B-008186,F
6478,B-008187,
6479,B-008188,
6480,B-008189,F
6481,B-008190,
6482,B-008191,
6483,B-008193,
6484,B-008194,F
6485,B-008195,M
6486,B-008196,F
6487,B-008197,
6488,B-008199,Other
6489,B-008200,
6490,B-008202,M
6491,B-008203,
6492,B-008205,M
6493,B-008207,F
6494,B-008208,Other
6495,B-008211,
6496,B-008212,
6497,B-008213,Other
6498,B-008214,
6499,B-008216,
6500,B-008217,Other
6501,B-008218,F
6502,B-008221,
6503,B-008222,
6504,B-008223,
6505,B-008224,M
6506,B-008225,
6507,B-008226,
6508,B-008227,Other
6509,B-008228,F
6510,B-008229,M
6511,B-008231,
6512,B-008232,
6513,B-008233,
6514,B-008235,M
6515,B-008237,
6516,B-008238,
6517,B-008239,
6518,B-008241,F
6519,B-008242,
6520,B-008244,
6521,B-008245,
6522,B-008246,F
6523,B-008247,Other
6524,B-008248,M
6525,B-008250,
6526,B-008251,Other
6527,B-008252,F
6528,B-008253,
6529,B-008254,
6530,B-008256,Other
6531,B-008258,
6532,B-008259,Other
6533,B-008260,F
6534,B-008261,M
6535,B-008262,F
6536,B-008263,F
6537,B-008264,Other
6538,B-008265,
6539,B-008266,F
6540,B-008267,Other
6541,B-008268,Other
6542,B-008269,
6543,B-008270,
6544,B-008271,
6545,B-008272,F
6546,B-008274,M
6547,B-008275,M
6548,B-008276,M
6549,B-008277,
6550,B-008279,
6551,B-008280,
6552,B-008281,
6553,B-008284,
6554,B-008286,
6555,B-008287,
6556,B-008290,
6557,B-008291,M
6558,B-008292,M
6559,B-008294,Other
6560,B-008295,
6561,B-008296,
6562,B-008297,M
6563,B-008298,
6564,B-008300,
6565,B-008301,
6566,B-008302,
6567,B-008303,
6568,B-008305,
6569,B-008306,
6570,B-008307,Other
6571,B-008308,M
6572,B-008309,
6573,B-008310,
6574,B-008311,
6575,B-008312,Other
6576,B-008313,
6577,B-008314,M
6578,B-008315,F
6579,B-008316,
6580,B-008319,
6581,B-008320,
6582,B-008321,
6583,B-008323,M
6584,B-008324,Other
6585,B-008327,
6586,B-008328,M
6587,B-008329,
6588,B-008331,
6589,B-008332,
6590,B-008333,
6591,B-008334,
6592,B-008335,
6593,B-008336,
6594,B-008337,F
6595,B-008338,F
6596,B-008339,
6597,B-008340,
6598,B-008341,
6599,B-008343,F
6600,B-008345,Other
6601,B-008347,F
6602,B-008348,
6603,B-008351,
6604,B-008352,
6605,B-008353,Other
6606,B-008355,
6607,B-008356,
6608,B-008359,M
6609,B-008360,F
6610,B-008361,M
6611,B-008362,M
6612,B-008363,Other
6613,B-008364,
6614,B-008365,
6615,B-008366,
6616,B-008367,
6617,B-008368,Other
6618,B-008369,F
6619,B-008370,Other
6620,B-008371,Other
6621,B-008373,
6622,B-008374,Other
6623,B-008375,
6624,B-008377,M
6625,B-008378,M
6626,B-008379,F
6627,B-008382,M
6628,B-008383,F
6629,B-008384,F
6630,B-008385,
6631,B-008386,M
6632,B-008387,
6633,B-008388,Other
6634,B-008391,M
6635,B-008392,
6636,B-008393,M
6637,B-008394,
6638,B-008395,F
6639,B-008397,
6640,B-008398,
6641,B-008399,Other
6642,B-008400,
6643,B-008402,M
6644,B-008404,Other
6645,B-008405,F
6646,B-008409,
6647,B-008410,M
6648,B-008411,
6649,B-008413,
6650,B-008415,
6651,B-008416,M
6652,B-008418,Other
6653,B-008419,
6654,B-008420,
6655,B-008421,M
6656,B-008422,Other
6657,B-008423,
6658,B-008424,Other
6659,B-008425,
6660,B-008427,
6661,B-008428,Other
6662,B-008429,
6663,B-008430,
6664,B-008431,
6665,B-008432,
6666,B-008433,Other
6667,B-008434,
6668,B-008437,
6669,B-008438,M
6670,B-008439,F
6671,B-008440,
6672,B-008442,
6673,B-008444,F
6674,B-008445,F
6675,B-008446,
6676,B-008449,
6677,B-008451,
6678,B-008452,
6679,B-008453,
6680,B-008454,
6681,B-008456,
6682,B-008457,F
6683,B-008458,
6684,B-008459,
6685,B-008460,
6686,B-008461,
6687,B-008462,F
6688,B-008463,
6689,B-008464,
6690,B-008465,
6691,B-008466,M
6692,B-008467,M
6693,B-008469,F
6694,B-008470,
6695,B-008471,
6696,B-008472,F
6697,B-008473,M
6698,B-008474,M
6699,B-008476,Other
6700,B-008477,
6701,B-008478,M
6702,B-008479,
6703,B-008480,F
6704,B-008481,
6705,B-008482,M
6706,B-008483,
6707,B-008484,Other
6708,B-008485,
6709,B-008486,
6710,B-008488,Other
6711,B-008490,Other
6712,B-008491,Other
6713,B-008493,F
6714,B-008494,
6715,B-008496,M
6716,B-008497,Other
6717,B-008499,
6718,B-008501,
6719,B-008502,F
6720,B-008503,F
6721,B-008504,
6722,B-008505,Other
6723,B-008506,
6724,B-008509,
6725,B-008512,
6726,B-008513,M
6727,B-008515,
6728,B-008516,
6729,B-008517,Other
6730,B-008518,F
6731,B-008519,Other
6732,B-008521,Other
6733,B-008523,M
6734,B-008524,
6735,B-008525,
6736,B-008526,M
6737,B-008530,
6738,B-008531,F
6739,B-008532,
6740,B-008533,F
6741,B-008535,
6742,B-008536,
6743,B-008537,
6744,B-008538,F
6745,B-008539,F
6746,B-008540,F
6747,B-008541,
6748,B-008542,Other
6749,B-008543,
6750,B-008544,F
6751,B-008545,M
6752,B-008546,
6753,B-008548,Other
6754,B-008549,F
6755,B-008550,
6756,B-008551,Other
6757,B-008552,Other
6758,B-008553,
6759,B-008554,F
6760,B-008555,F
6761,B-008556,
6762,B-008557,Other
6763,B-008558,
6764,B-008559,
6765,B-008560,
6766,B-008562,F
6767,B-008564,Other
6768,B-008565,
6769,B-008566,F
6770,B-008567,Other
6771,B-008568,
6772,B-008569,M
6773,B-008570,
6774,B-008571,
6775,B-008572,
6776,B-008573,
6777,B-008574,
6778,B-008575,
6779,B-008576,Other
6780,B-008577,Other
6781,B-008578,
6782,B-008580,
6783,B-008581,
6784,B-008582,Other
6785,B-008583,
6786,B-008584,
6787,B-008585,
6788,B-008586,Other
6789,B-008587,M
6790,B-008588,M
6791,B-008589,M
6792,B-008590,Other
6793,B-008591,F
6794,B-008592,Other
6795,B-008594,
6796,B-008596,
6797,B-008597,
6798,B-008598,Other
6799,B-008599,
6800,B-008602,
6801,B-008603,
6802,B-008604,Other
6803,B-008606,
6804,B-008607,M
6805,B-008608,
6806,B-008609,
6807,B-008610,
6808,B-008611,
6809,B-008612,
6810,B-008613,
6811,B-008614,
6812,B-008615,Other
6813,B-008616,F
6814,B-008617,
6815,B-008619,
6816,B-008620,
6817,B-008621,F
6818,B-008622,
6819,B-008623,F
6820,B-008624,F
6821,B-008625,
6822,B-008626,M
6823,B-008628,
6824,B-008629,F
6825,B-008630,
6826,B-008631,F
6827,B-008632,
6828,B-008636,Other
6829,B-008638,Other
6830,B-008639,Other
6831,B-008640,
6832,B-008641,
6833,B-008642,Other
6834,B-008643,F
6835,B-008644,M
6836,B-008645,
6837,B-008646,
6838,B-008648,Other
6839,B-008649,
6840,B-008650,
6841,B-008651,Other
6842,B-008652,
6843,B-008655,F
6844,B-008656,
6845,B-008658,
6846,B-008659,
6847,B-008660,F
6848,B-008661,Other
6849,B-008662,
6850,B-008663,
6851,B-008664,F
6852,B-008666,
6853,B-008667,
6854,B-008668,
6855,B-008669,
6856,B-008671,
6857,B-008672,M
6858,B-008673,
6859,B-008674,F
6860,B-008677,
6861,B-008679,M
6862,B-008680,M
6863,B-008681,
6864,B-008684,
6865,B-008685,
6866,B-008686,
6867,B-008687,
6868,B-008688,
6869,B-008689,
6870,B-008690,
6871,B-008691,
6872,B-008692,
6873,B-008693,
6874,B-008694,F
6875,B-008695,
6876,B-008696,
6877,B-008697,
6878,B-008699,Other
6879,B-008700,F
6880,B-008701,
6881,B-008702,
6882,B-008703,
6883,B-008704,F
6884,B-008705,Other
6885,B-008706,
6886,B-008707,
6887,B-008708,
6888,B-008709,
6889,B-008710,
6890,B-008711,
6891,B-008712,
6892,B-008715,F
6893,B-008716,Other
6894,B-008717,
6895,B-008718,M
6896,B-008721,
6897,B-008722,
6898,B-008725,
6899,B-008728,
6900,B-008729,
6901,B-008731,
6902,B-008732,M
6903,B-008733,F
6904,B-008734,
6905,B-008736,M
6906,B-008737,M
6907,B-008739,F
6908,B-008740,Other
6909,B-008741,
6910,B-008742,Other
6911,B-008743,
6912,B-008744,
6913,B-008746,
6914,B-008748,
6915,B-008749,Other
6916,B-008750,Other
6917,B-008751,Other
6918,B-008754,
6919,B-008755,
6920,B-008756,M
6921,B-008757,
6922,B-008758,Other
6923,B-008759,
6924,B-008760,Other
6925,B-008761,
6926,B-008762,F
6927,B-008763,
6928,B-008764,
6929,B-008765,
6930,B-008766,
6931,B-008768,
6932,B-008771,
6933,B-008772,
6934,B-008773,M
6935,B-008774,M
6936,B-008776,
6937,B-008777,
6938,B-008778,F
6939,B-008779,
6940,B-008780,F
6941,B-008781,
6942,B-008783,
6943,B-008784,Other
6944,B-008785,
6945,B-008786,M
6946,B-008787,
6947,B-008788,
6948,B-008789,F
6949,B-008790,M
6950,B-008791,F
6951,B-008792,
6952,B-008794,
6953,B-008795,
6954,B-008796,M
6955,B-008797,
6956,B-008798,Other
6957,B-008799,
6958,B-008800,M
6959,B-008801,
6960,B-008802,F
6961,B-008803,
6962,B-008804,
6963,B-008805,
6964,B-008806,M
6965,B-008807,F
6966,B-008808,F
6967,B-008811,
6968,B-008812,
6969,B-008813,
6970,B-008814,
6971,B-008815,
6972,B-008817,F
6973,B-008818,M
6974,B-008820,M
6975,B-008821,
6976,B-008822,M
6977,B-008824,F
6978,B-008825,F
6979,B-008826,
6980,B-008828,M
6981,B-008829,
6982,B-008830,
6983,B-008831,
6984,B-008832,Other
6985,B-008833,
6986,B-008835,Other
6987,B-008836,Other
6988,B-008837,Other
6989,B-008839,M
6990,B-008840,
6991,B-008842,F
6992,B-008843,
6993,B-008844,Other
6994,B-008845,F
6995,B-008846,F
6996,B-008847,F
6997,B-008848,M
6998,B-008849,M
6999,B-008850,
7000,B-008851,Other
7001,B-008852,Other
7002,B-008853,
7003,B-008854,
7004,B-008855,
7005,B-008856,
7006,B-008857,
7007,B-008858,
7008,B-008859,Other
7009,B-008860,F
7010,B-008861,
7011,B-008862,M
7012,B-008863,F
7013,B-008864,
7014,B-008865,F
7015,B-008867,Other
7016,B-008868,M
7017,B-008869,
7018,B-008870,
7019,B-008871,Other
7020,B-008872,M
7021,B-008873,
7022,B-008874,
7023,B-008876,F
7024,B-008877,M
7025,B-008878,
7026,B-008879,Other
7027,B-008880,
7028,B-008881,Other
7029,B-008882,Other
7030,B-008883,F
7031,B-008884,Other
7032,B-008885,M
7033,B-008886,F
7034,B-008888,
7035,B-008889,
7036,B-008890,Other
7037,B-008891,Other
7038,B-008892,M
7039,B-008893,
7040,B-008894,
7041,B-008895,
7042,B-008897,
7043,B-008898,
7044,B-008900,Other
7045,B-008901,M
7046,B-008903,F
7047,B-008904,
7048,B-008905,
7049,B-008906,
7050,B-008907,M
7051,B-008908,F
7052,B-008909,
7053,B-008910,Other
7054,B-008912,
7055,B-008913,
7056,B-008915,Other
7057,B-008916,F
7058,B-008917,F
7059,B-008919,
7060,B-008921,
7061,B-008922,
7062,B-008923,
7063,B-008924,F
7064,B-008925,
7065,B-008926,Other
7066,B-008928,
7067,B-008929,Other
7068,B-008931,Other
7069,B-008932,
7070,B-008933,
7071,B-008935,Other
7072,B-008936,
7073,B-008938,M
7074,B-008939,
7075,B-008940,
7076,B-008941,M
7077,B-008942,
7078,B-008944,Other
7079,B-008945,
7080,B-008947,
7081,B-008948,
7082,B-008949,
7083,B-008950,
7084,B-008951,F
7085,B-008952,
7086,B-008953,M
7087,B-008954,Other
7088,B-008955,
7089,B-008956,
7090,B-008957,F
7091,B-008958,Other
7092,B-008959,M
7093,B-008960,F
7094,B-008961,M
7095,B-008964,
7096,B-008965,M
7097,B-008967,
7098,B-008968,
7099,B-008971,
7100,B-008972,
7101,B-008973,
7102,B-008974,
7103,B-008976,
7104,B-008978,F
7105,B-008979,
7106,B-008980,Other
7107,B-008981,
7108,B-008982,
7109,B-008983,Other
7110,B-008984,Other
7111,B-008985,M
7112,B-008986,
7113,B-008987,Other
7114,B-008988,M
7115,B-008989,Other
7116,B-008990,
7117,B-008992,
7118,B-008993,
7119,B-008994,
7120,B-008995,
7121,B-008997,M
7122,B-008998,M
7123,B-008999,
7124,B-009001,Other
7125,B-009003,F
7126,B-009005,
7127,B-009006,
7128,B-009007,
7129,B-009008,
7130,B-009009,Other
7131,B-009010,
7132,B-009011,M
7133,B-009012,Other
7134,B-009013,
7135,B-009014,M
7136,B-009015,M
7137,B-009016,
7138,B-009017,
7139,B-009018,
7140,B-009019,
7141,B-009020,
7142,B-009021,
7143,B-009022,F
7144,B-009024,Other
7145,B-009025,
7146,B-009029,
7147,B-009031,F
7148,B-009032,Other
7149,B-009033,M
7150,B-009034,
7151,B-009035,
7152,B-009036,M
7153,B-009037,Other
7154,B-009038,M
7155,B-009039,M
7156,B-009040,Other
7157,B-009041,
7158,B-009042,
7159,B-009043,Other
7160,B-009044,
7161,B-009045,
7162,B-009046,
7163,B-009047,M
7164,B-009048,
7165,B-009050,
7166,B-009051,
7167,B-009053,
7168,B-009055,Other
7169,B-009056,F
7170,B-009057,
7171,B-009058,
7172,B-009059,M
7173,B-009060,
7174,B-009061,
7175,B-009063,Other
7176,B-009065,
7177,B-009066,
7178,B-009067,
7179,B-009068,
7180,B-009069,Other
7181,B-009070,
7182,B-009072,Other
7183,B-009073,
7184,B-009075,
7185,B-009076,
7186,B-009077,
7187,B-009078,
7188,B-009080,F
7189,B-009081,
7190,B-009082,
7191,B-009083,
7192,B-009084,M
7193,B-009085,M
7194,B-009086,F
7195,B-009087,M
7196,B-009088,
7197,B-009089,
7198,B-009090,M
7199,B-009091,M
7200,B-009092,M
7201,B-009093,M
7202,B-009094,
7203,B-009095,
7204,B-009097,
7205,B-009098,
7206,B-009099,
7207,B-009101,Other
7208,B-009102,M
7209,B-009104,
7210,B-009105,
7211,B-009106,F
7212,B-009109,M
7213,B-009110,
7214,B-009112,F
7215,B-009113,
7216,B-009114,
7217,B-009115,
7218,B-009116,
7219,B-009117,
7220,B-009118,M
7221,B-009119,Other
7222,B-009120,
7223,B-009121,
7224,B-009123,Other
7225,B-009125,M
7226,B-009126,F
7227,B-009128,
7228,B-009129,Other
7229,B-009130,
7230,B-009131,F
7231,B-009132,
7232,B-009133,
7233,B-009134,
7234,B-009135,F
7235,B-009136,
7236,B-009138,
7237,B-009139,
7238,B-009140,
7239,B-009142,
7240,B-009143,Other
7241,B-009144,
7242,B-009145,
7243,B-009147,M
7244,B-009148,
7245,B-009149,
7246,B-009150,Other
7247,B-009151,F
7248,B-009152,M
7249,B-009153,M
7250,B-009154,Other
7251,B-009155,
7252,B-009156,Other
7253,B-009157,
7254,B-009158,Other
7255,B-009160,
7256,B-009161,
7257,B-009162,Other
7258,B-009163,
7259,B-009164,F
7260,B-009165,Other
7261,B-009166,F
7262,B-009167,
7263,B-009168,
7264,B-009169,
7265,B-009170,
7266,B-009171,
7267,B-009175,M
7268,B-009176,M
7269,B-009177,Other
7270,B-009178,Other
7271,B-009181,
7272,B-009182,
7273,B-009183,F
7274,B-009185,
7275,B-009187,
7276,B-009188,
7277,B-009189,
7278,B-009190,
7279,B-009191,Other
7280,B-009192,M
7281,B-009195,
7282,B-009196,
7283,B-009197,
7284,B-009198,F
7285,B-009199,Other
7286,B-009200,F
7287,B-009201,
7288,B-009202,F
7289,B-009203,
7290,B-009205,
7291,B-009206,
7292,B-009209,
7293,B-009211,
7294,B-009212,
7295,B-009213,
7296,B-009214,
7297,B-009216,
7298,B-009217,M
7299,B-009218,
7300,B-009219,M
7301,B-009220,
7302,B-009221,Other
7303,B-009223,F
7304,B-009224,Other
7305,B-009225,M
7306,B-009226,F
7307,B-009227,
7308,B-009230,F
7309,B-009231,Other
7310,B-009233,
7311,B-009234,F
7312,B-009235,M
7313,B-009236,F
7314,B-009237,F
7315,B-009238,M
7316,B-009239,F
7317,B-009240,M
7318,B-009241,
7319,B-009242,
7320,B-009243,
7321,B-009244,M
7322,B-009248,Other
7323,B-009249,
7324,B-009250,M
7325,B-009251,
7326,B-009252,M
7327,B-009253,F
7328,B-009255,
7329,B-009256,M
7330,B-009257,F
7331,B-009258,
7332,B-009259,
7333,B-009261,
7334,B-009263,
7335,B-009264,Other
7336,B-009265,Other
7337,B-009266,M
7338,B-009267,
7339,B-009268,F
7340,B-009269,
7341,B-009270,Other
7342,B-009271,
7343,B-009272,
7344,B-009274,
7345,B-009275,
7346,B-009276,
7347,B-009277,M
7348,B-009278,M
7349,B-009280,F
7350,B-009282,
7351,B-009283,Other
7352,B-009285,
7353,B-009286,M
7354,B-009287,F
7355,B-009288,
7356,B-009289,F
7357,B-009290,M
7358,B-009291,
7359,B-009292,F
7360,B-009293,
7361,B-009294,
7362,B-009295,F
7363,B-009297,F
7364,B-009298,M
7365,B-009299,
7366,B-009300,
7367,B-009301,Other
7368,B-009303,
7369,B-009304,
7370,B-009305,
7371,B-009308,
7372,B-009309,M
7373,B-009310,F
7374,B-009311,M
7375,B-009312,
7376,B-009314,F
7377,B-009315,Other
7378,B-009316,M
7379,B-009318,
7380,B-009321,F
7381,B-009322,
7382,B-009324,
7383,B-009325,
7384,B-009326,Other
7385,B-009328,
7386,B-009330,
7387,B-009334,
7388,B-009335,
7389,B-009336,F
7390,B-009337,
7391,B-009339,Other
7392,B-009340,M
7393,B-009341,F
7394,B-009342,
7395,B-009343,
7396,B-009344,
7397,B-009345,
7398,B-009346,
7399,B-009347,
7400,B-009348,
7401,B-009350,
7402,B-009352,M
7403,B-009353,
7404,B-009354,
7405,B-009355,
7406,B-009356,
7407,B-009357,
7408,B-009358,F
7409,B-009359,M
7410,B-009361,F
7411,B-009362,F
7412,B-009363,Other
7413,B-009364,M
7414,B-009365,F
7415,B-009366,
7416,B-009369,Other
7417,B-009371,Other
7418,B-009372,M
7419,B-009373,
7420,B-009374,
7421,B-009375,F
7422,B-009376,
7423,B-009377,Other
7424,B-009378,Other
7425,B-009379,
7426,B-009380,
7427,B-009381,
7428,B-009382,
7429,B-009383,
7430,B-009384,M
7431,B-009385,
7432,B-009386,
7433,B-009387,
7434,B-009388,Other
7435,B-009389,M
7436,B-009390,Other
7437,B-009391,
7438,B-009392,
7439,B-009393,F
7440,B-009395,M
7441,B-009396,
7442,B-009397,F
7443,B-009398,
7444,B-009399,
7445,B-009400,M
7446,B-009401,
7447,B-009402,
7448,B-009404,
7449,B-009405,F
7450,B-009406,
7451,B-009407,
7452,B-009408,
7453,B-009409,Other
7454,B-009410,
7455,B-009413,
7456,B-009414,
7457,B-009415,
7458,B-009416,F
7459,B-009417,F
7460,B-009419,
7461,B-009420,
7462,B-009421,F
7463,B-009422,F
7464,B-009424,
7465,B-009425,Other
7466,B-009426,
7467,B-009429,Other
7468,B-009430,
7469,B-009431,
7470,B-009434,Other
7471,B-009435,
7472,B-009436,Other
7473,B-009437,
7474,B-009438,M
7475,B-009439,
7476,B-009440,
7477,B-009441,F
7478,B-009442,
7479,B-009443,
7480,B-009444,
7481,B-009445,
7482,B-009446,M
7483,B-009447,
7484,B-009448,
7485,B-009449,
7486,B-009450,F
7487,B-009451,
7488,B-009452,
7489,B-009453,
7490,B-009455,F
7491,B-009456,
7492,B-009457,
7493,B-009458,Other
7494,B-009459,
7495,B-009460,
7496,B-009461,M
7497,B-009462,
7498,B-009463,
7499,B-009465,M
7500,B-009466,F
7501,B-009467,Other
7502,B-009468,F
7503,B-009469,
7504,B-009470,M
7505,B-009471,M
7506,B-009472,
7507,B-009473,M
7508,B-009474,Other
7509,B-009475,
7510,B-009477,M
7511,B-009478,
7512,B-009479,
7513,B-009480,
7514,B-009481,
7515,B-009483,
7516,B-009485,
7517,B-009486,
7518,B-009487,
7519,B-009489,
7520,B-009490,
7521,B-009491,
7522,B-009492,F
7523,B-009493,F
7524,B-009494,
7525,B-009495,
7526,B-009496,F
7527,B-009497,
7528,B-009499,Other
7529,B-009501,
7530,B-009503,
7531,B-009505,Other
7532,B-009507,M
7533,B-009508,Other
7534,B-009509,F
7535,B-009510,
7536,B-009511,
7537,B-009512,Other
7538,B-009513,F
7539,B-009515,Other
7540,B-009516,Other
7541,B-009517,Other
7542,B-009518,Other
7543,B-009520,
7544,B-009521,
7545,B-009522,
7546,B-009524,M
7547,B-009525,
7548,B-009526,
7549,B-009527,M
7550,B-009528,M
7551,B-009529,
7552,B-009532,
7553,B-009533,F
7554,B-009534,
7555,B-009535,Other
7556,B-009536,F
7557,B-009537,
7558,B-009538,F
7559,B-009539,
7560,B-009540,
7561,B-009542,F
7562,B-009543,
7563,B-009544,
7564,B-009545,F
7565,B-009546,Other
7566,B-009547,
7567,B-009548,M
7568,B-009549,M
7569,B-009550,Other
7570,B-009551,
7571,B-009552,
7572,B-009554,F
7573,B-009555,
7574,B-009556,
7575,B-009557,
7576,B-009558,M
7577,B-009559,F
7578,B-009560,Other
7579,B-009562,
7580,B-009563,
7581,B-009564,F
7582,B-009565,M
7583,B-009567,Other
7584,B-009568,
7585,B-009569,
7586,B-009570,
7587,B-009572,
7588,B-009573,
7589,B-009575,
7590,B-009576,M
7591,B-009577,M
7592,B-009579,M
7593,B-009580,F
7594,B-009581,F
7595,B-009583,
7596,B-009584,M
7597,B-009586,Other
7598,B-009587,M
7599,B-009590,
7600,B-009591,
7601,B-009592,M
7602,B-009594,
7603,B-009595,
7604,B-009597,M
7605,B-009598,F
7606,B-009599,
7607,B-009600,Other
7608,B-009602,F
7609,B-009603,
7610,B-009604,F
7611,B-009606,
7612,B-009607,
7613,B-009609,M
7614,B-009610,
7615,B-009611,Other
7616,B-009612,
7617,B-009613,Other
7618,B-009614,
7619,B-009615,M
7620,B-009616,F
7621,B-009617,
7622,B-009618,
7623,B-009620,
7624,B-009626,F
7625,B-009627,
7626,B-009628,F
7627,B-009629,
7628,B-009630,Other
7629,B-009631,
7630,B-009632,F
7631,B-009634,
7632,B-009639,
7633,B-009641,
7634,B-009642,
7635,B-009645,
7636,B-009646,
7637,B-009648,
7638,B-009650,
7639,B-009651,
7640,B-009652,M
7641,B-009655,
7642,B-009656,
7643,B-009657,M
7644,B-009658,
7645,B-009659,
7646,B-009660,Other
7647,B-009661,
7648,B-009662,
7649,B-009663,M
7650,B-009664,F
7651,B-009665,
7652,B-009666,F
7653,B-009667,
7654,B-009668,
7655,B-009669,Other
7656,B-009670,
7657,B-009671,M
7658,B-009672,
7659,B-009673,
7660,B-009674,F
7661,B-009675,M
7662,B-009676,Other
7663,B-009677,
7664,B-009678,M
7665,B-009679,
7666,B-009680,M
7667,B-009681,F
7668,B-009683,
7669,B-009684,
7670,B-009685,M
7671,B-009687,
7672,B-009688,
7673,B-009689,
7674,B-009692,
7675,B-009693,
7676,B-009695,Other
7677,B-009696,
7678,B-009697,M
7679,B-009698,
7680,B-009699,
7681,B-009700,Other
7682,B-009703,
7683,B-009705,
7684,B-009706,M
7685,B-009707,
7686,B-009708,
7687,B-009709,Other
7688,B-009710,F
7689,B-009711,
7690,B-009712,M
7691,B-009713,
7692,B-009714,
7693,B-009715,
7694,B-009717,
7695,B-009718,Other
7696,B-009720,
7697,B-009721,F
7698,B-009723,
7699,B-009724,
7700,B-009725,
7701,B-009726,Other
7702,B-009727,F
7703,B-009728,
7704,B-009729,
7705,B-009730,
7706,B-009731,
7707,B-009732,M
7708,B-009733,F
7709,B-009735,
7710,B-009736,M
7711,B-009737,
7712,B-009738,F
7713,B-009743,F
7714,B-009744,
7715,B-009745,
7716,B-009746,
7717,B-009747,M
7718,B-009748,
7719,B-009749,Other
7720,B-009750,F
7721,B-009751,M
7722,B-009752,
7723,B-009753,
7724,B-009755,Other
7725,B-009756,
7726,B-009757,Other
7727,B-009758,
7728,B-009759,F
7729,B-009760,
7730,B-009761,
7731,B-009762,F
7732,B-009764,Other
7733,B-009766,
7734,B-009767,
7735,B-009769,
7736,B-009770,
7737,B-009771,F
7738,B-009772,M
7739,B-009773,M
7740,B-009774,M
7741,B-009775,
7742,B-009776,
7743,B-009777,
7744,B-009778,
7745,B-009779,M
7746,B-009780,
7747,B-009781,
7748,B-009782,
7749,B-009783,
7750,B-009784,
7751,B-009785,
7752,B-009786,M
7753,B-009788,F
7754,B-009789,
7755,B-009791,M
7756,B-009792,Other
7757,B-009793,
7758,B-009795,Other
7759,B-009796,M
7760,B-009797,Other
7761,B-009798,
7762,B-009799,Other
7763,B-009800,
7764,B-009802,
7765,B-009803,M
7766,B-009805,Other
7767,B-009806,M
7768,B-009807,
7769,B-009808,
7770,B-009809,
7771,B-009810,F
7772,B-009811,M
7773,B-009812,
7774,B-009813,
7775,B-009816,F
7776,B-009820,
7777,B-009821,M
7778,B-009822,Other
7779,B-009823,
7780,B-009824,Other
7781,B-009825,M
7782,B-009826,
7783,B-009827,
7784,B-009828,
7785,B-009829,
7786,B-009830,
7787,B-009831,
7788,B-009832,
7789,B-009833,
7790,B-009834,M
7791,B-009835,F
7792,B-009836,
7793,B-009837,
7794,B-009838,
7795,B-009840,
7796,B-009841,M
7797,B-009842,
7798,B-009843,Other
7799,B-009845,
7800,B-009846,
7801,B-009847,Other
7802,B-009848,
7803,B-009849,F
7804,B-009850,M
7805,B-009851,Other
7806,B-009853,M
7807,B-009854,
7808,B-009855,
7809,B-009856,F
7810,B-009857,M
7811,B-009858,F
7812,B-009859,
7813,B-009860,M
7814,B-009862,
7815,B-009864,Other
7816,B-009865,
7817,B-009867,Other
7818,B-009868,
7819,B-009869,M
7820,B-009870,
7821,B-009871,
7822,B-009872,F
7823,B-009876,M
7824,B-009877,
7825,B-009878,
7826,B-009879,
7827,B-009881,M
7828,B-009883,
7829,B-009884,
7830,B-009885,M
7831,B-009886,
7832,B-009888,
7833,B-009889,
7834,B-009890,Other
7835,B-009892,M
7836,B-009893,
7837,B-009894,
7838,B-009895,
7839,B-009896,
7840,B-009899,
7841,B-009900,M
7842,B-009901,
7843,B-009903,
7844,B-009904,
7845,B-009905,
7846,B-009906,
7847,B-009907,F
7848,B-009908,
7849,B-009909,
7850,B-009912,F
7851,B-009913,
7852,B-009916,Other
7853,B-009919,
7854,B-009921,
7855,B-009922,M
7856,B-009923,
7857,B-009924,
7858,B-009925,Other
7859,B-009927,
7860,B-009928,
7861,B-009929,F
7862,B-009930,M
7863,B-009931,
7864,B-009932,
7865,B-009933,Other
7866,B-009935,
7867,B-009937,M
7868,B-009938,
7869,B-009939,
7870,B-009941,Other
7871,B-009942,M
7872,B-009943,Other
7873,B-009944,M
7874,B-009945,
7875,B-009946,M
7876,B-009947,
7877,B-009951,
7878,B-009953,M
7879,B-009955,M
7880,B-009956,F
7881,B-009957,F
7882,B-009958,
7883,B-009959,F
7884,B-009960,F
7885,B-009961,
7886,B-009962,
7887,B-009963,M
7888,B-009965,Other
7889,B-009966,
7890,B-009967,Other
7891,B-009968,Other
7892,B-009969,F
7893,B-009970,F
7894,B-009974,Other
7895,B-009976,
7896,B-009977,Other
7897,B-009978,M
7898,B-009979,Other
7899,B-009980,F
7900,B-009982,
7901,B-009984,F
7902,B-009985,Other
7903,B-009986,
7904,B-009987,F
7905,B-009989,
7906,B-009991,
7907,B-009992,
7908,B-009994,
7909,B-009995,M
7910,B-009996,Other
7911,B-009997,
7912,B-009998,Other
7913,B-009999,Other
7914,B-010000,M
7915,B-010001,M
7916,B-010002,M
7917,B-010003,
7918,B-010004,F
7919,B-010005,
7920,B-010006,F
7921,B-010007,F
7922,B-010009,
7923,B-010010,
7924,B-010011,
7925,B-010013,
7926,B-010015,
7927,B-010016,
7928,B-010017,M
7929,B-010018,M
7930,B-010019,
7931,B-010020,
7932,B-010021,
7933,B-010023,
7934,B-010024,M
7935,B-010025,Other
7936,B-010026,M
7937,B-010027,
7938,B-010028,M
7939,B-010029,M
7940,B-010030,M
7941,B-010031,F
7942,B-010033,
7943,B-010034,M
7944,B-010035,Other
7945,B-010036,
7946,B-010038,
7947,B-010040,
7948,B-010041,
7949,B-010042,
7950,B-010043,F
7951,B-010044,
7952,B-010045,F
7953,B-010046,
7954,B-010047,
7955,B-010048,Other
7956,B-010050,M
7957,B-010051,Other
7958,B-010052,
7959,B-010053,
7960,B-010054,
7961,B-010055,
7962,B-010056,F
7963,B-010057,
7964,B-010059,
7965,B-010060,
7966,B-010061,M
7967,B-010062,
7968,B-010063,
7969,B-010065,
7970,B-010068,
7971,B-010069,F
7972,B-010070,
7973,B-010073,
7974,B-010075,Other
7975,B-010076,
7976,B-010077,
7977,B-010078,
7978,B-010079,F
7979,B-010080,
7980,B-010081,F
7981,B-010082,M
7982,B-010086,
7983,B-010087,
7984,B-010089,M
7985,B-010090,
7986,B-010093,
7987,B-010094,F
7988,B-010095,
7989,B-010096,F
7990,B-010097,
7991,B-010098,
7992,B-010099,
7993,B-010100,
7994,B-010102,
7995,B-010103,
7996,B-010104,F
7997,B-010105,
7998,B-010106,F
7999,B-010107,
8000,B-010108,Other
8001,B-010109,F
8002,B-010110,
8003,B-010111,
8004,B-010112,Other
8005,B-010114,F
8006,B-010115,
8007,B-010117,
8008,B-010119,Other
8009,B-010121,
8010,B-010122,
8011,B-010123,
8012,B-010124,
8013,B-010125,
8014,B-010126,
8015,B-010127,
8016,B-010128,
8017,B-010129,M
8018,B-010130,
8019,B-010131,Other
8020,B-010132,
8021,B-010133,
8022,B-010135,
8023,B-010136,F
8024,B-010137,Other
8025,B-010138,Other
8026,B-010141,F
8027,B-010142,Other
8028,B-010143,
8029,B-010144,M
8030,B-010145,
8031,B-010147,Other
8032,B-010148,M
8033,B-010149,Other
8034,B-010151,Other
8035,B-010153,M
8036,B-010154,F
8037,B-010155,Other
8038,B-010156,
8039,B-010157,M
8040,B-010158,Other
8041,B-010160,Other
8042,B-010161,
8043,B-010162,Other
8044,B-010163,Other
8045,B-010164,
8046,B-010166,
8047,B-010167,Other
8048,B-010168,F
8049,B-010169,
8050,B-010170,
8051,B-010171,
8052,B-010172,
8053,B-010173,
8054,B-010174,Other
8055,B-010175,
8056,B-010176,Other
8057,B-010177,
8058,B-010179,
8059,B-010180,
8060,B-010181,Other
8061,B-010182,F
8062,B-010183,
8063,B-010186,
8064,B-010187,M
8065,B-010188,
8066,B-010189,
8067,B-010190,M
8068,B-010191,
8069,B-010192,Other
8070,B-010193,
8071,B-010194,F
8072,B-010195,
8073,B-010196,
8074,B-010198,F
8075,B-010199,M
8076,B-010201,
8077,B-010203,Other
8078,B-010204,Other
8079,B-010206,F
8080,B-010207,Other
8081,B-010208,M
8082,B-010209,F
8083,B-010210,
8084,B-010211,
8085,B-010212,
8086,B-010214,F
8087,B-010215,
8088,B-010216,Other
8089,B-010218,
8090,B-010219,M
8091,B-010220,F
8092,B-010221,
8093,B-010222,M
8094,B-010223,M
8095,B-010224,M
8096,B-010225,M
8097,B-010226,
8098,B-010227,
8099,B-010229,M
8100,B-010231,M
8101,B-010232,
8102,B-010234,Other
8103,B-010235,F
8104,B-010237,
8105,B-010238,
8106,B-010239,F
8107,B-010240,
8108,B-010241,
8109,B-010242,
8110,B-010243,
8111,B-010244,Other
8112,B-010246,
8113,B-010247,
8114,B-010248,
8115,B-010249,Other
8116,B-010250,M
8117,B-010251,
8118,B-010253,
8119,B-010254,Other
8120,B-010255,Other
8121,B-010256,Other
8122,B-010257,
8123,B-010258,F
8124,B-010259,F
8125,B-010260,
8126,B-010261,M
8127,B-010263,
8128,B-010264,Other
8129,B-010265,M
8130,B-010266,M
8131,B-010267,F
8132,B-010268,M
8133,B-010269,
8134,B-010270,F
8135,B-010272,F
8136,B-010273,
8137,B-010276,
8138,B-010277,M
8139,B-010278,
8140,B-010279,
8141,B-010280,F
8142,B-010281,
8143,B-010282,
8144,B-010283,M
8145,B-010284,Other
8146,B-010285,
8147,B-010286,
8148,B-010287,
8149,B-010288,
8150,B-010290,M
8151,B-010291,F
8152,B-010294,
8153,B-010296,
8154,B-010300,
8155,B-010302,
8156,B-010303,M
8157,B-010304,
8158,B-010305,M
8159,B-010306,
8160,B-010307,
8161,B-010309,F
8162,B-010311,
8163,B-010312,Other
8164,B-010314,F
8165,B-010315,
8166,B-010317,F
8167,B-010319,M
8168,B-010320,
8169,B-010321,M
8170,B-010322,F
8171,B-010323,M
8172,B-010324,F
8173,B-010325,Other
8174,B-010326,
8175,B-010328,
8176,B-010329,
8177,B-010330,
8178,B-010332,F
8179,B-010333,
8180,B-010335,M
8181,B-010336,Other
8182,B-010337,F
8183,B-010339,
8184,B-010340,
8185,B-010341,F
8186,B-010342,
8187,B-010343,F
8188,B-010344,M
8189,B-010346,
8190,B-010347,F
8191,B-010348,
8192,B-010349,Other
8193,B-010350,Other
8194,B-010351,
8195,B-010352,F
8196,B-010353,
8197,B-010354,
8198,B-010355,
8199,B-010356,
8200,B-010357,
8201,B-010358,
8202,B-010359,Other
8203,B-010360,
8204,B-010361,
8205,B-010362,M
8206,B-010363,
8207,B-010365,F
8208,B-010366,
8209,B-010367,
8210,B-010368,
8211,B-010370,M
8212,B-010371,
8213,B-010372,F
8214,B-010373,M
8215,B-010374,
8216,B-010375,F
8217,B-010376,M
8218,B-010377,
8219,B-010378,
8220,B-010380,
8221,B-010381,
8222,B-010382,M
8223,B-010383,
8224,B-010384,F
8225,B-010386,F
8226,B-010387,
8227,B-010388,Other
8228,B-010389,Other
8229,B-010392,M
8230,B-010393,Other
8231,B-010394,F
8232,B-010395,
8233,B-010396,
8234,B-010397,
8235,B-010398,
8236,B-010399,Other
8237,B-010400,
8238,B-010401,F
8239,B-010404,M
8240,B-010408,F
8241,B-010410,M
8242,B-010413,F
8243,B-010414,Other
8244,B-010415,
8245,B-010416,
8246,B-010417,
8247,B-010418,
8248,B-010419,
8249,B-010421,F
8250,B-010422,F
8251,B-010423,F
8252,B-010425,Other
8253,B-010426,F
8254,B-010427,F
8255,B-010428,
8256,B-010429,
8257,B-010431,
8258,B-010432,
8259,B-010433,M
8260,B-010434,
8261,B-010435,
8262,B-010436,
8263,B-010437,M
8264,B-010438,
8265,B-010439,F
8266,B-010440,
8267,B-010442,
8268,B-010443,
8269,B-010444,Other
8270,B-010445,M
8271,B-010446,
8272,B-010447,Other
8273,B-010449,F
8274,B-010450,Other
8275,B-010451,M
8276,B-010452,Other
8277,B-010453,M
8278,B-010454,
8279,B-010455,
8280,B-010456,
8281,B-010457,
8282,B-010458,Other
8283,B-010459,
8284,B-010460,
8285,B-010461,
8286,B-010462,Other
8287,B-010464,Other
8288,B-010465,Other
8289,B-010466,M
8290,B-010467,
8291,B-010469,Other
8292,B-010470,
8293,B-010472,M
8294,B-010473,
8295,B-010474,F
8296,B-010475,
8297,B-010476,M
8298,B-010477,
8299,B-010478,F
8300,B-010479,
8301,B-010481,F
8302,B-010482,Other
8303,B-010483,
8304,B-010484,M
8305,B-010488,F
8306,B-010490,
8307,B-010491,
8308,B-010492,F
8309,B-010494,
8310,B-010495,F
8311,B-010496,Other
8312,B-010497,
8313,B-010500,F
8314,B-010501,
8315,B-010502,Other
8316,B-010503,
8317,B-010504,
8318,B-010506,M
8319,B-010507,
8320,B-010508,M
8321,B-010509,Other
8322,B-010510,
8323,B-010511,M
8324,B-010512,Other
8325,B-010513,F
8326,B-010515,Other
8327,B-010518,
8328,B-010519,Other
8329,B-010521,Other
8330,B-010522,F
8331,B-010523,
8332,B-010524,Other
8333,B-010525,M
8334,B-010526,
8335,B-010528,
8336,B-010529,F
8337,B-010531,M
8338,B-010533,Other
8339,B-010534,
8340,B-010535,
8341,B-010536,M
8342,B-010537,F
8343,B-010538,
8344,B-010539,
8345,B-010541,
8346,B-010542,
8347,B-010543,F
8348,B-010544,
8349,B-010545,F
8350,B-010548,F
8351,B-010552,Other
8352,B-010554,
8353,B-010555,
8354,B-010557,
8355,B-010558,M
8356,B-010559,F
8357,B-010560,
8358,B-010561,
8359,B-010562,Other
8360,B-010563,
8361,B-010564,Other
8362,B-010566,
8363,B-010568,
8364,B-010569,
8365,B-010571,F
8366,B-010572,
8367,B-010573,M
8368,B-010574,
8369,B-010575,Other
8370,B-010576,
8371,B-010577,
8372,B-010578,M
8373,B-010579,M
8374,B-010580,
8375,B-010581,Other
8376,B-010582,Other
8377,B-010583,Other
8378,B-010584,
8379,B-010585,
8380,B-010586,
8381,B-010587,
8382,B-010588,M
8383,B-010589,Other
8384,B-010590,F
8385,B-010591,
8386,B-010594,Other
8387,B-010595,M
8388,B-010597,
8389,B-010599,
8390,B-010600,Other
8391,B-010602,
8392,B-010603,
8393,B-010604,
8394,B-010605,
8395,B-010606,
8396,B-010607,M
8397,B-010609,F
8398,B-010610,
8399,B-010611,
8400,B-010612,
8401,B-010613,F
8402,B-010614,
8403,B-010616,F
8404,B-010618,F
8405,B-010619,Other
8406,B-010620,
8407,B-010622,
8408,B-010623,
8409,B-010624,
8410,B-010625,F
8411,B-010626,
8412,B-010627,
8413,B-010628,Other
8414,B-010629,F
8415,B-010630,
8416,B-010631,M
8417,B-010632,
8418,B-010634,M
8419,B-010636,
8420,B-010637,
8421,B-010638,
8422,B-010639,
8423,B-010640,
8424,B-010641,
8425,B-010643,
8426,B-010647,F
8427,B-010648,F
8428,B-010650,
8429,B-010651,
8430,B-010652,
8431,B-010654,M
8432,B-010655,F
8433,B-010656,
8434,B-010658,
8435,B-010659,M
8436,B-010660,
8437,B-010663,F
8438,B-010664,M
8439,B-010666,
8440,B-010668,M
8441,B-010669,M
8442,B-010670,
8443,B-010672,
8444,B-010673,F
8445,B-010674,Other
8446,B-010675,
8447,B-010676,F
8448,B-010679,
8449,B-010681,
8450,B-010682,
8451,B-010683,F
8452,B-010684,F
8453,B-010685,
8454,B-010686,
8455,B-010687,F
8456,B-010688,
8457,B-010689,
8458,B-010691,M
8459,B-010692,
8460,B-010693,Other
8461,B-010694,Other
8462,B-010695,F
8463,B-010696,
8464,B-010697,
8465,B-010699,Other
8466,B-010702,Other
8467,B-010703,M
8468,B-010704,
8469,B-010705,
8470,B-010706,
8471,B-010707,M
8472,B-010709,Other
8473,B-010710,
8474,B-010711,
8475,B-010712,M
8476,B-010713,F
8477,B-010714,
8478,B-010716,
8479,B-010717,M
8480,B-010720,
8481,B-010721,
8482,B-010723,
8483,B-010724,M
8484,B-010725,
8485,B-010726,F
8486,B-010727,M
8487,B-010728,
8488,B-010729,
8489,B-010730,
8490,B-010731,Other
8491,B-010732,
8492,B-010733,
8493,B-010735,M
8494,B-010737,
8495,B-010738,F
8496,B-010739,
8497,B-010740,
8498,B-010741,
8499,B-010742,
8500,B-010743,Other
8501,B-010744,F
8502,B-010745,F
8503,B-010746,
8504,B-010747,F
8505,B-010748,Other
8506,B-010749,F
8507,B-010751,
8508,B-010752,F
8509,B-010753,
8510,B-010754,
8511,B-010755,M
8512,B-010756,F
8513,B-010757,
8514,B-010758,
8515,B-010759,
8516,B-010761,
8517,B-010762,
8518,B-010763,
8519,B-010764,Other
8520,B-010765,M
8521,B-010766,F
8522,B-010767,
8523,B-010768,Other
8524,B-010769,F
8525,B-010770,Other
8526,B-010771,Other
8527,B-010772,
8528,B-010773,
8529,B-010774,
8530,B-010775,
8531,B-010776,
8532,B-010777,
8533,B-010779,M
8534,B-010780,
8535,B-010781,
8536,B-010782,Other
8537,B-010783,
8538,B-010784,
8539,B-010786,
8540,B-010787,F
8541,B-010788,
8542,B-010789,F
8543,B-010790,
8544,B-010791,F
8545,B-010792,F
8546,B-010795,
8547,B-010796,
8548,B-010797,
8549,B-010798,M
8550,B-010799,
8551,B-010800,F
8552,B-010801,
8553,B-010802,
8554,B-010803,
8555,B-010804,F
8556,B-010805,
8557,B-010806,
8558,B-010807,Other
8559,B-010808,
8560,B-010809,
8561,B-010810,
8562,B-010811,F
8563,B-010813,F
8564,B-010816,Other
8565,B-010817,F
8566,B-010818,
8567,B-010820,
8568,B-010821,M
8569,B-010822,F
8570,B-010823,Other
8571,B-010824,F
8572,B-010825,
8573,B-010826,
8574,B-010827,
8575,B-010828,
8576,B-010829,
8577,B-010830,F
8578,B-010831,F
8579,B-010832,Other
8580,B-010833,M
8581,B-010835,
8582,B-010836,M
8583,B-010837,
8584,B-010839,Other
8585,B-010840,
8586,B-010841,
8587,B-010842,
8588,B-010843,
8589,B-010844,M
8590,B-010845,
8591,B-010846,
8592,B-010847,M
8593,B-010848,
8594,B-010849,F
8595,B-010850,M
8596,B-010851,Other
8597,B-010852,M
8598,B-010853,M
8599,B-010854,M
8600,B-010855,
8601,B-010856,Other
8602,B-010857,
8603,B-010858,F
8604,B-010859,M
8605,B-010861,F
8606,B-010862,Other
8607,B-010863,Other
8608,B-010864,
8609,B-010865,Other
8610,B-010866,
8611,B-010869,F
8612,B-010870,F
8613,B-010871,M
8614,B-010872,
8615,B-010873,M
8616,B-010875,
8617,B-010877,
8618,B-010878,F
8619,B-010879,M
8620,B-010880,F
8621,B-010881,
8622,B-010882,
8623,B-010884,
8624,B-010885,
8625,B-010886,
8626,B-010887,
8627,B-010888,Other
8628,B-010889,Other
8629,B-010890,M
8630,B-010892,
8631,B-010894,Other
8632,B-010896,
8633,B-010898,
8634,B-010899,M
8635,B-010900,Other
8636,B-010901,
8637,B-010903,Other
8638,B-010907,
8639,B-010908,M
8640,B-010911,Other
8641,B-010912,
8642,B-010913,
8643,B-010914,
8644,B-010915,
8645,B-010916,
8646,B-010917,
8647,B-010920,Other
8648,B-010922,
8649,B-010924,
8650,B-010925,
8651,B-010926,Other
8652,B-010927,M
8653,B-010929,
8654,B-010930,
8655,B-010931,
8656,B-010932,
8657,B-010933,
8658,B-010934,
8659,B-010936,
8660,B-010937,
8661,B-010938,M
8662,B-010939,
8663,B-010941,F
8664,B-010942,
8665,B-010944,
8666,B-010945,F
8667,B-010947,F
8668,B-010949,
8669,B-010950,F
8670,B-010952,M
8671,B-010953,F
8672,B-010954,F
8673,B-010955,Other
8674,B-010957,
8675,B-010960,
8676,B-010961,
8677,B-010962,
8678,B-010965,M
8679,B-010966,Other
8680,B-010969,Other
8681,B-010970,
8682,B-010971,Other
8683,B-010972,
8684,B-010973,
8685,B-010974,M
8686,B-010975,
8687,B-010978,
8688,B-010979,
8689,B-010980,Other
8690,B-010982,
8691,B-010983,
8692,B-010984,
8693,B-010985,Other
8694,B-010986,
8695,B-010987,
8696,B-010988,Other
8697,B-010991,Other
8698,B-010992,Other
8699,B-010993,F
8700,B-010994,
8701,B-010995,Other
8702,B-010996,
8703,B-010998,F
8704,B-010999,
8705,B-011000,M
8706,B-011001,Other
8707,B-011002,M
8708,B-011003,
8709,B-011004,
8710,B-011005,
8711,B-011006,F
8712,B-011007,
8713,B-011008,M
8714,B-011009,
8715,B-011012,
8716,B-011013,
8717,B-011015,F
8718,B-011016,
8719,B-011017,
8720,B-011018,Other
8721,B-011019,
8722,B-011020,
8723,B-011023,M
8724,B-011024,Other
8725,B-011025,Other
8726,B-011027,M
8727,B-011029,
8728,B-011030,
8729,B-011031,M
8730,B-011032,F
8731,B-011033,F
8732,B-011034,F
8733,B-011035,M
8734,B-011036,M
8735,B-011037,
8736,B-011038,
8737,B-011039,
8738,B-011040,
8739,B-011042,Other
8740,B-011043,M
8741,B-011044,
8742,B-011045,Other
8743,B-011046,
8744,B-011047,F
8745,B-011048,
8746,B-011049,F
8747,B-011051,F
8748,B-011052,Other
8749,B-011054,
8750,B-011059,F
8751,B-011060,Other
8752,B-011061,Other
8753,B-011062,
8754,B-011063,F
8755,B-011064,
8756,B-011065,F
8757,B-011068,
8758,B-011070,
8759,B-011072,
8760,B-011073,M
8761,B-011074,
8762,B-011075,F
8763,B-011076,M
8764,B-011077,M
8765,B-011079,
8766,B-011081,
8767,B-011086,
8768,B-011087,F
8769,B-011088,
8770,B-011089,
8771,B-011090,
8772,B-011091,
8773,B-011093,
8774,B-011094,
8775,B-011096,M
8776,B-011097,
8777,B-011098,Other
8778,B-011100,
8779,B-011101,Other
8780,B-011104,
8781,B-011105,
8782,B-011107,M
8783,B-011108,
8784,B-011109,
8785,B-011110,M
8786,B-011111,
8787,B-011112,
8788,B-011113,
8789,B-011114,Other
8790,B-011115,F
8791,B-011116,M
8792,B-011117,
8793,B-011118,F
8794,B-011119,F
8795,B-011120,Other
8796,B-011121,M
8797,B-011122,Other
8798,B-011123,F
8799,B-011124,M
8800,B-011125,
8801,B-011126,
8802,B-011127,Other
8803,B-011128,
8804,B-011129,F
8805,B-011130,Other
8806,B-011131,
8807,B-011132,Other
8808,B-011133,
8809,B-011134,Other
8810,B-011135,
8811,B-011136,
8812,B-011137,
8813,B-011138,
8814,B-011140,M
8815,B-011141,Other
8816,B-011142,
8817,B-011143,
8818,B-011144,
8819,B-011145,
8820,B-011146,Other
8821,B-011147,
8822,B-011148,F
8823,B-011150,
8824,B-011151,F
8825,B-011152,F
8826,B-011153,
8827,B-011154,F
8828,B-011155,
8829,B-011156,
8830,B-011157,
8831,B-011160,F
8832,B-011161,
8833,B-011162,F
8834,B-011164,F
8835,B-011165,
8836,B-011166,
8837,B-011167,
8838,B-011168,
8839,B-011169,M
8840,B-011171,
8841,B-011172,M
8842,B-011173,Other
8843,B-011174,F
8844,B-011175,M
8845,B-011177,F
8846,B-011178,Other
8847,B-011179,
8848,B-011182,F
8849,B-011183,
8850,B-011184,F
8851,B-011185,
8852,B-011186,
8853,B-011187,M
8854,B-011188,
8855,B-011189,Other
8856,B-011191,M
8857,B-011192,
8858,B-011193,
8859,B-011194,
8860,B-011196,M
8861,B-011197,
8862,B-011198,
8863,B-011199,
8864,B-011200,
8865,B-011201,F
8866,B-011202,M
8867,B-011203,
8868,B-011204,F
8869,B-011205,Other
8870,B-011206,
8871,B-011207,
8872,B-011208,F
8873,B-011209,Other
8874,B-011210,
8875,B-011211,M
8876,B-011212,
8877,B-011213,M
8878,B-011215,
8879,B-011216,
8880,B-011217,
8881,B-011218,
8882,B-011219,
8883,B-011220,F
8884,B-011221,F
8885,B-011222,F
8886,B-011223,
8887,B-011224,F
8888,B-011225,
8889,B-011226,
8890,B-011228,M
8891,B-011229,Other
8892,B-011230,
8893,B-011231,M
8894,B-011232,
8895,B-011233,F
8896,B-011236,Other
8897,B-011237,
8898,B-011238,
8899,B-011239,M
8900,B-011240,Other
8901,B-011241,
8902,B-011242,
8903,B-011245,
8904,B-011246,
8905,B-011247,
8906,B-011248,
8907,B-011250,M
8908,B-011252,
8909,B-011253,
8910,B-011254,M
8911,B-011257,
8912,B-011259,F
8913,B-011260,Other
8914,B-011261,
8915,B-011262,F
8916,B-011263,Other
8917,B-011264,
8918,B-011265,
8919,B-011266,
8920,B-011267,M
8921,B-011268,
8922,B-011269,F
8923,B-011270,
8924,B-011271,Other
8925,B-011272,
8926,B-011274,
8927,B-011275,Other
8928,B-011276,
8929,B-011277,M
8930,B-011278,
8931,B-011279,M
8932,B-011281,
8933,B-011282,
8934,B-011283,
8935,B-011285,M
8936,B-011286,F
8937,B-011287,
8938,B-011288,F
8939,B-011289,F
8940,B-011290,M
8941,B-011292,Other
8942,B-011293,F
8943,B-011294,Other
8944,B-011295,F
8945,B-011296,Other
8946,B-011297,
8947,B-011298,M
8948,B-011299,F
8949,B-011301,
8950,B-011302,M
8951,B-011304,M
8952,B-011305,
8953,B-011306,M
8954,B-011308,
8955,B-011310,M
8956,B-011311,
8957,B-011312,Other
8958,B-011314,Other
8959,B-011315,Other
8960,B-011318,Other
8961,B-011320,F
8962,B-011321,F
8963,B-011322,F
8964,B-011323,F
8965,B-011324,
8966,B-011325,
8967,B-011328,Other
8968,B-011329,
8969,B-011330,
8970,B-011331,M
8971,B-011332,
8972,B-011333,
8973,B-011334,
8974,B-011335,
8975,B-011336,F
8976,B-011337,
8977,B-011338,M
8978,B-011339,
8979,B-011341,F
8980,B-011342,
8981,B-011343,
8982,B-011344,F
8983,B-011346,M
8984,B-011347,
8985,B-011348,
8986,B-011350,Other
8987,B-011352,
8988,B-011353,
8989,B-011354,M
8990,B-011357,Other
8991,B-011358,F
8992,B-011359,M
8993,B-011361,
8994,B-011362,M
8995,B-011363,
8996,B-011365,M
8997,B-011366,
8998,B-011367,
8999,B-011368,F
9000,B-011370,
9001,B-011372,M
9002,B-011373,
9003,B-011374,F
9004,B-011376,
9005,B-011377,
9006,B-011378,M
9007,B-011380,
9008,B-011381,
9009,B-011383,M
9010,B-011384,
9011,B-011385,F
9012,B-011386,F
9013,B-011388,
9014,B-011389,
9015,B-011390,
9016,B-011391,
9017,B-011394,F
9018,B-011395,Other
9019,B-011396,
9020,B-011397,M
9021,B-011398,
9022,B-011399,
9023,B-011400,
9024,B-011401,
9025,B-011402,M
9026,B-011403,
9027,B-011404,M
9028,B-011405,Other
9029,B-011406,M
9030,B-011407,
9031,B-011408,Other
9032,B-011409,Other
9033,B-011410,Other
9034,B-011411,M
9035,B-011412,
9036,B-011414,
9037,B-011415,Other
9038,B-011416,F
9039,B-011417,Other
9040,B-011418,F
9041,B-011419,
9042,B-011420,
9043,B-011421,
9044,B-011422,
9045,B-011423,F
9046,B-011425,Other
9047,B-011427,
9048,B-011428,
9049,B-011430,
9050,B-011431,
9051,B-011433,
9052,B-011434,F
9053,B-011437,
9054,B-011438,M
9055,B-011441,F
9056,B-011442,M
9057,B-011444,F
9058,B-011445,
9059,B-011446,Other
9060,B-011448,M
9061,B-011449,F
9062,B-011450,
9063,B-011451,F
9064,B-011453,
9065,B-011454,Other
9066,B-011456,F
9067,B-011458,
9068,B-011459,
9069,B-011460,
9070,B-011461,
9071,B-011463,
9072,B-011464,Other
9073,B-011467,
9074,B-011468,
9075,B-011470,Other
9076,B-011471,Other
9077,B-011472,Other
9078,B-011473,Other
9079,B-011475,F
9080,B-011477,M
9081,B-011478,M
9082,B-011479,
9083,B-011480,Other
9084,B-011481,F
9085,B-011482,Other
9086,B-011483,
9087,B-011484,M
9088,B-011485,M
9089,B-011487,
9090,B-011488,F
9091,B-011489,
9092,B-011490,
9093,B-011491,M
9094,B-011493,M
9095,B-011494,Other
9096,B-011495,M
9097,B-011496,
9098,B-011498,F
9099,B-011499,Other
9100,B-011500,
9101,B-011501,
9102,B-011503,
9103,B-011504,
9104,B-011505,
9105,B-011506,M
9106,B-011507,Other
9107,B-011508,
9108,B-011510,
9109,B-011511,
9110,B-011512,
9111,B-011514,
9112,B-011515,
9113,B-011516,M
9114,B-011517,Other
9115,B-011520,
9116,B-011521,
9117,B-011522,
9118,B-011523,
9119,B-011524,
9120,B-011525,
9121,B-011526,
9122,B-011527,F
9123,B-011528,M
9124,B-011529,
9125,B-011530,F
9126,B-011531,Other
9127,B-011532,F
9128,B-011533,
9129,B-011534,M
9130,B-011535,Other
9131,B-011537,Other
9132,B-011538,
9133,B-011539,Other
9134,B-011540,
9135,B-011541,
9136,B-011542,F
9137,B-011543,
9138,B-011544,
9139,B-011545,
9140,B-011546,
9141,B-011547,
9142,B-011548,Other
9143,B-011549,Other
9144,B-011550,
9145,B-011552,Other
9146,B-011553,Other
9147,B-011554,Other
9148,B-011555,
9149,B-011556,M
9150,B-011559,Other
9151,B-011560,
9152,B-011561,
9153,B-011562,
9154,B-011563,
9155,B-011564,
9156,B-011567,M
9157,B-011568,Other
9158,B-011569,
9159,B-011571,Other
9160,B-011574,
9161,B-011575,Other
9162,B-011577,F
9163,B-011578,
9164,B-011580,
9165,B-011581,
9166,B-011583,
9167,B-011585,M
9168,B-011586,
9169,B-011587,
9170,B-011589,Other
9171,B-011590,
9172,B-011593,
9173,B-011594,
9174,B-011595,F
9175,B-011596,
9176,B-011597,Other
9177,B-011598,M
9178,B-011599,M
9179,B-011600,
9180,B-011601,Other
9181,B-011602,
9182,B-011605,M
9183,B-011606,
9184,B-011607,F
9185,B-011608,Other
9186,B-011610,
9187,B-011611,Other
9188,B-011612,Other
9189,B-011615,
9190,B-011617,
9191,B-011618,
9192,B-011619,
9193,B-011620,M
9194,B-011621,F
9195,B-011622,
9196,B-011623,
9197,B-011625,
9198,B-011626,M
9199,B-011627,Other
9200,B-011628,
9201,B-011630,
9202,B-011631,M
9203,B-011632,
9204,B-011633,
9205,B-011634,
9206,B-011635,F
9207,B-011636,
9208,B-011637,
9209,B-011639,Other
9210,B-011640,
9211,B-011641,
9212,B-011642,
9213,B-011643,F
9214,B-011644,Other
9215,B-011645,Other
9216,B-011646,M
9217,B-011648,M
9218,B-011650,
9219,B-011651,
9220,B-011652,
9221,B-011653,
9222,B-011655,
9223,B-011657,
9224,B-011659,M
9225,B-011660,F
9226,B-011662,M
9227,B-011663,F
9228,B-011664,Other
9229,B-011666,
9230,B-011667,
9231,B-011668,F
9232,B-011669,
9233,B-011670,
9234,B-011671,
9235,B-011672,F
9236,B-011673,F
9237,B-011674,
9238,B-011675,M
9239,B-011676,
9240,B-011677,Other
9241,B-011679,Other
9242,B-011681,F
9243,B-011682,F
9244,B-011683,M
9245,B-011686,F
9246,B-011689,
9247,B-011690,M
9248,B-011693,
9249,B-011694,F
9250,B-011695,
9251,B-011696,
9252,B-011697,
9253,B-011698,Other
9254,B-011699,
9255,B-011701,Other
9256,B-011702,
9257,B-011703,Other
9258,B-011704,M
9259,B-011705,F
9260,B-011707,F
9261,B-011708,F
9262,B-011709,F
9263,B-011710,F
9264,B-011712,
9265,B-011713,
9266,B-011714,
9267,B-011717,M
9268,B-011718,
9269,B-011719,Other
9270,B-011720,
9271,B-011721,F
9272,B-011722,
9273,B-011725,
9274,B-011726,
9275,B-011727,Other
9276,B-011728,F
9277,B-011729,M
9278,B-011730,Other
9279,B-011731,M
9280,B-011732,
9281,B-011736,
9282,B-011737,Other
9283,B-011739,
9284,B-011741,
9285,B-011742,
9286,B-011743,
9287,B-011744,
9288,B-011745,F
9289,B-011746,
9290,B-011747,M
9291,B-011748,
9292,B-011749,
9293,B-011750,
9294,B-011751,
9295,B-011753,
9296,B-011754,Other
9297,B-011755,Other
9298,B-011757,Other
9299,B-011761,
9300,B-011762,
9301,B-011763,F
9302,B-011764,
9303,B-011765,
9304,B-011766,F
9305,B-011768,
9306,B-011769,
9307,B-011770,
9308,B-011773,
9309,B-011774,
9310,B-011775,M
9311,B-011776,Other
9312,B-011777,
9313,B-011778,M
9314,B-011779,
9315,B-011782,Other
9316,B-011784,
9317,B-011785,
9318,B-011786,
9319,B-011788,
9320,B-011789,M
9321,B-011790,M
9322,B-011791,
9323,B-011793,
9324,B-011794,
9325,B-011797,F
9326,B-011798,
9327,B-011800,
9328,B-011801,
9329,B-011802,
9330,B-011803,
9331,B-011804,Other
9332,B-011805,
9333,B-011806,F
9334,B-011807,
9335,B-011808,
9336,B-011809,
9337,B-011810,
9338,B-011811,M
9339,B-011812,
9340,B-011813,F
9341,B-011814,Other
9342,B-011815,
9343,B-011817,
9344,B-011819,Other
9345,B-011820,Other
9346,B-011821,M
9347,B-011822,M
9348,B-011823,
9349,B-011824,F
9350,B-011825,M
9351,B-011826,
9352,B-011827,F
9353,B-011828,
9354,B-011830,M
9355,B-011833,
9356,B-011834,M
9357,B-011836,Other
9358,B-011837,
9359,B-011838,M
9360,B-011840,
9361,B-011843,
9362,B-011846,
9363,B-011849,
9364,B-011850,
9365,B-011851,
9366,B-011852,F
9367,B-011854,
9368,B-011855,
9369,B-011856,
9370,B-011857,
9371,B-011858,
9372,B-011859,Other
9373,B-011860,Other
9374,B-011862,Other
9375,B-011864,
9376,B-011865,Other
9377,B-011866,F
9378,B-011867,M
9379,B-011868,M
9380,B-011869,
9381,B-011870,F
9382,B-011871,
9383,B-011872,F
9384,B-011874,M
9385,B-011875,
9386,B-011876,M
9387,B-011877,Other
9388,B-011878,
9389,B-011879,
9390,B-011880,M
9391,B-011881,M
9392,B-011882,
9393,B-011883,
9394,B-011885,M
9395,B-011886,M
9396,B-011887,M
9397,B-011888,
9398,B-011889,
9399,B-011891,F
9400,B-011893,M
9401,B-011894,
9402,B-011895,
9403,B-011896,F
9404,B-011897,
9405,B-011898,Other
9406,B-011899,Other
9407,B-011900,
9408,B-011901,
9409,B-011902,F
9410,B-011903,M
9411,B-011904,Other
9412,B-011905,
9413,B-011906,F
9414,B-011908,M
9415,B-011910,Other
9416,B-011911,Other
9417,B-011912,Other
9418,B-011913,Other
9419,B-011914,F
9420,B-011916,
9421,B-011918,M
9422,B-011919,F
9423,B-011920,M
9424,B-011921,
9425,B-011922,
9426,B-011924,M
9427,B-011925,
9428,B-011927,Other
9429,B-011928,Other
9430,B-011929,Other
9431,B-011930,Other
9432,B-011932,
9433,B-011933,
9434,B-011934,F
9435,B-011935,
9436,B-011936,
9437,B-011937,F
9438,B-011938,
9439,B-011939,F
9440,B-011941,F
9441,B-011942,
9442,B-011943,
9443,B-011945,F
9444,B-011947,
9445,B-011948,Other
9446,B-011949,Other
9447,B-011950,F
9448,B-011951,
9449,B-011952,Other
9450,B-011953,Other
9451,B-011955,
9452,B-011956,
9453,B-011957,
9454,B-011959,F
9455,B-011960,
9456,B-011961,
9457,B-011963,M
9458,B-011964,
9459,B-011965,M
9460,B-011966,F
9461,B-011967,F
9462,B-011969,Other
9463,B-011970,
9464,B-011972,
9465,B-011973,M
9466,B-011974,
9467,B-011976,M
9468,B-011977,
9469,B-011979,M
9470,B-011980,F
9471,B-011981,
9472,B-011982,M
9473,B-011985,
9474,B-011986,M
9475,B-011987,
9476,B-011989,
9477,B-011990,M
9478,B-011992,Other
9479,B-011994,
9480,B-011995,F
9481,B-011996,M
9482,B-011997,M
9483,B-011998,Other
9484,B-011999,M
9485,B-012000,Other
9486,B-012001,F
9487,B-012003,
9488,B-012004,
9489,B-012006,
9490,B-012007,
9491,B-012008,Other
9492,B-012010,
9493,B-012011,
9494,B-012013,Other
9495,B-012014,
9496,B-012015,F
9497,B-012016,F
9498,B-012017,
9499,B-012018,
9500,B-012019,
9501,B-012020,
9502,B-012021,
9503,B-012022,Other
9504,B-012023,M
9505,B-012025,
9506,B-012028,
9507,B-012029,M
9508,B-012031,
9509,B-012032,Other
9510,B-012034,M
9511,B-012036,M
9512,B-012037,F
9513,B-012038,Other
9514,B-012039,Other
9515,B-012041,F
9516,B-012042,Other
9517,B-012043,Other
9518,B-012044,
9519,B-012045,
9520,B-012046,Other
9521,B-012048,
9522,B-012049,Other
9523,B-012050,
9524,B-012051,M
9525,B-012053,
9526,B-012054,
9527,B-012055,F
9528,B-012056,
9529,B-012057,
9530,B-012058,
9531,B-012060,
9532,B-012061,
9533,B-012062,M
9534,B-012063,
9535,B-012064,
9536,B-012065,M
9537,B-012067,M
9538,B-012068,
9539,B-012069,Other
9540,B-012070,Other
9541,B-012071,
9542,B-012072,
9543,B-012073,
9544,B-012074,
9545,B-012075,
9546,B-012076,
9547,B-012077,Other
9548,B-012078,
9549,B-012080,
9550,B-012082,
9551,B-012083,
9552,B-012085,
9553,B-012086,
9554,B-012087,M
9555,B-012088,
9556,B-012089,
9557,B-012091,F
9558,B-012092,M
9559,B-012093,
9560,B-012094,
9561,B-012095,F
9562,B-012096,
9563,B-012097,
9564,B-012098,F
9565,B-012099,
9566,B-012100,Other
9567,B-012101,
9568,B-012102,
9569,B-012103,
9570,B-012105,
9571,B-012107,
9572,B-012108,
9573,B-012109,M
9574,B-012110,
9575,B-012111,
9576,B-012113,M
9577,B-012114,
9578,B-012115,F
9579,B-012116,Other
9580,B-012117,M
9581,B-012118,Other
9582,B-012120,
9583,B-012121,F
9584,B-012122,
9585,B-012123,F
9586,B-012124,Other
9587,B-012125,
9588,B-012126,F
9589,B-012131,Other
9590,B-012135,
9591,B-012136,M
9592,B-012138,
9593,B-012139,M
9594,B-012141,F
9595,B-012142,
9596,B-012143,F
9597,B-012144,M
9598,B-012145,
9599,B-012146,Other
9600,B-012147,M
9601,B-012148,
9602,B-012151,
9603,B-012152,
9604,B-012154,M
9605,B-012156,F
9606,B-012157,Other
9607,B-012158,
9608,B-012160,
9609,B-012161,M
9610,B-012162,M
9611,B-012163,
9612,B-012164,
9613,B-012165,
9614,B-012166,
9615,B-012167,
9616,B-012169,
9617,B-012172,M
9618,B-012173,F
9619,B-012174,
9620,B-012176,
9621,B-012178,
9622,B-012179,F
9623,B-012182,
9624,B-012183,M
9625,B-012184,
9626,B-012185,
9627,B-012186,
9628,B-012187,F
9629,B-012188,Other
9630,B-012191,M
9631,B-012193,
9632,B-012194,Other
9633,B-012196,M
9634,B-012197,Other
9635,B-012198,
9636,B-012199,
9637,B-012200,
9638,B-012201,
9639,B-012202,
9640,B-012204,
9641,B-012205,M
9642,B-012206,F
9643,B-012207,Other
9644,B-012208,
9645,B-012209,M
9646,B-012210,F
9647,B-012211,F
9648,B-012212,
9649,B-012213,M
9650,B-012214,F
9651,B-012215,Other
9652,B-012216,M
9653,B-012217,
9654,B-012218,Other
9655,B-012219,F
9656,B-012220,M
9657,B-012222,
9658,B-012224,M
9659,B-012225,
9660,B-012226,
9661,B-012228,F
9662,B-012229,
9663,B-012230,
9664,B-012231,F
9665,B-012233,
9666,B-012234,
9667,B-012235,
9668,B-012236,
9669,B-012237,M
9670,B-012238,Other
9671,B-012239,
9672,B-012240,M
9673,B-012242,
9674,B-012243,
9675,B-012245,
9676,B-012246,Other
9677,B-012247,F
9678,B-012249,F
9679,B-012250,
9680,B-012252,F
9681,B-012253,
9682,B-012254,Other
9683,B-012256,
9684,B-012258,
9685,B-012260,
9686,B-012261,M
9687,B-012263,
9688,B-012264,
9689,B-012265,
9690,B-012266,
9691,B-012267,Other
9692,B-012268,
9693,B-012269,
9694,B-012270,
9695,B-012271,F
9696,B-012273,
9697,B-012274,
9698,B-012275,Other
9699,B-012276,F
9700,B-012278,
9701,B-012279,F
9702,B-012280,
9703,B-012281,
9704,B-012283,M
9705,B-012284,M
9706,B-012286,
9707,B-012287,
9708,B-012290,
9709,B-012291,
9710,B-012292,
9711,B-012293,
9712,B-012294,
9713,B-012295,Other
9714,B-012296,
9715,B-012297,
9716,B-012298,M
9717,B-012299,
9718,B-012300,
9719,B-012301,Other
9720,B-012302,
9721,B-012303,
9722,B-012304,F
9723,B-012305,
9724,B-012306,
9725,B-012308,Other
9726,B-012309,Other
9727,B-012310,
9728,B-012312,
9729,B-012313,
9730,B-012314,F
9731,B-012315,Other
9732,B-012316,Other
9733,B-012318,F
9734,B-012319,Other
9735,B-012321,M
9736,B-012322,
9737,B-012323,
9738,B-012324,
9739,B-012326,
9740,B-012328,
9741,B-012329,M
9742,B-012330,M
9743,B-012331,
9744,B-012332,
9745,B-012334,Other
9746,B-012335,
9747,B-012336,Other
9748,B-012337,F
9749,B-012340,
9750,B-012341,
9751,B-012343,Other
9752,B-012344,Other
9753,B-012345,
9754,B-012347,
9755,B-012348,
9756,B-012349,
9757,B-012351,
9758,B-012353,
9759,B-012354,M
9760,B-012355,F
9761,B-012357,Other
9762,B-012358,Other
9763,B-012359,F
9764,B-012360,
9765,B-012361,
9766,B-012363,M
9767,B-012364,M
9768,B-012366,F
9769,B-012369,M
9770,B-012370,
9771,B-012371,Other
9772,B-012372,
9773,B-012373,
9774,B-012374,
9775,B-012376,F
9776,B-012377,M
9777,B-012378,
9778,B-012380,F
9779,B-012382,F
9780,B-012383,
9781,B-012384,F
9782,B-012385,Other
9783,B-012386,
9784,B-012387,M
9785,B-012388,
9786,B-012389,
9787,B-012390,
9788,B-012391,
9789,B-012392,
9790,B-012393,F
9791,B-012395,F
9792,B-012396,
9793,B-012398,Other
9794,B-012399,
9795,B-012400,
9796,B-012401,
9797,B-012403,F
9798,B-012404,Other
9799,B-012405,
9800,B-012406,
9801,B-012407,
9802,B-012410,Other
9803,B-012411,M
9804,B-012412,M
9805,B-012414,Other
9806,B-012415,M
9807,B-012416,
9808,B-012417,
9809,B-012419,
9810,B-012420,M
9811,B-012421,M
9812,B-012422,
9813,B-012423,
9814,B-012424,
9815,B-012425,F
9816,B-012426,F
9817,B-012427,Other
9818,B-012428,Other
9819,B-012429,F
9820,B-012430,
9821,B-012431,
9822,B-012432,M
9823,B-012434,F
9824,B-012436,
9825,B-012437,F
9826,B-012438,Other
9827,B-012439,
9828,B-012440,
9829,B-012441,
9830,B-012442,M
9831,B-012444,Other
9832,B-012445,
9833,B-012447,M
9834,B-012448,Other
9835,B-012449,M
9836,B-012450,Other
9837,B-012452,F
9838,B-012453,
9839,B-012454,
9840,B-012455,
9841,B-012456,
9842,B-012457,
9843,B-012458,M
9844,B-012459,Other
9845,B-012460,F
9846,B-012462,
9847,B-012464,
9848,B-012465,F
9849,B-012466,
9850,B-012467,Other
9851,B-012469,
9852,B-012470,Other
9853,B-012471,
9854,B-012472,
9855,B-012473,M
9856,B-012474,
9857,B-012475,M
9858,B-012476,
9859,B-012478,
9860,B-012479,
9861,B-012480,
9862,B-012482,
9863,B-012483,
9864,B-012485,
9865,B-012486,Other
9866,B-012487,
9867,B-012489,F
9868,B-012490,Other
9869,B-012491,
9870,B-012492,
9871,B-012493,Other
9872,B-012494,
9873,B-012495,
9874,B-012497,
9875,B-012498,
9876,B-012499,F
9877,B-012500,
9878,B-012501,F
9879,B-012504,M
9880,B-012505,
9881,B-012506,
9882,B-012507,
9883,B-012508,
9884,B-012509,
9885,B-012511,
9886,B-012512,
9887,B-012514,
9888,B-012516,F
9889,B-012518,Other
9890,B-012519,F
9891,B-012520,M
9892,B-012521,Other
9893,B-012522,
9894,B-012523,
9895,B-012525,
9896,B-012526,
9897,B-012527,
9898,B-012528,
9899,B-012530,
9900,B-012533,
9901,B-012534,
9902,B-012535,
9903,B-012536,
9904,B-012537,
9905,B-012539,
9906,B-012540,
9907,B-012541,Other
9908,B-012542,
9909,B-012543,M
9910,B-012544,
9911,B-012545,Other
9912,B-012546,F
9913,B-012548,
9914,B-012549,
9915,B-012550,M
9916,B-012551,F
9917,B-012552,
9918,B-012553,
9919,B-012554,M
9920,B-012555,
9921,B-012556,M
9922,B-012557,
9923,B-012559,
9924,B-012561,
9925,B-012562,
9926,B-012565,
9927,B-012566,F
9928,B-012567,M
9929,B-012568,
9930,B-012569,F
9931,B-012570,Other
9932,B-012572,M
9933,B-012573,F
9934,B-012574,
9935,B-012575,F
9936,B-012576,
9937,B-012578,Other
9938,B-012580,Other
9939,B-012581,
9940,B-012582,
9941,B-012583,
9942,B-012584,
9943,B-012585,
9944,B-012586,
9945,B-012587,Other
9946,B-012588,M
9947,B-012589,Other
9948,B-012590,
9949,B-012591,Other
9950,B-012592,
9951,B-012593,
9952,B-012594,
9953,B-012598,M
9954,B-012599,
9955,B-012600,
9956,B-012601,F
9957,B-012602,
9958,B-012603,
9959,B-012604,Other
9960,B-012606,
9961,B-012607,
9962,B-012608,
9963,B-012609,M
9964,B-012611,Other
9965,B-012613,F
9966,B-012614,Other
9967,B-012616,
9968,B-012617,
9969,B-012618,
9970,B-012620,
9971,B-012622,
9972,B-012623,F
9973,B-012624,F
9974,B-012625,M
9975,B-012626,M
9976,B-012628,M
9977,B-012629,
9978,B-012631,M
9979,B-012632,M
9980,B-012633,
9981,B-012635,
9982,B-012636,
9983,B-012637,M
9984,B-012638,M
9985,B-012639,
9986,B-012641,F
9987,B-012642,
9988,B-012644,
9989,B-012645,
9990,B-012646,F
9991,B-012647,
9992,B-012650,Other
9993,B-012651,
9994,B-012652,
9995,B-012654,
9996,B-012658,
9997,B-012659,Other
9998,B-012660,
9999,B-012661,M
10000,B-012662,Other
10001,B-012663,
10002,B-012665,F
10003,B-012666,M
10004,B-012667,M
10005,B-012668,
10006,B-012670,
10007,B-012671,F
10008,B-012672,F
10009,B-012673,
10010,B-012674,
10011,B-012675,
10012,B-012676,
10013,B-012677,Other
10014,B-012678,
10015,B-012679,
10016,B-012680,Other
10017,B-012681,
10018,B-012682,
10019,B-012683,
10020,B-012685,
10021,B-012687,
10022,B-012688,F
10023,B-012689,M
10024,B-012690,F
10025,B-012691,F
10026,B-012692,
10027,B-012694,M
10028,B-012695,
10029,B-012696,
10030,B-012699,Other
10031,B-012700,
10032,B-012701,
10033,B-012702,F
10034,B-012703,F
10035,B-012705,Other
10036,B-012706,
10037,B-012707,M
10038,B-012708,Other
10039,B-012709,M
10040,B-012710,
10041,B-012712,F
10042,B-012713,
10043,B-012714,Other
10044,B-012715,
10045,B-012716,
10046,B-012717,
10047,B-012718,M
10048,B-012720,F
10049,B-012721,
10050,B-012722,
10051,B-012723,
10052,B-012724,
10053,B-012726,F
10054,B-012727,
10055,B-012728,Other
10056,B-012729,
10057,B-012730,
10058,B-012731,Other
10059,B-012732,
10060,B-012733,Other
10061,B-012735,Other
10062,B-012736,
10063,B-012737,F
10064,B-012738,
10065,B-012740,
10066,B-012741,
10067,B-012742,F
10068,B-012743,
10069,B-012744,
10070,B-012747,Other
10071,B-012748,F
10072,B-012750,
10073,B-012752,
10074,B-012753,F
10075,B-012754,F
10076,B-012755,M
10077,B-012757,F
10078,B-012758,Other
10079,B-012759,
10080,B-012760,M
10081,B-012761,
10082,B-012762,
10083,B-012763,
10084,B-012765,
10085,B-012766,
10086,B-012768,
10087,B-012770,
10088,B-012771,
10089,B-012772,M
10090,B-012773,
10091,B-012774,
10092,B-012775,
10093,B-012776,
10094,B-012777,Other
10095,B-012778,F
10096,B-012779,
10097,B-012780,
10098,B-012781,
10099,B-012782,
10100,B-012784,
10101,B-012785,F
10102,B-012786,Other
10103,B-012791,
10104,B-012792,
10105,B-012793,Other
10106,B-012794,
10107,B-012795,
10108,B-012796,M
10109,B-012797,M
10110,B-012798,F
10111,B-012799,
10112,B-012801,Other
10113,B-012803,
10114,B-012804,Other
10115,B-012805,
10116,B-012807,F
10117,B-012808,
10118,B-012809,
10119,B-012810,Other
10120,B-012811,
10121,B-012813,
10122,B-012814,
10123,B-012815,
10124,B-012816,M
10125,B-012817,
10126,B-012818,
10127,B-012819,F
10128,B-012820,Other
10129,B-012821,M
10130,B-012822,
10131,B-012824,
10132,B-012827,
10133,B-012828,
10134,B-012829,
10135,B-012830,
10136,B-012831,
10137,B-012832,
10138,B-012833,F
10139,B-012834,M
10140,B-012835,Other
10141,B-012837,Other
10142,B-012839,
10143,B-012840,M
10144,B-012842,
10145,B-012843,
10146,B-012844,
10147,B-012845,M
10148,B-012846,Other
10149,B-012847,Other
10150,B-012848,
10151,B-012849,
10152,B-012850,
10153,B-012851,
10154,B-012853,
10155,B-012855,Other
10156,B-012857,Other
10157,B-012858,
10158,B-012859,Other
10159,B-012861,
10160,B-012862,
10161,B-012863,
10162,B-012864,F
10163,B-012865,
10164,B-012866,
10165,B-012867,
10166,B-012869,
10167,B-012870,M
10168,B-012871,Other
10169,B-012872,Other
10170,B-012873,
10171,B-012874,
10172,B-012875,
10173,B-012876,M
10174,B-012877,
10175,B-012878,M
10176,B-012879,M
10177,B-012880,
10178,B-012881,F
10179,B-012883,
10180,B-012884,
10181,B-012886,
10182,B-012888,Other
10183,B-012889,
10184,B-012890,F
10185,B-012891,
10186,B-012893,
10187,B-012894,M
10188,B-012898,
10189,B-012899,
10190,B-012900,F
10191,B-012902,M
10192,B-012903,M
10193,B-012904,Other
10194,B-012906,M
10195,B-012907,F
10196,B-012908,
10197,B-012910,F
10198,B-012911,Other
10199,B-012912,
10200,B-012913,
10201,B-012914,
10202,B-012916,
10203,B-012917,
10204,B-012919,M
10205,B-012920,F
10206,B-012921,
10207,B-012922,
10208,B-012923,
10209,B-012924,M
10210,B-012925,F
10211,B-012927,M
10212,B-012929,
10213,B-012930,
10214,B-012931,M
10215,B-012932,
10216,B-012933,F
10217,B-012934,
10218,B-012936,
10219,B-012937,F
10220,B-012938,Other
10221,B-012939,
10222,B-012940,
10223,B-012941,F
10224,B-012942,M
10225,B-012943,
10226,B-012944,
10227,B-012945,
10228,B-012947,
10229,B-012949,Other
10230,B-012952,F
10231,B-012953,F
10232,B-012954,
10233,B-012955,M
10234,B-012957,
10235,B-012958,Other
10236,B-012959,Other
10237,B-012961,
10238,B-012962,
10239,B-012963,
10240,B-012965,
10241,B-012967,
10242,B-012968,Other
10243,B-012969,
10244,B-012970,M
10245,B-012971,
10246,B-012972,
10247,B-012973,F
10248,B-012974,
10249,B-012975,
10250,B-012976,Other
10251,B-012977,F
10252,B-012978,F
10253,B-012979,
10254,B-012982,
10255,B-012983,M
10256,B-012984,F
10257,B-012985,
10258,B-012987,Other
10259,B-012988,
10260,B-012991,Other
10261,B-012992,M
10262,B-012993,M
10263,B-012995,
10264,B-012997,
10265,B-012998,
10266,B-012999,Other
10267,B-013000,
10268,B-013001,
10269,B-013002,F
10270,B-013003,F
10271,B-013005,
10272,B-013006,
10273,B-013007,M
10274,B-013008,
10275,B-013009,
10276,B-013010,Other
10277,B-013012,
10278,B-013013,
10279,B-013014,
10280,B-013016,
10281,B-013017,
10282,B-013018,
10283,B-013019,
10284,B-013020,M
10285,B-013021,Other
10286,B-013022,F
10287,B-013023,
10288,B-013024,Other
10289,B-013025,
10290,B-013026,F
10291,B-013030,M
10292,B-013031,F
10293,B-013032,M
10294,B-013033,F
10295,B-013034,Other
10296,B-013035,
10297,B-013037,F
10298,B-013038,
10299,B-013039,Other
10300,B-013040,
10301,B-013041,
10302,B-013042,
10303,B-013043,Other
10304,B-013045,
10305,B-013046,M
10306,B-013047,Other
10307,B-013048,
10308,B-013050,F
10309,B-013052,M
10310,B-013053,
10311,B-013054,
10312,B-013055,
10313,B-013056,Other
10314,B-013057,
10315,B-013058,F
10316,B-013061,M
10317,B-013063,Other
10318,B-013064,Other
10319,B-013065,
10320,B-013066,
10321,B-013067,Other
10322,B-013068,Other
10323,B-013069,M
10324,B-013070,F
10325,B-013071,F
10326,B-013072,
10327,B-013074,
10328,B-013075,
10329,B-013076,F
10330,B-013077,Other
10331,B-013079,F
10332,B-013082,F
10333,B-013084,F
10334,B-013085,M
10335,B-013086,
10336,B-013087,
10337,B-013088,
10338,B-013092,
10339,B-013093,
10340,B-013095,
10341,B-013096,F
10342,B-013097,
10343,B-013099,F
10344,B-013100,
10345,B-013101,Other
10346,B-013102,Other
10347,B-013104,Other
10348,B-013106,
10349,B-013107,
10350,B-013108,
10351,B-013109,
10352,B-013110,
10353,B-013111,Other
10354,B-013112,
10355,B-013113,Other
10356,B-013114,
10357,B-013115,M
10358,B-013119,Other
10359,B-013121,Other
10360,B-013122,
10361,B-013123,
10362,B-013124,
10363,B-013126,F
10364,B-013127,M
10365,B-013128,
10366,B-013129,F
10367,B-013130,M
10368,B-013131,
10369,B-013132,F
10370,B-013133,Other
10371,B-013134,M
10372,B-013135,
10373,B-013136,
10374,B-013138,
10375,B-013139,F
10376,B-013141,
10377,B-013142,
10378,B-013144,Other
10379,B-013145,
10380,B-013146,Other
10381,B-013147,
10382,B-013149,Other
10383,B-013152,F
10384,B-013153,M
10385,B-013154,F
10386,B-013155,
10387,B-013156,F
10388,B-013157,Other
10389,B-013158,
10390,B-013159,F
10391,B-013161,
10392,B-013162,M
10393,B-013163,
10394,B-013164,F
10395,B-013168,M
10396,B-013169,F
10397,B-013170,F
10398,B-013171,M
10399,B-013172,
10400,B-013173,Other
10401,B-013175,
10402,B-013176,
10403,B-013178,
10404,B-013179,
10405,B-013180,M
10406,B-013182,
10407,B-013183,Other
10408,B-013184,Other
10409,B-013185,
10410,B-013186,
10411,B-013187,
10412,B-013188,F
10413,B-013189,
10414,B-013190,F
10415,B-013193,F
10416,B-013194,
10417,B-013195,M
10418,B-013197,
10419,B-013198,Other
10420,B-013200,
10421,B-013201,Other
10422,B-013202,F
10423,B-013203,F
10424,B-013204,F
10425,B-013205,
10426,B-013206,F
10427,B-013207,Other
10428,B-013208,
10429,B-013209,M
10430,B-013210,
10431,B-013211,
10432,B-013212,M
10433,B-013213,
10434,B-013214,
10435,B-013215,F
10436,B-013216,Other
10437,B-013217,M
10438,B-013218,M
10439,B-013219,
10440,B-013220,
10441,B-013221,Other
10442,B-013223,Other
10443,B-013224,F
10444,B-013227,
10445,B-013228,M
10446,B-013229,Other
10447,B-013230,
10448,B-013231,
10449,B-013232,
10450,B-013233,M
10451,B-013234,
10452,B-013237,Other
10453,B-013238,
10454,B-013239,
10455,B-013240,
10456,B-013241,
10457,B-013242,
10458,B-013243,
10459,B-013244,
10460,B-013245,
10461,B-013246,
10462,B-013247,
10463,B-013248,
10464,B-013249,
10465,B-013251,M
10466,B-013252,
10467,B-013253,
10468,B-013254,
10469,B-013256,Other
10470,B-013257,
10471,B-013258,
10472,B-013260,F
10473,B-013262,
10474,B-013263,M
10475,B-013264,
10476,B-013265,Other
10477,B-013266,M
10478,B-013267,
10479,B-013268,Other
10480,B-013272,
10481,B-013273,
10482,B-013275,F
10483,B-013276,
10484,B-013279,
10485,B-013280,
10486,B-013281,
10487,B-013282,
10488,B-013284,F
10489,B-013285,
10490,B-013286,
10491,B-013288,F
10492,B-013289,
10493,B-013290,
10494,B-013291,
10495,B-013292,
10496,B-013293,
10497,B-013294,M
10498,B-013296,
10499,B-013297,Other
10500,B-013298,M
10501,B-013299,
10502,B-013300,
10503,B-013303,
10504,B-013304,Other
10505,B-013305,
10506,B-013306,
10507,B-013307,
10508,B-013308,
10509,B-013309,
10510,B-013310,Other
10511,B-013311,
10512,B-013312,F
10513,B-013315,Other
10514,B-013317,
10515,B-013318,F
10516,B-013319,Other
10517,B-013320,Other
10518,B-013321,F
10519,B-013322,
10520,B-013323,Other
10521,B-013324,F
10522,B-013325,F
10523,B-013326,M
10524,B-013328,
10525,B-013329,
10526,B-013330,F
10527,B-013332,F
10528,B-013333,M
10529,B-013334,M
10530,B-013336,
10531,B-013337,Other
10532,B-013338,F
10533,B-013339,F
10534,B-013340,
10535,B-013341,M
10536,B-013342,
10537,B-013343,
10538,B-013345,Other
10539,B-013348,F
10540,B-013349,Other
10541,B-013350,F
10542,B-013351,
10543,B-013352,
10544,B-013353,M
10545,B-013354,F
10546,B-013355,M
10547,B-013356,
10548,B-013357,M
10549,B-013358,
10550,B-013359,
10551,B-013360,Other
10552,B-013362,
10553,B-013363,M
10554,B-013364,
10555,B-013365,Other
10556,B-013366,M
10557,B-013367,F
10558,B-013368,Other
10559,B-013369,F
10560,B-013370,
10561,B-013371,
10562,B-013372,
10563,B-013373,
10564,B-013374,F
10565,B-013375,
10566,B-013376,
10567,B-013377,
10568,B-013378,
10569,B-013379,
10570,B-013380,M
10571,B-013381,Other
10572,B-013382,
10573,B-013383,F
10574,B-013385,
10575,B-013387,
10576,B-013388,
10577,B-013389,
10578,B-013390,
10579,B-013391,
10580,B-013395,
10581,B-013396,F
10582,B-013397,
10583,B-013398,M
10584,B-013402,M
10585,B-013403,M
10586,B-013405,
10587,B-013406,Other
10588,B-013407,Other
10589,B-013408,
10590,B-013409,F
10591,B-013410,
10592,B-013412,
10593,B-013413,Other
10594,B-013416,
10595,B-013417,
10596,B-013418,Other
10597,B-013419,F
10598,B-013420,M
10599,B-013421,
10600,B-013422,M
10601,B-013423,M
10602,B-013424,F
10603,B-013425,Other
10604,B-013426,
10605,B-013427,
10606,B-013429,
10607,B-013430,M
10608,B-013431,
10609,B-013432,
10610,B-013433,
10611,B-013435,
10612,B-013437,M
10613,B-013438,
10614,B-013439,Other
10615,B-013442,
10616,B-013443,
10617,B-013446,Other
10618,B-013448,F
10619,B-013450,F
10620,B-013451,
10621,B-013452,
10622,B-013453,F
10623,B-013454,
10624,B-013457,
10625,B-013459,F
10626,B-013460,
10627,B-013461,
10628,B-013462,
10629,B-013463,
10630,B-013464,Other
10631,B-013465,
10632,B-013466,
10633,B-013467,
10634,B-013468,M
10635,B-013469,
10636,B-013470,
10637,B-013471,Other
10638,B-013473,
10639,B-013474,M
10640,B-013475,F
10641,B-013476,M
10642,B-013478,
10643,B-013479,
10644,B-013480,Other
10645,B-013481,
10646,B-013487,M
10647,B-013488,M
10648,B-013489,F
10649,B-013491,Other
10650,B-013492,
10651,B-013495,
10652,B-013496,
10653,B-013497,
10654,B-013498,
10655,B-013500,
10656,B-013501,
10657,B-013502,Other
10658,B-013503,
10659,B-013504,F
10660,B-013505,F
10661,B-013508,
10662,B-013509,M
10663,B-013510,M
10664,B-013511,M
10665,B-013513,
10666,B-013514,
10667,B-013515,
10668,B-013516,
10669,B-013517,M
10670,B-013519,
10671,B-013522,
10672,B-013523,
10673,B-013524,Other
10674,B-013525,
10675,B-013526,F
10676,B-013528,F
10677,B-013529,Other
10678,B-013531,
10679,B-013532,
10680,B-013533,Other
10681,B-013536,
10682,B-013539,M
10683,B-013541,
10684,B-013542,
10685,B-013543,
10686,B-013544,
10687,B-013546,
10688,B-013548,F
10689,B-013549,
10690,B-013551,Other
10691,B-013552,Other
10692,B-013554,
10693,B-013555,Other
10694,B-013556,F
10695,B-013557,
10696,B-013558,Other
10697,B-013559,
10698,B-013560,
10699,B-013561,Other
10700,B-013564,
10701,B-013566,
10702,B-013567,
10703,B-013569,M
10704,B-013570,
10705,B-013571,
10706,B-013572,
10707,B-013573,
10708,B-013574,M
10709,B-013575,F
10710,B-013579,
10711,B-013580,F
10712,B-013581,
10713,B-013584,M
10714,B-013585,F
10715,B-013586,
10716,B-013588,M
10717,B-013589,
10718,B-013590,Other
10719,B-013592,Other
10720,B-013593,F
10721,B-013594,F
10722,B-013595,
10723,B-013596,
10724,B-013597,
10725,B-013598,F
10726,B-013599,
10727,B-013600,F
10728,B-013602,
10729,B-013603,M
10730,B-013605,F
10731,B-013606,F
10732,B-013607,
10733,B-013608,M
10734,B-013609,Other
10735,B-013610,
10736,B-013611,Other
10737,B-013612,F
10738,B-013613,F
10739,B-013615,F
10740,B-013616,
10741,B-013618,F
10742,B-013619,Other
10743,B-013620,M
10744,B-013621,Other
10745,B-013622,
10746,B-013623,
10747,B-013624,
10748,B-013625,Other
10749,B-013626,F
10750,B-013627,
10751,B-013628,
10752,B-013629,Other
10753,B-013631,
10754,B-013632,M
10755,B-013633,
10756,B-013634,
10757,B-013635,
10758,B-013638,F
10759,B-013639,M
10760,B-013640,
10761,B-013641,Other
10762,B-013642,
10763,B-013643,Other
10764,B-013644,
10765,B-013645,
10766,B-013646,Other
10767,B-013647,
10768,B-013648,
10769,B-013649,
10770,B-013650,
10771,B-013651,F
10772,B-013652,
10773,B-013654,F
10774,B-013655,F
10775,B-013656,M
10776,B-013657,
10777,B-013659,M
10778,B-013660,
10779,B-013661,M
10780,B-013663,F
10781,B-013664,
10782,B-013666,M
10783,B-013667,M
10784,B-013668,
10785,B-013669,Other
10786,B-013670,F
10787,B-013671,
10788,B-013672,
10789,B-013673,M
10790,B-013674,
10791,B-013675,
10792,B-013676,
10793,B-013677,M
10794,B-013679,F
10795,B-013680,M
10796,B-013681,F
10797,B-013682,
10798,B-013684,
10799,B-013685,
10800,B-013687,
10801,B-013688,M
10802,B-013689,Other
10803,B-013690,M
10804,B-013691,Other
10805,B-013692,
10806,B-013693,
10807,B-013694,
10808,B-013695,
10809,B-013696,M
10810,B-013697,F
10811,B-013699,
10812,B-013700,F
10813,B-013701,
10814,B-013702,Other
10815,B-013703,F
10816,B-013704,
10817,B-013705,
10818,B-013706,
10819,B-013707,
10820,B-013709,F
10821,B-013711,
10822,B-013713,
10823,B-013715,
10824,B-013716,
10825,B-013717,
10826,B-013718,
10827,B-013719,Other
10828,B-013720,
10829,B-013721,F
10830,B-013722,
10831,B-013723,Other
10832,B-013724,F
10833,B-013726,
10834,B-013727,M
10835,B-013728,
10836,B-013729,M
10837,B-013730,M
10838,B-013731,M
10839,B-013733,Other
10840,B-013734,
10841,B-013737,F
10842,B-013738,
10843,B-013739,Other
10844,B-013741,
10845,B-013742,M
10846,B-013744,Other
10847,B-013745,
10848,B-013746,
10849,B-013747,F
10850,B-013748,Other
10851,B-013749,
10852,B-013750,
10853,B-013752,
10854,B-013753,Other
10855,B-013757,F
10856,B-013758,
10857,B-013759,M
10858,B-013760,F
10859,B-013761,Other
10860,B-013762,F
10861,B-013763,
10862,B-013765,Other
10863,B-013766,Other
10864,B-013767,F
10865,B-013768,Other
10866,B-013769,F
10867,B-013772,
10868,B-013773,F
10869,B-013775,F
10870,B-013776,
10871,B-013777,Other
10872,B-013778,
10873,B-013779,
10874,B-013780,
10875,B-013781,M
10876,B-013783,M
10877,B-013785,
10878,B-013786,Other
10879,B-013788,
10880,B-013789,
10881,B-013790,Other
10882,B-013791,Other
10883,B-013792,
10884,B-013793,M
10885,B-013794,Other
10886,B-013795,Other
10887,B-013796,F
10888,B-013797,M
10889,B-013798,M
10890,B-013799,
10891,B-013800,
10892,B-013801,
10893,B-013802,F
10894,B-013805,
10895,B-013806,M
10896,B-013807,M
10897,B-013808,Other
10898,B-013810,
10899,B-013811,
10900,B-013812,
10901,B-013813,
10902,B-013814,
10903,B-013815,
10904,B-013816,F
10905,B-013817,M
10906,B-013818,F
10907,B-013819,M
10908,B-013821,
10909,B-013824,F
10910,B-013825,
10911,B-013826,
10912,B-013829,F
10913,B-013830,Other
10914,B-013831,M
10915,B-013832,M
10916,B-013833,
10917,B-013834,
10918,B-013837,
10919,B-013839,
10920,B-013841,M
10921,B-013843,Other
10922,B-013844,
10923,B-013846,F
10924,B-013848,
10925,B-013849,
10926,B-013850,M
10927,B-013851,M
10928,B-013852,
10929,B-013853,F
10930,B-013854,Other
10931,B-013855,
10932,B-013856,
10933,B-013857,M
10934,B-013858,
10935,B-013859,
10936,B-013860,Other
10937,B-013861,F
10938,B-013862,F
10939,B-013863,
10940,B-013864,M
10941,B-013866,
10942,B-013867,M
10943,B-013869,M
10944,B-013870,
10945,B-013871,
10946,B-013872,
10947,B-013873,F
10948,B-013874,Other
10949,B-013875,F
10950,B-013877,
10951,B-013878,
10952,B-013879,F
10953,B-013880,
10954,B-013882,
10955,B-013883,
10956,B-013884,Other
10957,B-013887,Other
10958,B-013888,F
10959,B-013889,M
10960,B-013890,M
10961,B-013891,F
10962,B-013892,
10963,B-013893,M
10964,B-013894,
10965,B-013895,
10966,B-013896,M
10967,B-013897,F
10968,B-013898,F
10969,B-013899,M
10970,B-013901,M
10971,B-013902,M
10972,B-013904,Other
10973,B-013905,M
10974,B-013906,
10975,B-013907,Other
10976,B-013908,
10977,B-013909,M
10978,B-013910,
10979,B-013911,
10980,B-013912,
10981,B-013913,M
10982,B-013914,M
10983,B-013917,
10984,B-013918,
10985,B-013920,
10986,B-013921,Other
10987,B-013923,
10988,B-013924,F
10989,B-013926,
10990,B-013927,M
10991,B-013931,
10992,B-013932,F
10993,B-013933,Other
10994,B-013935,
10995,B-013936,Other
10996,B-013937,
10997,B-013938,Other
10998,B-013939,
10999,B-013941,
11000,B-013942,
11001,B-013943,
11002,B-013945,M
11003,B-013946,F
11004,B-013947,M
11005,B-013948,M
11006,B-013949,
11007,B-013950,Other
11008,B-013951,
11009,B-013952,M
11010,B-013954,
11011,B-013955,F
11012,B-013957,
11013,B-013958,
11014,B-013959,F
11015,B-013960,F
11016,B-013961,
11017,B-013962,
11018,B-013963,
11019,B-013964,
11020,B-013967,F
11021,B-013968,
11022,B-013969,Other
11023,B-013970,
11024,B-013971,M
11025,B-013972,Other
11026,B-013975,
11027,B-013976,
11028,B-013977,M
11029,B-013979,
11030,B-013980,F
11031,B-013981,Other
11032,B-013982,F
11033,B-013983,F
11034,B-013984,Other
11035,B-013985,
11036,B-013986,
11037,B-013987,
11038,B-013988,Other
11039,B-013993,
11040,B-013994,
11041,B-013995,
11042,B-013996,
11043,B-013998,
11044,B-013999,
11045,B-014000,
11046,B-014001,Other
11047,B-014003,
11048,B-014005,
11049,B-014006,
11050,B-014007,F
11051,B-014008,
11052,B-014009,F
11053,B-014010,M
11054,B-014011,M
11055,B-014012,Other
11056,B-014013,
11057,B-014014,
11058,B-014015,
11059,B-014016,M
11060,B-014017,F
11061,B-014019,
11062,B-014020,Other
11063,B-014021,Other
11064,B-014022,M
11065,B-014025,Other
11066,B-014026,
11067,B-014029,Other
11068,B-014030,
11069,B-014031,M
11070,B-014032,Other
11071,B-014033,
11072,B-014034,Other
11073,B-014035,F
11074,B-014036,F
11075,B-014037,Other
11076,B-014038,
11077,B-014039,M
11078,B-014040,F
11079,B-014041,F
11080,B-014042,
11081,B-014043,
11082,B-014044,F
11083,B-014045,
11084,B-014046,
11085,B-014047,
11086,B-014048,
11087,B-014049,Other
11088,B-014050,F
11089,B-014051,Other
11090,B-014052,
11091,B-014054,M
11092,B-014056,F
11093,B-014058,
11094,B-014059,
11095,B-014060,
11096,B-014061,Other
11097,B-014062,
11098,B-014063,M
11099,B-014064,F
11100,B-014065,M
11101,B-014066,
11102,B-014067,
11103,B-014068,
11104,B-014069,F
11105,B-014070,M
11106,B-014071,
11107,B-014072,
11108,B-014073,Other
11109,B-014074,F
11110,B-014075,
11111,B-014076,
11112,B-014078,
11113,B-014079,
11114,B-014080,
11115,B-014081,
11116,B-014082,
11117,B-014083,
11118,B-014084,
11119,B-014086,
11120,B-014087,
11121,B-014088,
11122,B-014089,
11123,B-014090,
11124,B-014093,
11125,B-014094,Other
11126,B-014095,
11127,B-014096,M
11128,B-014097,
11129,B-014098,Other
11130,B-014100,
11131,B-014101,
11132,B-014102,
11133,B-014103,F
11134,B-014104,
11135,B-014105,
11136,B-014106,
11137,B-014107,F
11138,B-014108,
11139,B-014109,
11140,B-014110,F
11141,B-014111,
11142,B-014112,
11143,B-014113,
11144,B-014114,
11145,B-014115,M
11146,B-014116,
11147,B-014117,M
11148,B-014118,Other
11149,B-014120,M
11150,B-014121,
11151,B-014122,Other
11152,B-014123,F
11153,B-014124,
11154,B-014125,M
11155,B-014128,
11156,B-014129,Other
11157,B-014130,F
11158,B-014133,M
11159,B-014134,
11160,B-014135,Other
11161,B-014136,
11162,B-014137,
11163,B-014138,M
11164,B-014139,
11165,B-014140,Other
11166,B-014141,F
11167,B-014143,
11168,B-014146,F
11169,B-014147,F
11170,B-014148,F
11171,B-014149,F
11172,B-014150,M
11173,B-014151,
11174,B-014152,
11175,B-014153,
11176,B-014156,
11177,B-014157,
11178,B-014158,F
11179,B-014159,F
11180,B-014160,
11181,B-014161,
11182,B-014162,F
11183,B-014163,
11184,B-014164,F
11185,B-014165,Other
11186,B-014167,Other
11187,B-014168,
11188,B-014169,M
11189,B-014170,
11190,B-014171,
11191,B-014172,M
11192,B-014173,Other
11193,B-014174,M
11194,B-014175,Other
11195,B-014176,F
11196,B-014177,
11197,B-014179,
11198,B-014181,Other
11199,B-014184,
11200,B-014185,
11201,B-014186,
11202,B-014188,Other
11203,B-014190,M
11204,B-014191,
11205,B-014192,Other
11206,B-014193,
11207,B-014194,
11208,B-014195,
11209,B-014196,F
11210,B-014197,
11211,B-014198,Other
11212,B-014199,F
11213,B-014200,
11214,B-014202,F
11215,B-014203,
11216,B-014204,
11217,B-014205,M
11218,B-014206,M
11219,B-014207,
11220,B-014208,
11221,B-014210,F
11222,B-014211,F
11223,B-014212,F
11224,B-014213,Other
11225,B-014214,
11226,B-014215,M
11227,B-014217,
11228,B-014218,F
11229,B-014219,
11230,B-014221,
11231,B-014222,
11232,B-014223,
11233,B-014224,F
11234,B-014225,F
11235,B-014226,
11236,B-014227,F
11237,B-014228,
11238,B-014229,Other
11239,B-014230,M
11240,B-014231,M
11241,B-014232,
11242,B-014233,F
11243,B-014234,
11244,B-014236,
11245,B-014237,M
11246,B-014238,
11247,B-014239,Other
11248,B-014240,M
11249,B-014241,
11250,B-014243,F
11251,B-014244,
11252,B-014245,
11253,B-014247,
11254,B-014248,
11255,B-014249,
11256,B-014250,
11257,B-014252,M
11258,B-014253,
11259,B-014254,Other
11260,B-014255,F
11261,B-014256,F
11262,B-014257,
11263,B-014260,M
11264,B-014262,M
11265,B-014263,F
11266,B-014264,Other
11267,B-014265,F
11268,B-014267,Other
11269,B-014268,M
11270,B-014269,M
11271,B-014270,
11272,B-014271,
11273,B-014272,F
11274,B-014273,
11275,B-014274,Other
11276,B-014275,M
11277,B-014276,Other
11278,B-014277,
11279,B-014280,Other
11280,B-014281,
11281,B-014282,
11282,B-014284,
11283,B-014285,
11284,B-014286,
11285,B-014287,Other
11286,B-014288,M
11287,B-014289,
11288,B-014291,
11289,B-014293,Other
11290,B-014294,M
11291,B-014295,M
11292,B-014296,Other
11293,B-014298,
11294,B-014299,
11295,B-014300,
11296,B-014301,F
11297,B-014304,F
11298,B-014305,
11299,B-014306,
11300,B-014307,
11301,B-014308,Other
11302,B-014309,M
11303,B-014310,Other
11304,B-014311,M
11305,B-014312,
11306,B-014314,
11307,B-014315,M
11308,B-014316,M
11309,B-014318,Other
11310,B-014319,
11311,B-014320,
11312,B-014322,
11313,B-014323,
11314,B-014324,Other
11315,B-014325,Other
11316,B-014326,
11317,B-014329,
11318,B-014330,
11319,B-014331,F
11320,B-014332,
11321,B-014333,
11322,B-014334,
11323,B-014336,
11324,B-014337,
11325,B-014339,Other
11326,B-014340,F
11327,B-014341,
11328,B-014342,Other
11329,B-014343,
11330,B-014344,
11331,B-014345,
11332,B-014347,Other
11333,B-014348,Other
11334,B-014350,M
11335,B-014351,M
11336,B-014352,
11337,B-014354,
11338,B-014355,
11339,B-014356,
11340,B-014357,
11341,B-014358,M
11342,B-014359,
11343,B-014360,
11344,B-014361,Other
11345,B-014362,
11346,B-014363,Other
11347,B-014364,
11348,B-014365,
11349,B-014366,F
11350,B-014367,Other
11351,B-014368,
11352,B-014369,
11353,B-014370,
11354,B-014371,F
11355,B-014372,M
11356,B-014373,
11357,B-014374,
11358,B-014375,
11359,B-014376,
11360,B-014377,
11361,B-014378,F
11362,B-014379,
11363,B-014380,F
11364,B-014381,Other
11365,B-014382,
11366,B-014383,Other
11367,B-014384,Other
11368,B-014385,
11369,B-014387,
11370,B-014388,
11371,B-014390,F
11372,B-014391,
11373,B-014392,Other
11374,B-014393,M
11375,B-014394,
11376,B-014395,
11377,B-014396,
11378,B-014397,Other
11379,B-014398,M
11380,B-014399,
11381,B-014400,
11382,B-014401,M
11383,B-014403,
11384,B-014404,Other
11385,B-014405,
11386,B-014406,M
11387,B-014407,
11388,B-014408,
11389,B-014409,
11390,B-014410,M
11391,B-014411,
11392,B-014412,
11393,B-014413,F
11394,B-014414,
11395,B-014416,F
11396,B-014418,
11397,B-014419,
11398,B-014420,
11399,B-014421,
11400,B-014422,
11401,B-014423,
11402,B-014424,F
11403,B-014426,
11404,B-014427,
11405,B-014428,Other
11406,B-014430,
11407,B-014431,Other
11408,B-014432,Other
11409,B-014433,
11410,B-014434,
11411,B-014435,
11412,B-014436,
11413,B-014437,M
11414,B-014438,
11415,B-014439,M
11416,B-014441,
11417,B-014442,M
11418,B-014444,Other
11419,B-014445,M
11420,B-014446,M
11421,B-014447,Other
11422,B-014448,Other
11423,B-014449,
11424,B-014450,
11425,B-014451,F
11426,B-014452,M
11427,B-014453,Other
11428,B-014454,F
11429,B-014455,F
11430,B-014456,Other
11431,B-014457,M
11432,B-014458,
11433,B-014459,
11434,B-014461,
11435,B-014462,
11436,B-014463,Other
11437,B-014465,Other
11438,B-014467,Other
11439,B-014468,F
11440,B-014469,M
11441,B-014471,
11442,B-014472,M
11443,B-014473,Other
11444,B-014474,
11445,B-014475,F
11446,B-014476,F
11447,B-014477,
11448,B-014478,
11449,B-014479,M
11450,B-014481,Other
11451,B-014482,Other
11452,B-014483,
11453,B-014484,Other
11454,B-014485,
11455,B-014486,M
11456,B-014488,Other
11457,B-014489,
11458,B-014490,M
11459,B-014491,
11460,B-014492,Other
11461,B-014493,
11462,B-014494,
11463,B-014495,
11464,B-014496,
11465,B-014497,F
11466,B-014498,
11467,B-014499,
11468,B-014501,M
11469,B-014503,F
11470,B-014504,
11471,B-014505,
11472,B-014506,
11473,B-014507,Other
11474,B-014508,
11475,B-014511,
11476,B-014513,F
11477,B-014514,
11478,B-014515,Other
11479,B-014516,
11480,B-014518,M
11481,B-014519,
11482,B-014520,
11483,B-014521,
11484,B-014522,
11485,B-014523,F
11486,B-014524,Other
11487,B-014525,Other
11488,B-014526,Other
11489,B-014527,M
11490,B-014529,
11491,B-014531,
11492,B-014532,
11493,B-014533,
11494,B-014534,
11495,B-014535,Other
11496,B-014536,M
11497,B-014537,
11498,B-014538,M
11499,B-014539,
11500,B-014540,F
11501,B-014541,Other
11502,B-014543,
11503,B-014545,
11504,B-014546,M
11505,B-014547,M
11506,B-014548,F
11507,B-014549,Other
11508,B-014551,M
11509,B-014552,
11510,B-014553,M
11511,B-014554,
11512,B-014556,Other
11513,B-014557,
11514,B-014559,
11515,B-014561,
11516,B-014562,F
11517,B-014563,
11518,B-014564,
11519,B-014565,
11520,B-014567,
11521,B-014568,
11522,B-014570,
11523,B-014572,M
11524,B-014573,
11525,B-014574,
11526,B-014575,F
11527,B-014576,M
11528,B-014578,M
11529,B-014579,F
11530,B-014580,Other
11531,B-014581,
11532,B-014582,
11533,B-014584,F
11534,B-014586,
11535,B-014587,
11536,B-014589,F
11537,B-014590,
11538,B-014591,
11539,B-014592,
11540,B-014595,
11541,B-014596,Other
11542,B-014597,F
11543,B-014598,
11544,B-014599,F
11545,B-014600,
11546,B-014602,
11547,B-014603,M
11548,B-014604,
11549,B-014605,Other
11550,B-014606,F
11551,B-014607,Other
11552,B-014608,F
11553,B-014609,M
11554,B-014611,Other
11555,B-014612,
11556,B-014613,
11557,B-014615,
11558,B-014616,
11559,B-014617,
11560,B-014618,Other
11561,B-014619,F
11562,B-014621,M
11563,B-014622,Other
11564,B-014623,Other
11565,B-014624,M
11566,B-014627,
11567,B-014629,
11568,B-014631,
11569,B-014633,
11570,B-014634,M
11571,B-014635,F
11572,B-014636,
11573,B-014637,
11574,B-014638,M
11575,B-014639,
11576,B-014640,
11577,B-014641,
11578,B-014642,F
11579,B-014643,F
11580,B-014644,
11581,B-014646,
11582,B-014647,M
11583,B-014648,Other
11584,B-014649,
11585,B-014651,
11586,B-014652,
11587,B-014653,M
11588,B-014654,
11589,B-014655,
11590,B-014656,
11591,B-014657,F
11592,B-014658,
11593,B-014659,M
11594,B-014660,
11595,B-014661,M
11596,B-014663,M
11597,B-014666,
11598,B-014668,M
11599,B-014669,
11600,B-014671,
11601,B-014672,
11602,B-014674,Other
11603,B-014675,
11604,B-014677,
11605,B-014679,Other
11606,B-014681,
11607,B-014683,
11608,B-014684,M
11609,B-014685,M
11610,B-014686,
11611,B-014687,Other
11612,B-014688,
11613,B-014689,Other
11614,B-014690,Other
11615,B-014691,
11616,B-014693,
11617,B-014694,
11618,B-014695,
11619,B-014696,
11620,B-014697,Other
11621,B-014698,
11622,B-014700,M
11623,B-014701,Other
11624,B-014702,M
11625,B-014703,
11626,B-014706,Other
11627,B-014707,M
11628,B-014708,
11629,B-014709,F
11630,B-014710,
11631,B-014711,
11632,B-014712,
11633,B-014713,M
11634,B-014714,
11635,B-014715,M
11636,B-014716,
11637,B-014717,
11638,B-014718,
11639,B-014719,M
11640,B-014720,
11641,B-014721,F
11642,B-014722,M
11643,B-014723,
11644,B-014724,
11645,B-014726,
11646,B-014727,
11647,B-014728,
11648,B-014732,
11649,B-014733,
11650,B-014734,
11651,B-014736,F
11652,B-014737,F
11653,B-014738,F
11654,B-014739,
11655,B-014740,Other
11656,B-014741,
11657,B-014742,
11658,B-014743,Other
11659,B-014744,
11660,B-014745,
11661,B-014746,
11662,B-014747,Other
11663,B-014748,F
11664,B-014749,
11665,B-014750,
11666,B-014752,M
11667,B-014753,F
11668,B-014754,
11669,B-014755,
11670,B-014756,F
11671,B-014758,M
11672,B-014763,
11673,B-014764,M
11674,B-014765,
11675,B-014768,F
11676,B-014769,F
11677,B-014770,
11678,B-014771,Other
11679,B-014772,
11680,B-014773,M
11681,B-014776,
11682,B-014777,
11683,B-014778,Other
11684,B-014779,F
11685,B-014780,
11686,B-014781,
11687,B-014782,M
11688,B-014783,
11689,B-014784,Other
11690,B-014785,M
11691,B-014787,Other
11692,B-014788,
11693,B-014789,Other
11694,B-014792,M
11695,B-014793,F
11696,B-014794,
11697,B-014795,
11698,B-014797,Other
11699,B-014798,Other
11700,B-014799,Other
11701,B-014800,
11702,B-014801,
11703,B-014802,
11704,B-014803,Other
11705,B-014804,M
11706,B-014805,F
11707,B-014806,Other
11708,B-014807,
11709,B-014808,
11710,B-014809,M
11711,B-014810,
11712,B-014811,Other
11713,B-014812,
11714,B-014813,
11715,B-014814,F
11716,B-014815,F
11717,B-014817,Other
11718,B-014818,
11719,B-014819,
11720,B-014820,F
11721,B-014821,M
11722,B-014822,
11723,B-014823,Other
11724,B-014824,Other
11725,B-014825,
11726,B-014826,Other
11727,B-014828,F
11728,B-014829,Other
11729,B-014830,F
11730,B-014831,
11731,B-014832,
11732,B-014833,M
11733,B-014835,M
11734,B-014836,
11735,B-014837,M
11736,B-014838,
11737,B-014839,F
11738,B-014840,
11739,B-014843,
11740,B-014844,M
11741,B-014845,F
11742,B-014846,
11743,B-014847,
11744,B-014848,M
11745,B-014849,
11746,B-014850,F
11747,B-014851,
11748,B-014853,M
11749,B-014855,
11750,B-014857,Other
11751,B-014858,
11752,B-014859,
11753,B-014861,
11754,B-014862,
11755,B-014863,F
11756,B-014864,F
11757,B-014865,Other
11758,B-014866,
11759,B-014867,M
11760,B-014868,Other
11761,B-014869,
11762,B-014870,
11763,B-014871,Other
11764,B-014872,Other
11765,B-014873,Other
11766,B-014875,
11767,B-014876,
11768,B-014877,
11769,B-014878,
11770,B-014880,M
11771,B-014882,M
11772,B-014883,F
11773,B-014884,
11774,B-014885,
11775,B-014886,
11776,B-014887,Other
11777,B-014889,
11778,B-014890,
11779,B-014891,
11780,B-014892,
11781,B-014893,
11782,B-014897,M
11783,B-014898,Other
11784,B-014899,Other
11785,B-014900,
11786,B-014901,
11787,B-014902,F
11788,B-014903,
11789,B-014904,M
11790,B-014905,
11791,B-014907,
11792,B-014908,
11793,B-014909,
11794,B-014910,Other
11795,B-014911,
11796,B-014913,F
11797,B-014914,M
11798,B-014915,Other
11799,B-014916,
11800,B-014917,M
11801,B-014918,Other
11802,B-014919,
11803,B-014920,Other
11804,B-014921,F
11805,B-014922,F
11806,B-014923,M
11807,B-014924,
11808,B-014926,
11809,B-014928,
11810,B-014929,M
11811,B-014930,M
11812,B-014932,Other
11813,B-014933,
11814,B-014934,
11815,B-014935,
11816,B-014937,M
11817,B-014938,F
11818,B-014940,
11819,B-014941,Other
11820,B-014942,M
11821,B-014943,Other
11822,B-014944,
11823,B-014945,F
11824,B-014947,M
11825,B-014948,
11826,B-014952,M
11827,B-014953,
11828,B-014954,
11829,B-014955,M
11830,B-014956,
11831,B-014957,
11832,B-014958,M
11833,B-014959,Other
11834,B-014960,
11835,B-014962,
11836,B-014963,F
11837,B-014964,
11838,B-014966,Other
11839,B-014967,
11840,B-014968,M
11841,B-014969,F
11842,B-014970,
11843,B-014971,
11844,B-014973,M
11845,B-014974,
11846,B-014975,
11847,B-014976,Other
11848,B-014977,F
11849,B-014978,Other
11850,B-014979,
11851,B-014983,F
11852,B-014985,F
11853,B-014986,Other
11854,B-014990,Other
11855,B-014991,
11856,B-014992,
11857,B-014994,
11858,B-014995,
11859,B-014997,M
11860,B-014998,
11861,B-014999,
11862,B-015000,
11863,B-015001,M
11864,B-015002,
11865,B-015003,
11866,B-015004,F
11867,B-015005,
11868,B-015006,Other
11869,B-015007,
11870,B-015009,M
11871,B-015010,
11872,B-015012,Other
11873,B-015013,
11874,B-015014,F
11875,B-015015,Other
11876,B-015016,
11877,B-015018,
11878,B-015019,M
11879,B-015021,
11880,B-015023,M
11881,B-015024,
11882,B-015026,Other
11883,B-015028,
11884,B-015030,F
11885,B-015031,Other
11886,B-015032,
11887,B-015033,
11888,B-015034,
11889,B-015035,F
11890,B-015036,
11891,B-015037,
11892,B-015038,
11893,B-015039,F
11894,B-015041,
11895,B-015042,Other
11896,B-015043,F
11897,B-015044,Other
11898,B-015045,M
11899,B-015047,
11900,B-015049,
11901,B-015051,
11902,B-015052,
11903,B-015053,F
11904,B-015054,
11905,B-015055,Other
11906,B-015057,M
11907,B-015058,M
11908,B-015059,F
11909,B-015060,M
11910,B-015061,
11911,B-015062,
11912,B-015063,
11913,B-015064,
11914,B-015065,
11915,B-015066,
11916,B-015067,M
11917,B-015068,Other
11918,B-015070,M
11919,B-015071,Other
11920,B-015072,F
11921,B-015073,
11922,B-015076,M
11923,B-015077,
11924,B-015078,
11925,B-015079,
11926,B-015080,
11927,B-015081,F
11928,B-015083,F
11929,B-015084,
11930,B-015086,Other
11931,B-015087,
11932,B-015088,
11933,B-015089,
11934,B-015090,M
11935,B-015091,
11936,B-015092,Other
11937,B-015093,
11938,B-015094,M
11939,B-015095,M
11940,B-015096,
11941,B-015097,F
11942,B-015099,
11943,B-015100,
11944,B-015101,
11945,B-015102,Other
11946,B-015103,
11947,B-015104,M
11948,B-015105,
11949,B-015106,
11950,B-015107,F
11951,B-015108,F
11952,B-015109,Other
11953,B-015110,M
11954,B-015111,M
11955,B-015112,M
11956,B-015114,M
11957,B-015115,Other
11958,B-015116,Other
11959,B-015118,Other
11960,B-015120,
11961,B-015121,
11962,B-015122,
11963,B-015123,M
11964,B-015124,
11965,B-015127,M
11966,B-015128,
11967,B-015129,
11968,B-015130,
11969,B-015131,
11970,B-015132,
11971,B-015133,
11972,B-015134,M
11973,B-015135,M
11974,B-015136,M
11975,B-015138,
11976,B-015139,
11977,B-015140,Other
11978,B-015141,
11979,B-015142,M
11980,B-015143,F
11981,B-015144,F
11982,B-015145,
11983,B-015147,
11984,B-015148,
11985,B-015149,
11986,B-015151,
11987,B-015152,
11988,B-015153,
11989,B-015154,Other
11990,B-015157,
11991,B-015159,
11992,B-015160,Other
11993,B-015161,Other
11994,B-015163,
11995,B-015164,M
11996,B-015166,
11997,B-015167,
11998,B-015168,F
11999,B-015169,Other
12000,B-015170,F
12001,B-015172,
12002,B-015173,M
12003,B-015174,
12004,B-015175,
12005,B-015176,
12006,B-015177,
12007,B-015178,Other
12008,B-015179,
12009,B-015180,
12010,B-015181,M
12011,B-015182,M
12012,B-015183,F
12013,B-015184,
12014,B-015186,
12015,B-015189,
12016,B-015191,
12017,B-015192,
12018,B-015193,F
12019,B-015194,M
12020,B-015195,
12021,B-015197,M
12022,B-015199,
12023,B-015200,M
12024,B-015201,F
12025,B-015202,Other
12026,B-015203,F
12027,B-015205,
12028,B-015206,
12029,B-015207,
12030,B-015208,
12031,B-015210,
12032,B-015211,
12033,B-015212,
12034,B-015213,
12035,B-015214,
12036,B-015215,M
12037,B-015216,
12038,B-015217,
12039,B-015218,M
12040,B-015219,
12041,B-015220,Other
12042,B-015221,
12043,B-015223,F
12044,B-015224,
12045,B-015225,F
12046,B-015226,M
12047,B-015228,
12048,B-015230,F
12049,B-015231,F
12050,B-015232,
12051,B-015233,F
12052,B-015235,
12053,B-015237,
12054,B-015238,
12055,B-015239,
12056,B-015240,
12057,B-015241,
12058,B-015242,F
12059,B-015243,F
12060,B-015244,
12061,B-015245,
12062,B-015246,Other
12063,B-015247,
12064,B-015248,
12065,B-015249,
12066,B-015250,F
12067,B-015251,Other
12068,B-015252,F
12069,B-015253,
12070,B-015254,M
12071,B-015255,
12072,B-015256,
12073,B-015257,
12074,B-015258,
12075,B-015260,
12076,B-015261,Other
12077,B-015262,
12078,B-015263,
12079,B-015264,M
12080,B-015265,
12081,B-015268,
12082,B-015269,Other
12083,B-015271,Other
12084,B-015272,Other
12085,B-015273,
12086,B-015276,
12087,B-015277,M
12088,B-015278,F
12089,B-015279,
12090,B-015282,M
12091,B-015283,
12092,B-015285,M
12093,B-015286,
12094,B-015287,M
12095,B-015289,
12096,B-015291,Other
12097,B-015293,
12098,B-015294,
12099,B-015295,M
12100,B-015296,
12101,B-015297,F
12102,B-015299,F
12103,B-015300,Other
12104,B-015301,F
12105,B-015302,
12106,B-015303,M
12107,B-015304,
12108,B-015305,
12109,B-015308,
12110,B-015309,
12111,B-015310,Other
12112,B-015311,
12113,B-015314,
12114,B-015315,
12115,B-015316,
12116,B-015317,Other
12117,B-015319,F
12118,B-015320,M
12119,B-015322,Other
12120,B-015324,M
12121,B-015325,F
12122,B-015326,M
12123,B-015328,
12124,B-015330,
12125,B-015331,F
12126,B-015332,
12127,B-015334,Other
12128,B-015335,
12129,B-015337,F
12130,B-015338,Other
12131,B-015341,M
12132,B-015342,M
12133,B-015343,Other
12134,B-015344,
12135,B-015345,
12136,B-015347,Other
12137,B-015348,
12138,B-015349,F
12139,B-015350,
12140,B-015352,
12141,B-015353,M
12142,B-015355,M
12143,B-015356,Other
12144,B-015357,Other
12145,B-015358,
12146,B-015359,
12147,B-015360,F
12148,B-015361,
12149,B-015362,
12150,B-015363,
12151,B-015364,
12152,B-015365,
12153,B-015366,
12154,B-015368,
12155,B-015369,
12156,B-015370,
12157,B-015372,
12158,B-015373,
12159,B-015374,M
12160,B-015375,Other
12161,B-015376,
12162,B-015377,
12163,B-015378,
12164,B-015379,
12165,B-015380,
12166,B-015381,Other
12167,B-015382,F
12168,B-015384,
12169,B-015385,
12170,B-015386,
12171,B-015388,Other
12172,B-015389,
12173,B-015390,Other
12174,B-015391,M
12175,B-015393,F
12176,B-015394,F
12177,B-015397,
12178,B-015398,F
12179,B-015399,M
12180,B-015400,
12181,B-015402,
12182,B-015403,
12183,B-015405,
12184,B-015406,
12185,B-015407,Other
12186,B-015408,
12187,B-015410,M
12188,B-015411,
12189,B-015412,
12190,B-015415,Other
12191,B-015416,
12192,B-015418,
12193,B-015419,M
12194,B-015420,
12195,B-015421,Other
12196,B-015422,M
12197,B-015424,
12198,B-015426,
12199,B-015427,
12200,B-015428,Other
12201,B-015429,
12202,B-015430,M
12203,B-015431,M
12204,B-015432,
12205,B-015433,
12206,B-015434,M
12207,B-015435,
12208,B-015436,Other
12209,B-015437,
12210,B-015438,
12211,B-015439,F
12212,B-015442,
12213,B-015443,
12214,B-015444,Other
12215,B-015445,
12216,B-015446,M
12217,B-015447,F
12218,B-015448,
12219,B-015449,
12220,B-015450,Other
12221,B-015452,M
12222,B-015454,
12223,B-015455,
12224,B-015456,Other
12225,B-015457,F
12226,B-015459,
12227,B-015460,Other
12228,B-015461,M
12229,B-015462,F
12230,B-015464,M
12231,B-015466,Other
12232,B-015467,
12233,B-015468,Other
12234,B-015469,Other
12235,B-015471,F
12236,B-015472,Other
12237,B-015474,M
12238,B-015475,Other
12239,B-015476,Other
12240,B-015477,Other
12241,B-015478,M
12242,B-015479,M
12243,B-015480,M
12244,B-015481,Other
12245,B-015482,
12246,B-015483,F
12247,B-015484,M
12248,B-015486,F
12249,B-015487,F
12250,B-015488,Other
12251,B-015489,
12252,B-015490,Other
12253,B-015491,F
12254,B-015492,F
12255,B-015493,
12256,B-015494,
12257,B-015495,M
12258,B-015496,
12259,B-015497,
12260,B-015498,Other
12261,B-015499,F
12262,B-015500,M
12263,B-015501,Other
12264,B-015503,
12265,B-015504,F
12266,B-015506,
12267,B-015508,
12268,B-015511,
12269,B-015512,Other
12270,B-015513,
12271,B-015514,F
12272,B-015515,Other
12273,B-015516,
12274,B-015517,
12275,B-015518,
12276,B-015520,F
12277,B-015521,
12278,B-015522,
12279,B-015523,
12280,B-015524,Other
12281,B-015525,F
12282,B-015529,M
12283,B-015531,M
12284,B-015532,F
12285,B-015534,
12286,B-015535,
12287,B-015536,
12288,B-015537,
12289,B-015539,M
12290,B-015540,
12291,B-015541,Other
12292,B-015542,
12293,B-015543,
12294,B-015544,Other
12295,B-015546,F
12296,B-015551,Other
12297,B-015552,
12298,B-015554,M
12299,B-015555,
12300,B-015556,
12301,B-015557,
12302,B-015559,
12303,B-015560,
12304,B-015561,
12305,B-015562,M
12306,B-015565,
12307,B-015566,
12308,B-015568,F
12309,B-015569,
12310,B-015570,Other
12311,B-015571,
12312,B-015572,Other
12313,B-015575,
12314,B-015576,M
12315,B-015577,
12316,B-015578,F
12317,B-015580,F
12318,B-015581,
12319,B-015582,
12320,B-015583,
12321,B-015584,Other
12322,B-015585,Other
12323,B-015586,M
12324,B-015588,
12325,B-015589,
12326,B-015590,Other
12327,B-015591,M
12328,B-015592,
12329,B-015593,
12330,B-015594,
12331,B-015596,Other
12332,B-015597,
12333,B-015598,
12334,B-015599,Other
12335,B-015600,M
12336,B-015601,
12337,B-015602,Other
12338,B-015603,F
12339,B-015605,
12340,B-015606,Other
12341,B-015607,
12342,B-015608,Other
12343,B-015609,F
12344,B-015610,Other
12345,B-015611,Other
12346,B-015612,F
12347,B-015613,F
12348,B-015614,M
12349,B-015615,M
12350,B-015616,Other
12351,B-015617,Other
12352,B-015618,
12353,B-015619,
12354,B-015624,F
12355,B-015625,Other
12356,B-015627,
12357,B-015628,
12358,B-015629,M
12359,B-015630,
12360,B-015631,
12361,B-015632,
12362,B-015633,
12363,B-015634,
12364,B-015640,
12365,B-015641,Other
12366,B-015642,F
12367,B-015643,
12368,B-015644,Other
12369,B-015645,
12370,B-015646,
12371,B-015649,M
12372,B-015651,Other
12373,B-015652,
12374,B-015653,F
12375,B-015654,
12376,B-015655,
12377,B-015657,
12378,B-015658,F
12379,B-015659,F
12380,B-015660,
12381,B-015663,
12382,B-015664,F
12383,B-015665,F
12384,B-015666,
12385,B-015667,
12386,B-015669,Other
12387,B-015670,F
12388,B-015672,
12389,B-015673,
12390,B-015674,M
12391,B-015675,F
12392,B-015676,
12393,B-015678,
12394,B-015679,M
12395,B-015681,
12396,B-015683,
12397,B-015684,F
12398,B-015685,Other
12399,B-015686,M
12400,B-015687,
12401,B-015689,Other
12402,B-015691,M
12403,B-015692,M
12404,B-015693,F
12405,B-015694,
12406,B-015695,
12407,B-015696,
12408,B-015697,
12409,B-015699,F
12410,B-015701,Other
12411,B-015702,M
12412,B-015703,
12413,B-015704,
12414,B-015707,
12415,B-015708,F
12416,B-015709,Other
12417,B-015710,Other
12418,B-015711,Other
12419,B-015712,
12420,B-015713,
12421,B-015715,M
12422,B-015716,Other
12423,B-015718,
12424,B-015719,
12425,B-015720,
12426,B-015721,M
12427,B-015722,
12428,B-015723,Other
12429,B-015726,
12430,B-015727,Other
12431,B-015728,F
12432,B-015729,
12433,B-015732,
12434,B-015733,Other
12435,B-015734,M
12436,B-015735,Other
12437,B-015737,F
12438,B-015739,M
12439,B-015740,Other
12440,B-015741,
12441,B-015743,F
12442,B-015744,
12443,B-015745,
12444,B-015746,F
12445,B-015747,Other
12446,B-015748,F
12447,B-015749,M
12448,B-015750,F
12449,B-015751,
12450,B-015752,M
12451,B-015753,
12452,B-015754,
12453,B-015755,M
12454,B-015757,M
12455,B-015758,
12456,B-015759,
12457,B-015760,
12458,B-015764,Other
12459,B-015766,M
12460,B-015767,
12461,B-015768,Other
12462,B-015769,M
12463,B-015770,Other
12464,B-015772,Other
12465,B-015773,
12466,B-015774,
12467,B-015776,
12468,B-015778,
12469,B-015779,
12470,B-015780,M
12471,B-015781,Other
12472,B-015782,
12473,B-015783,M
12474,B-015785,
12475,B-015786,
12476,B-015787,
12477,B-015788,M
12478,B-015790,F
12479,B-015791,F
12480,B-015792,Other
12481,B-015794,F
12482,B-015795,
12483,B-015797,Other
12484,B-015799,
12485,B-015800,M
12486,B-015801,
12487,B-015802,
12488,B-015804,
12489,B-015805,F
12490,B-015806,
12491,B-015808,
12492,B-015809,
12493,B-015810,F
12494,B-015811,Other
12495,B-015812,
12496,B-015814,
12497,B-015815,
12498,B-015816,
12499,B-015817,
12500,B-015818,M
12501,B-015819,
12502,B-015820,
12503,B-015822,M
12504,B-015824,
12505,B-015825,F
12506,B-015826,Other
12507,B-015827,
12508,B-015828,Other
12509,B-015830,
12510,B-015831,
12511,B-015832,F
12512,B-015833,M
12513,B-015834,
12514,B-015835,
12515,B-015836,F
12516,B-015837,Other
12517,B-015838,
12518,B-015840,M
12519,B-015841,M
12520,B-015842,
12521,B-015843,
12522,B-015844,
12523,B-015846,F
12524,B-015847,M
12525,B-015848,Other
12526,B-015850,
12527,B-015851,
12528,B-015852,M
12529,B-015853,Other
12530,B-015854,
12531,B-015858,
12532,B-015859,Other
12533,B-015860,M
12534,B-015861,F
12535,B-015862,
12536,B-015864,M
12537,B-015866,
12538,B-015867,F
12539,B-015868,
12540,B-015869,
12541,B-015871,
12542,B-015873,Other
12543,B-015875,
12544,B-015876,M
12545,B-015877,F
12546,B-015878,F
12547,B-015879,F
12548,B-015880,
12549,B-015881,
12550,B-015882,
12551,B-015883,
12552,B-015884,
12553,B-015885,Other
12554,B-015886,Other
12555,B-015888,
12556,B-015889,M
12557,B-015890,Other
12558,B-015891,
12559,B-015892,M
12560,B-015894,F
12561,B-015895,Other
12562,B-015897,M
12563,B-015898,F
12564,B-015899,Other
12565,B-015900,M
12566,B-015901,
12567,B-015902,F
12568,B-015903,Other
12569,B-015904,F
12570,B-015905,
12571,B-015907,
12572,B-015908,M
12573,B-015909,Other
12574,B-015910,M
12575,B-015912,
12576,B-015913,
12577,B-015914,
12578,B-015915,
12579,B-015917,F
12580,B-015918,
12581,B-015919,M
12582,B-015921,
12583,B-015922,F
12584,B-015925,M
12585,B-015926,M
12586,B-015927,F
12587,B-015928,
12588,B-015931,
12589,B-015932,
12590,B-015933,
12591,B-015934,Other
12592,B-015935,M
12593,B-015937,F
12594,B-015938,F
12595,B-015939,
12596,B-015942,
12597,B-015943,
12598,B-015944,
12599,B-015945,Other
12600,B-015946,
12601,B-015948,
12602,B-015949,F
12603,B-015950,F
12604,B-015952,
12605,B-015953,F
12606,B-015955,Other
12607,B-015956,
12608,B-015959,
12609,B-015960,Other
12610,B-015961,Other
12611,B-015963,F
12612,B-015964,F
12613,B-015965,F
12614,B-015966,F
12615,B-015969,
12616,B-015971,
12617,B-015972,F
12618,B-015973,
12619,B-015976,
12620,B-015977,Other
12621,B-015978,M
12622,B-015979,F
12623,B-015980,
12624,B-015981,F
12625,B-015982,Other
12626,B-015983,Other
12627,B-015984,
12628,B-015985,
12629,B-015986,Other
12630,B-015987,Other
12631,B-015990,
12632,B-015991,Other
12633,B-015992,
12634,B-015993,
12635,B-015994,M
12636,B-015995,Other
12637,B-015996,M
12638,B-015997,M
12639,B-015998,
12640,B-015999,M
12641,B-016000,M
12642,B-016002,F
12643,B-016003,Other
12644,B-016005,F
12645,B-016007,
12646,B-016008,Other
12647,B-016009,
12648,B-016010,F
12649,B-016011,Other
12650,B-016012,
12651,B-016013,
12652,B-016014,
12653,B-016015,
12654,B-016016,Other
12655,B-016017,
12656,B-016018,
12657,B-016020,F
12658,B-016021,F
12659,B-016022,F
12660,B-016024,
12661,B-016025,
12662,B-016026,
12663,B-016027,
12664,B-016028,M
12665,B-016029,M
12666,B-016030,
12667,B-016032,Other
12668,B-016033,
12669,B-016034,
12670,B-016035,
12671,B-016037,
12672,B-016038,Other
12673,B-016039,F
12674,B-016040,
12675,B-016041,
12676,B-016042,M
12677,B-016044,
12678,B-016045,
12679,B-016046,
12680,B-016047,
12681,B-016048,
12682,B-016049,M
12683,B-016050,
12684,B-016051,
12685,B-016052,F
12686,B-016053,M
12687,B-016054,
12688,B-016055,
12689,B-016056,
12690,B-016058,
12691,B-016059,M
12692,B-016060,
12693,B-016061,
12694,B-016062,F
12695,B-016063,
12696,B-016064,
12697,B-016066,F
12698,B-016067,F
12699,B-016068,Other
12700,B-016070,M
12701,B-016071,
12702,B-016072,M
12703,B-016073,
12704,B-016074,Other
12705,B-016076,
12706,B-016077,
12707,B-016078,
12708,B-016079,
12709,B-016080,M
12710,B-016081,F
12711,B-016082,
12712,B-016083,
12713,B-016084,F
12714,B-016086,
12715,B-016087,
12716,B-016088,
12717,B-016089,
12718,B-016090,
12719,B-016091,
12720,B-016093,F
12721,B-016095,M
12722,B-016096,F
12723,B-016097,Other
12724,B-016098,
12725,B-016099,
12726,B-016100,M
12727,B-016102,
12728,B-016103,Other
12729,B-016104,
12730,B-016105,
12731,B-016106,
12732,B-016107,Other
12733,B-016108,
12734,B-016109,Other
12735,B-016110,
12736,B-016112,F
12737,B-016113,
12738,B-016114,
12739,B-016115,M
12740,B-016118,F
12741,B-016120,
12742,B-016123,
12743,B-016124,Other
12744,B-016125,
12745,B-016126,
12746,B-016128,
12747,B-016130,
12748,B-016131,M
12749,B-016132,
12750,B-016134,F
12751,B-016135,F
12752,B-016137,F
12753,B-016138,
12754,B-016139,Other
12755,B-016140,M
12756,B-016141,Other
12757,B-016142,F
12758,B-016143,F
12759,B-016144,M
12760,B-016146,
12761,B-016147,
12762,B-016148,
12763,B-016149,M
12764,B-016150,Other
12765,B-016151,
12766,B-016152,M
12767,B-016153,
12768,B-016155,
12769,B-016156,F
12770,B-016157,
12771,B-016158,
12772,B-016159,F
12773,B-016160,
12774,B-016161,
12775,B-016162,M
12776,B-016163,
12777,B-016164,
12778,B-016165,
12779,B-016166,
12780,B-016167,
12781,B-016168,
12782,B-016169,F
12783,B-016171,M
12784,B-016172,
12785,B-016175,M
12786,B-016176,
12787,B-016179,
12788,B-016180,
12789,B-016181,M
12790,B-016182,M
12791,B-016183,Other
12792,B-016184,Other
12793,B-016185,M
12794,B-016186,F
12795,B-016188,M
12796,B-016189,
12797,B-016190,Other
12798,B-016192,F
12799,B-016193,
12800,B-016196,
12801,B-016197,Other
12802,B-016198,
12803,B-016199,Other
12804,B-016200,
12805,B-016201,
12806,B-016202,F
12807,B-016203,F
12808,B-016204,F
12809,B-016206,Other
12810,B-016207,M
12811,B-016208,
12812,B-016211,M
12813,B-016212,
12814,B-016214,M
12815,B-016215,Other
12816,B-016216,
12817,B-016217,F
12818,B-016218,M
12819,B-016219,F
12820,B-016220,
12821,B-016221,
12822,B-016222,
12823,B-016224,Other
12824,B-016226,M
12825,B-016227,
12826,B-016229,M
12827,B-016230,F
12828,B-016231,Other
12829,B-016232,M
12830,B-016233,M
12831,B-016234,Other
12832,B-016235,M
12833,B-016236,M
12834,B-016237,
12835,B-016238,
12836,B-016239,M
12837,B-016241,
12838,B-016242,
12839,B-016244,M
12840,B-016245,Other
12841,B-016246,
12842,B-016247,Other
12843,B-016250,
12844,B-016251,F
12845,B-016254,Other
12846,B-016257,
12847,B-016258,F
12848,B-016259,
12849,B-016260,
12850,B-016261,Other
12851,B-016265,M
12852,B-016266,
12853,B-016267,
12854,B-016270,
12855,B-016271,
12856,B-016272,Other
12857,B-016273,
12858,B-016274,Other
12859,B-016275,
12860,B-016276,F
12861,B-016277,
12862,B-016278,Other
12863,B-016279,
12864,B-016280,M
12865,B-016282,
12866,B-016283,Other
12867,B-016284,Other
12868,B-016285,
12869,B-016286,Other
12870,B-016287,
12871,B-016288,
12872,B-016290,
12873,B-016291,F
12874,B-016294,
12875,B-016295,
12876,B-016296,Other
12877,B-016297,
12878,B-016298,
12879,B-016299,
12880,B-016301,M
12881,B-016302,M
12882,B-016303,
12883,B-016304,Other
12884,B-016305,Other
12885,B-016306,
12886,B-016308,
12887,B-016309,Other
12888,B-016310,
12889,B-016313,F
12890,B-016314,F
12891,B-016315,M
12892,B-016316,F
12893,B-016317,
12894,B-016318,F
12895,B-016319,
12896,B-016320,
12897,B-016321,
12898,B-016322,Other
12899,B-016323,Other
12900,B-016324,Other
12901,B-016328,F
12902,B-016330,
12903,B-016331,F
12904,B-016332,M
12905,B-016333,
12906,B-016335,F
12907,B-016336,F
12908,B-016337,Other
12909,B-016338,
12910,B-016339,
12911,B-016340,
12912,B-016341,M
12913,B-016343,F
12914,B-016344,
12915,B-016345,
12916,B-016346,
12917,B-016347,
12918,B-016348,M
12919,B-016349,
12920,B-016351,Other
12921,B-016352,
12922,B-016353,
12923,B-016354,M
12924,B-016356,Other
12925,B-016357,F
12926,B-016358,
12927,B-016359,
12928,B-016360,
12929,B-016362,F
12930,B-016363,Other
12931,B-016364,F
12932,B-016365,Other
12933,B-016367,
12934,B-016368,
12935,B-016369,
12936,B-016370,Other
12937,B-016371,
12938,B-016372,Other
12939,B-016373,
12940,B-016375,
12941,B-016376,M
12942,B-016377,Other
12943,B-016378,F
12944,B-016379,
12945,B-016380,F
12946,B-016381,
12947,B-016382,M
12948,B-016383,
12949,B-016384,
12950,B-016385,F
12951,B-016387,
12952,B-016388,F
12953,B-016389,
12954,B-016390,M
12955,B-016393,M
12956,B-016397,
12957,B-016398,
12958,B-016400,F
12959,B-016401,
12960,B-016402,M
12961,B-016403,
12962,B-016404,Other
12963,B-016405,M
12964,B-016406,F
12965,B-016407,
12966,B-016408,M
12967,B-016409,
12968,B-016410,
12969,B-016411,Other
12970,B-016412,Other
12971,B-016413,
12972,B-016414,Other
12973,B-016415,M
12974,B-016416,F
12975,B-016417,M
12976,B-016418,Other
12977,B-016419,F
12978,B-016420,
12979,B-016423,M
12980,B-016424,
12981,B-016425,M
12982,B-016426,
12983,B-016427,
12984,B-016429,M
12985,B-016430,
12986,B-016431,
12987,B-016434,
12988,B-016435,F
12989,B-016436,Other
12990,B-016437,F
12991,B-016438,
12992,B-016439,
12993,B-016440,M
12994,B-016442,
12995,B-016443,
12996,B-016444,
12997,B-016445,
12998,B-016446,
12999,B-016447,
13000,B-016449,
13001,B-016450,
13002,B-016451,
13003,B-016452,
13004,B-016453,M
13005,B-016456,
13006,B-016457,F
13007,B-016459,F
13008,B-016460,Other
13009,B-016463,Other
13010,B-016465,Other
13011,B-016467,M
13012,B-016469,
13013,B-016470,F
13014,B-016473,
13015,B-016476,M
13016,B-016478,Other
13017,B-016479,F
13018,B-016480,F
13019,B-016483,
13020,B-016484,
13021,B-016485,
13022,B-016486,Other
13023,B-016487,Other
13024,B-016489,
13025,B-016490,M
13026,B-016491,M
13027,B-016492,
13028,B-016493,F
13029,B-016495,F
13030,B-016497,
13031,B-016498,F
13032,B-016500,Other
13033,B-016501,
13034,B-016503,M
13035,B-016504,M
13036,B-016505,M
13037,B-016506,F
13038,B-016507,F
13039,B-016509,M
13040,B-016510,Other
13041,B-016511,
13042,B-016512,
13043,B-016513,
13044,B-016514,M
13045,B-016518,
13046,B-016519,
13047,B-016520,
13048,B-016521,
13049,B-016522,
13050,B-016523,Other
13051,B-016524,
13052,B-016525,Other
13053,B-016526,F
13054,B-016528,
13055,B-016529,
13056,B-016530,F
13057,B-016531,Other
13058,B-016532,F
13059,B-016533,M
13060,B-016534,M
13061,B-016535,
13062,B-016536,
13063,B-016538,F
13064,B-016540,Other
13065,B-016541,
13066,B-016543,
13067,B-016544,Other
13068,B-016545,M
13069,B-016547,
13070,B-016549,F
13071,B-016550,M
13072,B-016551,Other
13073,B-016552,
13074,B-016553,
13075,B-016556,
13076,B-016559,Other
13077,B-016560,
13078,B-016561,
13079,B-016562,
13080,B-016563,
13081,B-016564,M
13082,B-016565,
13083,B-016566,F
13084,B-016567,M
13085,B-016568,
13086,B-016569,Other
13087,B-016570,Other
13088,B-016572,Other
13089,B-016573,M
13090,B-016574,
13091,B-016575,
13092,B-016576,Other
13093,B-016577,
13094,B-016578,M
13095,B-016579,
13096,B-016580,
13097,B-016581,Other
13098,B-016582,
13099,B-016583,
13100,B-016584,M
13101,B-016586,M
13102,B-016588,M
13103,B-016589,Other
13104,B-016590,
13105,B-016591,F
13106,B-016592,
13107,B-016595,
13108,B-016596,F
13109,B-016597,
13110,B-016598,Other
13111,B-016599,Other
13112,B-016600,Other
13113,B-016601,
13114,B-016602,
13115,B-016603,Other
13116,B-016604,Other
13117,B-016607,Other
13118,B-016608,M
13119,B-016609,Other
13120,B-016610,
13121,B-016612,
13122,B-016613,
13123,B-016614,
13124,B-016615,Other
13125,B-016616,Other
13126,B-016617,F
13127,B-016618,
13128,B-016620,F
13129,B-016621,M
13130,B-016622,F
13131,B-016623,M
13132,B-016624,M
13133,B-016625,Other
13134,B-016626,M
13135,B-016627,
13136,B-016628,
13137,B-016629,
13138,B-016631,F
13139,B-016632,M
13140,B-016633,F
13141,B-016634,Other
13142,B-016635,F
13143,B-016636,
13144,B-016637,
13145,B-016638,
13146,B-016639,
13147,B-016641,
13148,B-016642,F
13149,B-016644,M
13150,B-016645,F
13151,B-016646,M
13152,B-016647,F
13153,B-016649,F
13154,B-016651,F
13155,B-016652,M
13156,B-016654,
13157,B-016655,
13158,B-016656,F
13159,B-016657,Other
13160,B-016658,
13161,B-016660,F
13162,B-016661,
13163,B-016663,F
13164,B-016664,
13165,B-016665,
13166,B-016666,
13167,B-016667,
13168,B-016670,M
13169,B-016671,M
13170,B-016672,
13171,B-016673,
13172,B-016674,F
13173,B-016675,Other
13174,B-016676,
13175,B-016677,F
13176,B-016679,
13177,B-016680,M
13178,B-016682,F
13179,B-016683,M
13180,B-016684,
13181,B-016685,
13182,B-016687,Other
13183,B-016688,F
13184,B-016689,
13185,B-016690,F
13186,B-016691,M
13187,B-016692,
13188,B-016693,
13189,B-016694,Other
13190,B-016695,F
13191,B-016696,F
13192,B-016697,
13193,B-016698,Other
13194,B-016699,M
13195,B-016700,
13196,B-016701,Other
13197,B-016702,M
13198,B-016703,
13199,B-016705,Other
13200,B-016706,
13201,B-016708,Other
13202,B-016709,
13203,B-016710,Other
13204,B-016711,
13205,B-016712,Other
13206,B-016713,Other
13207,B-016714,Other
13208,B-016715,M
13209,B-016716,
13210,B-016717,F
13211,B-016719,
13212,B-016720,
13213,B-016721,
13214,B-016722,
13215,B-016724,
13216,B-016725,Other
13217,B-016726,F
13218,B-016727,
13219,B-016728,
13220,B-016729,M
13221,B-016730,
13222,B-016731,Other
13223,B-016732,
13224,B-016733,F
13225,B-016734,
13226,B-016735,
13227,B-016736,M
13228,B-016737,
13229,B-016738,Other
13230,B-016739,
13231,B-016740,
13232,B-016742,M
13233,B-016743,Other
13234,B-016745,
13235,B-016746,Other
13236,B-016747,Other
13237,B-016750,F
13238,B-016751,Other
13239,B-016752,F
13240,B-016753,Other
13241,B-016754,Other
13242,B-016755,M
13243,B-016756,
13244,B-016757,Other
13245,B-016758,
13246,B-016759,
13247,B-016760,Other
13248,B-016761,Other
13249,B-016762,F
13250,B-016763,F
13251,B-016764,
13252,B-016765,
13253,B-016766,F
13254,B-016767,
13255,B-016769,F
13256,B-016770,F
13257,B-016771,
13258,B-016772,
13259,B-016774,F
13260,B-016775,
13261,B-016777,
13262,B-016778,
13263,B-016780,
13264,B-016781,
13265,B-016782,F
13266,B-016785,F
13267,B-016786,
13268,B-016789,F
13269,B-016790,
13270,B-016792,
13271,B-016793,F
13272,B-016794,
13273,B-016795,Other
13274,B-016796,M
13275,B-016799,
13276,B-016801,M
13277,B-016802,Other
13278,B-016803,M
13279,B-016804,
13280,B-016805,M
13281,B-016806,
13282,B-016808,
13283,B-016810,
13284,B-016811,
13285,B-016812,
13286,B-016813,M
13287,B-016815,F
13288,B-016816,
13289,B-016818,Other
13290,B-016819,M
13291,B-016820,M
13292,B-016821,
13293,B-016822,
13294,B-016823,F
13295,B-016824,
13296,B-016825,
13297,B-016826,
13298,B-016827,
13299,B-016828,Other
13300,B-016829,
13301,B-016830,Other
13302,B-016831,Other
13303,B-016832,F
13304,B-016833,F
13305,B-016834,M
13306,B-016835,F
13307,B-016838,
13308,B-016839,
13309,B-016840,Other
13310,B-016841,Other
13311,B-016842,
13312,B-016843,Other
13313,B-016844,
13314,B-016845,
13315,B-016848,Other
13316,B-016849,
13317,B-016850,Other
13318,B-016851,
13319,B-016852,M
13320,B-016854,Other
13321,B-016855,
13322,B-016856,
13323,B-016857,
13324,B-016858,
13325,B-016859,
13326,B-016861,Other
13327,B-016862,
13328,B-016863,
13329,B-016864,
13330,B-016865,Other
13331,B-016866,M
13332,B-016867,
13333,B-016868,Other
13334,B-016869,M
13335,B-016872,M
13336,B-016873,M
13337,B-016874,M
13338,B-016875,F
13339,B-016876,Other
13340,B-016878,
13341,B-016879,M
13342,B-016881,
13343,B-016884,
13344,B-016885,F
13345,B-016886,F
13346,B-016887,Other
13347,B-016888,Other
13348,B-016889,
13349,B-016891,
13350,B-016892,F
13351,B-016893,F
13352,B-016894,
13353,B-016896,
13354,B-016898,Other
13355,B-016899,F
13356,B-016901,
13357,B-016902,
13358,B-016903,
13359,B-016904,
13360,B-016906,F
13361,B-016908,
13362,B-016909,
13363,B-016910,
13364,B-016911,F
13365,B-016913,Other
13366,B-016914,F
13367,B-016916,M
13368,B-016917,Other
13369,B-016918,F
13370,B-016919,F
13371,B-016920,
13372,B-016921,
13373,B-016922,
13374,B-016923,
13375,B-016924,
13376,B-016925,
13377,B-016927,M
13378,B-016928,
13379,B-016929,
13380,B-016931,
13381,B-016932,
13382,B-016933,
13383,B-016934,
13384,B-016935,
13385,B-016937,Other
13386,B-016938,M
13387,B-016939,Other
13388,B-016941,M
13389,B-016945,
13390,B-016946,F
13391,B-016947,
13392,B-016948,M
13393,B-016949,
13394,B-016950,
13395,B-016951,
13396,B-016952,Other
13397,B-016953,
13398,B-016956,F
13399,B-016957,M
13400,B-016959,
13401,B-016960,
13402,B-016961,
13403,B-016962,M
13404,B-016964,
13405,B-016965,
13406,B-016966,
13407,B-016970,Other
13408,B-016971,
13409,B-016972,F
13410,B-016973,
13411,B-016974,Other
13412,B-016976,M
13413,B-016978,Other
13414,B-016980,
13415,B-016981,F
13416,B-016983,
13417,B-016984,
13418,B-016985,
13419,B-016986,Other
13420,B-016987,
13421,B-016988,M
13422,B-016989,
13423,B-016990,Other
13424,B-016992,
13425,B-016993,
13426,B-016996,
13427,B-016997,
13428,B-016998,
13429,B-017000,Other
13430,B-017001,
13431,B-017002,
13432,B-017003,
13433,B-017004,
13434,B-017005,
13435,B-017006,F
13436,B-017007,
13437,B-017008,Other
13438,B-017009,M
13439,B-017011,F
13440,B-017013,
13441,B-017014,
13442,B-017016,
13443,B-017017,F
13444,B-017018,Other
13445,B-017019,F
13446,B-017021,F
13447,B-017022,
13448,B-017023,
13449,B-017024,
13450,B-017025,Other
13451,B-017027,M
13452,B-017028,
13453,B-017030,
13454,B-017031,Other
13455,B-017032,
13456,B-017033,F
13457,B-017034,M
13458,B-017036,M
13459,B-017037,
13460,B-017038,M
13461,B-017039,
13462,B-017040,
13463,B-017042,M
13464,B-017043,
13465,B-017045,
13466,B-017046,M
13467,B-017047,Other
13468,B-017048,
13469,B-017049,
13470,B-017050,
13471,B-017051,M
13472,B-017053,
13473,B-017054,
13474,B-017055,F
13475,B-017056,
13476,B-017058,F
13477,B-017059,
13478,B-017060,Other
13479,B-017063,Other
13480,B-017064,F
13481,B-017065,
13482,B-017066,
13483,B-017067,
13484,B-017068,
13485,B-017069,F
13486,B-017070,F
13487,B-017071,M
13488,B-017072,
13489,B-017073,Other
13490,B-017074,Other
13491,B-017075,
13492,B-017076,F
13493,B-017078,F
13494,B-017079,F
13495,B-017080,
13496,B-017081,M
13497,B-017082,Other
13498,B-017083,
13499,B-017084,
13500,B-017085,
13501,B-017087,F
13502,B-017089,
13503,B-017090,
13504,B-017092,
13505,B-017093,Other
13506,B-017094,
13507,B-017095,Other
13508,B-017096,
13509,B-017097,M
13510,B-017098,Other
13511,B-017099,F
13512,B-017100,
13513,B-017102,
13514,B-017103,F
13515,B-017106,Other
13516,B-017108,
13517,B-017109,M
13518,B-017110,
13519,B-017112,
13520,B-017113,Other
13521,B-017114,
13522,B-017115,F
13523,B-017117,
13524,B-017118,F
13525,B-017119,
13526,B-017120,
13527,B-017121,Other
13528,B-017123,
13529,B-017124,
13530,B-017125,
13531,B-017128,F
13532,B-017130,
13533,B-017131,F
13534,B-017132,Other
13535,B-017133,
13536,B-017135,
13537,B-017136,
13538,B-017138,Other
13539,B-017139,F
13540,B-017140,F
13541,B-017141,
13542,B-017142,
13543,B-017144,M
13544,B-017146,
13545,B-017147,Other
13546,B-017148,
13547,B-017149,
13548,B-017150,
13549,B-017151,
13550,B-017152,
13551,B-017153,
13552,B-017154,
13553,B-017155,
13554,B-017158,Other
13555,B-017160,M
13556,B-017161,
13557,B-017163,M
13558,B-017165,
13559,B-017166,Other
13560,B-017167,
13561,B-017168,M
13562,B-017169,
13563,B-017170,
13564,B-017172,M
13565,B-017173,
13566,B-017174,
13567,B-017175,
13568,B-017177,M
13569,B-017178,
13570,B-017179,M
13571,B-017180,
13572,B-017181,
13573,B-017182,F
13574,B-017183,
13575,B-017184,M
13576,B-017186,M
13577,B-017187,M
13578,B-017188,
13579,B-017189,F
13580,B-017191,M
13581,B-017192,
13582,B-017193,F
13583,B-017194,
13584,B-017197,
13585,B-017198,F
13586,B-017200,M
13587,B-017201,Other
13588,B-017202,M
13589,B-017203,F
13590,B-017204,
13591,B-017205,
13592,B-017208,
13593,B-017209,
13594,B-017210,
13595,B-017211,
13596,B-017212,
13597,B-017213,
13598,B-017214,M
13599,B-017215,
13600,B-017216,
13601,B-017217,F
13602,B-017218,F
13603,B-017219,
13604,B-017220,Other
13605,B-017221,
13606,B-017222,F
13607,B-017223,F
13608,B-017224,F
13609,B-017225,
13610,B-017226,
13611,B-017227,F
13612,B-017228,M
13613,B-017229,
13614,B-017230,
13615,B-017231,M
13616,B-017233,Other
13617,B-017234,M
13618,B-017235,
13619,B-017236,
13620,B-017237,
13621,B-017238,Other
13622,B-017239,
13623,B-017242,F
13624,B-017243,M
13625,B-017245,
13626,B-017246,F
13627,B-017248,
13628,B-017249,
13629,B-017250,
13630,B-017251,
13631,B-017253,
13632,B-017254,
13633,B-017255,F
13634,B-017257,
13635,B-017258,
13636,B-017259,Other
13637,B-017260,
13638,B-017261,
13639,B-017263,M
13640,B-017264,
13641,B-017265,
13642,B-017266,F
13643,B-017267,
13644,B-017268,M
13645,B-017269,
13646,B-017271,
13647,B-017272,
13648,B-017273,F
13649,B-017275,
13650,B-017277,Other
13651,B-017278,
13652,B-017281,
13653,B-017283,M
13654,B-017284,Other
13655,B-017285,
13656,B-017286,
13657,B-017287,M
13658,B-017289,
13659,B-017290,
13660,B-017291,
13661,B-017292,
13662,B-017295,
13663,B-017296,
13664,B-017297,
13665,B-017298,
13666,B-017299,M
13667,B-017304,
13668,B-017305,Other
13669,B-017306,
13670,B-017307,F
13671,B-017308,F
13672,B-017309,
13673,B-017310,
13674,B-017311,F
13675,B-017312,
13676,B-017315,
13677,B-017316,
13678,B-017317,M
13679,B-017318,M
13680,B-017319,Other
13681,B-017320,M
13682,B-017322,
13683,B-017323,M
13684,B-017324,M
13685,B-017325,Other
13686,B-017326,Other
13687,B-017327,Other
13688,B-017328,
13689,B-017329,F
13690,B-017330,
13691,B-017331,F
13692,B-017332,M
13693,B-017333,F
13694,B-017334,
13695,B-017335,F
13696,B-017336,
13697,B-017337,F
13698,B-017339,Other
13699,B-017340,
13700,B-017342,
13701,B-017343,Other
13702,B-017344,
13703,B-017348,
13704,B-017349,Other
13705,B-017350,M
13706,B-017351,
13707,B-017352,M
13708,B-017353,M
13709,B-017354,F
13710,B-017355,F
13711,B-017356,M
13712,B-017358,
13713,B-017359,
13714,B-017360,
13715,B-017361,Other
13716,B-017362,Other
13717,B-017363,M
13718,B-017364,
13719,B-017365,Other
13720,B-017366,F
13721,B-017367,
13722,B-017368,Other
13723,B-017369,
13724,B-017372,
13725,B-017373,Other
13726,B-017374,F
13727,B-017375,F
13728,B-017376,
13729,B-017378,M
13730,B-017379,
13731,B-017380,
13732,B-017381,
13733,B-017382,
13734,B-017383,
13735,B-017384,Other
13736,B-017386,
13737,B-017387,
13738,B-017388,
13739,B-017390,
13740,B-017392,F
13741,B-017393,M
13742,B-017395,Other
13743,B-017397,F
13744,B-017398,
13745,B-017399,F
13746,B-017400,M
13747,B-017402,F
13748,B-017403,
13749,B-017404,M
13750,B-017405,M
13751,B-017406,
13752,B-017407,M
13753,B-017408,M
13754,B-017409,
13755,B-017410,
13756,B-017411,
13757,B-017412,
13758,B-017414,M
13759,B-017415,F
13760,B-017417,F
13761,B-017418,
13762,B-017419,
13763,B-017420,
13764,B-017421,M
13765,B-017423,
13766,B-017424,
13767,B-017425,M
13768,B-017426,
13769,B-017427,
13770,B-017428,Other
13771,B-017429,
13772,B-017430,F
13773,B-017431,
13774,B-017432,
13775,B-017433,F
13776,B-017434,
13777,B-017436,
13778,B-017438,
13779,B-017439,
13780,B-017440,
13781,B-017441,M
13782,B-017442,F
13783,B-017444,
13784,B-017445,
13785,B-017446,
13786,B-017447,Other
13787,B-017450,M
13788,B-017452,
13789,B-017453,
13790,B-017454,
13791,B-017455,
13792,B-017456,Other
13793,B-017457,
13794,B-017458,
13795,B-017459,M
13796,B-017460,F
13797,B-017461,
13798,B-017462,
13799,B-017463,Other
13800,B-017464,
13801,B-017466,
13802,B-017467,
13803,B-017468,
13804,B-017469,F
13805,B-017470,F
13806,B-017471,M
13807,B-017472,M
13808,B-017473,M
13809,B-017474,M
13810,B-017475,
13811,B-017477,
13812,B-017478,F
13813,B-017479,
13814,B-017480,
13815,B-017482,Other
13816,B-017483,M
13817,B-017484,F
13818,B-017486,
13819,B-017487,
13820,B-017488,
13821,B-017489,
13822,B-017490,
13823,B-017491,F
13824,B-017492,
13825,B-017493,M
13826,B-017494,M
13827,B-017495,
13828,B-017496,F
13829,B-017497,
13830,B-017498,M
13831,B-017499,
13832,B-017500,
13833,B-017501,F
13834,B-017502,
13835,B-017503,M
13836,B-017504,
13837,B-017505,
13838,B-017506,
13839,B-017507,
13840,B-017509,M
13841,B-017510,
13842,B-017512,
13843,B-017513,F
13844,B-017514,F
13845,B-017516,
13846,B-017517,F
13847,B-017518,
13848,B-017519,
13849,B-017520,
13850,B-017521,
13851,B-017522,Other
13852,B-017523,
13853,B-017525,M
13854,B-017528,
13855,B-017529,
13856,B-017531,
13857,B-017533,
13858,B-017534,
13859,B-017536,
13860,B-017537,
13861,B-017538,
13862,B-017539,
13863,B-017540,
13864,B-017541,F
13865,B-017543,
13866,B-017544,F
13867,B-017545,
13868,B-017546,F
13869,B-017547,F
13870,B-017548,
13871,B-017549,Other
13872,B-017550,M
13873,B-017551,
13874,B-017552,
13875,B-017553,
13876,B-017554,M
13877,B-017555,
13878,B-017556,Other
13879,B-017558,
13880,B-017560,
13881,B-017561,
13882,B-017562,F
13883,B-017563,
13884,B-017566,Other
13885,B-017567,
13886,B-017568,
13887,B-017569,
13888,B-017571,F
13889,B-017572,
13890,B-017574,
13891,B-017578,F
13892,B-017579,
13893,B-017581,
13894,B-017582,
13895,B-017583,
13896,B-017584,F
13897,B-017586,
13898,B-017587,
13899,B-017588,Other
13900,B-017589,M
13901,B-017591,F
13902,B-017592,M
13903,B-017596,
13904,B-017597,
13905,B-017599,
13906,B-017600,M
13907,B-017601,F
13908,B-017602,F
13909,B-017603,Other
13910,B-017605,M
13911,B-017606,Other
13912,B-017607,
13913,B-017608,F
13914,B-017609,Other
13915,B-017610,
13916,B-017611,Other
13917,B-017612,F
13918,B-017613,M
13919,B-017614,
13920,B-017615,M
13921,B-017616,F
13922,B-017617,M
13923,B-017618,
13924,B-017619,
13925,B-017620,F
13926,B-017621,M
13927,B-017622,M
13928,B-017623,
13929,B-017624,M
13930,B-017625,Other
13931,B-017626,F
13932,B-017627,
13933,B-017628,
13934,B-017629,
13935,B-017630,M
13936,B-017631,Other
13937,B-017632,F
13938,B-017633,F
13939,B-017634,
13940,B-017635,
13941,B-017637,F
13942,B-017638,Other
13943,B-017640,
13944,B-017641,F
13945,B-017642,
13946,B-017643,M
13947,B-017644,
13948,B-017645,M
13949,B-017646,Other
13950,B-017648,
13951,B-017649,
13952,B-017650,
13953,B-017651,Other
13954,B-017652,
13955,B-017653,
13956,B-017654,
13957,B-017655,M
13958,B-017656,
13959,B-017657,Other
13960,B-017659,Other
13961,B-017660,M
13962,B-017661,
13963,B-017662,
13964,B-017664,
13965,B-017665,
13966,B-017666,M
13967,B-017667,
13968,B-017669,Other
13969,B-017670,
13970,B-017671,
13971,B-017672,Other
13972,B-017674,M
13973,B-017675,F
13974,B-017676,F
13975,B-017677,M
13976,B-017678,
13977,B-017680,
13978,B-017681,
13979,B-017682,M
13980,B-017685,
13981,B-017686,M
13982,B-017687,Other
13983,B-017688,Other
13984,B-017689,
13985,B-017690,F
13986,B-017692,M
13987,B-017693,F
13988,B-017694,
13989,B-017695,F
13990,B-017696,
13991,B-017698,
13992,B-017699,M
13993,B-017700,Other
13994,B-017701,M
13995,B-017702,Other
13996,B-017703,F
13997,B-017705,
13998,B-017706,M
13999,B-017707,M
14000,B-017708,
14001,B-017709,
14002,B-017710,
14003,B-017712,F
14004,B-017713,
14005,B-017714,
14006,B-017715,
14007,B-017716,F
14008,B-017717,
14009,B-017718,M
14010,B-017719,
14011,B-017720,F
14012,B-017721,
14013,B-017722,
14014,B-017724,F
14015,B-017725,F
14016,B-017726,
14017,B-017727,
14018,B-017728,M
14019,B-017729,
14020,B-017730,
14021,B-017731,
14022,B-017733,
14023,B-017734,
14024,B-017735,
14025,B-017736,M
14026,B-017737,Other
14027,B-017738,
14028,B-017739,M
14029,B-017740,
14030,B-017742,F
14031,B-017746,M
14032,B-017749,
14033,B-017750,Other
14034,B-017751,Other
14035,B-017752,
14036,B-017753,F
14037,B-017755,
14038,B-017756,
14039,B-017757,
14040,B-017758,M
14041,B-017760,F
14042,B-017761,
14043,B-017763,
14044,B-017764,F
14045,B-017765,Other
14046,B-017766,F
14047,B-017767,Other
14048,B-017768,F
14049,B-017769,
14050,B-017770,M
14051,B-017771,
14052,B-017772,M
14053,B-017773,
14054,B-017775,
14055,B-017777,Other
14056,B-017778,Other
14057,B-017779,
14058,B-017780,
14059,B-017781,
14060,B-017782,
14061,B-017784,
14062,B-017785,F
14063,B-017787,
14064,B-017788,Other
14065,B-017791,F
14066,B-017792,F
14067,B-017793,F
14068,B-017794,Other
14069,B-017795,Other
14070,B-017796,Other
14071,B-017797,F
14072,B-017798,F
14073,B-017799,
14074,B-017800,Other
14075,B-017801,
14076,B-017802,F
14077,B-017803,
14078,B-017804,
14079,B-017807,F
14080,B-017808,
14081,B-017809,Other
14082,B-017810,M
14083,B-017811,F
14084,B-017813,
14085,B-017814,
14086,B-017816,
14087,B-017817,
14088,B-017818,
14089,B-017819,
14090,B-017820,
14091,B-017822,Other
14092,B-017823,
14093,B-017824,Other
14094,B-017826,Other
14095,B-017828,F
14096,B-017829,
14097,B-017830,
14098,B-017831,Other
14099,B-017832,
14100,B-017833,
14101,B-017834,
14102,B-017835,Other
14103,B-017836,
14104,B-017837,
14105,B-017838,
14106,B-017839,F
14107,B-017840,M
14108,B-017841,Other
14109,B-017842,
14110,B-017844,F
14111,B-017845,F
14112,B-017846,Other
14113,B-017847,
14114,B-017850,
14115,B-017851,
14116,B-017852,
14117,B-017853,M
14118,B-017854,
14119,B-017855,
14120,B-017857,
14121,B-017858,Other
14122,B-017859,
14123,B-017860,F
14124,B-017861,
14125,B-017862,F
14126,B-017866,
14127,B-017867,Other
14128,B-017868,F
14129,B-017869,Other
14130,B-017870,Other
14131,B-017871,
14132,B-017872,Other
14133,B-017873,
14134,B-017874,
14135,B-017875,
14136,B-017877,M
14137,B-017878,M
14138,B-017879,M
14139,B-017880,
14140,B-017882,
14141,B-017883,F
14142,B-017884,
14143,B-017887,
14144,B-017888,
14145,B-017890,F
14146,B-017892,
14147,B-017893,
14148,B-017894,
14149,B-017895,M
14150,B-017896,
14151,B-017897,M
14152,B-017898,
14153,B-017901,F
14154,B-017902,Other
14155,B-017903,F
14156,B-017904,Other
14157,B-017906,
14158,B-017907,M
14159,B-017908,F
14160,B-017909,
14161,B-017910,M
14162,B-017911,
14163,B-017912,
14164,B-017913,
14165,B-017914,
14166,B-017915,
14167,B-017917,Other
14168,B-017918,
14169,B-017919,
14170,B-017920,
14171,B-017922,M
14172,B-017923,M
14173,B-017924,M
14174,B-017926,
14175,B-017927,Other
14176,B-017928,Other
14177,B-017929,Other
14178,B-017930,
14179,B-017932,
14180,B-017934,
14181,B-017936,
14182,B-017938,
14183,B-017939,
14184,B-017941,F
14185,B-017942,Other
14186,B-017943,F
14187,B-017944,Other
14188,B-017945,M
14189,B-017946,
14190,B-017947,
14191,B-017950,
14192,B-017952,F
14193,B-017953,
14194,B-017954,
14195,B-017955,M
14196,B-017956,
14197,B-017958,Other
14198,B-017959,
14199,B-017960,F
14200,B-017961,
14201,B-017962,F
14202,B-017964,
14203,B-017967,
14204,B-017969,
14205,B-017970,
14206,B-017971,
14207,B-017972,Other
14208,B-017973,F
14209,B-017974,
14210,B-017977,Other
14211,B-017978,M
14212,B-017980,Other
14213,B-017981,
14214,B-017982,
14215,B-017983,
14216,B-017984,
14217,B-017985,Other
14218,B-017986,M
14219,B-017990,Other
14220,B-017991,
14221,B-017992,
14222,B-017994,F
14223,B-017995,Other
14224,B-017997,F
14225,B-017998,
14226,B-017999,M
14227,B-018000,Other
14228,B-018001,
14229,B-018002,
14230,B-018003,
14231,B-018004,
14232,B-018006,F
14233,B-018007,
14234,B-018008,M
14235,B-018009,Other
14236,B-018010,
14237,B-018011,
14238,B-018012,M
14239,B-018013,F
14240,B-018014,F
14241,B-018015,
14242,B-018016,M
14243,B-018017,F
14244,B-018018,M
14245,B-018019,Other
14246,B-018020,M
14247,B-018021,
14248,B-018022,M
14249,B-018023,
14250,B-018024,
14251,B-018025,
14252,B-018026,Other
14253,B-018027,
14254,B-018028,
14255,B-018030,F
14256,B-018032,
14257,B-018033,Other
14258,B-018034,
14259,B-018035,
14260,B-018036,F
14261,B-018037,F
14262,B-018038,
14263,B-018039,
14264,B-018041,M
14265,B-018042,M
14266,B-018044,
14267,B-018045,Other
14268,B-018046,M
14269,B-018048,F
14270,B-018049,
14271,B-018050,
14272,B-018051,
14273,B-018052,
14274,B-018053,Other
14275,B-018056,F
14276,B-018057,F
14277,B-018058,M
14278,B-018059,F
14279,B-018062,M
14280,B-018064,F
14281,B-018065,Other
14282,B-018066,
14283,B-018067,F
14284,B-018068,M
14285,B-018069,M
14286,B-018070,
14287,B-018071,
14288,B-018072,M
14289,B-018073,
14290,B-018074,Other
14291,B-018075,Other
14292,B-018076,M
14293,B-018077,M
14294,B-018078,
14295,B-018080,
14296,B-018081,M
14297,B-018082,
14298,B-018083,
14299,B-018084,
14300,B-018086,
14301,B-018087,
14302,B-018088,M
14303,B-018090,
14304,B-018092,M
14305,B-018093,
14306,B-018094,Other
14307,B-018095,Other
14308,B-018096,
14309,B-018097,M
14310,B-018098,
14311,B-018100,
14312,B-018101,
14313,B-018102,
14314,B-018103,F
14315,B-018104,M
14316,B-018105,M
14317,B-018106,
14318,B-018107,Other
14319,B-018108,M
14320,B-018109,F
14321,B-018111,F
14322,B-018112,
14323,B-018113,
14324,B-018114,Other
14325,B-018118,
14326,B-018119,
14327,B-018120,
14328,B-018121,
14329,B-018122,M
14330,B-018123,
14331,B-018124,
14332,B-018125,Other
14333,B-018126,
14334,B-018127,F
14335,B-018128,
14336,B-018129,
14337,B-018130,
14338,B-018131,
14339,B-018132,
14340,B-018133,Other
14341,B-018134,
14342,B-018135,M
14343,B-018136,
14344,B-018137,
14345,B-018138,
14346,B-018141,
14347,B-018142,
14348,B-018144,F
14349,B-018146,
14350,B-018147,M
14351,B-018149,
14352,B-018150,
14353,B-018151,
14354,B-018152,
14355,B-018153,F
14356,B-018155,M
14357,B-018156,
14358,B-018157,Other
14359,B-018158,Other
14360,B-018159,
14361,B-018161,M
14362,B-018162,
14363,B-018164,
14364,B-018165,Other
14365,B-018167,F
14366,B-018168,F
14367,B-018169,
14368,B-018170,Other
14369,B-018171,
14370,B-018172,
14371,B-018174,
14372,B-018175,
14373,B-018178,Other
14374,B-018179,
14375,B-018180,F
14376,B-018181,Other
14377,B-018182,
14378,B-018183,Other
14379,B-018184,M
14380,B-018185,
14381,B-018186,F
14382,B-018187,
14383,B-018188,M
14384,B-018189,
14385,B-018193,
14386,B-018194,F
14387,B-018196,
14388,B-018197,Other
14389,B-018198,F
14390,B-018199,F
14391,B-018201,M
14392,B-018202,
14393,B-018205,
14394,B-018206,
14395,B-018207,Other
14396,B-018208,F
14397,B-018211,M
14398,B-018212,Other
14399,B-018213,
14400,B-018214,Other
14401,B-018216,
14402,B-018217,F
14403,B-018218,Other
14404,B-018219,
14405,B-018221,
14406,B-018223,F
14407,B-018224,Other
14408,B-018225,M
14409,B-018226,
14410,B-018228,
14411,B-018229,
14412,B-018230,F
14413,B-018231,Other
14414,B-018232,
14415,B-018234,
14416,B-018235,Other
14417,B-018236,
14418,B-018237,M
14419,B-018238,
14420,B-018240,
14421,B-018241,M
14422,B-018242,
14423,B-018243,
14424,B-018244,M
14425,B-018245,
14426,B-018246,M
14427,B-018248,
14428,B-018249,
14429,B-018251,
14430,B-018252,
14431,B-018253,M
14432,B-018255,F
14433,B-018256,
14434,B-018257,F
14435,B-018258,M
14436,B-018259,
14437,B-018260,
14438,B-018261,
14439,B-018262,
14440,B-018263,
14441,B-018264,
14442,B-018265,
14443,B-018266,
14444,B-018267,M
14445,B-018268,Other
14446,B-018269,F
14447,B-018270,
14448,B-018271,
14449,B-018272,
14450,B-018273,
14451,B-018274,Other
14452,B-018276,Other
14453,B-018277,
14454,B-018278,Other
14455,B-018279,
14456,B-018280,M
14457,B-018281,
14458,B-018282,
14459,B-018283,
14460,B-018284,
14461,B-018285,M
14462,B-018287,M
14463,B-018288,
14464,B-018289,
14465,B-018290,
14466,B-018291,F
14467,B-018293,
14468,B-018294,
14469,B-018295,M
14470,B-018296,
14471,B-018297,
14472,B-018298,Other
14473,B-018299,F
14474,B-018300,
14475,B-018301,
14476,B-018303,
14477,B-018304,M
14478,B-018305,
14479,B-018306,
14480,B-018308,
14481,B-018309,
14482,B-018310,
14483,B-018311,
14484,B-018313,
14485,B-018315,M
14486,B-018316,
14487,B-018318,M
14488,B-018320,
14489,B-018321,Other
14490,B-018322,
14491,B-018323,
14492,B-018326,
14493,B-018327,
14494,B-018328,
14495,B-018329,
14496,B-018330,
14497,B-018331,Other
14498,B-018332,F
14499,B-018333,
14500,B-018334,
14501,B-018335,
14502,B-018336,F
14503,B-018337,Other
14504,B-018338,M
14505,B-018339,F
14506,B-018341,Other
14507,B-018342,F
14508,B-018343,
14509,B-018344,
14510,B-018345,M
14511,B-018346,
14512,B-018347,M
14513,B-018348,M
14514,B-018349,
14515,B-018351,
14516,B-018354,
14517,B-018356,M
14518,B-018357,Other
14519,B-018361,Other
14520,B-018362,Other
14521,B-018363,M
14522,B-018364,
14523,B-018365,
14524,B-018366,
14525,B-018367,
14526,B-018368,Other
14527,B-018369,
14528,B-018370,M
14529,B-018372,F
14530,B-018373,
14531,B-018374,
14532,B-018375,
14533,B-018376,Other
14534,B-018377,
14535,B-018378,Other
14536,B-018379,
14537,B-018380,
14538,B-018381,
14539,B-018382,F
14540,B-018384,
14541,B-018385,F
14542,B-018386,
14543,B-018387,F
14544,B-018388,F
14545,B-018390,
14546,B-018391,M
14547,B-018392,Other
14548,B-018393,Other
14549,B-018395,
14550,B-018396,
14551,B-018397,
14552,B-018398,F
14553,B-018400,
14554,B-018401,M
14555,B-018402,M
14556,B-018403,
14557,B-018404,M
14558,B-018405,Other
14559,B-018406,M
14560,B-018407,Other
14561,B-018409,
14562,B-018410,
14563,B-018411,
14564,B-018412,F
14565,B-018413,M
14566,B-018414,Other
14567,B-018415,F
14568,B-018416,
14569,B-018417,
14570,B-018418,
14571,B-018419,
14572,B-018420,M
14573,B-018421,M
14574,B-018422,Other
14575,B-018423,
14576,B-018424,
14577,B-018425,Other
14578,B-018426,
14579,B-018427,
14580,B-018428,
14581,B-018429,M
14582,B-018430,M
14583,B-018431,
14584,B-018432,
14585,B-018433,
14586,B-018434,F
14587,B-018435,
14588,B-018436,Other
14589,B-018437,
14590,B-018438,F
14591,B-018440,M
14592,B-018441,Other
14593,B-018442,
14594,B-018443,
14595,B-018444,
14596,B-018445,
14597,B-018447,M
14598,B-018449,
14599,B-018450,
14600,B-018451,Other
14601,B-018452,
14602,B-018453,M
14603,B-018455,M
14604,B-018456,F
14605,B-018457,M
14606,B-018458,
14607,B-018459,M
14608,B-018460,
14609,B-018461,
14610,B-018462,M
14611,B-018465,F
14612,B-018467,F
14613,B-018468,
14614,B-018469,
14615,B-018470,Other
14616,B-018472,Other
14617,B-018473,Other
14618,B-018474,Other
14619,B-018475,F
14620,B-018476,M
14621,B-018477,
14622,B-018479,
14623,B-018480,
14624,B-018481,
14625,B-018483,
14626,B-018485,
14627,B-018486,M
14628,B-018488,
14629,B-018489,
14630,B-018490,
14631,B-018492,
14632,B-018493,
14633,B-018494,
14634,B-018495,F
14635,B-018496,
14636,B-018497,
14637,B-018498,Other
14638,B-018499,
14639,B-018501,M
14640,B-018502,Other
14641,B-018503,M
14642,B-018504,
14643,B-018505,Other
14644,B-018506,F
14645,B-018507,
14646,B-018508,
14647,B-018510,
14648,B-018512,
14649,B-018513,M
14650,B-018514,
14651,B-018515,M
14652,B-018516,
14653,B-018517,F
14654,B-018518,
14655,B-018519,
14656,B-018520,Other
14657,B-018522,F
14658,B-018523,
14659,B-018524,
14660,B-018525,Other
14661,B-018526,
14662,B-018527,
14663,B-018528,Other
14664,B-018531,M
14665,B-018534,
14666,B-018535,
14667,B-018536,F
14668,B-018537,M
14669,B-018538,F
14670,B-018539,M
14671,B-018541,
14672,B-018542,F
14673,B-018543,
14674,B-018544,
14675,B-018545,Other
14676,B-018546,
14677,B-018547,
14678,B-018548,
14679,B-018550,
14680,B-018551,
14681,B-018552,
14682,B-018553,Other
14683,B-018554,Other
14684,B-018555,F
14685,B-018556,M
14686,B-018558,
14687,B-018559,F
14688,B-018560,
14689,B-018561,Other
14690,B-018562,M
14691,B-018564,
14692,B-018565,
14693,B-018566,
14694,B-018567,F
14695,B-018568,Other
14696,B-018570,M
14697,B-018571,F
14698,B-018572,F
14699,B-018575,
14700,B-018577,
14701,B-018578,M
14702,B-018579,
14703,B-018580,M
14704,B-018581,
14705,B-018582,
14706,B-018584,M
14707,B-018585,Other
14708,B-018586,
14709,B-018587,
14710,B-018588,M
14711,B-018590,
14712,B-018592,Other
14713,B-018593,
14714,B-018594,
14715,B-018595,
14716,B-018596,F
14717,B-018597,F
14718,B-018598,F
14719,B-018599,M
14720,B-018601,F
14721,B-018603,
14722,B-018605,F
14723,B-018609,
14724,B-018610,F
14725,B-018611,M
14726,B-018612,M
14727,B-018613,F
14728,B-018614,F
14729,B-018615,F
14730,B-018616,
14731,B-018617,
14732,B-018619,
14733,B-018621,Other
14734,B-018623,F
14735,B-018624,
14736,B-018625,
14737,B-018627,M
14738,B-018628,Other
14739,B-018629,
14740,B-018630,
14741,B-018631,
14742,B-018632,
14743,B-018633,
14744,B-018634,Other
14745,B-018635,
14746,B-018637,M
14747,B-018638,
14748,B-018639,
14749,B-018640,Other
14750,B-018641,F
14751,B-018642,
14752,B-018643,
14753,B-018644,
14754,B-018645,
14755,B-018647,Other
14756,B-018648,Other
14757,B-018649,
14758,B-018650,M
14759,B-018652,
14760,B-018653,F
14761,B-018654,
14762,B-018656,
14763,B-018657,
14764,B-018658,
14765,B-018659,Other
14766,B-018660,M
14767,B-018664,
14768,B-018665,
14769,B-018666,
14770,B-018667,
14771,B-018668,
14772,B-018669,F
14773,B-018670,
14774,B-018671,F
14775,B-018672,
14776,B-018673,
14777,B-018674,
14778,B-018675,
14779,B-018678,M
14780,B-018679,
14781,B-018680,F
14782,B-018682,
14783,B-018683,
14784,B-018684,
14785,B-018685,
14786,B-018687,F
14787,B-018688,F
14788,B-018689,Other
14789,B-018690,F
14790,B-018691,
14791,B-018692,F
14792,B-018693,
14793,B-018694,
14794,B-018696,
14795,B-018697,
14796,B-018698,
14797,B-018699,Other
14798,B-018700,
14799,B-018703,
14800,B-018704,Other
14801,B-018705,F
14802,B-018707,
14803,B-018709,
14804,B-018710,
14805,B-018712,Other
14806,B-018715,Other
14807,B-018716,
14808,B-018717,
14809,B-018718,
14810,B-018719,
14811,B-018720,M
14812,B-018721,
14813,B-018722,F
14814,B-018723,
14815,B-018724,
14816,B-018725,
14817,B-018727,
14818,B-018728,
14819,B-018730,M
14820,B-018731,
14821,B-018733,M
14822,B-018735,F
14823,B-018736,M
14824,B-018737,
14825,B-018738,
14826,B-018740,M
14827,B-018741,M
14828,B-018742,F
14829,B-018743,Other
14830,B-018744,
14831,B-018745,M
14832,B-018746,
14833,B-018747,
14834,B-018749,F
14835,B-018750,F
14836,B-018751,M
14837,B-018752,Other
14838,B-018753,
14839,B-018754,Other
14840,B-018755,F
14841,B-018757,F
14842,B-018758,Other
14843,B-018759,M
14844,B-018761,Other
14845,B-018762,
14846,B-018763,Other
14847,B-018764,F
14848,B-018765,
14849,B-018766,Other
14850,B-018767,
14851,B-018768,
14852,B-018769,
14853,B-018771,
14854,B-018772,F
14855,B-018773,
14856,B-018775,
14857,B-018776,
14858,B-018777,F
14859,B-018778,M
14860,B-018780,
14861,B-018782,Other
14862,B-018783,M
14863,B-018784,M
14864,B-018787,Other
14865,B-018789,
14866,B-018791,F
14867,B-018793,M
14868,B-018795,
14869,B-018796,F
14870,B-018797,
14871,B-018799,F
14872,B-018800,
14873,B-018801,M
14874,B-018802,
14875,B-018803,
14876,B-018804,
14877,B-018806,F
14878,B-018807,Other
14879,B-018808,
14880,B-018809,
14881,B-018810,
14882,B-018811,M
14883,B-018812,
14884,B-018813,
14885,B-018814,
14886,B-018815,
14887,B-018817,
14888,B-018818,
14889,B-018819,M
14890,B-018820,
14891,B-018821,M
14892,B-018822,M
14893,B-018823,F
14894,B-018825,
14895,B-018827,
14896,B-018828,
14897,B-018829,Other
14898,B-018830,
14899,B-018831,F
14900,B-018832,
14901,B-018833,
14902,B-018834,
14903,B-018835,
14904,B-018836,M
14905,B-018837,
14906,B-018838,F
14907,B-018839,
14908,B-018840,
14909,B-018841,Other
14910,B-018842,Other
14911,B-018843,
14912,B-018846,
14913,B-018847,
14914,B-018848,Other
14915,B-018849,F
14916,B-018850,
14917,B-018851,
14918,B-018853,
14919,B-018854,F
14920,B-018856,Other
14921,B-018858,M
14922,B-018860,F
14923,B-018861,
14924,B-018862,
14925,B-018863,
14926,B-018864,M
14927,B-018865,M
14928,B-018866,
14929,B-018867,
14930,B-018868,
14931,B-018869,
14932,B-018870,F
14933,B-018871,
14934,B-018872,M
14935,B-018873,
14936,B-018874,M
14937,B-018875,
14938,B-018876,M
14939,B-018877,F
14940,B-018880,F
14941,B-018881,Other
14942,B-018882,
14943,B-018883,
14944,B-018884,
14945,B-018885,Other
14946,B-018886,
14947,B-018890,F
14948,B-018891,F
14949,B-018892,Other
14950,B-018893,
14951,B-018894,Other
14952,B-018895,Other
14953,B-018896,
14954,B-018898,M
14955,B-018899,
14956,B-018900,
14957,B-018901,F
14958,B-018902,M
14959,B-018905,
14960,B-018906,Other
14961,B-018908,M
14962,B-018909,
14963,B-018910,
14964,B-018911,M
14965,B-018912,M
14966,B-018913,
14967,B-018914,Other
14968,B-018915,M
14969,B-018916,
14970,B-018917,
14971,B-018918,F
14972,B-018919,F
14973,B-018920,
14974,B-018921,
14975,B-018922,
14976,B-018923,
14977,B-018925,
14978,B-018928,
14979,B-018929,Other
14980,B-018930,M
14981,B-018931,
14982,B-018932,M
14983,B-018933,
14984,B-018934,
14985,B-018936,F
14986,B-018937,Other
14987,B-018938,M
14988,B-018940,
14989,B-018941,
14990,B-018942,M
14991,B-018943,
14992,B-018944,M
14993,B-018945,
14994,B-018946,M
14995,B-018947,
14996,B-018948,
14997,B-018949,Other
14998,B-018950,
14999,B-018951,
15000,B-018952,
15001,B-018953,
15002,B-018955,
15003,B-018956,
15004,B-018957,
15005,B-018958,
15006,B-018960,Other
15007,B-018961,
15008,B-018962,M
15009,B-018963,Other
15010,B-018964,
15011,B-018965,Other
15012,B-018966,M
15013,B-018967,
15014,B-018968,
15015,B-018969,
15016,B-018970,M
15017,B-018971,
15018,B-018973,M
15019,B-018975,Other
15020,B-018976,M
15021,B-018977,
15022,B-018978,
15023,B-018979,
15024,B-018980,
15025,B-018981,
15026,B-018982,
15027,B-018983,
15028,B-018984,
15029,B-018985,
15030,B-018986,M
15031,B-018987,
15032,B-018988,
15033,B-018989,M
15034,B-018990,F
15035,B-018992,
15036,B-018993,
15037,B-018994,Other
15038,B-018995,F
15039,B-018996,
15040,B-018997,F
15041,B-018999,
15042,B-019000,Other
15043,B-019001,
15044,B-019002,M
15045,B-019003,M
15046,B-019004,
15047,B-019005,
15048,B-019007,
15049,B-019008,M
15050,B-019009,Other
15051,B-019010,M
15052,B-019012,M
15053,B-019014,
15054,B-019015,
15055,B-019016,
15056,B-019017,M
15057,B-019018,M
15058,B-019019,
15059,B-019020,
15060,B-019021,Other
15061,B-019022,Other
15062,B-019023,M
15063,B-019025,Other
15064,B-019026,
15065,B-019028,F
15066,B-019029,Other
15067,B-019030,Other
15068,B-019031,
15069,B-019032,F
15070,B-019033,M
15071,B-019035,
15072,B-019037,Other
15073,B-019038,F
15074,B-019040,
15075,B-019041,
15076,B-019042,
15077,B-019043,
15078,B-019044,M
15079,B-019046,
15080,B-019047,M
15081,B-019048,Other
15082,B-019049,M
15083,B-019050,
15084,B-019051,Other
15085,B-019052,M
15086,B-019053,F
15087,B-019054,Other
15088,B-019055,M
15089,B-019056,
15090,B-019057,M
15091,B-019058,
15092,B-019059,
15093,B-019061,
15094,B-019062,M
15095,B-019063,M
15096,B-019064,
15097,B-019065,Other
15098,B-019066,
15099,B-019067,
15100,B-019068,
15101,B-019069,F
15102,B-019070,
15103,B-019071,M
15104,B-019072,F
15105,B-019073,
15106,B-019074,
15107,B-019075,
15108,B-019076,
15109,B-019077,Other
15110,B-019078,M
15111,B-019080,
15112,B-019082,
15113,B-019084,
15114,B-019085,
15115,B-019086,
15116,B-019088,M
15117,B-019089,F
15118,B-019090,M
15119,B-019091,
15120,B-019092,
15121,B-019093,F
15122,B-019094,
15123,B-019095,M
15124,B-019096,
15125,B-019097,M
15126,B-019098,M
15127,B-019099,Other
15128,B-019100,Other
15129,B-019101,F
15130,B-019102,
15131,B-019103,Other
15132,B-019104,Other
15133,B-019105,M
15134,B-019106,
15135,B-019108,
15136,B-019109,
15137,B-019111,M
15138,B-019112,F
15139,B-019114,F
15140,B-019115,
15141,B-019116,
15142,B-019117,
15143,B-019118,
15144,B-019119,M
15145,B-019120,F
15146,B-019121,M
15147,B-019122,
15148,B-019124,
15149,B-019125,M
15150,B-019126,
15151,B-019128,M
15152,B-019129,F
15153,B-019130,Other
15154,B-019132,
15155,B-019133,Other
15156,B-019135,M
15157,B-019136,
15158,B-019137,
15159,B-019139,
15160,B-019140,
15161,B-019141,Other
15162,B-019142,
15163,B-019143,
15164,B-019144,
15165,B-019145,M
15166,B-019146,F
15167,B-019147,
15168,B-019148,M
15169,B-019149,
15170,B-019150,F
15171,B-019152,
15172,B-019153,
15173,B-019155,
15174,B-019156,
15175,B-019157,
15176,B-019158,
15177,B-019159,Other
15178,B-019160,F
15179,B-019162,M
15180,B-019163,Other
15181,B-019164,M
15182,B-019165,Other
15183,B-019167,F
15184,B-019169,
15185,B-019171,F
15186,B-019172,
15187,B-019173,
15188,B-019175,
15189,B-019177,
15190,B-019179,
15191,B-019180,F
15192,B-019181,
15193,B-019182,M
15194,B-019184,
15195,B-019185,
15196,B-019186,F
15197,B-019187,F
15198,B-019188,Other
15199,B-019189,
15200,B-019191,F
15201,B-019193,
15202,B-019194,
15203,B-019196,Other
15204,B-019197,
15205,B-019198,F
15206,B-019199,
15207,B-019200,F
15208,B-019201,Other
15209,B-019202,
15210,B-019203,Other
15211,B-019206,M
15212,B-019207,Other
15213,B-019208,
15214,B-019211,
15215,B-019212,M
15216,B-019213,
15217,B-019214,F
15218,B-019215,M
15219,B-019216,Other
15220,B-019217,M
15221,B-019218,
15222,B-019219,
15223,B-019220,M
15224,B-019222,
15225,B-019224,F
15226,B-019225,
15227,B-019226,
15228,B-019227,M
15229,B-019228,Other
15230,B-019229,F
15231,B-019231,
15232,B-019232,F
15233,B-019235,
15234,B-019236,M
15235,B-019237,
15236,B-019239,Other
15237,B-019241,Other
15238,B-019242,F
15239,B-019244,Other
15240,B-019245,
15241,B-019246,F
15242,B-019248,
15243,B-019251,
15244,B-019253,
15245,B-019254,
15246,B-019255,F
15247,B-019256,M
15248,B-019257,M
15249,B-019258,
15250,B-019261,F
15251,B-019263,Other
15252,B-019264,F
15253,B-019265,Other
15254,B-019266,M
15255,B-019268,
15256,B-019269,Other
15257,B-019271,
15258,B-019273,F
15259,B-019274,M
15260,B-019275,
15261,B-019276,
15262,B-019277,F
15263,B-019278,Other
15264,B-019280,F
15265,B-019281,M
15266,B-019282,Other
15267,B-019283,M
15268,B-019284,
15269,B-019286,
15270,B-019287,
15271,B-019288,F
15272,B-019289,
15273,B-019290,
15274,B-019291,
15275,B-019292,Other
15276,B-019295,
15277,B-019296,M
15278,B-019297,M
15279,B-019298,
15280,B-019299,
15281,B-019300,M
15282,B-019301,
15283,B-019302,M
15284,B-019303,F
15285,B-019304,Other
15286,B-019305,
15287,B-019306,M
15288,B-019307,
15289,B-019308,F
15290,B-019309,F
15291,B-019310,
15292,B-019311,F
15293,B-019312,Other
15294,B-019313,Other
15295,B-019314,M
15296,B-019316,
15297,B-019319,M
15298,B-019320,
15299,B-019322,
15300,B-019323,
15301,B-019324,M
15302,B-019325,
15303,B-019326,M
15304,B-019327,Other
15305,B-019328,Other
15306,B-019329,
15307,B-019330,Other
15308,B-019332,F
15309,B-019333,M
15310,B-019334,
15311,B-019335,
15312,B-019336,
15313,B-019337,M
15314,B-019339,
15315,B-019341,
15316,B-019342,
15317,B-019343,Other
15318,B-019345,M
15319,B-019346,Other
15320,B-019347,Other
15321,B-019348,
15322,B-019349,Other
15323,B-019350,
15324,B-019351,M
15325,B-019353,Other
15326,B-019354,
15327,B-019355,F
15328,B-019356,
15329,B-019357,
15330,B-019358,
15331,B-019360,
15332,B-019361,M
15333,B-019364,
15334,B-019366,Other
15335,B-019367,
15336,B-019368,
15337,B-019369,Other
15338,B-019370,Other
15339,B-019371,M
15340,B-019372,
15341,B-019373,F
15342,B-019374,
15343,B-019375,Other
15344,B-019376,
15345,B-019377,M
15346,B-019378,
15347,B-019379,F
15348,B-019380,
15349,B-019381,
15350,B-019382,Other
15351,B-019386,Other
15352,B-019388,
15353,B-019389,Other
15354,B-019392,
15355,B-019393,
15356,B-019394,
15357,B-019395,Other
15358,B-019396,M
15359,B-019398,F
15360,B-019399,
15361,B-019401,F
15362,B-019402,M
15363,B-019403,
15364,B-019405,
15365,B-019406,M
15366,B-019407,M
15367,B-019408,M
15368,B-019409,
15369,B-019410,Other
15370,B-019412,F
15371,B-019413,Other
15372,B-019415,
15373,B-019418,Other
15374,B-019419,M
15375,B-019420,
15376,B-019422,F
15377,B-019424,F
15378,B-019425,
15379,B-019426,
15380,B-019427,M
15381,B-019428,
15382,B-019429,F
15383,B-019430,
15384,B-019431,M
15385,B-019432,
15386,B-019433,M
15387,B-019434,
15388,B-019435,
15389,B-019436,M
15390,B-019437,
15391,B-019438,
15392,B-019439,Other
15393,B-019440,
15394,B-019441,
15395,B-019442,
15396,B-019444,
15397,B-019445,Other
15398,B-019446,
15399,B-019447,F
15400,B-019449,
15401,B-019450,Other
15402,B-019451,
15403,B-019452,M
15404,B-019453,
15405,B-019454,
15406,B-019455,
15407,B-019456,F
15408,B-019457,F
15409,B-019458,
15410,B-019459,
15411,B-019463,
15412,B-019464,
15413,B-019465,M
15414,B-019467,Other
15415,B-019468,M
15416,B-019469,Other
15417,B-019470,M
15418,B-019471,Other
15419,B-019472,F
15420,B-019473,
15421,B-019474,Other
15422,B-019476,
15423,B-019477,F
15424,B-019478,
15425,B-019479,
15426,B-019480,Other
15427,B-019481,M
15428,B-019482,
15429,B-019483,Other
15430,B-019485,
15431,B-019486,
15432,B-019487,
15433,B-019488,
15434,B-019489,Other
15435,B-019490,
15436,B-019491,F
15437,B-019492,M
15438,B-019493,
15439,B-019494,M
15440,B-019495,M
15441,B-019496,
15442,B-019497,
15443,B-019499,
15444,B-019500,Other
15445,B-019501,Other
15446,B-019502,
15447,B-019503,
15448,B-019505,
15449,B-019506,
15450,B-019508,M
15451,B-019510,F
15452,B-019511,F
15453,B-019512,Other
15454,B-019515,Other
15455,B-019516,M
15456,B-019517,F
15457,B-019518,F
15458,B-019519,
15459,B-019520,F
15460,B-019521,M
15461,B-019522,M
15462,B-019523,
15463,B-019524,
15464,B-019526,
15465,B-019527,
15466,B-019528,F
15467,B-019529,Other
15468,B-019530,
15469,B-019531,M
15470,B-019532,
15471,B-019533,
15472,B-019535,
15473,B-019537,F
15474,B-019538,
15475,B-019539,
15476,B-019541,
15477,B-019542,M
15478,B-019544,Other
15479,B-019545,M
15480,B-019546,
15481,B-019547,Other
15482,B-019548,
15483,B-019549,Other
15484,B-019550,
15485,B-019553,Other
15486,B-019554,
15487,B-019555,M
15488,B-019556,
15489,B-019558,F
15490,B-019559,M
15491,B-019560,F
15492,B-019561,M
15493,B-019562,
15494,B-019563,
15495,B-019564,Other
15496,B-019565,
15497,B-019567,
15498,B-019568,M
15499,B-019569,
15500,B-019570,
15501,B-019571,
15502,B-019572,F
15503,B-019573,
15504,B-019574,
15505,B-019575,
15506,B-019577,Other
15507,B-019578,
15508,B-019579,
15509,B-019580,Other
15510,B-019582,Other
15511,B-019583,
15512,B-019584,Other
15513,B-019586,Other
15514,B-019587,
15515,B-019588,
15516,B-019589,Other
15517,B-019590,Other
15518,B-019592,M
15519,B-019593,M
15520,B-019594,
15521,B-019596,M
15522,B-019597,
15523,B-019598,M
15524,B-019599,
15525,B-019600,
15526,B-019601,
15527,B-019602,
15528,B-019603,
15529,B-019605,
15530,B-019606,
15531,B-019607,
15532,B-019608,
15533,B-019609,Other
15534,B-019610,
15535,B-019611,F
15536,B-019612,
15537,B-019613,Other
15538,B-019614,
15539,B-019615,F
15540,B-019616,F
15541,B-019617,
15542,B-019619,F
15543,B-019620,
15544,B-019622,M
15545,B-019623,
15546,B-019626,
15547,B-019627,
15548,B-019628,
15549,B-019630,
15550,B-019632,Other
15551,B-019633,
15552,B-019634,F
15553,B-019635,F
15554,B-019636,
15555,B-019637,M
15556,B-019638,Other
15557,B-019639,F
15558,B-019641,M
15559,B-019642,
15560,B-019643,
15561,B-019644,
15562,B-019645,Other
15563,B-019646,Other
15564,B-019647,
15565,B-019648,F
15566,B-019649,
15567,B-019650,M
15568,B-019652,M
15569,B-019653,M
15570,B-019654,
15571,B-019656,Other
15572,B-019658,
15573,B-019660,
15574,B-019662,
15575,B-019663,
15576,B-019664,
15577,B-019665,
15578,B-019666,M
15579,B-019668,
15580,B-019669,
15581,B-019670,
15582,B-019671,F
15583,B-019672,
15584,B-019673,
15585,B-019674,M
15586,B-019675,
15587,B-019676,
15588,B-019677,
15589,B-019678,
15590,B-019679,M
15591,B-019680,F
15592,B-019681,
15593,B-019682,
15594,B-019683,
15595,B-019684,M
15596,B-019685,
15597,B-019688,
15598,B-019690,Other
15599,B-019691,
15600,B-019692,M
15601,B-019693,
15602,B-019694,
15603,B-019695,
15604,B-019697,F
15605,B-019698,F
15606,B-019700,Other
15607,B-019701,F
15608,B-019702,Other
15609,B-019703,
15610,B-019705,F
15611,B-019706,
15612,B-019707,Other
15613,B-019711,
15614,B-019712,F
15615,B-019714,F
15616,B-019715,M
15617,B-019716,Other
15618,B-019717,M
15619,B-019718,
15620,B-019720,
15621,B-019721,Other
15622,B-019722,F
15623,B-019723,
15624,B-019724,
15625,B-019725,
15626,B-019726,M
15627,B-019727,Other
15628,B-019728,
15629,B-019729,Other
15630,B-019730,
15631,B-019732,F
15632,B-019734,
15633,B-019735,M
15634,B-019736,Other
15635,B-019737,
15636,B-019739,M
15637,B-019740,M
15638,B-019742,
15639,B-019743,Other
15640,B-019744,M
15641,B-019746,
15642,B-019747,
15643,B-019748,
15644,B-019749,Other
15645,B-019750,
15646,B-019751,
15647,B-019752,
15648,B-019753,Other
15649,B-019754,
15650,B-019755,M
15651,B-019756,
15652,B-019758,
15653,B-019759,Other
15654,B-019760,F
15655,B-019761,
15656,B-019763,
15657,B-019764,
15658,B-019765,Other
15659,B-019766,
15660,B-019767,
15661,B-019768,
15662,B-019769,
15663,B-019770,M
15664,B-019771,F
15665,B-019774,
15666,B-019775,
15667,B-019778,F
15668,B-019779,
15669,B-019780,M
15670,B-019782,F
15671,B-019783,
15672,B-019785,
15673,B-019786,
15674,B-019787,Other
15675,B-019788,
15676,B-019790,
15677,B-019791,
15678,B-019792,M
15679,B-019793,M
15680,B-019794,F
15681,B-019795,
15682,B-019796,F
15683,B-019797,
15684,B-019799,
15685,B-019800,M
15686,B-019802,
15687,B-019803,
15688,B-019804,
15689,B-019805,
15690,B-019806,
15691,B-019807,
15692,B-019808,
15693,B-019809,M
15694,B-019810,Other
15695,B-019811,
15696,B-019812,
15697,B-019813,
15698,B-019814,
15699,B-019815,
15700,B-019816,Other
15701,B-019817,
15702,B-019818,F
15703,B-019819,Other
15704,B-019820,F
15705,B-019823,
15706,B-019824,
15707,B-019825,
15708,B-019826,
15709,B-019827,Other
15710,B-019829,
15711,B-019831,
15712,B-019832,
15713,B-019835,
15714,B-019836,M
15715,B-019837,
15716,B-019838,
15717,B-019840,F
15718,B-019841,
15719,B-019843,
15720,B-019844,
15721,B-019845,
15722,B-019846,F
15723,B-019849,
15724,B-019850,M
15725,B-019851,M
15726,B-019852,
15727,B-019853,M
15728,B-019854,
15729,B-019855,
15730,B-019856,
15731,B-019857,Other
15732,B-019858,
15733,B-019860,
15734,B-019863,Other
15735,B-019864,M
15736,B-019865,
15737,B-019866,
15738,B-019868,M
15739,B-019869,
15740,B-019870,
15741,B-019871,Other
15742,B-019872,
15743,B-019873,
15744,B-019874,F
15745,B-019875,
15746,B-019876,
15747,B-019877,F
15748,B-019878,
15749,B-019879,
15750,B-019880,Other
15751,B-019882,Other
15752,B-019883,
15753,B-019884,
15754,B-019885,M
15755,B-019886,
15756,B-019887,
15757,B-019889,
15758,B-019890,Other
15759,B-019891,
15760,B-019892,
15761,B-019894,
15762,B-019895,
15763,B-019896,M
15764,B-019897,M
15765,B-019898,
15766,B-019899,Other
15767,B-019903,F
15768,B-019905,
15769,B-019907,Other
15770,B-019908,M
15771,B-019909,
15772,B-019910,Other
15773,B-019911,
15774,B-019913,M
15775,B-019914,
15776,B-019916,Other
15777,B-019917,
15778,B-019918,M
15779,B-019919,
15780,B-019920,Other
15781,B-019922,
15782,B-019923,
15783,B-019925,M
15784,B-019926,
15785,B-019927,
15786,B-019928,
15787,B-019929,M
15788,B-019930,F
15789,B-019931,
15790,B-019932,
15791,B-019933,
15792,B-019934,F
15793,B-019935,
15794,B-019936,
15795,B-019937,
15796,B-019938,
15797,B-019940,
15798,B-019942,
15799,B-019944,
15800,B-019945,
15801,B-019946,Other
15802,B-019947,
15803,B-019948,
15804,B-019949,Other
15805,B-019950,F
15806,B-019951,M
15807,B-019952,Other
15808,B-019953,
15809,B-019954,Other
15810,B-019955,
15811,B-019956,
15812,B-019957,M
15813,B-019958,
15814,B-019960,F
15815,B-019963,M
15816,B-019964,M
15817,B-019965,
15818,B-019966,
15819,B-019967,
15820,B-019970,Other
15821,B-019971,
15822,B-019972,
15823,B-019973,
15824,B-019975,F
15825,B-019976,Other
15826,B-019977,M
15827,B-019978,
15828,B-019979,F
15829,B-019980,
15830,B-019981,F
15831,B-019982,
15832,B-019983,
15833,B-019984,
15834,B-019985,F
15835,B-019987,F
15836,B-019989,
15837,B-019990,
15838,B-019991,Other
15839,B-019992,F
15840,B-019993,
15841,B-019995,
15842,B-019996,F
15843,B-019997,
15844,B-019998,F
15845,B-019999,Other
15846,B-020000,M
