id,beneficiary_id,location_id,beneficiary_code,tap_connection_status,cost_incurred
1,11146,1,B-014116,Non-Functional,19715.91
2,15723,8,B-019849,Functional,14938.4
3,9881,17,B-012506,Pending Construction,11271.09
4,10516,3,B-013319,Pending Construction,15789.14
5,6175,17,B-007815,Non-Functional,6937.98
6,8997,15,B-011366,Pending Construction,22997.76
7,12853,11,B-016267,Pending Construction,12419.11
8,5034,18,B-006409,Pending Construction,12946.45
9,8081,10,B-010208,Pending Construction,5412.82
10,10834,7,B-013727,Non-Functional,17232.79
11,3667,10,B-004677,Functional,19619.79
12,6050,24,B-007662,Functional,14408.54
13,4719,31,B-006021,Non-Functional,19214.87
14,2224,18,B-002832,Pending Construction,21335.2
15,10254,9,B-012982,Functional,11494.07
16,13676,32,B-017315,Non-Functional,13349.23
17,4353,29,B-005549,Non-Functional,23818.8
18,7480,10,B-009444,Non-Functional,23803.92
19,2526,29,B-003202,Functional,14452.32
20,15157,30,B-019136,Pending Construction,11063.45
21,11421,13,B-014447,Functional,11187.69
22,8545,3,B-010792,Pending Construction,20821.07
23,6465,22,B-008169,Functional,23544.95
24,5488,35,B-006969,Pending Construction,24712.95
25,3513,11,B-004486,Pending Construction,16280.83
26,14461,24,B-018285,Non-Functional,11152.83
27,7244,6,B-009148,Functional,17768.27
28,839,3,B-001076,Non-Functional,17120.95
29,15198,22,B-019188,Functional,
30,5719,31,B-007252,Non-Functional,23346.91
31,15630,19,B-019730,Pending Construction,15913.1
32,6665,17,B-008432,Functional,11476.33
33,3689,12,B-004704,Pending Construction,20286.35
34,6305,16,B-007975,Functional,15094.91
35,9419,34,B-011914,Functional,9002.55
36,750,20,B-000964,Functional,16828.27
37,5418,6,B-006883,Pending Construction,22556.73
38,5947,16,B-007528,Functional,22519.09
39,4840,4,B-006174,Non-Functional,9222.25
40,10915,19,B-013832,Functional,13546.44
41,8444,30,B-010673,Functional,20101.76
42,10546,7,B-013355,Non-Functional,8580.39
43,7140,2,B-009019,Non-Functional,21840.28
44,2320,11,B-002943,Non-Functional,14126.61
45,14005,15,B-017714,Functional,8555.24
46,3186,3,B-004076,Pending Construction,15845.63
47,9947,21,B-012589,Functional,10441.87
48,3957,9,B-005044,Functional,12027.59
49,5338,1,B-006786,Non-Functional,21392.68
50,126,28,B-000166,Non-Functional,16733.2
51,15428,6,B-019482,Functional,23564.28
52,4240,12,B-005415,Pending Construction,21506.51
53,11709,10,B-014808,Functional,24297.43
54,1047,5,B-001340,Non-Functional,16125.35
55,12899,31,B-016323,Pending Construction,5462.04
56,13235,30,B-016746,Functional,22044.07
57,10047,26,B-012718,Non-Functional,10918.54
58,13759,18,B-017415,Functional,20484.68
59,15478,20,B-019544,Non-Functional,23587.88
60,2087,19,B-002664,Non-Functional,5202.81
61,1101,21,B-001416,Non-Functional,15482.94
62,259,28,B-000340,Pending Construction,6276.4
63,14511,26,B-018346,Pending Construction,6845.29
64,12043,27,B-015223,Functional,10569.83
65,4118,18,B-005246,Functional,19118.75
66,15663,6,B-019770,Non-Functional,13630.43
67,4614,11,B-005892,Non-Functional,21859.87
68,6663,27,B-008430,Pending Construction,19300.72
69,3423,34,B-004373,Pending Construction,23234.35
70,15005,25,B-018958,Non-Functional,7268.0
71,14913,4,B-018847,Pending Construction,7432.6
72,15117,21,B-019089,Functional,14355.05
73,1212,18,B-001557,Pending Construction,23888.93
74,9821,34,B-012431,Pending Construction,16012.24
75,5171,24,B-006590,Functional,14505.77
76,14818,6,B-018728,Functional,9793.52
77,10851,7,B-013749,Functional,12927.21
78,12666,17,B-016030,Non-Functional,7653.16
79,11727,6,B-014828,Functional,23168.55
80,5790,31,B-007339,Non-Functional,24699.81
81,15524,19,B-019599,Non-Functional,12018.01
82,4554,14,B-005815,Pending Construction,8098.07
83,5769,27,B-007310,Pending Construction,17408.79
84,4689,9,B-005987,Non-Functional,23373.03
85,8667,27,B-010947,Non-Functional,16347.23
86,3027,11,B-003847,Functional,20487.55
87,3166,30,B-004050,Pending Construction,20266.43
88,4300,5,B-005489,Pending Construction,9348.61
89,10723,33,B-013596,Non-Functional,21727.14
90,13046,32,B-016519,Non-Functional,14737.45
91,5496,20,B-006977,Functional,
92,6231,22,B-007884,Functional,23078.1
93,2394,35,B-003034,Functional,15933.85
94,11503,29,B-014545,Functional,
95,7318,12,B-009241,Pending Construction,14643.01
96,5925,17,B-007501,Pending Construction,
97,1124,16,B-001444,Non-Functional,
98,2231,17,B-002840,Functional,16499.96
99,12629,3,B-015986,Functional,21615.18
100,1857,2,B-002389,Functional,22665.65
101,14751,23,B-018642,Non-Functional,
102,15475,10,B-019539,Non-Functional,14352.22
103,1773,25,B-002285,Pending Construction,24378.96
104,1133,11,B-001455,Non-Functional,12285.73
105,10533,17,B-013339,Pending Construction,24566.33
106,8354,6,B-010557,Pending Construction,15433.84
107,1633,17,B-002108,Pending Construction,20803.44
108,12175,13,B-015393,Non-Functional,6620.49
109,7850,33,B-009912,Non-Functional,23603.56
110,8830,9,B-011157,Functional,21182.65
111,14342,9,B-018135,Functional,14640.33
112,1030,14,B-001320,Functional,16781.46
113,12194,13,B-015420,Non-Functional,7603.48
114,7783,24,B-009827,Pending Construction,
115,2166,6,B-002763,Non-Functional,22754.28
116,10948,15,B-013874,Non-Functional,9946.38
117,7359,22,B-009292,Non-Functional,18256.32
118,4506,29,B-005748,Pending Construction,14426.43
119,11632,22,B-014712,Functional,21631.6
120,5870,12,B-007433,Pending Construction,18399.28
121,604,35,B-000787,Non-Functional,23706.53
122,8873,35,B-011209,Functional,7183.88
123,8930,22,B-011278,Non-Functional,14619.93
124,15166,34,B-019146,Pending Construction,21366.41
125,5419,10,B-006884,Pending Construction,16218.98
126,2972,19,B-003774,Non-Functional,6790.22
127,7447,27,B-009402,Non-Functional,22198.98
128,3233,8,B-004137,Non-Functional,15370.34
129,10634,16,B-013468,Pending Construction,
130,1430,8,B-001847,Pending Construction,7145.87
131,3761,10,B-004794,Non-Functional,18152.18
132,2679,34,B-003393,Non-Functional,22195.73
133,14329,4,B-018122,Pending Construction,22417.74
134,2441,27,B-003091,Functional,6689.87
135,4589,28,B-005863,Functional,24120.71
136,15298,18,B-019320,Non-Functional,22203.49
137,15221,15,B-019218,Pending Construction,23716.18
138,9430,6,B-011929,Non-Functional,7417.71
139,12059,7,B-015243,Functional,
140,13317,27,B-016850,Non-Functional,10714.04
141,9208,28,B-011637,Non-Functional,24098.22
142,14251,8,B-018025,Non-Functional,13646.91
143,142,27,B-000185,Pending Construction,17414.36
144,921,22,B-001180,Functional,13226.12
145,1915,11,B-002454,Functional,5653.81
146,10906,9,B-013818,Pending Construction,11915.67
147,11730,20,B-014831,Functional,23175.12
148,14535,25,B-018378,Non-Functional,22339.63
149,396,7,B-000523,Pending Construction,5875.65
150,11389,31,B-014409,Non-Functional,10036.6
151,5269,1,B-006708,Pending Construction,
152,8780,35,B-011104,Non-Functional,
153,10373,34,B-013136,Functional,12796.08
154,3764,20,B-004798,Functional,18560.16
155,5802,6,B-007356,Functional,13019.89
156,14024,31,B-017735,Non-Functional,13470.89
157,2484,22,B-003154,Functional,12505.38
158,4279,35,B-005462,Functional,15463.82
159,12167,3,B-015382,Non-Functional,19441.75
160,12844,4,B-016251,Functional,5617.07
161,14048,9,B-017768,Functional,15007.59
162,6887,33,B-008708,Non-Functional,7475.18
163,1279,31,B-001652,Non-Functional,
164,2883,2,B-003653,Non-Functional,
165,10310,12,B-013053,Functional,16352.82
166,14499,14,B-018333,Pending Construction,5601.09
167,13015,17,B-016476,Pending Construction,8750.84
168,12531,1,B-015858,Pending Construction,6895.62
169,3705,21,B-004728,Pending Construction,
170,11577,12,B-014641,Pending Construction,
171,8034,21,B-010151,Functional,12181.83
172,13926,35,B-017621,Functional,20233.27
173,9233,31,B-011670,Pending Construction,10301.25
174,9860,35,B-012479,Non-Functional,18218.2
175,2058,10,B-002631,Pending Construction,
176,5702,35,B-007229,Functional,11636.98
177,10059,34,B-012732,Non-Functional,16527.45
178,9951,5,B-012593,Functional,10108.94
179,4127,8,B-005257,Pending Construction,21423.84
180,10649,3,B-013491,Functional,5931.11
181,4528,28,B-005774,Functional,12008.2
182,14560,19,B-018407,Pending Construction,24997.4
183,11464,20,B-014496,Non-Functional,12257.14
184,4869,13,B-006213,Non-Functional,12720.59
185,7651,14,B-009665,Non-Functional,
186,7312,27,B-009235,Non-Functional,15809.79
187,13965,33,B-017665,Non-Functional,6079.57
188,12100,6,B-015296,Pending Construction,21943.35
189,10162,24,B-012864,Non-Functional,17303.56
190,3365,22,B-004304,Functional,18743.33
191,2263,9,B-002875,Pending Construction,8626.12
192,14658,4,B-018523,Pending Construction,9421.03
193,13550,7,B-017152,Non-Functional,15028.08
194,3384,30,B-004328,Functional,8450.35
195,1918,5,B-002457,Pending Construction,
196,2133,11,B-002722,Non-Functional,20199.19
197,3866,5,B-004929,Non-Functional,6144.2
198,2581,5,B-003274,Functional,15184.28
199,12777,11,B-016164,Functional,24188.72
200,13069,28,B-016547,Pending Construction,10637.34
201,8717,3,B-011015,Functional,16628.24
202,15288,32,B-019307,Functional,21123.67
203,258,35,B-000339,Non-Functional,21126.63
204,2572,22,B-003264,Pending Construction,17867.34
205,3426,23,B-004377,Pending Construction,5653.97
206,10470,6,B-013257,Pending Construction,
207,274,7,B-000360,Functional,13541.73
208,3777,17,B-004815,Functional,7158.61
209,8260,26,B-010434,Non-Functional,
210,5631,6,B-007148,Pending Construction,6407.06
211,4062,7,B-005173,Pending Construction,
212,6970,5,B-008814,Non-Functional,14422.28
213,14308,3,B-018096,Pending Construction,16281.87
214,7515,28,B-009483,Pending Construction,6390.1
215,399,15,B-000527,Pending Construction,14756.26
216,9081,1,B-011478,Non-Functional,6667.76
217,15193,35,B-019182,Non-Functional,13733.53
218,15299,21,B-019322,Pending Construction,15301.32
219,3069,8,B-003907,Pending Construction,9319.68
220,6614,21,B-008365,Non-Functional,16626.03
221,12901,16,B-016328,Pending Construction,14094.97
222,704,26,B-000905,Non-Functional,13190.48
223,15395,1,B-019442,Non-Functional,16907.71
224,3841,16,B-004895,Functional,6152.65
225,10285,35,B-013021,Functional,23178.05
226,9690,4,B-012266,Functional,10016.31
227,1406,32,B-001817,Pending Construction,21164.54
228,9777,9,B-012378,Pending Construction,13911.8
229,7181,2,B-009070,Pending Construction,24903.66
230,14029,5,B-017740,Pending Construction,24355.64
231,3823,25,B-004870,Pending Construction,8820.97
232,5149,26,B-006560,Non-Functional,14100.39
233,12771,15,B-016158,Pending Construction,8915.97
234,9726,12,B-012309,Functional,15705.81
235,2449,2,B-003101,Non-Functional,6983.46
236,5712,18,B-007243,Non-Functional,13617.8
237,9636,1,B-012199,Functional,21473.28
238,12744,13,B-016125,Pending Construction,17574.11
239,13389,30,B-016945,Non-Functional,20623.91
240,4636,33,B-005919,Non-Functional,15753.61
241,10563,16,B-013373,Functional,13011.0
242,2201,8,B-002802,Functional,12516.4
243,14493,9,B-018327,Non-Functional,11989.31
244,4999,9,B-006363,Non-Functional,9427.92
245,4137,6,B-005271,Functional,
246,14985,15,B-018936,Functional,24756.85
247,7427,20,B-009381,Pending Construction,6525.37
248,2100,16,B-002683,Non-Functional,
249,1898,22,B-002435,Non-Functional,6732.69
250,2358,19,B-002992,Functional,23180.0
251,10638,5,B-013473,Non-Functional,20473.33
252,13692,23,B-017332,Pending Construction,23280.63
253,10928,22,B-013852,Functional,12701.66
254,9914,34,B-012549,Pending Construction,8937.15
255,13593,31,B-017209,Functional,16255.85
256,662,10,B-000855,Non-Functional,7367.34
257,15693,27,B-019809,Non-Functional,
258,8006,10,B-010115,Functional,24868.68
259,15558,32,B-019641,Pending Construction,20076.24
260,9021,17,B-011398,Functional,22098.94
261,1952,35,B-002504,Pending Construction,14228.48
262,11179,19,B-014159,Non-Functional,
263,13201,14,B-016708,Functional,20652.98
264,1298,25,B-001675,Functional,22087.52
265,7765,23,B-009803,Non-Functional,23011.45
266,564,22,B-000734,Functional,13697.65
267,8925,28,B-011272,Pending Construction,12956.1
268,997,9,B-001282,Non-Functional,18243.24
269,4312,8,B-005501,Functional,23630.42
270,4114,31,B-005242,Non-Functional,11234.04
271,12683,10,B-016050,Functional,
272,11699,31,B-014798,Pending Construction,18450.76
273,4331,18,B-005524,Functional,10373.6
274,13843,24,B-017513,Functional,11733.33
275,10140,34,B-012835,Pending Construction,24668.53
276,11276,27,B-014275,Functional,7029.93
277,6474,27,B-008180,Functional,22906.84
278,7413,16,B-009364,Functional,20883.02
279,9147,22,B-011554,Non-Functional,21021.53
280,5956,2,B-007539,Non-Functional,16117.42
281,797,25,B-001026,Non-Functional,14561.6
282,226,12,B-000304,Non-Functional,19831.26
283,7122,12,B-008998,Pending Construction,23801.29
284,12769,35,B-016156,Pending Construction,12960.76
285,1171,9,B-001500,Pending Construction,6635.56
286,5682,24,B-007206,Functional,
287,3151,16,B-004032,Non-Functional,13017.89
288,14794,5,B-018696,Functional,
289,7329,30,B-009256,Pending Construction,15279.06
290,2754,10,B-003488,Pending Construction,9666.36
291,9850,3,B-012467,Non-Functional,13378.21
292,7840,17,B-009899,Non-Functional,8903.0
293,7059,9,B-008919,Pending Construction,20208.27
294,6730,32,B-008518,Functional,19179.24
295,5023,28,B-006393,Non-Functional,7688.46
296,5889,3,B-007455,Non-Functional,12871.26
297,8475,1,B-010712,Functional,17226.95
298,14230,10,B-018003,Functional,6188.36
299,7746,34,B-009780,Non-Functional,5946.09
300,4784,9,B-006102,Non-Functional,20055.94
301,7812,34,B-009859,Functional,9520.54
302,11148,13,B-014118,Functional,10053.97
303,11399,12,B-014421,Pending Construction,24773.46
304,1469,5,B-001902,Pending Construction,
305,14255,8,B-018030,Pending Construction,
306,7141,6,B-009020,Functional,24375.35
307,8132,9,B-010268,Non-Functional,
308,294,25,B-000388,Non-Functional,18225.9
309,7124,13,B-009001,Functional,9099.23
310,6126,5,B-007756,Non-Functional,22866.14
311,12641,24,B-016000,Functional,11331.01
312,5094,24,B-006487,Functional,20600.01
313,12508,4,B-015828,Functional,21283.03
314,1760,4,B-002267,Non-Functional,6229.32
315,3236,3,B-004140,Functional,20990.56
316,8495,21,B-010738,Non-Functional,
317,10263,20,B-012995,Pending Construction,
318,14927,4,B-018865,Functional,17822.12
319,14130,30,B-017870,Non-Functional,10238.83
320,2161,3,B-002757,Pending Construction,14927.8
321,2548,5,B-003231,Functional,22548.71
322,273,22,B-000359,Pending Construction,10746.69
323,6525,31,B-008250,Functional,9675.49
324,12174,2,B-015391,Non-Functional,8270.3
325,7520,6,B-009490,Pending Construction,23066.11
326,13942,1,B-017638,Non-Functional,5226.44
327,8773,9,B-011093,Functional,
328,6140,31,B-007772,Non-Functional,
329,2755,28,B-003490,Functional,11445.96
330,13218,5,B-016727,Pending Construction,7750.43
331,3282,17,B-004194,Non-Functional,13298.26
332,7829,33,B-009884,Functional,6152.46
333,10737,21,B-013612,Functional,20617.9
334,12236,7,B-015472,Pending Construction,21530.56
335,1531,20,B-001983,Functional,
336,2632,23,B-003338,Functional,10692.71
337,11848,23,B-014977,Non-Functional,6416.89
338,13023,16,B-016487,Non-Functional,16640.51
339,14536,24,B-018379,Functional,19288.13
340,2561,19,B-003252,Pending Construction,9020.81
341,5985,16,B-007585,Non-Functional,21296.84
342,9266,23,B-011714,Functional,13380.94
343,6840,32,B-008650,Functional,6127.79
344,5615,9,B-007128,Non-Functional,17481.95
345,3487,30,B-004456,Pending Construction,23119.49
346,2038,20,B-002606,Non-Functional,7217.94
347,13832,18,B-017500,Pending Construction,22383.02
348,1877,24,B-002410,Functional,13522.02
349,3397,12,B-004344,Pending Construction,18521.27
350,10872,7,B-013778,Functional,6986.46
351,7547,31,B-009525,Pending Construction,21571.01
352,2897,6,B-003677,Pending Construction,12836.29
353,9005,26,B-011377,Functional,6140.18
354,15797,7,B-019940,Pending Construction,10953.48
355,11813,19,B-014933,Non-Functional,8827.6
356,8516,26,B-010761,Functional,24609.16
357,10575,25,B-013387,Pending Construction,10352.18
358,12680,8,B-016047,Non-Functional,10684.42
359,9349,18,B-011824,Non-Functional,15913.58
360,12020,27,B-015195,Functional,6401.16
361,11053,22,B-014010,Functional,
362,14740,8,B-018630,Functional,17426.51
363,1769,12,B-002281,Functional,23365.96
364,4595,6,B-005870,Pending Construction,
365,1185,33,B-001519,Functional,22880.87
366,2709,28,B-003426,Functional,20525.64
367,5812,2,B-007369,Pending Construction,14885.72
368,8546,34,B-010795,Pending Construction,22978.52
369,13162,4,B-016661,Functional,15435.23
370,5571,17,B-007072,Pending Construction,15029.16
371,7524,9,B-009494,Non-Functional,11253.73
372,4138,9,B-005272,Pending Construction,9058.98
373,3683,5,B-004697,Functional,8970.15
374,14824,30,B-018737,Functional,23520.29
375,13156,31,B-016654,Non-Functional,9885.17
376,3679,8,B-004693,Non-Functional,11942.93
377,9895,24,B-012525,Functional,12741.42
378,15512,20,B-019584,Functional,20075.65
379,10569,27,B-013379,Non-Functional,14584.74
380,2502,10,B-003172,Pending Construction,14726.75
381,15394,23,B-019441,Non-Functional,9838.13
382,8355,19,B-010558,Non-Functional,14689.73
383,4378,17,B-005584,Functional,24620.24
384,8631,12,B-010894,Functional,
385,6621,19,B-008373,Non-Functional,6977.48
386,9696,5,B-012273,Non-Functional,5677.83
387,13595,1,B-017211,Pending Construction,11446.31
388,11409,25,B-014433,Pending Construction,9155.28
389,3608,24,B-004603,Non-Functional,18140.77
390,13146,31,B-016639,Pending Construction,12577.13
391,2576,7,B-003268,Pending Construction,23961.24
392,4955,17,B-006311,Non-Functional,17045.34
393,11156,3,B-014129,Pending Construction,17146.1
394,3276,27,B-004187,Functional,21423.86
395,3787,15,B-004827,Non-Functional,10031.82
396,15605,33,B-019698,Functional,19187.52
397,10963,25,B-013893,Non-Functional,23763.78
398,12098,18,B-015294,Functional,
399,14951,11,B-018894,Functional,16985.75
400,4384,18,B-005592,Pending Construction,8697.1
401,11589,15,B-014655,Non-Functional,6482.83
402,14907,7,B-018839,Pending Construction,8396.24
403,1151,30,B-001477,Pending Construction,13205.0
404,8752,16,B-011061,Functional,11697.03
405,6655,18,B-008421,Pending Construction,24610.34
406,1850,10,B-002379,Pending Construction,18833.35
407,5449,32,B-006922,Pending Construction,7391.09
408,4818,18,B-006145,Pending Construction,10893.03
409,3000,28,B-003812,Non-Functional,12631.44
410,11381,18,B-014400,Non-Functional,10965.24
411,15222,21,B-019219,Pending Construction,24439.41
412,7333,17,B-009261,Non-Functional,19734.82
413,11100,20,B-014065,Non-Functional,8141.42
414,3945,20,B-005028,Functional,13355.94
415,6291,27,B-007960,Functional,10225.38
416,13701,16,B-017343,Non-Functional,11970.35
417,6254,24,B-007913,Functional,
418,10562,29,B-013372,Functional,16876.92
419,5274,32,B-006713,Non-Functional,12586.84
420,10593,4,B-013413,Non-Functional,17284.85
421,14986,7,B-018937,Non-Functional,10403.64
422,53,7,B-000076,Functional,13694.35
423,8894,31,B-011232,Non-Functional,20686.97
424,31,33,B-000043,Functional,11952.88
425,12578,9,B-015915,Functional,
426,5665,11,B-007189,Pending Construction,
427,1694,5,B-002192,Functional,17701.93
428,8040,34,B-010158,Functional,
429,7048,15,B-008905,Pending Construction,5786.51
430,2428,22,B-003073,Non-Functional,12214.48
431,3627,26,B-004627,Functional,17380.26
432,626,28,B-000815,Non-Functional,16183.58
433,7574,2,B-009556,Pending Construction,24038.69
434,11369,5,B-014387,Non-Functional,15515.11
435,7739,22,B-009773,Functional,14002.23
436,10436,29,B-013216,Functional,22158.97
437,6467,15,B-008171,Functional,19467.77
438,15438,25,B-019493,Pending Construction,
439,8553,27,B-010802,Functional,18353.96
440,4642,10,B-005926,Non-Functional,13617.05
441,6636,23,B-008393,Functional,7925.85
442,10443,9,B-013224,Non-Functional,20433.01
443,10002,25,B-012665,Functional,14468.52
444,4911,28,B-006260,Pending Construction,17908.77
445,3702,32,B-004724,Non-Functional,10494.16
446,2178,10,B-002777,Non-Functional,9847.38
447,10097,23,B-012780,Functional,5690.26
448,491,5,B-000644,Non-Functional,9384.01
449,5380,34,B-006838,Pending Construction,20800.5
450,13001,10,B-016450,Functional,
451,70,29,B-000097,Pending Construction,15790.56
452,13404,16,B-016964,Non-Functional,20074.56
453,20,19,B-000026,Functional,15281.05
454,11557,12,B-014615,Non-Functional,13925.66
455,5596,22,B-007105,Non-Functional,21151.38
456,10190,2,B-012900,Non-Functional,10859.31
457,8340,10,B-010535,Pending Construction,12223.56
458,2563,8,B-003254,Functional,9454.87
459,2164,11,B-002761,Non-Functional,8805.66
460,5420,20,B-006886,Pending Construction,10484.54
461,5032,3,B-006407,Functional,5024.48
462,4108,4,B-005233,Pending Construction,12595.08
463,11912,13,B-015063,Pending Construction,
464,6891,27,B-008712,Non-Functional,14079.24
465,6860,14,B-008677,Non-Functional,16960.68
466,12186,20,B-015408,Pending Construction,23670.22
467,9619,3,B-012174,Functional,8316.78
468,1002,2,B-001289,Functional,8691.3
469,3079,4,B-003919,Non-Functional,7007.94
470,7911,22,B-009997,Functional,21268.55
471,13558,10,B-017165,Non-Functional,15587.7
472,4787,22,B-006106,Non-Functional,19722.63
473,2350,28,B-002980,Pending Construction,9194.19
474,12962,19,B-016404,Functional,24691.13
475,13824,18,B-017492,Functional,9005.13
476,1031,33,B-001321,Non-Functional,8000.95
477,14700,3,B-018577,Functional,19951.31
478,11413,23,B-014437,Pending Construction,21148.69
479,897,19,B-001148,Pending Construction,9080.78
480,1698,2,B-002196,Pending Construction,14496.57
481,6991,28,B-008842,Functional,22334.41
482,6312,16,B-007983,Non-Functional,5966.38
483,15686,32,B-019802,Functional,9092.24
484,6438,2,B-008133,Functional,12601.73
485,9404,2,B-011897,Pending Construction,23948.38
486,11713,16,B-014812,Functional,21274.19
487,6983,21,B-008831,Functional,12808.36
488,324,3,B-000424,Non-Functional,
489,15680,11,B-019794,Functional,
490,2603,34,B-003305,Functional,9923.3
491,3410,9,B-004360,Pending Construction,19827.16
492,4013,18,B-005114,Pending Construction,8615.67
493,11088,29,B-014050,Non-Functional,11868.25
494,5844,16,B-007403,Pending Construction,21689.92
495,6015,16,B-007618,Functional,
496,1231,14,B-001587,Pending Construction,24565.38
497,659,6,B-000852,Non-Functional,16772.05
498,1956,6,B-002510,Non-Functional,22759.74
499,4213,17,B-005384,Functional,24164.94
500,15315,29,B-019341,Functional,10724.28
501,14483,26,B-018311,Functional,20861.07
502,13668,12,B-017305,Non-Functional,22811.48
503,1090,5,B-001399,Non-Functional,23959.82
504,3670,33,B-004681,Pending Construction,18832.31
505,14272,12,B-018051,Pending Construction,12405.62
506,13286,14,B-016813,Non-Functional,
507,3326,8,B-004253,Pending Construction,
508,944,32,B-001212,Pending Construction,19493.12
509,15471,7,B-019533,Non-Functional,20956.33
510,9278,10,B-011730,Non-Functional,22335.97
511,8515,11,B-010759,Non-Functional,24531.42
512,609,1,B-000794,Non-Functional,22625.65
513,14079,28,B-017807,Pending Construction,16802.07
514,9154,13,B-011563,Non-Functional,8895.8
515,10222,34,B-012940,Pending Construction,12091.62
516,15646,28,B-019751,Pending Construction,11422.05
517,12969,9,B-016411,Pending Construction,10264.96
518,11337,17,B-014354,Functional,20590.79
519,9524,12,B-012051,Non-Functional,19547.71
520,6881,4,B-008702,Pending Construction,
521,9789,26,B-012392,Non-Functional,17143.65
522,15607,35,B-019701,Pending Construction,10197.15
523,10762,31,B-013642,Functional,10519.36
524,1844,21,B-002373,Functional,13305.04
525,5558,18,B-007056,Non-Functional,13909.97
526,4277,19,B-005460,Non-Functional,14641.04
527,3820,23,B-004867,Pending Construction,14524.29
528,2708,34,B-003425,Functional,6473.3
529,11256,17,B-014250,Non-Functional,7676.9
530,13652,14,B-017281,Functional,10787.97
531,4658,4,B-005947,Non-Functional,9786.92
532,13756,33,B-017411,Functional,6132.27
533,347,16,B-000459,Functional,16227.21
534,14584,26,B-018432,Non-Functional,23665.84
535,2102,7,B-002685,Pending Construction,
536,9833,8,B-012447,Non-Functional,
537,4563,35,B-005825,Pending Construction,18272.73
538,2467,35,B-003124,Non-Functional,
539,12241,12,B-015478,Pending Construction,5549.36
540,6220,31,B-007870,Functional,23222.5
541,425,25,B-000558,Non-Functional,19315.8
542,94,28,B-000126,Functional,19310.51
543,4106,3,B-005231,Non-Functional,
544,11762,3,B-014870,Non-Functional,11023.88
545,1775,3,B-002288,Functional,11411.33
546,6093,12,B-007715,Non-Functional,24873.28
547,7443,19,B-009398,Non-Functional,16107.52
548,11318,19,B-014330,Pending Construction,20322.9
549,3290,25,B-004204,Non-Functional,12992.93
550,8681,6,B-010970,Non-Functional,24341.52
551,6333,8,B-008007,Non-Functional,20124.36
552,13959,24,B-017657,Pending Construction,16403.94
553,7164,17,B-009048,Non-Functional,
554,7453,5,B-009409,Non-Functional,20488.45
555,5692,5,B-007217,Pending Construction,16885.95
556,11213,5,B-014200,Functional,8442.02
557,11180,14,B-014160,Functional,23603.96
558,8603,5,B-010858,Pending Construction,11309.2
559,3785,14,B-004825,Non-Functional,12882.93
560,1438,24,B-001859,Pending Construction,20843.76
561,6582,11,B-008321,Non-Functional,13997.6
562,2745,17,B-003476,Pending Construction,10250.47
563,131,5,B-000172,Pending Construction,11513.42
564,4535,15,B-005786,Functional,7858.9
565,10375,23,B-013139,Functional,6231.22
566,13425,3,B-016993,Non-Functional,8370.35
567,458,8,B-000598,Functional,14823.27
568,5759,3,B-007299,Non-Functional,5259.55
569,6433,25,B-008127,Functional,9952.6
570,836,22,B-001072,Pending Construction,13794.55
571,11822,4,B-014944,Functional,19726.61
572,9888,8,B-012516,Functional,15082.84
573,9174,29,B-011595,Non-Functional,11858.68
574,1122,20,B-001442,Functional,19816.29
575,444,23,B-000582,Pending Construction,8672.12
576,14523,12,B-018365,Non-Functional,7261.08
577,12071,21,B-015255,Functional,12913.58
578,4407,30,B-005623,Pending Construction,12171.78
579,6198,24,B-007844,Pending Construction,15758.25
580,5288,8,B-006731,Non-Functional,23941.35
581,14682,2,B-018553,Non-Functional,22795.05
582,9655,22,B-012219,Non-Functional,6024.52
583,2701,10,B-003418,Non-Functional,14194.87
584,12313,18,B-015575,Pending Construction,22798.17
585,13873,35,B-017551,Non-Functional,14755.57
586,14514,24,B-018349,Functional,12531.74
587,472,23,B-000615,Functional,10041.24
588,1644,19,B-002122,Non-Functional,
589,6757,32,B-008552,Non-Functional,16635.91
590,5235,4,B-006670,Non-Functional,15194.11
591,1967,16,B-002523,Pending Construction,17311.96
592,4488,33,B-005725,Functional,5622.07
593,3886,18,B-004956,Non-Functional,13665.46
594,3493,7,B-004464,Pending Construction,11627.97
595,13887,13,B-017569,Functional,16391.56
596,12990,6,B-016437,Functional,13289.65
597,2856,16,B-003618,Non-Functional,17138.04
598,14360,15,B-018159,Functional,8070.91
599,3320,11,B-004245,Non-Functional,10338.73
600,10267,16,B-013000,Functional,9804.21
601,7385,3,B-009328,Pending Construction,7626.71
602,3232,32,B-004136,Functional,10035.79
603,9089,11,B-011487,Functional,19636.66
604,13553,22,B-017155,Functional,15303.42
605,3834,14,B-004886,Pending Construction,11654.86
606,11106,18,B-014071,Non-Functional,21940.88
607,3852,26,B-004911,Functional,
608,7274,26,B-009185,Functional,16263.66
609,7178,13,B-009067,Functional,11578.91
610,13617,16,B-017234,Non-Functional,17320.6
611,10161,3,B-012863,Functional,13068.43
612,4903,20,B-006250,Functional,18576.74
613,13200,30,B-016706,Functional,24606.65
614,11356,4,B-014373,Pending Construction,13988.76
615,12190,18,B-015415,Non-Functional,5689.86
616,2510,33,B-003180,Functional,13386.23
617,8180,9,B-010335,Pending Construction,7158.57
618,9749,11,B-012340,Pending Construction,11129.79
619,8543,31,B-010790,Functional,19927.45
620,3164,27,B-004047,Functional,24894.19
621,1580,9,B-002041,Pending Construction,6226.54
622,1161,9,B-001489,Pending Construction,22688.57
623,3059,4,B-003889,Pending Construction,13208.9
624,13549,27,B-017151,Functional,24147.61
625,84,15,B-000115,Functional,21514.78
626,6006,22,B-007609,Functional,
627,8112,9,B-010246,Pending Construction,15009.59
628,11114,13,B-014080,Pending Construction,22289.25
629,12193,28,B-015419,Functional,15629.77
630,3839,7,B-004893,Non-Functional,12138.23
631,2239,26,B-002849,Non-Functional,8606.26
632,8598,29,B-010853,Functional,8450.77
633,4714,6,B-006014,Pending Construction,15892.88
634,7232,9,B-009133,Pending Construction,19034.17
635,571,25,B-000744,Pending Construction,9459.38
636,14923,17,B-018861,Functional,22365.53
637,5850,21,B-007410,Pending Construction,5526.42
638,13856,32,B-017531,Non-Functional,6878.12
639,6085,2,B-007706,Pending Construction,5961.71
640,9245,12,B-011686,Pending Construction,19105.75
641,3415,15,B-004365,Functional,9221.08
642,12895,15,B-016319,Functional,14689.88
643,8236,25,B-010399,Non-Functional,
644,10473,3,B-013262,Non-Functional,14866.2
645,2083,13,B-002660,Pending Construction,6876.61
646,11686,35,B-014781,Functional,18506.16
647,2099,33,B-002681,Functional,18160.56
648,5188,22,B-006615,Functional,5768.89
649,14857,17,B-018776,Pending Construction,21534.08
650,11913,32,B-015064,Pending Construction,19240.41
651,9766,7,B-012363,Non-Functional,9794.62
652,15782,31,B-019923,Functional,14057.26
653,3374,26,B-004315,Functional,6468.83
654,12024,13,B-015201,Non-Functional,18491.81
655,11545,26,B-014600,Functional,20231.29
656,356,22,B-000470,Non-Functional,6041.33
657,6952,6,B-008794,Functional,9105.16
658,2036,20,B-002604,Non-Functional,23337.12
659,4698,5,B-005997,Non-Functional,15772.01
660,8351,34,B-010552,Pending Construction,9105.62
661,10400,16,B-013173,Functional,5808.23
662,3993,19,B-005087,Functional,19658.21
663,6849,1,B-008662,Pending Construction,18503.47
664,13207,8,B-016714,Non-Functional,15845.8
665,11684,34,B-014779,Non-Functional,
666,13477,19,B-017059,Pending Construction,21589.18
667,1802,10,B-002321,Functional,15558.96
668,5224,9,B-006655,Non-Functional,14918.89
669,9239,20,B-011676,Pending Construction,18875.92
670,12297,18,B-015552,Pending Construction,24988.76
671,4221,14,B-005394,Pending Construction,
672,9175,35,B-011596,Pending Construction,20665.27
673,10670,29,B-013519,Functional,
674,6302,23,B-007972,Non-Functional,9901.78
675,12708,4,B-016079,Non-Functional,16665.63
676,237,13,B-000315,Non-Functional,24449.89
677,1120,25,B-001438,Non-Functional,5338.31
678,13140,29,B-016633,Functional,23071.98
679,3889,32,B-004960,Pending Construction,11023.39
680,8283,12,B-010459,Pending Construction,10237.67
681,3049,8,B-003874,Functional,
682,4072,11,B-005185,Pending Construction,14202.73
683,5025,2,B-006396,Functional,11887.19
684,13774,14,B-017432,Functional,6501.17
685,1589,11,B-002054,Non-Functional,18788.49
686,10138,7,B-012833,Functional,12238.84
687,4811,20,B-006133,Pending Construction,
688,11005,2,B-013948,Pending Construction,6871.57
689,5214,26,B-006644,Functional,11088.38
690,5887,10,B-007453,Non-Functional,16419.76
691,11055,2,B-014012,Pending Construction,13372.82
692,9107,15,B-011508,Non-Functional,10249.33
693,5495,32,B-006976,Functional,13650.41
694,13473,6,B-017054,Functional,19030.29
695,7151,17,B-009035,Functional,21102.1
696,12559,2,B-015892,Non-Functional,17253.97
697,11965,2,B-015127,Non-Functional,9053.43
698,11559,6,B-014617,Pending Construction,
699,6072,3,B-007690,Functional,22169.17
700,6257,15,B-007916,Non-Functional,21364.07
701,9967,35,B-012616,Functional,
702,4164,19,B-005309,Pending Construction,20661.55
703,5347,5,B-006796,Non-Functional,11106.15
704,7356,30,B-009289,Pending Construction,7185.16
705,4569,9,B-005834,Pending Construction,18473.17
706,15672,19,B-019785,Functional,24126.92
707,3850,26,B-004906,Pending Construction,
708,13931,28,B-017626,Functional,9255.22
709,11062,13,B-014020,Functional,15998.14
710,10974,30,B-013906,Functional,6343.59
711,4,22,B-000005,Non-Functional,21213.05
712,10419,12,B-013198,Functional,14844.38
713,6684,10,B-008459,Pending Construction,16937.97
714,11645,19,B-014726,Functional,11463.85
715,8758,1,B-011070,Pending Construction,7734.56
716,5640,26,B-007160,Non-Functional,9779.92
717,4004,33,B-005100,Pending Construction,18148.4
718,8980,35,B-011342,Functional,16501.31
719,9221,25,B-011653,Functional,17960.13
720,11935,20,B-015091,Pending Construction,9381.79
721,5272,8,B-006711,Pending Construction,15018.91
722,14406,29,B-018223,Functional,19535.13
723,15695,35,B-019811,Pending Construction,14731.22
724,7475,29,B-009439,Non-Functional,20947.35
725,510,13,B-000666,Non-Functional,18329.58
726,11677,29,B-014770,Pending Construction,10788.13
727,4923,26,B-006273,Pending Construction,14109.6
728,9739,28,B-012326,Pending Construction,20399.44
729,8630,3,B-010892,Pending Construction,21600.82
730,4785,23,B-006103,Pending Construction,14423.3
731,13112,25,B-016600,Non-Functional,10258.22
732,15025,1,B-018981,Pending Construction,6360.47
733,13068,4,B-016545,Non-Functional,24572.52
734,14035,9,B-017752,Pending Construction,14698.45
735,9389,12,B-011879,Functional,
736,8462,31,B-010695,Functional,17277.46
737,1028,3,B-001318,Functional,9597.65
738,9322,10,B-011791,Pending Construction,14725.37
739,15151,28,B-019128,Non-Functional,
740,4158,7,B-005300,Pending Construction,11476.99
741,1051,3,B-001345,Pending Construction,22269.0
742,10245,5,B-012971,Pending Construction,14219.14
743,5227,9,B-006658,Functional,20251.08
744,6397,26,B-008082,Non-Functional,9069.68
745,12610,16,B-015961,Non-Functional,6999.25
746,1519,7,B-001969,Pending Construction,15174.37
747,10018,22,B-012682,Functional,16895.9
748,11815,3,B-014935,Functional,19239.69
749,2983,25,B-003792,Non-Functional,6650.16
750,735,2,B-000945,Non-Functional,24503.39
751,7133,30,B-009012,Pending Construction,10828.31
752,3469,25,B-004435,Pending Construction,18205.96
753,14503,33,B-018337,Pending Construction,12171.3
754,8454,26,B-010686,Non-Functional,9575.49
755,8164,18,B-010314,Pending Construction,5227.19
756,12592,26,B-015935,Pending Construction,18438.68
757,14383,20,B-018188,Pending Construction,
758,12423,31,B-015718,Non-Functional,24710.41
759,5162,33,B-006576,Functional,11994.42
760,3847,13,B-004903,Non-Functional,11285.39
761,3084,22,B-003927,Non-Functional,9813.74
762,10377,20,B-013142,Functional,23723.46
763,3822,24,B-004869,Functional,8882.11
764,14569,2,B-018417,Non-Functional,5877.04
765,4568,15,B-005832,Non-Functional,
766,5483,27,B-006963,Pending Construction,
767,748,19,B-000961,Non-Functional,
768,13860,34,B-017537,Functional,16599.18
769,13805,20,B-017470,Functional,5390.62
770,864,33,B-001102,Functional,9520.28
771,5972,33,B-007559,Non-Functional,18709.9
772,9490,8,B-012007,Non-Functional,22529.73
773,9542,25,B-012072,Pending Construction,9088.31
774,14367,23,B-018169,Non-Functional,5601.55
775,14465,30,B-018290,Non-Functional,7280.04
776,11585,28,B-014651,Pending Construction,
777,2247,35,B-002858,Non-Functional,
778,6837,1,B-008646,Non-Functional,8293.08
779,4413,11,B-005630,Pending Construction,17594.92
780,3153,1,B-004034,Non-Functional,18916.66
781,4317,8,B-005507,Non-Functional,6187.3
782,6021,27,B-007627,Functional,18219.15
783,11021,16,B-013968,Pending Construction,19786.33
784,6773,20,B-008570,Functional,6318.96
785,10011,5,B-012675,Non-Functional,17152.73
786,10298,24,B-013038,Pending Construction,18178.31
787,10324,27,B-013070,Functional,10924.25
788,1471,12,B-001904,Pending Construction,19141.54
789,7348,23,B-009278,Functional,
790,15229,9,B-019228,Functional,19091.51
791,14341,34,B-018134,Functional,
792,6490,15,B-008202,Functional,8018.06
793,8673,5,B-010955,Functional,11783.04
794,6416,18,B-008107,Functional,14517.5
795,3901,25,B-004975,Pending Construction,11811.9
796,14133,32,B-017873,Pending Construction,9943.89
797,6947,16,B-008788,Pending Construction,11735.63
798,5846,10,B-007406,Functional,20387.6
799,9467,11,B-011976,Functional,17509.1
800,11579,31,B-014643,Non-Functional,9469.47
801,15313,19,B-019337,Pending Construction,10638.84
802,13659,22,B-017290,Pending Construction,14269.35
803,6795,3,B-008594,Pending Construction,20948.55
804,11777,6,B-014889,Functional,6802.41
805,2904,5,B-003689,Functional,14316.3
806,9638,13,B-012201,Functional,20271.14
807,7224,28,B-009123,Non-Functional,10021.98
808,2880,5,B-003649,Pending Construction,5313.05
809,9324,35,B-011794,Non-Functional,11522.73
810,12852,16,B-016266,Pending Construction,11782.06
811,37,20,B-000055,Functional,
812,9146,34,B-011553,Non-Functional,21638.29
813,6626,31,B-008379,Functional,17567.72
814,2189,31,B-002789,Pending Construction,12862.9
815,5683,19,B-007207,Non-Functional,19285.05
816,7916,13,B-010002,Pending Construction,24786.22
817,9091,16,B-011489,Pending Construction,5497.87
818,5905,35,B-007475,Functional,10625.41
819,994,15,B-001277,Pending Construction,8852.36
820,7741,22,B-009775,Pending Construction,22295.02
821,9264,19,B-011712,Pending Construction,22312.13
822,5891,21,B-007457,Pending Construction,22904.21
823,6192,27,B-007838,Functional,5260.24
824,8162,9,B-010311,Non-Functional,14781.3
825,11286,27,B-014288,Pending Construction,6948.19
826,10875,16,B-013781,Functional,22010.01
827,9544,19,B-012074,Pending Construction,9808.45
828,11845,11,B-014974,Pending Construction,17794.13
829,3779,26,B-004817,Functional,21820.3
830,11011,18,B-013955,Pending Construction,16611.7
831,4789,24,B-006108,Pending Construction,20491.79
832,9185,15,B-011608,Non-Functional,10620.27
833,10673,12,B-013524,Functional,10448.87
834,4382,19,B-005589,Pending Construction,11175.27
835,10281,6,B-013017,Pending Construction,9138.1
836,9301,32,B-011763,Non-Functional,19369.94
837,13934,11,B-017629,Pending Construction,
838,8636,35,B-010901,Pending Construction,21998.56
839,15783,28,B-019925,Non-Functional,11884.42
840,10055,4,B-012728,Functional,6701.71
841,3795,6,B-004836,Non-Functional,10928.46
842,8562,1,B-010811,Non-Functional,19384.56
843,10166,6,B-012869,Pending Construction,14722.19
844,1138,28,B-001461,Non-Functional,7466.42
845,13180,8,B-016684,Functional,
846,2334,16,B-002959,Pending Construction,10333.89
847,102,31,B-000137,Pending Construction,11668.01
848,14575,30,B-018423,Functional,15928.5
849,8357,18,B-010560,Pending Construction,14076.32
850,11438,9,B-014467,Non-Functional,15405.61
851,14357,32,B-018156,Functional,20937.6
852,13035,17,B-016504,Non-Functional,6357.81
853,1253,21,B-001619,Functional,15689.56
854,236,7,B-000314,Functional,6128.84
855,7920,26,B-010006,Non-Functional,19071.01
856,9119,32,B-011524,Pending Construction,
857,13005,12,B-016456,Pending Construction,5296.33
858,13241,30,B-016754,Non-Functional,12662.3
859,15158,31,B-019137,Functional,19280.46
860,5127,16,B-006527,Functional,7031.33
861,7131,21,B-009010,Functional,23722.98
862,2056,28,B-002628,Non-Functional,13859.96
863,10224,4,B-012942,Pending Construction,22672.83
864,1620,24,B-002094,Pending Construction,
865,11583,5,B-014648,Non-Functional,7492.28
866,10632,21,B-013466,Pending Construction,18992.9
867,7482,26,B-009446,Pending Construction,11119.0
868,6918,28,B-008754,Non-Functional,23974.2
869,6118,31,B-007747,Pending Construction,
870,3328,32,B-004256,Pending Construction,11436.78
871,143,6,B-000186,Pending Construction,
872,12185,3,B-015407,Pending Construction,24717.42
873,10538,7,B-013345,Pending Construction,20987.52
874,8392,23,B-010603,Non-Functional,13408.85
875,14519,4,B-018361,Functional,10036.81
876,3399,10,B-004346,Pending Construction,19451.54
877,6485,12,B-008195,Pending Construction,23286.76
878,7426,21,B-009380,Functional,21305.56
879,13778,25,B-017438,Pending Construction,
880,13185,31,B-016690,Pending Construction,
881,12581,3,B-015919,Pending Construction,14149.75
882,12131,33,B-015341,Functional,15157.85
883,6972,29,B-008817,Pending Construction,7911.85
884,14716,32,B-018596,Pending Construction,15682.27
885,14558,9,B-018405,Non-Functional,12731.27
886,8850,18,B-011184,Functional,16407.87
887,6631,25,B-008386,Functional,23818.11
888,13914,17,B-017609,Non-Functional,16771.15
889,9132,29,B-011538,Non-Functional,17540.46
890,1451,30,B-001875,Functional,14584.23
891,10316,3,B-013061,Pending Construction,
892,12031,23,B-015210,Pending Construction,22597.52
893,13295,24,B-016824,Non-Functional,23987.25
894,1716,26,B-002216,Functional,13144.66
895,6670,1,B-008439,Functional,23512.59
896,7616,17,B-009612,Functional,12981.55
897,11257,21,B-014252,Functional,5670.78
898,6908,16,B-008740,Pending Construction,
899,7644,23,B-009658,Non-Functional,16356.24
900,9126,2,B-011531,Pending Construction,7216.48
901,3875,8,B-004942,Non-Functional,9170.12
902,6796,11,B-008596,Non-Functional,
903,14183,14,B-017939,Non-Functional,16410.13
904,8958,28,B-011314,Pending Construction,7325.79
905,3128,31,B-003993,Functional,23962.84
906,1080,4,B-001388,Functional,6852.36
907,11263,2,B-014260,Functional,
908,15689,4,B-019805,Functional,18261.26
909,8921,29,B-011268,Pending Construction,16133.15
910,5899,30,B-007468,Non-Functional,10247.14
911,7295,29,B-009213,Functional,15131.03
912,5701,30,B-007228,Functional,11600.24
913,6003,21,B-007606,Non-Functional,11652.54
914,10441,1,B-013221,Pending Construction,
915,9990,28,B-012646,Functional,18332.5
916,12305,3,B-015562,Pending Construction,
917,2684,28,B-003398,Pending Construction,14805.64
918,4495,35,B-005737,Non-Functional,10552.98
919,14276,7,B-018057,Functional,22569.29
920,13723,20,B-017369,Functional,10653.05
921,2020,18,B-002584,Pending Construction,14058.49
922,1214,34,B-001560,Functional,17116.52
923,11368,30,B-014385,Non-Functional,6700.07
924,14849,16,B-018766,Functional,22980.64
925,1867,17,B-002399,Non-Functional,15679.36
926,483,25,B-000631,Non-Functional,22121.93
927,13526,19,B-017120,Pending Construction,15160.17
928,6581,2,B-008320,Non-Functional,11337.11
929,13244,28,B-016757,Non-Functional,20965.45
930,3464,11,B-004426,Non-Functional,7048.75
931,7847,27,B-009907,Pending Construction,9026.63
932,2786,20,B-003529,Pending Construction,
933,12871,21,B-016288,Pending Construction,21498.11
934,15375,29,B-019420,Functional,22941.82
935,7320,10,B-009243,Non-Functional,18189.02
936,9721,18,B-012303,Non-Functional,24775.93
937,9675,27,B-012245,Pending Construction,18541.74
938,4753,9,B-006063,Non-Functional,23470.66
939,4643,9,B-005927,Non-Functional,10984.84
940,9112,4,B-011515,Functional,12694.04
941,9929,26,B-012568,Functional,
942,10282,28,B-013018,Pending Construction,12087.71
943,4248,1,B-005425,Functional,19147.83
944,9460,2,B-011966,Pending Construction,19105.0
945,4434,11,B-005656,Non-Functional,18055.31
946,5350,25,B-006800,Non-Functional,14040.93
947,76,14,B-000105,Pending Construction,21947.4
948,9453,27,B-011957,Non-Functional,18412.76
949,5678,33,B-007202,Non-Functional,8502.59
950,173,7,B-000223,Non-Functional,15564.02
951,8955,8,B-011310,Pending Construction,8417.1
952,2207,28,B-002808,Pending Construction,
953,6061,5,B-007676,Non-Functional,19214.45
954,4517,26,B-005762,Non-Functional,14069.08
955,12804,12,B-016200,Non-Functional,12225.2
956,15453,25,B-019512,Pending Construction,6756.51
957,12973,7,B-016415,Pending Construction,24557.35
958,12696,8,B-016064,Pending Construction,11198.96
959,4727,5,B-006031,Non-Functional,10716.69
960,8417,3,B-010632,Pending Construction,11019.96
961,7834,16,B-009890,Pending Construction,10322.89
962,10363,24,B-013126,Non-Functional,9018.9
963,10275,33,B-013009,Functional,12582.89
964,3995,26,B-005091,Pending Construction,12234.45
965,4239,12,B-005414,Functional,5106.27
966,6030,34,B-007637,Pending Construction,18198.45
967,1041,24,B-001333,Non-Functional,14582.59
968,14037,20,B-017755,Pending Construction,6318.18
969,13322,30,B-016856,Non-Functional,21028.99
970,10060,24,B-012733,Non-Functional,19017.73
971,2978,25,B-003784,Non-Functional,21028.92
972,8685,31,B-010974,Functional,7732.91
973,13408,4,B-016971,Functional,13973.06
974,14774,15,B-018671,Pending Construction,21996.17
975,4134,18,B-005268,Non-Functional,
976,8597,32,B-010852,Non-Functional,23382.93
977,1201,35,B-001541,Non-Functional,8937.93
978,12330,9,B-015594,Functional,12380.44
979,2357,19,B-002991,Functional,5788.97
980,4848,21,B-006185,Functional,
981,4831,4,B-006162,Non-Functional,5540.67
982,5158,23,B-006572,Non-Functional,23956.86
983,8803,7,B-011128,Functional,17184.51
984,11976,14,B-015139,Pending Construction,
985,8245,18,B-010416,Non-Functional,20462.62
986,3286,26,B-004198,Pending Construction,9839.23
987,5583,28,B-007090,Non-Functional,19070.07
988,9359,10,B-011838,Non-Functional,5822.33
989,11767,6,B-014876,Functional,16695.3
990,15037,8,B-018994,Pending Construction,12787.83
991,9941,30,B-012583,Functional,6299.43
992,9519,2,B-012045,Pending Construction,22643.07
993,5386,27,B-006846,Non-Functional,20074.13
994,2081,32,B-002657,Pending Construction,8423.58
995,7936,12,B-010026,Pending Construction,7620.16
996,2235,32,B-002844,Functional,15148.6
997,11946,17,B-015103,Non-Functional,18511.2
998,1365,32,B-001759,Non-Functional,18361.05
999,11973,29,B-015135,Pending Construction,22309.39
1000,12293,31,B-015543,Functional,23520.66
1001,9282,35,B-011737,Non-Functional,15758.47
1002,12128,9,B-015335,Non-Functional,
1003,7285,19,B-009199,Functional,
1004,960,16,B-001233,Functional,16448.99
1005,5662,28,B-007186,Non-Functional,20355.95
1006,10045,16,B-012716,Non-Functional,12205.78
1007,85,9,B-000116,Non-Functional,
1008,4655,23,B-005943,Pending Construction,22070.33
1009,7882,11,B-009958,Pending Construction,
1010,3632,22,B-004633,Pending Construction,20797.21
1011,837,15,B-001073,Functional,8365.64
1012,1904,15,B-002442,Non-Functional,23449.43
1013,2244,28,B-002855,Functional,5091.45
1014,11327,34,B-014341,Functional,6818.95
1015,799,8,B-001030,Non-Functional,13588.68
1016,3452,32,B-004411,Functional,9197.1
1017,8271,19,B-010446,Functional,
1018,10098,8,B-012781,Pending Construction,7307.41
1019,3654,33,B-004659,Non-Functional,10428.69
1020,5613,12,B-007126,Functional,23410.92
1021,9824,11,B-012436,Functional,6325.08
1022,7932,6,B-010021,Functional,13082.26
1023,1165,24,B-001494,Pending Construction,8949.67
1024,10592,28,B-013412,Non-Functional,17050.67
1025,5333,4,B-006781,Non-Functional,13561.14
1026,13296,12,B-016825,Non-Functional,24386.95
1027,10640,10,B-013475,Functional,12491.3
1028,5308,30,B-006754,Non-Functional,17312.48
1029,10961,21,B-013891,Non-Functional,
1030,249,30,B-000329,Functional,17683.49
1031,9653,23,B-012217,Pending Construction,16664.97
1032,12497,14,B-015815,Pending Construction,22339.14
1033,7763,3,B-009800,Functional,14684.05
1034,12286,21,B-015535,Pending Construction,22490.81
1035,1046,16,B-001339,Pending Construction,22464.25
1036,11405,26,B-014428,Functional,15019.4
1037,10682,23,B-013539,Pending Construction,14974.8
1038,12262,15,B-015500,Non-Functional,17491.49
1039,1265,18,B-001634,Functional,8099.7
1040,6428,35,B-008121,Pending Construction,6407.19
1041,2212,17,B-002814,Non-Functional,16916.89
1042,15437,30,B-019492,Non-Functional,22613.15
1043,1110,33,B-001426,Pending Construction,19236.18
1044,8538,9,B-010784,Pending Construction,23469.08
1045,3073,8,B-003911,Non-Functional,17265.4
1046,2905,18,B-003690,Pending Construction,8378.44
1047,2157,35,B-002751,Pending Construction,5683.87
1048,4412,8,B-005629,Non-Functional,9123.41
1049,12694,7,B-016062,Functional,22232.94
1050,11834,18,B-014960,Pending Construction,24929.65
1051,11273,10,B-014272,Non-Functional,11022.09
1052,15583,6,B-019672,Pending Construction,10593.59
1053,15309,4,B-019333,Pending Construction,12296.0
1054,13189,16,B-016694,Non-Functional,13343.08
1055,10502,32,B-013300,Pending Construction,7702.09
1056,11790,17,B-014905,Functional,24991.75
1057,3684,22,B-004698,Functional,18011.74
1058,5778,13,B-007323,Non-Functional,17282.42
1059,14467,32,B-018293,Functional,11681.61
1060,5150,27,B-006561,Non-Functional,14939.44
1061,15436,32,B-019491,Non-Functional,18667.63
1062,14335,12,B-018128,Non-Functional,
1063,11122,30,B-014089,Pending Construction,22382.46
1064,8886,19,B-011223,Non-Functional,23697.94
1065,9342,29,B-011815,Non-Functional,24046.26
1066,13945,11,B-017642,Pending Construction,17417.15
1067,1680,2,B-002172,Non-Functional,12982.94
1068,3351,17,B-004286,Non-Functional,21219.09
1069,13144,23,B-016637,Non-Functional,5676.76
1070,6886,13,B-008707,Non-Functional,9578.03
1071,13882,24,B-017562,Non-Functional,11361.17
1072,8491,1,B-010732,Pending Construction,17902.16
1073,8709,12,B-011004,Non-Functional,11635.36
1074,845,33,B-001083,Functional,18587.88
1075,8450,4,B-010682,Functional,21481.39
1076,11183,35,B-014163,Functional,20371.14
1077,6455,20,B-008155,Pending Construction,6162.6
1078,15016,2,B-018970,Non-Functional,
1079,5808,16,B-007363,Non-Functional,7878.58
1080,117,8,B-000155,Functional,22678.4
1081,10650,20,B-013492,Pending Construction,21940.64
1082,11445,29,B-014475,Non-Functional,22636.46
1083,13538,5,B-017138,Pending Construction,15926.02
1084,11427,26,B-014453,Functional,24363.43
1085,5739,3,B-007277,Pending Construction,21156.79
1086,14525,23,B-018367,Pending Construction,
1087,7632,28,B-009639,Functional,
1088,1853,22,B-002385,Functional,19667.69
1089,1965,18,B-002521,Non-Functional,9013.06
1090,596,25,B-000776,Non-Functional,13852.65
1091,11378,5,B-014397,Functional,19840.69
1092,14989,29,B-018941,Functional,22894.16
1093,7939,21,B-010029,Non-Functional,15195.0
1094,3774,32,B-004812,Non-Functional,
1095,7103,34,B-008976,Pending Construction,19118.47
1096,9795,2,B-012400,Pending Construction,22574.92
1097,7478,2,B-009442,Pending Construction,21673.95
1098,1985,10,B-002543,Pending Construction,21833.33
1099,2408,2,B-003052,Pending Construction,14260.61
1100,12657,6,B-016020,Non-Functional,17532.42
1101,2940,13,B-003737,Functional,20476.05
1102,5966,22,B-007553,Pending Construction,14969.81
1103,14726,4,B-018612,Pending Construction,21514.5
1104,4915,1,B-006264,Pending Construction,6943.17
1105,14099,19,B-017832,Pending Construction,9891.49
1106,10117,23,B-012808,Functional,18298.66
1107,5552,29,B-007047,Pending Construction,18013.71
1108,1418,13,B-001830,Non-Functional,10830.37
1109,13025,19,B-016490,Pending Construction,21088.73
1110,9361,35,B-011843,Non-Functional,21814.64
1111,15575,3,B-019663,Functional,7951.63
1112,3490,33,B-004461,Non-Functional,
1113,9083,28,B-011480,Functional,19520.68
1114,3692,25,B-004707,Non-Functional,5738.28
1115,13506,4,B-017094,Functional,9865.74
1116,3646,12,B-004649,Non-Functional,6146.01
1117,13517,26,B-017109,Non-Functional,20065.72
1118,3033,18,B-003855,Functional,17345.37
1119,4200,1,B-005362,Functional,7786.28
1120,3617,29,B-004616,Non-Functional,13231.01
1121,13479,12,B-017063,Non-Functional,10733.97
1122,1637,18,B-002113,Pending Construction,7431.81
1123,11104,5,B-014069,Non-Functional,12726.34
1124,3006,33,B-003819,Non-Functional,23238.79
1125,13763,34,B-017420,Non-Functional,11983.31
1126,4230,14,B-005405,Non-Functional,18407.49
1127,5477,30,B-006957,Functional,15267.23
1128,5290,14,B-006733,Functional,8442.44
1129,4233,9,B-005408,Non-Functional,18088.47
1130,14734,9,B-018623,Pending Construction,19907.26
1131,6675,21,B-008446,Non-Functional,8456.39
1132,2938,30,B-003733,Functional,18455.63
1133,7211,23,B-009106,Non-Functional,24810.67
1134,9984,22,B-012638,Functional,19325.47
1135,47,29,B-000067,Functional,16832.09
1136,120,29,B-000158,Pending Construction,18502.88
1137,12392,27,B-015676,Pending Construction,7792.91
1138,14352,20,B-018150,Non-Functional,13408.25
1139,8586,17,B-010841,Pending Construction,10542.41
1140,2813,6,B-003563,Pending Construction,15693.28
1141,13548,12,B-017150,Pending Construction,5423.77
1142,2739,30,B-003467,Non-Functional,9406.61
1143,8500,9,B-010743,Functional,11088.93
1144,11788,33,B-014903,Non-Functional,8355.12
1145,12569,23,B-015904,Non-Functional,21090.67
1146,9356,21,B-011834,Functional,
1147,878,15,B-001123,Non-Functional,
1148,7029,34,B-008882,Pending Construction,17068.1
1149,2221,25,B-002828,Pending Construction,10198.51
1150,2806,24,B-003553,Pending Construction,24684.06
1151,349,32,B-000461,Non-Functional,10967.9
1152,8470,14,B-010706,Functional,20629.99
1153,168,15,B-000218,Functional,11856.53
1154,12877,6,B-016297,Functional,19467.32
1155,13470,27,B-017050,Functional,19828.52
1156,5643,34,B-007165,Functional,24308.26
1157,3020,20,B-003839,Functional,
1158,4408,10,B-005624,Pending Construction,15586.57
1159,10220,33,B-012938,Non-Functional,
1160,4338,4,B-005532,Non-Functional,21655.39
1161,3509,2,B-004482,Pending Construction,
1162,5098,9,B-006491,Non-Functional,11551.21
1163,15274,32,B-019291,Non-Functional,10971.33
1164,10600,11,B-013422,Non-Functional,17823.44
1165,14170,20,B-017920,Functional,21136.88
1166,12470,4,B-015780,Pending Construction,24248.84
1167,3343,18,B-004275,Non-Functional,20151.88
1168,5411,15,B-006875,Non-Functional,7839.09
1169,10603,12,B-013425,Functional,21774.04
1170,6413,13,B-008104,Non-Functional,16658.96
1171,3177,24,B-004065,Functional,9275.84
1172,12432,31,B-015729,Non-Functional,14843.84
1173,13279,17,B-016804,Pending Construction,
1174,11317,35,B-014329,Functional,13738.11
1175,14147,9,B-017893,Pending Construction,6192.44
1176,1445,29,B-001868,Non-Functional,13113.91
1177,14229,14,B-018002,Non-Functional,21605.48
1178,13119,8,B-016609,Functional,13786.61
1179,15692,28,B-019808,Non-Functional,16446.98
1180,15796,26,B-019938,Pending Construction,24682.32
1181,3270,20,B-004181,Functional,23197.53
1182,5497,22,B-006978,Pending Construction,17794.25
1183,1405,28,B-001816,Pending Construction,5247.85
1184,1237,7,B-001594,Functional,15734.99
1185,9168,14,B-011586,Non-Functional,12668.7
1186,3747,26,B-004777,Pending Construction,6319.89
1187,4030,4,B-005136,Pending Construction,23236.93
1188,6079,32,B-007698,Pending Construction,8888.04
1189,13256,5,B-016770,Non-Functional,20465.45
1190,14839,9,B-018754,Pending Construction,13012.54
1191,4098,7,B-005222,Pending Construction,5241.32
1192,7634,27,B-009642,Pending Construction,16016.58
1193,1858,17,B-002390,Functional,12856.26
1194,4133,10,B-005264,Non-Functional,18400.59
1195,9632,24,B-012194,Pending Construction,7137.42
1196,10839,24,B-013733,Non-Functional,20184.85
1197,5015,25,B-006383,Non-Functional,14853.36
1198,11915,6,B-015066,Pending Construction,
1199,6564,14,B-008300,Non-Functional,23837.3
1200,12509,33,B-015830,Pending Construction,16685.65
1201,10496,35,B-013293,Functional,20759.08
1202,3618,34,B-004617,Pending Construction,9038.42
1203,11206,3,B-014193,Non-Functional,17949.54
1204,10819,35,B-013707,Functional,
1205,1703,29,B-002201,Non-Functional,12649.94
1206,13219,5,B-016728,Pending Construction,22608.34
1207,7777,22,B-009821,Pending Construction,22557.14
1208,15764,8,B-019897,Functional,9474.6
1209,12910,25,B-016339,Non-Functional,16374.16
1210,15786,2,B-019928,Non-Functional,10607.33
1211,13953,20,B-017651,Functional,19172.32
1212,12773,18,B-016160,Non-Functional,5908.26
1213,4993,8,B-006357,Functional,6338.29
1214,11929,32,B-015084,Non-Functional,11615.05
1215,1715,3,B-002214,Pending Construction,11895.32
1216,2489,34,B-003159,Non-Functional,22826.98
1217,9889,20,B-012518,Pending Construction,23505.95
1218,1862,22,B-002394,Pending Construction,12773.11
1219,12682,21,B-016049,Functional,21661.61
1220,6635,20,B-008392,Pending Construction,
1221,3067,33,B-003904,Non-Functional,12442.35
1222,6318,29,B-007990,Functional,8589.94
1223,9439,25,B-011939,Non-Functional,
1224,3987,23,B-005079,Non-Functional,23882.35
1225,11601,18,B-014672,Pending Construction,7200.13
1226,130,8,B-000171,Non-Functional,17413.96
1227,450,7,B-000588,Pending Construction,10782.34
1228,13656,20,B-017286,Pending Construction,23848.84
1229,12324,31,B-015588,Pending Construction,12444.61
1230,13166,7,B-016666,Non-Functional,17816.92
1231,205,17,B-000272,Pending Construction,13723.6
1232,5506,18,B-006988,Non-Functional,
1233,4703,17,B-006002,Pending Construction,19178.76
1234,7344,16,B-009274,Pending Construction,10059.74
1235,177,1,B-000228,Non-Functional,7270.15
1236,12526,27,B-015850,Non-Functional,7013.34
1237,2825,5,B-003580,Functional,23939.98
1238,10836,19,B-013729,Pending Construction,15293.15
1239,4767,29,B-006083,Non-Functional,
1240,13718,16,B-017364,Non-Functional,
1241,6200,32,B-007846,Non-Functional,13425.7
1242,7110,29,B-008984,Pending Construction,24829.52
1243,12837,27,B-016241,Pending Construction,6629.97
1244,8767,19,B-011086,Non-Functional,18160.26
1245,8080,6,B-010207,Pending Construction,17033.19
1246,13836,29,B-017504,Pending Construction,16401.97
1247,508,12,B-000664,Functional,
1248,128,27,B-000169,Functional,10888.7
1249,3806,30,B-004850,Pending Construction,7608.26
1250,2384,31,B-003022,Non-Functional,8998.4
1251,15459,22,B-019520,Non-Functional,17015.02
1252,11186,7,B-014167,Functional,14432.64
1253,15100,20,B-019068,Non-Functional,
1254,4228,7,B-005402,Functional,19831.52
1255,15511,5,B-019583,Non-Functional,8319.99
1256,376,32,B-000495,Non-Functional,
1257,13969,10,B-017670,Pending Construction,21899.81
1258,14402,24,B-018217,Functional,17212.79
1259,10891,33,B-013800,Non-Functional,8196.02
1260,1412,25,B-001823,Non-Functional,8805.22
1261,1975,9,B-002531,Functional,18840.82
1262,10092,19,B-012775,Functional,5286.16
1263,635,33,B-000826,Functional,24598.42
1264,12405,9,B-015694,Pending Construction,24022.09
1265,3428,17,B-004380,Pending Construction,8105.4
1266,4631,14,B-005912,Pending Construction,5085.22
1267,5373,11,B-006827,Non-Functional,15004.26
1268,13292,17,B-016821,Functional,21689.68
1269,11566,33,B-014627,Pending Construction,12495.25
1270,940,15,B-001205,Pending Construction,7288.58
1271,14118,7,B-017854,Pending Construction,8413.3
1272,8763,4,B-011076,Non-Functional,
1273,3678,18,B-004691,Functional,24322.81
1274,1040,28,B-001332,Pending Construction,7310.28
1275,13260,21,B-016775,Non-Functional,7161.21
1276,2752,27,B-003486,Pending Construction,9593.53
1277,2974,26,B-003778,Non-Functional,11188.34
1278,7993,4,B-010100,Functional,15243.35
1279,1284,6,B-001658,Pending Construction,
1280,1164,12,B-001493,Non-Functional,16318.68
1281,2376,8,B-003013,Pending Construction,20221.14
1282,14240,16,B-018014,Non-Functional,7950.42
1283,11634,31,B-014714,Pending Construction,19154.72
1284,2295,9,B-002912,Functional,20643.33
1285,1508,21,B-001953,Functional,21385.17
1286,2957,26,B-003757,Pending Construction,22716.61
1287,4664,5,B-005953,Pending Construction,24846.69
1288,10828,13,B-013720,Functional,18003.39
1289,11366,11,B-014383,Non-Functional,
1290,10313,30,B-013056,Functional,14469.99
1291,1856,28,B-002388,Non-Functional,16943.22
1292,14115,5,B-017851,Functional,16055.19
1293,2999,17,B-003811,Functional,15440.95
1294,14404,27,B-018219,Functional,
1295,4247,9,B-005424,Pending Construction,10956.63
1296,13552,1,B-017154,Non-Functional,21542.56
1297,4909,15,B-006258,Non-Functional,12233.7
1298,2215,34,B-002818,Pending Construction,12315.42
1299,378,5,B-000497,Pending Construction,13655.18
1300,5303,8,B-006749,Functional,
1301,2541,16,B-003223,Functional,7932.25
1302,5298,10,B-006744,Non-Functional,
1303,14457,12,B-018281,Non-Functional,6898.65
1304,1888,20,B-002424,Pending Construction,15004.78
1305,342,33,B-000453,Pending Construction,5793.97
1306,6267,33,B-007929,Functional,21314.77
1307,8319,4,B-010507,Pending Construction,19748.99
1308,12488,35,B-015804,Pending Construction,6698.26
1309,8092,13,B-010221,Functional,22835.03
1310,2964,34,B-003765,Functional,7730.66
1311,4705,8,B-006004,Non-Functional,9863.89
1312,5531,20,B-007020,Pending Construction,6400.71
1313,15296,32,B-019316,Non-Functional,13492.06
1314,15562,33,B-019645,Non-Functional,24544.7
1315,12867,19,B-016284,Pending Construction,11036.89
1316,11576,7,B-014640,Pending Construction,23936.56
1317,24,33,B-000032,Pending Construction,16034.25
1318,12612,17,B-015964,Functional,16043.87
1319,5855,34,B-007415,Functional,5195.57
1320,6062,19,B-007677,Non-Functional,10135.22
1321,15484,9,B-019550,Non-Functional,
1322,1922,16,B-002461,Functional,22964.65
1323,15316,33,B-019342,Non-Functional,24307.75
1324,14293,29,B-018077,Functional,
1325,12685,2,B-016052,Pending Construction,17407.4
1326,3569,16,B-004550,Non-Functional,15348.06
1327,1795,25,B-002312,Functional,22284.8
1328,6419,22,B-008110,Pending Construction,7463.75
1329,2854,7,B-003616,Non-Functional,5499.08
1330,1036,26,B-001327,Non-Functional,19924.51
1331,5674,28,B-007198,Non-Functional,17593.5
1332,2402,10,B-003046,Pending Construction,5460.45
1333,9924,20,B-012561,Non-Functional,20858.45
1334,4995,28,B-006359,Non-Functional,5145.44
1335,593,7,B-000772,Non-Functional,5807.9
1336,14078,16,B-017804,Pending Construction,22357.47
1337,7361,7,B-009294,Non-Functional,13341.85
1338,1384,1,B-001789,Non-Functional,23346.57
1339,12986,33,B-016431,Functional,12038.07
1340,10933,29,B-013857,Non-Functional,11057.9
1341,5289,18,B-006732,Non-Functional,14331.51
1342,1038,22,B-001330,Pending Construction,23497.09
1343,6358,3,B-008037,Functional,17846.85
1344,10393,3,B-013163,Non-Functional,18341.63
1345,7321,26,B-009244,Functional,6986.76
1346,8177,7,B-010330,Pending Construction,20606.74
1347,14577,8,B-018425,Non-Functional,
1348,14304,14,B-018092,Non-Functional,18557.96
1349,8828,26,B-011155,Non-Functional,16777.65
1350,11072,2,B-014034,Pending Construction,7797.55
1351,4998,19,B-006362,Pending Construction,24258.78
1352,7126,1,B-009005,Pending Construction,5196.06
1353,6762,19,B-008557,Pending Construction,7234.85
1354,953,7,B-001223,Pending Construction,9873.74
1355,11358,35,B-014375,Pending Construction,14839.29
1356,13037,25,B-016506,Functional,17438.82
1357,13939,12,B-017634,Functional,5637.12
1358,8440,12,B-010668,Functional,
1359,13884,18,B-017566,Functional,6776.54
1360,10843,17,B-013739,Pending Construction,11123.76
1361,2796,19,B-003542,Pending Construction,23643.18
1362,13823,26,B-017491,Pending Construction,
1363,6471,6,B-008177,Functional,23538.8
1364,15470,23,B-019532,Functional,
1365,14649,11,B-018513,Non-Functional,20255.29
1366,4007,20,B-005103,Functional,20080.8
1367,5170,18,B-006587,Non-Functional,20042.44
1368,2011,32,B-002572,Non-Functional,6690.18
1369,13182,21,B-016687,Non-Functional,12551.15
1370,3404,28,B-004352,Pending Construction,12614.61
1371,11058,13,B-014015,Non-Functional,7494.86
1372,5436,30,B-006907,Functional,
1373,1049,24,B-001342,Non-Functional,23330.43
1374,4852,19,B-006191,Non-Functional,19810.84
1375,8782,21,B-011107,Non-Functional,18069.43
1376,6724,3,B-008509,Pending Construction,8494.91
1377,133,7,B-000174,Non-Functional,22773.84
1378,2805,25,B-003552,Functional,6596.69
1379,3986,21,B-005078,Functional,24220.42
1380,5914,13,B-007486,Non-Functional,5942.41
1381,11245,26,B-014237,Functional,8885.37
1382,2518,13,B-003192,Functional,10417.98
1383,10972,29,B-013904,Functional,
1384,10202,3,B-012916,Pending Construction,
1385,959,35,B-001232,Non-Functional,6744.63
1386,5275,22,B-006714,Non-Functional,10286.66
1387,15398,7,B-019446,Non-Functional,8541.9
1388,6475,7,B-008181,Pending Construction,17316.18
1389,14644,15,B-018506,Non-Functional,22883.08
1390,11682,25,B-014777,Non-Functional,17713.95
1391,354,8,B-000468,Non-Functional,16262.66
1392,8108,5,B-010241,Non-Functional,
1393,13655,22,B-017285,Non-Functional,22282.14
1394,12972,16,B-016414,Functional,
1395,10579,22,B-013391,Functional,
1396,2381,17,B-003018,Non-Functional,20384.76
1397,8766,6,B-011081,Non-Functional,10233.71
1398,10823,25,B-013715,Non-Functional,16442.22
1399,8621,4,B-010881,Non-Functional,13767.38
1400,5129,6,B-006529,Non-Functional,18381.94
1401,2604,32,B-003306,Functional,14831.31
1402,3525,24,B-004499,Pending Construction,7353.05
1403,5268,10,B-006707,Pending Construction,
1404,7674,31,B-009692,Functional,16894.26
1405,15447,30,B-019503,Non-Functional,22031.37
1406,8593,35,B-010848,Functional,18712.54
1407,12584,15,B-015925,Functional,15962.33
1408,12367,24,B-015643,Non-Functional,8827.13
1409,8798,18,B-011123,Non-Functional,14329.93
1410,170,32,B-000220,Functional,16446.57
1411,2895,27,B-003675,Non-Functional,24089.96
1412,6639,6,B-008397,Pending Construction,
1413,6954,9,B-008796,Functional,16563.98
1414,3163,27,B-004045,Non-Functional,15068.35
1415,10645,12,B-013481,Non-Functional,
1416,14632,24,B-018493,Non-Functional,6588.92
1417,5716,25,B-007247,Non-Functional,14598.42
1418,987,25,B-001268,Pending Construction,5508.92
1419,11657,7,B-014742,Pending Construction,
1420,12782,26,B-016169,Functional,20603.14
1421,2005,19,B-002566,Non-Functional,16999.9
1422,15307,11,B-019330,Non-Functional,20082.66
1423,5108,15,B-006506,Pending Construction,10056.84
1424,4447,30,B-005672,Functional,
1425,3047,9,B-003872,Functional,18584.84
1426,4298,5,B-005486,Functional,20051.15
1427,14963,5,B-018910,Non-Functional,19936.63
1428,9353,21,B-011828,Functional,6118.81
1429,974,28,B-001254,Non-Functional,7226.68
1430,3578,28,B-004563,Pending Construction,
1431,7072,27,B-008936,Pending Construction,8414.42
1432,15133,25,B-019105,Functional,6982.52
1433,13091,6,B-016575,Functional,9522.91
1434,12926,11,B-016358,Non-Functional,9412.72
1435,5252,18,B-006689,Functional,19968.72
1436,12520,17,B-015842,Pending Construction,15206.74
1437,4752,15,B-006062,Pending Construction,16503.92
1438,3804,19,B-004847,Non-Functional,21907.84
1439,11864,25,B-015002,Functional,19233.33
1440,12274,30,B-015517,Non-Functional,24618.78
1441,1088,23,B-001397,Pending Construction,5757.65
1442,2375,1,B-003012,Functional,14161.35
1443,8426,22,B-010647,Non-Functional,22171.04
1444,9412,16,B-011905,Functional,21910.64
1445,15731,21,B-019857,Pending Construction,11029.68
1446,1352,10,B-001745,Pending Construction,6306.52
1447,8356,33,B-010559,Non-Functional,18905.59
1448,5135,33,B-006537,Non-Functional,21915.91
1449,12725,28,B-016099,Pending Construction,6979.32
1450,10952,21,B-013879,Pending Construction,6466.29
1451,2562,34,B-003253,Non-Functional,7307.29
1452,5895,14,B-007464,Pending Construction,21158.12
1453,817,17,B-001050,Non-Functional,14958.3
1454,14445,17,B-018268,Pending Construction,14314.97
1455,2687,35,B-003401,Non-Functional,
1456,11280,30,B-014281,Non-Functional,22557.35
1457,11354,15,B-014371,Pending Construction,9071.16
1458,12667,2,B-016032,Non-Functional,18623.68
1459,3273,22,B-004184,Non-Functional,12282.87
1460,621,23,B-000809,Non-Functional,8503.84
1461,13027,34,B-016492,Functional,
1462,104,28,B-000139,Non-Functional,21123.94
1463,10036,28,B-012706,Pending Construction,19171.78
1464,6996,26,B-008847,Pending Construction,
1465,4198,24,B-005359,Pending Construction,
1466,12482,7,B-015795,Pending Construction,8226.43
1467,2519,14,B-003194,Non-Functional,
1468,9858,5,B-012476,Non-Functional,15325.28
1469,15795,18,B-019937,Pending Construction,7762.0
1470,3952,23,B-005039,Non-Functional,24371.77
1471,10824,23,B-013716,Non-Functional,22886.48
1472,3089,28,B-003933,Pending Construction,8772.12
1473,5777,2,B-007320,Non-Functional,14483.41
1474,9998,17,B-012660,Non-Functional,6692.49
1475,1233,15,B-001589,Pending Construction,13456.87
1476,14618,34,B-018474,Functional,12393.46
1477,8311,25,B-010496,Functional,17845.16
1478,5394,34,B-006855,Pending Construction,23495.39
1479,5391,7,B-006851,Functional,10009.14
1480,6962,12,B-008804,Functional,10369.47
1481,4725,18,B-006027,Non-Functional,13567.74
1482,5501,5,B-006982,Functional,13784.59
1483,14735,10,B-018624,Non-Functional,
1484,10206,9,B-012921,Non-Functional,14294.33
1485,12240,32,B-015477,Non-Functional,19694.24
1486,15549,22,B-019630,Functional,8256.57
1487,10759,33,B-013639,Pending Construction,17370.0
1488,11740,23,B-014844,Non-Functional,9093.22
1489,5499,29,B-006980,Pending Construction,20730.12
1490,15662,7,B-019769,Non-Functional,10988.27
1491,1632,9,B-002106,Pending Construction,14647.29
1492,10107,1,B-012795,Pending Construction,24172.15
1493,14903,19,B-018835,Non-Functional,22065.75
1494,1919,3,B-002458,Functional,6973.63
1495,13940,8,B-017635,Functional,19607.33
1496,14904,16,B-018836,Functional,11230.22
1497,7954,28,B-010047,Non-Functional,14680.66
1498,10210,28,B-012925,Pending Construction,
1499,10791,32,B-013675,Pending Construction,10477.46
1500,2961,15,B-003762,Pending Construction,21126.39
1501,5983,2,B-007582,Functional,20144.02
1502,6256,16,B-007915,Pending Construction,12639.07
1503,3462,19,B-004424,Pending Construction,9596.1
1504,10813,34,B-013701,Functional,24426.95
1505,3844,18,B-004898,Non-Functional,24266.63
1506,13532,32,B-017130,Non-Functional,21368.36
1507,3130,7,B-003995,Pending Construction,17035.0
1508,13436,20,B-017007,Non-Functional,
1509,5049,2,B-006428,Pending Construction,7268.44
1510,12374,20,B-015653,Functional,11298.26
1511,14830,25,B-018744,Functional,5535.26
1512,15685,23,B-019800,Non-Functional,19521.8
1513,4813,23,B-006138,Non-Functional,20916.56
1514,9838,6,B-012453,Non-Functional,17494.12
1515,7273,11,B-009183,Pending Construction,7212.9
1516,3425,4,B-004376,Non-Functional,17648.68
1517,9520,22,B-012046,Non-Functional,20571.48
1518,6531,6,B-008258,Pending Construction,
1519,9560,14,B-012094,Pending Construction,14802.87
1520,4640,12,B-005924,Non-Functional,18747.29
1521,9234,12,B-011671,Pending Construction,23962.86
1522,3414,17,B-004364,Functional,17032.3
1523,6586,22,B-008328,Pending Construction,23991.29
1524,14966,1,B-018913,Non-Functional,19648.87
1525,9886,20,B-012512,Functional,18998.8
1526,1949,29,B-002501,Pending Construction,16003.11
1527,15245,6,B-019254,Non-Functional,
1528,10009,28,B-012673,Non-Functional,23468.85
1529,6294,11,B-007963,Non-Functional,13524.75
1530,13004,22,B-016453,Non-Functional,13360.56
1531,12609,16,B-015960,Functional,13655.58
1532,4724,23,B-006026,Functional,5610.43
1533,6081,35,B-007702,Functional,20037.01
1534,9304,13,B-011766,Non-Functional,15792.72
1535,15082,11,B-019049,Non-Functional,14803.3
1536,12529,26,B-015853,Non-Functional,10675.97
1537,6979,26,B-008826,Non-Functional,6482.44
1538,8267,33,B-010442,Functional,12681.5
1539,1739,12,B-002243,Non-Functional,17968.84
1540,13755,3,B-017410,Functional,11150.4
1541,6888,22,B-008709,Non-Functional,10521.13
1542,13691,30,B-017331,Non-Functional,18099.86
1543,1973,26,B-002529,Non-Functional,19344.74
1544,6084,6,B-007705,Functional,11480.9
1545,3767,22,B-004804,Functional,
1546,11199,6,B-014184,Functional,10938.43
1547,12004,2,B-015175,Functional,12712.62
1548,14996,11,B-018948,Functional,18903.89
1549,5392,6,B-006852,Non-Functional,12502.91
1550,6505,10,B-008224,Functional,8585.97
1551,15405,21,B-019454,Functional,10224.48
1552,3196,20,B-004091,Functional,15677.71
1553,10878,30,B-013786,Non-Functional,5757.33
1554,14030,16,B-017742,Pending Construction,14327.82
1555,5357,5,B-006808,Functional,20059.51
1556,11490,9,B-014529,Pending Construction,6301.93
1557,14486,30,B-018316,Functional,23708.75
1558,3732,21,B-004759,Non-Functional,7195.7
1559,10213,24,B-012930,Non-Functional,15738.62
1560,9358,31,B-011837,Pending Construction,22859.83
1561,15399,17,B-019447,Pending Construction,12275.2
1562,9413,3,B-011906,Non-Functional,23205.08
1563,4084,23,B-005203,Non-Functional,12413.97
1564,12711,13,B-016082,Pending Construction,19870.13
1565,12574,24,B-015910,Pending Construction,23742.75
1566,2911,20,B-003696,Pending Construction,8087.48
1567,5201,32,B-006629,Non-Functional,15906.97
1568,4455,25,B-005682,Functional,21266.43
1569,771,19,B-000994,Pending Construction,
1570,5198,18,B-006626,Pending Construction,12992.6
1571,1728,21,B-002231,Functional,18621.0
1572,5786,13,B-007332,Non-Functional,8858.03
1573,6027,35,B-007633,Pending Construction,
1574,2888,3,B-003660,Functional,6822.36
1575,5,22,B-000008,Pending Construction,16574.32
1576,6368,9,B-008047,Functional,18594.99
1577,5437,24,B-006908,Non-Functional,13428.83
1578,11719,18,B-014819,Non-Functional,24283.66
1579,6412,3,B-008103,Pending Construction,5885.36
1580,6009,20,B-007612,Functional,15637.54
1581,9962,7,B-012608,Functional,22039.58
1582,2302,17,B-002919,Pending Construction,
1583,1980,21,B-002537,Pending Construction,19709.73
1584,5598,22,B-007109,Pending Construction,16953.88
1585,8018,19,B-010130,Pending Construction,23710.46
1586,6016,22,B-007622,Non-Functional,6744.98
1587,3051,14,B-003876,Non-Functional,23521.68
1588,11131,10,B-014101,Functional,11460.19
1589,3019,23,B-003838,Non-Functional,8606.96
1590,12425,34,B-015720,Non-Functional,17561.37
1591,5611,18,B-007123,Non-Functional,23819.47
1592,4897,6,B-006243,Non-Functional,9351.73
1593,13858,32,B-017534,Non-Functional,8023.8
1594,13798,9,B-017462,Pending Construction,16387.21
1595,6167,2,B-007806,Pending Construction,19138.13
1596,4269,9,B-005450,Functional,12650.04
1597,8957,8,B-011312,Pending Construction,21029.48
1598,8331,21,B-010523,Functional,9362.47
1599,1361,8,B-001754,Non-Functional,12299.59
1600,2598,19,B-003297,Functional,22610.54
1601,1934,5,B-002475,Functional,9022.46
1602,14295,31,B-018080,Non-Functional,24448.19
1603,9561,29,B-012095,Pending Construction,18215.81
1604,3963,18,B-005050,Functional,24147.37
1605,14122,2,B-017859,Functional,24309.73
1606,11751,25,B-014858,Non-Functional,
1607,12628,31,B-015985,Pending Construction,22278.53
1608,10088,5,B-012771,Pending Construction,19599.58
1609,6088,22,B-007709,Non-Functional,9587.28
1610,12982,6,B-016426,Non-Functional,14949.57
1611,3503,29,B-004476,Pending Construction,23932.13
1612,8569,31,B-010822,Functional,
1613,5184,12,B-006609,Pending Construction,
1614,886,15,B-001133,Functional,6827.27
1615,12182,2,B-015403,Functional,
1616,12097,18,B-015293,Non-Functional,9963.5
1617,11000,24,B-013942,Pending Construction,20145.03
1618,22,22,B-000029,Functional,16814.67
1619,2531,25,B-003208,Pending Construction,15600.11
1620,5906,5,B-007476,Functional,5425.11
1621,4316,14,B-005505,Pending Construction,12299.93
1622,10746,35,B-013623,Non-Functional,
1623,13888,8,B-017571,Functional,5024.19
1624,7066,4,B-008928,Pending Construction,18947.35
1625,15071,22,B-019035,Non-Functional,11598.87
1626,2753,19,B-003487,Functional,22933.49
1627,2026,28,B-002591,Non-Functional,6541.59
1628,7129,4,B-009008,Non-Functional,16307.94
1629,346,11,B-000458,Non-Functional,11070.8
1630,10876,5,B-013783,Functional,
1631,1103,32,B-001418,Functional,14239.78
1632,6964,32,B-008806,Pending Construction,22574.69
1633,9809,21,B-012419,Non-Functional,7814.0
1634,12091,34,B-015283,Non-Functional,24902.34
1635,14764,16,B-018658,Pending Construction,
1636,4481,30,B-005714,Pending Construction,22318.38
1637,14876,24,B-018804,Functional,16657.61
1638,10621,2,B-013452,Non-Functional,22792.53
1639,12233,4,B-015468,Pending Construction,14989.42
1640,502,32,B-000656,Non-Functional,18484.62
1641,9597,10,B-012144,Functional,9120.55
1642,15385,24,B-019432,Functional,13706.5
1643,10773,1,B-013654,Pending Construction,22895.43
1644,2801,4,B-003547,Functional,15877.9
1645,479,25,B-000623,Functional,9065.02
1646,8713,26,B-011008,Non-Functional,5871.57
1647,2949,10,B-003749,Non-Functional,21274.35
1648,9529,24,B-012057,Functional,18248.56
1649,2401,20,B-003045,Functional,24980.63
1650,5112,25,B-006511,Pending Construction,16123.16
1651,6760,23,B-008555,Non-Functional,
1652,1572,17,B-002031,Functional,
1653,11879,7,B-015021,Functional,22684.14
1654,3719,5,B-004745,Functional,
1655,13725,7,B-017373,Non-Functional,6880.04
1656,4361,8,B-005560,Non-Functional,24161.14
1657,9127,3,B-011532,Pending Construction,12655.43
1658,8638,1,B-010907,Functional,18060.9
1659,2077,29,B-002652,Non-Functional,19926.5
1660,8062,29,B-010183,Functional,6058.17
1661,10006,17,B-012670,Pending Construction,13493.2
1662,1137,4,B-001460,Non-Functional,23704.21
1663,10526,20,B-013330,Non-Functional,20131.08
1664,2426,14,B-003070,Functional,
1665,8671,6,B-010953,Functional,6586.54
1666,6169,13,B-007808,Functional,22262.73
1667,4972,33,B-006333,Non-Functional,16508.34
1668,10182,29,B-012888,Non-Functional,24461.45
1669,2930,10,B-003721,Pending Construction,16119.15
1670,4956,19,B-006313,Functional,14015.66
1671,5921,2,B-007495,Non-Functional,15581.88
1672,2540,14,B-003222,Non-Functional,23105.56
1673,11802,24,B-014919,Non-Functional,5864.3
1674,4623,20,B-005902,Non-Functional,17970.35
1675,8641,24,B-010912,Non-Functional,17977.5
1676,5180,24,B-006602,Non-Functional,14448.2
1677,5232,3,B-006666,Non-Functional,23110.19
1678,12883,22,B-016304,Pending Construction,14518.52
1679,2966,23,B-003768,Non-Functional,17279.16
1680,1578,2,B-002039,Pending Construction,5133.14
1681,3868,35,B-004932,Non-Functional,19877.37
1682,3568,21,B-004549,Functional,
1683,5575,19,B-007078,Pending Construction,19203.13
1684,5183,2,B-006608,Pending Construction,15494.73
1685,4873,7,B-006217,Pending Construction,5267.82
1686,7210,8,B-009105,Functional,19512.43
1687,14138,12,B-017879,Functional,
1688,6823,15,B-008628,Functional,13725.63
1689,11305,19,B-014312,Functional,11812.66
1690,478,13,B-000621,Non-Functional,15322.25
1691,1566,15,B-002024,Pending Construction,19733.95
1692,10945,21,B-013871,Non-Functional,19996.07
1693,1008,18,B-001296,Functional,17535.67
1694,15746,27,B-019876,Pending Construction,24623.84
1695,36,15,B-000052,Functional,21357.01
1696,15302,21,B-019325,Pending Construction,19855.3
1697,13859,1,B-017536,Non-Functional,10133.15
1698,10021,6,B-012687,Functional,16811.71
1699,5799,26,B-007353,Functional,21254.9
1700,13288,27,B-016816,Functional,22761.11
1701,10786,31,B-013670,Non-Functional,10560.89
1702,6727,35,B-008515,Pending Construction,6694.22
1703,4349,4,B-005545,Functional,13751.17
1704,12874,4,B-016294,Non-Functional,
1705,3690,12,B-004705,Non-Functional,17579.7
1706,6839,32,B-008649,Pending Construction,20095.8
1707,3376,31,B-004318,Non-Functional,23905.55
1708,13613,11,B-017229,Functional,9071.35
1709,14263,32,B-018039,Non-Functional,10779.0
1710,2639,32,B-003346,Functional,16687.4
1711,12950,19,B-016385,Pending Construction,15113.17
1712,9607,20,B-012158,Non-Functional,24137.74
1713,10100,34,B-012784,Non-Functional,15951.65
1714,1339,35,B-001728,Functional,17442.53
1715,2724,13,B-003447,Functional,21105.3
1716,14768,26,B-018665,Functional,21109.92
1717,6933,24,B-008772,Non-Functional,18452.59
1718,6765,12,B-008560,Functional,23900.74
1719,4611,15,B-005888,Non-Functional,12327.21
1720,658,9,B-000851,Functional,21419.38
1721,10246,4,B-012972,Functional,
1722,3536,23,B-004512,Pending Construction,11645.72
1723,9368,12,B-011855,Functional,21911.85
1724,9939,4,B-012581,Non-Functional,22307.66
1725,15090,12,B-019057,Non-Functional,
1726,3283,24,B-004195,Pending Construction,18561.15
1727,2690,22,B-003405,Non-Functional,16031.19
1728,5204,27,B-006632,Functional,22883.75
1729,12,24,B-000017,Functional,13562.49
1730,9627,24,B-012186,Pending Construction,15874.63
1731,9773,17,B-012373,Non-Functional,
1732,12506,28,B-015826,Non-Functional,7493.12
1733,8626,34,B-010887,Non-Functional,16659.95
1734,2744,13,B-003473,Non-Functional,6806.56
1735,6685,26,B-008460,Non-Functional,15206.33
1736,14513,30,B-018348,Functional,18902.22
1737,4536,29,B-005789,Pending Construction,17725.24
1738,11003,21,B-013946,Non-Functional,24510.62
1739,15801,9,B-019946,Functional,13035.8
1740,14167,5,B-017917,Pending Construction,14594.12
1741,14950,30,B-018893,Non-Functional,6018.25
1742,7200,25,B-009092,Pending Construction,18171.94
1743,6653,11,B-008419,Functional,22998.82
1744,4340,12,B-005535,Non-Functional,18409.09
1745,3909,21,B-004985,Non-Functional,7321.76
1746,382,33,B-000505,Functional,11421.43
1747,11347,33,B-014364,Pending Construction,17559.45
1748,15218,23,B-019215,Non-Functional,
1749,6524,2,B-008248,Functional,9622.16
1750,13266,21,B-016785,Functional,11226.02
1751,2445,35,B-003096,Non-Functional,7232.96
1752,554,33,B-000720,Functional,21692.71
1753,4985,11,B-006348,Non-Functional,
1754,5543,32,B-007034,Functional,21034.47
1755,1664,11,B-002148,Functional,10666.97
1756,11989,8,B-015154,Non-Functional,9101.15
1757,2810,23,B-003559,Functional,20319.43
1758,13371,27,B-016920,Non-Functional,14225.33
1759,1077,18,B-001383,Pending Construction,7479.34
1760,4907,12,B-006256,Pending Construction,23423.65
1761,9408,11,B-011901,Non-Functional,16871.34
1762,2733,19,B-003460,Pending Construction,21552.59
1763,15341,23,B-019373,Non-Functional,9042.03
1764,6771,28,B-008568,Non-Functional,10715.36
1765,15455,3,B-019516,Pending Construction,11159.2
1766,6642,33,B-008400,Non-Functional,14049.39
1767,10214,18,B-012931,Functional,7633.24
1768,8485,14,B-010726,Pending Construction,24208.08
1769,5657,12,B-007181,Pending Construction,19978.17
1770,5822,1,B-007379,Pending Construction,11609.06
1771,1830,13,B-002356,Non-Functional,11171.04
1772,15073,9,B-019038,Pending Construction,
1773,696,19,B-000895,Functional,14806.91
1774,5459,6,B-006935,Functional,24932.56
1775,15136,11,B-019109,Pending Construction,22779.15
1776,5309,1,B-006755,Pending Construction,
1777,2821,30,B-003575,Pending Construction,20153.71
1778,14916,11,B-018850,Non-Functional,
1779,15390,11,B-019437,Functional,12287.22
1780,9620,16,B-012176,Non-Functional,8554.17
1781,3182,15,B-004072,Functional,6433.82
1782,2180,18,B-002779,Pending Construction,18423.12
1783,11600,7,B-014671,Pending Construction,19850.03
1784,5297,19,B-006743,Functional,18670.38
1785,8253,29,B-010426,Functional,
1786,5060,6,B-006442,Pending Construction,9115.53
1787,12198,17,B-015426,Non-Functional,24787.37
1788,12770,5,B-016157,Functional,15204.75
1789,12369,11,B-015645,Pending Construction,
1790,2085,13,B-002662,Non-Functional,15039.27
1791,4729,2,B-006033,Non-Functional,5168.31
1792,8014,16,B-010126,Non-Functional,
1793,3353,8,B-004288,Pending Construction,23072.91
1794,810,25,B-001043,Non-Functional,11193.79
1795,13337,4,B-016874,Pending Construction,24680.87
1796,8451,8,B-010683,Non-Functional,10227.31
1797,8280,16,B-010456,Pending Construction,23023.35
1798,8816,21,B-011142,Non-Functional,22086.25
1799,7953,22,B-010046,Pending Construction,16434.4
1800,9144,33,B-011550,Pending Construction,11703.31
1801,9364,31,B-011850,Non-Functional,18427.41
1802,314,1,B-000412,Non-Functional,22379.97
1803,14967,25,B-018914,Non-Functional,12126.25
1804,15592,20,B-019681,Non-Functional,12190.06
1805,2283,22,B-002899,Functional,19319.1
1806,1131,11,B-001452,Functional,21586.51
1807,15656,21,B-019763,Functional,12709.22
1808,9702,20,B-012280,Functional,11768.47
1809,7186,6,B-009077,Pending Construction,
1810,6437,3,B-008132,Functional,10284.02
1811,13923,32,B-017618,Non-Functional,
1812,12073,34,B-015257,Functional,24369.04
1813,313,27,B-000411,Non-Functional,7704.05
1814,13071,20,B-016550,Functional,24890.07
1815,5066,34,B-006452,Non-Functional,
1816,14842,2,B-018758,Non-Functional,16096.15
1817,14196,22,B-017956,Non-Functional,8853.96
1818,5618,20,B-007132,Pending Construction,6012.55
1819,3998,9,B-005094,Functional,23510.52
1820,2287,28,B-002903,Pending Construction,
1821,14008,9,B-017717,Pending Construction,20757.18
1822,482,17,B-000628,Functional,23644.33
1823,532,29,B-000694,Pending Construction,11091.1
1824,14782,25,B-018682,Non-Functional,
1825,15829,20,B-019980,Pending Construction,7263.77
1826,5794,22,B-007344,Pending Construction,
1827,13148,5,B-016642,Pending Construction,6612.3
1828,1398,4,B-001806,Non-Functional,15589.8
1829,6172,6,B-007812,Non-Functional,16902.79
1830,6344,8,B-008020,Functional,9662.77
1831,6036,19,B-007645,Pending Construction,24759.46
1832,12320,19,B-015583,Non-Functional,
1833,3174,15,B-004061,Non-Functional,24583.33
1834,5132,33,B-006533,Functional,
1835,4691,33,B-005989,Pending Construction,
1836,12645,35,B-016007,Non-Functional,
1837,1003,4,B-001290,Functional,19330.41
1838,5370,7,B-006824,Pending Construction,13404.3
1839,5993,6,B-007595,Non-Functional,10831.26
1840,4294,1,B-005480,Functional,18479.81
1841,4386,2,B-005595,Non-Functional,6877.25
1842,8800,23,B-011125,Non-Functional,15371.57
1843,5468,30,B-006945,Pending Construction,17194.76
1844,1160,16,B-001488,Non-Functional,19301.84
1845,7712,13,B-009738,Non-Functional,7797.3
1846,1752,33,B-002258,Non-Functional,24645.2
1847,14543,11,B-018387,Functional,8344.92
1848,545,22,B-000711,Non-Functional,10276.72
1849,13772,14,B-017430,Non-Functional,9266.95
1850,2919,15,B-003706,Non-Functional,12517.26
1851,7502,8,B-009468,Functional,16584.84
1852,9432,30,B-011932,Functional,22802.01
1853,13197,17,B-016702,Functional,14162.29
1854,4032,24,B-005138,Pending Construction,19585.35
1855,5203,15,B-006631,Functional,5022.93
1856,605,16,B-000788,Functional,15315.9
1857,14218,27,B-017986,Non-Functional,15704.56
1858,15489,1,B-019558,Non-Functional,13499.64
1859,492,7,B-000645,Functional,9045.04
1860,9983,13,B-012637,Non-Functional,20558.35
1861,7754,17,B-009789,Pending Construction,8890.99
1862,3858,25,B-004919,Functional,11182.28
1863,11544,19,B-014599,Non-Functional,22349.45
1864,12397,33,B-015684,Functional,9423.54
1865,14512,21,B-018347,Functional,11293.81
1866,9680,22,B-012252,Non-Functional,20111.85
1867,7216,18,B-009114,Non-Functional,5982.18
1868,12668,8,B-016033,Functional,22697.35
1869,4678,31,B-005971,Non-Functional,20255.64
1870,1941,31,B-002486,Functional,
1871,15587,11,B-019676,Non-Functional,22172.21
1872,15577,11,B-019665,Functional,19602.79
1873,15655,7,B-019761,Pending Construction,13415.97
1874,12746,17,B-016128,Functional,21696.43
1875,599,11,B-000782,Non-Functional,16968.82
1876,4307,12,B-005496,Functional,8142.21
1877,3630,11,B-004631,Pending Construction,
1878,8937,10,B-011287,Pending Construction,15490.55
1879,12037,8,B-015216,Non-Functional,13729.55
1880,3448,3,B-004406,Pending Construction,11245.34
1881,14109,7,B-017842,Non-Functional,17105.33
1882,9752,30,B-012344,Pending Construction,
1883,8646,22,B-010917,Non-Functional,7863.54
1884,8684,25,B-010973,Pending Construction,9542.7
1885,678,31,B-000876,Functional,
1886,4373,26,B-005577,Pending Construction,17577.23
1887,11693,13,B-014789,Non-Functional,21721.61
1888,14411,8,B-018229,Pending Construction,24508.02
1889,11729,21,B-014830,Pending Construction,18448.78
1890,2965,15,B-003766,Functional,5392.74
1891,10577,24,B-013389,Functional,8449.66
1892,13086,4,B-016569,Functional,24035.77
1893,8435,18,B-010659,Pending Construction,24956.31
1894,13463,11,B-017042,Pending Construction,18396.83
1895,1570,25,B-002028,Non-Functional,15096.83
1896,7488,21,B-009452,Functional,8500.19
1897,13515,6,B-017106,Non-Functional,6252.32
1898,2844,22,B-003604,Non-Functional,19435.39
1899,15152,30,B-019129,Pending Construction,14111.74
1900,3613,5,B-004611,Pending Construction,16334.18
1901,13208,15,B-016715,Non-Functional,23173.22
1902,10279,22,B-013014,Non-Functional,8515.85
1903,6911,19,B-008743,Pending Construction,7178.32
1904,9533,2,B-012062,Functional,
1905,9004,30,B-011376,Non-Functional,5519.38
1906,2066,6,B-002640,Functional,16980.96
1907,13155,28,B-016652,Non-Functional,14230.77
1908,13355,16,B-016899,Pending Construction,15796.52
1909,1635,12,B-002111,Pending Construction,20682.1
1910,7388,10,B-009335,Pending Construction,12490.01
1911,5291,33,B-006734,Non-Functional,24165.71
1912,1624,2,B-002098,Non-Functional,6802.68
1913,5057,9,B-006437,Non-Functional,15191.47
1914,6195,35,B-007841,Pending Construction,20237.62
1915,4031,8,B-005137,Pending Construction,9392.76
1916,14205,4,B-017970,Pending Construction,24829.47
1917,4009,9,B-005106,Pending Construction,15072.77
1918,2265,9,B-002877,Non-Functional,20430.99
1919,1981,29,B-002538,Non-Functional,
1920,12164,12,B-015379,Pending Construction,11667.78
1921,1789,11,B-002306,Non-Functional,20778.76
1922,1548,11,B-002002,Non-Functional,20442.63
1923,11621,6,B-014698,Functional,9589.65
1924,4982,25,B-006345,Non-Functional,10465.74
1925,1434,7,B-001855,Non-Functional,18385.56
1926,15602,5,B-019694,Non-Functional,21857.03
1927,8853,14,B-011187,Pending Construction,11522.06
1928,9694,14,B-012270,Non-Functional,10533.04
1929,7821,11,B-009871,Functional,12547.32
1930,2794,24,B-003540,Non-Functional,21474.01
1931,6382,18,B-008063,Pending Construction,18718.53
1932,2213,18,B-002815,Pending Construction,18371.97
1933,14334,22,B-018127,Non-Functional,12019.78
1934,2611,21,B-003313,Functional,23271.68
1935,7032,13,B-008885,Functional,23775.91
1936,14440,35,B-018263,Pending Construction,8781.78
1937,6994,11,B-008845,Pending Construction,
1938,14361,16,B-018161,Functional,6662.98
1939,2326,30,B-002949,Functional,15892.48
1940,4960,35,B-006319,Pending Construction,15690.49
1941,11828,17,B-014954,Non-Functional,13926.54
1942,7842,19,B-009901,Functional,7656.86
1943,3590,13,B-004581,Pending Construction,16589.56
1944,6519,6,B-008242,Functional,23981.1
1945,9101,1,B-011501,Functional,15095.17
1946,13109,5,B-016597,Functional,
1947,13891,15,B-017578,Functional,19705.53
1948,15106,21,B-019074,Functional,14656.45
1949,3699,2,B-004716,Functional,6607.87
1950,3300,9,B-004219,Pending Construction,21783.74
1951,11433,34,B-014459,Non-Functional,23935.21
1952,14437,29,B-018260,Non-Functional,
1953,12750,30,B-016134,Functional,13519.95
1954,5672,31,B-007196,Functional,22556.86
1955,6691,27,B-008466,Pending Construction,18597.68
1956,5090,21,B-006481,Pending Construction,9282.95
1957,5857,26,B-007417,Functional,15571.0
1958,4523,10,B-005769,Functional,
1959,12707,35,B-016078,Functional,17578.64
1960,14299,11,B-018084,Non-Functional,10373.98
1961,3341,12,B-004272,Pending Construction,10219.51
1962,3228,3,B-004132,Non-Functional,
1963,884,15,B-001129,Functional,11842.25
1964,6468,32,B-008172,Functional,
1965,1291,1,B-001666,Functional,13864.19
1966,13734,32,B-017383,Non-Functional,7240.69
1967,11987,9,B-015152,Pending Construction,5213.67
1968,9870,19,B-012492,Functional,15205.22
1969,11609,4,B-014685,Functional,8002.49
1970,4149,9,B-005286,Pending Construction,7712.92
1971,8482,28,B-010723,Pending Construction,
1972,7323,28,B-009249,Functional,15802.77
1973,8010,28,B-010122,Functional,10278.82
1974,2730,4,B-003454,Non-Functional,22062.76
1975,11407,14,B-014431,Non-Functional,14263.48
1976,4236,1,B-005411,Non-Functional,
1977,14545,25,B-018390,Pending Construction,10260.6
1978,13849,4,B-017520,Functional,13378.99
1979,1522,12,B-001973,Pending Construction,21588.42
1980,5469,25,B-006946,Pending Construction,8484.54
1981,15096,33,B-019064,Pending Construction,10847.76
1982,2764,9,B-003502,Non-Functional,6129.91
1983,7266,9,B-009171,Pending Construction,19566.48
1984,9230,9,B-011667,Functional,10739.57
1985,14236,10,B-018010,Non-Functional,10588.96
1986,10230,14,B-012952,Non-Functional,22116.47
1987,3212,4,B-004112,Non-Functional,21787.7
1988,7319,25,B-009242,Non-Functional,13388.35
1989,11881,31,B-015024,Functional,11157.02
1990,8424,30,B-010641,Functional,13924.1
1991,11911,3,B-015062,Functional,16761.21
1992,6714,14,B-008494,Pending Construction,5279.84
1993,652,20,B-000844,Non-Functional,10587.49
1994,11262,28,B-014257,Non-Functional,21843.82
1995,2903,31,B-003688,Functional,
1996,10787,7,B-013671,Functional,14138.8
1997,12959,24,B-016401,Non-Functional,12771.36
1998,9902,32,B-012535,Pending Construction,19722.46
1999,4795,24,B-006115,Non-Functional,7344.26
2000,15031,20,B-018987,Pending Construction,23781.83
2001,11885,5,B-015031,Pending Construction,19721.69
2002,9650,3,B-012214,Functional,6481.25
2003,11008,33,B-013951,Functional,9399.22
2004,7308,11,B-009230,Functional,21085.53
2005,6164,2,B-007803,Non-Functional,17209.99
2006,7218,7,B-009116,Functional,17439.55
2007,10046,11,B-012717,Pending Construction,18829.75
2008,3278,2,B-004189,Pending Construction,21892.08
2009,782,9,B-001008,Functional,21730.45
2010,11440,26,B-014469,Pending Construction,6406.36
2011,4055,1,B-005166,Functional,9365.66
2012,9334,16,B-011807,Pending Construction,15478.1
2013,2251,24,B-002862,Pending Construction,11599.65
2014,279,32,B-000367,Non-Functional,10549.99
2015,6864,22,B-008684,Non-Functional,14285.48
2016,5453,10,B-006926,Pending Construction,14596.39
2017,6515,3,B-008237,Pending Construction,16569.07
2018,11123,26,B-014090,Functional,11712.56
2019,13791,34,B-017455,Pending Construction,23349.93
2020,6704,25,B-008481,Non-Functional,9280.89
2021,15042,13,B-019000,Non-Functional,14143.38
2022,10646,5,B-013487,Functional,10822.54
2023,10242,13,B-012968,Pending Construction,
2024,517,29,B-000676,Pending Construction,8387.67
2025,35,13,B-000050,Non-Functional,21069.38
2026,7738,1,B-009772,Functional,22531.61
2027,3458,8,B-004419,Non-Functional,16264.68
2028,11739,1,B-014843,Pending Construction,9976.78
2029,6689,8,B-008464,Functional,22378.65
2030,10589,32,B-013408,Non-Functional,22827.12
2031,2342,11,B-002971,Pending Construction,
2032,6217,35,B-007867,Non-Functional,14001.77
2033,5810,26,B-007367,Non-Functional,9402.32
2034,11985,30,B-015149,Non-Functional,
2035,687,7,B-000886,Functional,7678.92
2036,13329,28,B-016864,Pending Construction,10040.14
2037,785,20,B-001013,Non-Functional,14261.61
2038,6746,18,B-008540,Functional,20927.05
2039,14678,13,B-018548,Functional,22664.32
2040,14696,22,B-018570,Functional,9731.82
2041,9422,16,B-011919,Pending Construction,
2042,1207,28,B-001550,Non-Functional,7013.18
2043,10490,28,B-013286,Non-Functional,17563.72
2044,12455,5,B-015758,Functional,19603.49
2045,5922,7,B-007497,Non-Functional,19317.0
2046,10696,32,B-013558,Pending Construction,22844.03
2047,5040,5,B-006419,Pending Construction,8059.56
2048,4385,3,B-005593,Non-Functional,20521.48
2049,14961,28,B-018908,Functional,8365.46
2050,4730,16,B-006034,Pending Construction,7464.45
2051,351,2,B-000464,Non-Functional,20609.46
2052,5388,25,B-006848,Pending Construction,13193.99
2053,11275,25,B-014274,Functional,6976.62
2054,15809,7,B-019954,Non-Functional,11934.19
2055,11582,15,B-014647,Functional,17008.69
2056,2902,23,B-003687,Non-Functional,11460.84
2057,6842,24,B-008652,Pending Construction,11771.49
2058,13459,26,B-017037,Non-Functional,10621.13
2059,3800,34,B-004843,Non-Functional,11253.34
2060,812,2,B-001045,Functional,15222.68
2061,1738,15,B-002242,Pending Construction,23761.88
2062,11047,14,B-014003,Non-Functional,9946.95
2063,8557,32,B-010806,Non-Functional,18054.7
2064,12413,22,B-015704,Non-Functional,17350.76
2065,10917,16,B-013834,Pending Construction,20703.89
2066,4597,8,B-005873,Pending Construction,
2067,13000,7,B-016449,Non-Functional,8471.55
2068,8158,3,B-010305,Pending Construction,14491.72
2069,12688,28,B-016055,Non-Functional,5091.11
2070,12833,2,B-016236,Pending Construction,21442.79
2071,11565,2,B-014624,Pending Construction,11200.99
2072,5109,18,B-006508,Non-Functional,7550.62
2073,1796,21,B-002315,Pending Construction,
2074,5694,22,B-007220,Pending Construction,8885.21
2075,7357,21,B-009290,Pending Construction,21044.24
2076,15670,19,B-019782,Functional,
2077,10662,32,B-013509,Non-Functional,6948.26
2078,7441,6,B-009396,Functional,9410.34
2079,4690,30,B-005988,Pending Construction,11841.8
2080,12781,14,B-016168,Non-Functional,8988.42
2081,3123,17,B-003985,Functional,5071.92
2082,10604,18,B-013426,Functional,21926.36
2083,9049,15,B-011430,Non-Functional,7994.16
2084,12396,8,B-015683,Pending Construction,15541.95
2085,1833,21,B-002360,Non-Functional,11362.46
2086,5003,15,B-006369,Pending Construction,7653.9
2087,4156,34,B-005298,Functional,17266.46
2088,13857,24,B-017533,Non-Functional,13239.07
2089,6487,8,B-008197,Functional,23580.47
2090,7611,9,B-009606,Pending Construction,6043.32
2091,5155,22,B-006568,Non-Functional,20236.83
2092,3433,26,B-004386,Pending Construction,13010.48
2093,11689,3,B-014784,Non-Functional,9176.35
2094,15811,25,B-019956,Non-Functional,
2095,9431,30,B-011930,Functional,12598.47
2096,14447,33,B-018270,Functional,21411.89
2097,13339,9,B-016876,Pending Construction,8009.29
2098,6010,26,B-007613,Pending Construction,16402.17
2099,1814,9,B-002335,Non-Functional,10280.96
2100,12214,11,B-015444,Non-Functional,7359.09
2101,7172,17,B-009059,Non-Functional,6799.35
2102,14129,23,B-017869,Non-Functional,
2103,4130,14,B-005260,Functional,16913.47
2104,12825,15,B-016227,Pending Construction,13602.26
2105,9781,12,B-012384,Pending Construction,20781.31
2106,3112,16,B-003968,Pending Construction,19493.85
2107,15543,31,B-019620,Functional,
2108,1819,15,B-002343,Pending Construction,8427.77
2109,7669,16,B-009684,Non-Functional,7375.48
2110,14089,28,B-017819,Pending Construction,
2111,3375,20,B-004316,Pending Construction,
2112,124,27,B-000163,Functional,9001.85
2113,3790,25,B-004830,Pending Construction,10127.66
2114,4661,24,B-005950,Pending Construction,20724.19
2115,8847,6,B-011179,Non-Functional,10126.07
2116,83,3,B-000114,Non-Functional,6036.09
2117,11454,4,B-014485,Non-Functional,22414.18
2118,13672,14,B-017309,Non-Functional,24665.89
2119,8528,30,B-010773,Functional,14336.4
2120,10545,7,B-013354,Non-Functional,6405.07
2121,9251,33,B-011696,Non-Functional,19899.03
2122,2703,7,B-003420,Pending Construction,21676.31
2123,15416,23,B-019469,Pending Construction,15685.68
2124,15657,1,B-019764,Non-Functional,20414.14
2125,1977,19,B-002534,Pending Construction,16460.77
2126,10763,3,B-013643,Pending Construction,6328.65
2127,9812,30,B-012422,Pending Construction,16908.65
2128,5033,19,B-006408,Pending Construction,10529.8
2129,6547,14,B-008275,Functional,21229.85
2130,3949,18,B-005034,Pending Construction,10852.88
2131,15559,23,B-019642,Pending Construction,15256.33
2132,8484,35,B-010725,Non-Functional,13476.45
2133,6706,29,B-008483,Non-Functional,23609.02
2134,5027,18,B-006399,Pending Construction,10345.4
2135,7341,4,B-009270,Functional,17811.06
2136,1831,22,B-002357,Non-Functional,11583.55
2137,12636,6,B-015995,Non-Functional,16202.59
2138,172,5,B-000222,Non-Functional,21424.02
2139,14712,21,B-018592,Functional,8253.87
2140,4635,34,B-005917,Functional,
2141,13682,32,B-017322,Functional,15157.15
2142,12821,18,B-016221,Functional,8651.16
2143,5371,27,B-006825,Non-Functional,23291.29
2144,436,35,B-000572,Non-Functional,23792.16
2145,2086,12,B-002663,Functional,16164.96
2146,14668,12,B-018537,Pending Construction,12025.57
2147,15051,15,B-019010,Pending Construction,10347.04
2148,4171,12,B-005318,Functional,10149.86
2149,1696,16,B-002194,Functional,17376.86
2150,3674,20,B-004686,Pending Construction,
2151,15516,11,B-019589,Functional,13770.59
2152,14797,13,B-018699,Functional,8836.74
2153,3840,24,B-004894,Pending Construction,15023.97
2154,461,17,B-000601,Non-Functional,9507.22
2155,6400,33,B-008086,Functional,11987.44
2156,1724,18,B-002224,Pending Construction,19761.24
2157,12085,35,B-015273,Pending Construction,14973.03
2158,5591,33,B-007098,Functional,20615.34
2159,13984,10,B-017689,Pending Construction,8272.7
2160,600,15,B-000783,Pending Construction,16033.49
2161,3463,18,B-004425,Pending Construction,8732.39
2162,3275,22,B-004186,Non-Functional,16112.74
2163,3658,29,B-004663,Pending Construction,23237.4
2164,12868,33,B-016285,Pending Construction,21556.42
2165,13186,4,B-016691,Functional,12699.83
2166,10329,22,B-013076,Functional,15219.79
2167,3203,20,B-004101,Functional,19944.45
2168,3824,2,B-004871,Pending Construction,12885.4
2169,14152,6,B-017898,Non-Functional,7441.59
2170,5867,30,B-007429,Pending Construction,
2171,929,2,B-001191,Pending Construction,13657.74
2172,1059,13,B-001354,Non-Functional,13382.08
2173,6452,17,B-008151,Functional,14796.23
2174,2465,19,B-003121,Non-Functional,23939.36
2175,2090,21,B-002670,Pending Construction,14783.89
2176,196,19,B-000259,Non-Functional,
2177,4044,4,B-005154,Non-Functional,19993.18
2178,10996,5,B-013937,Pending Construction,19754.34
2179,9448,19,B-011951,Non-Functional,16523.24
2180,7383,22,B-009325,Functional,12138.51
2181,3202,22,B-004100,Pending Construction,16863.54
2182,1665,15,B-002149,Pending Construction,9688.04
2183,7891,13,B-009968,Pending Construction,10345.55
2184,9864,1,B-012485,Functional,8265.08
2185,12838,24,B-016242,Functional,12566.49
2186,11077,6,B-014039,Functional,21639.39
2187,2680,35,B-003394,Non-Functional,16581.02
2188,9912,23,B-012546,Pending Construction,
2189,6662,31,B-008429,Functional,14631.02
2190,12428,23,B-015723,Pending Construction,18994.54
2191,3811,25,B-004855,Pending Construction,8156.06
2192,8806,10,B-011131,Functional,11452.1
2193,6417,3,B-008108,Functional,19079.84
2194,6110,15,B-007739,Non-Functional,
2195,6630,24,B-008385,Non-Functional,13707.53
2196,4453,32,B-005680,Pending Construction,
2197,9727,4,B-012310,Non-Functional,22539.36
2198,7404,16,B-009354,Pending Construction,
2199,14270,5,B-018049,Non-Functional,13010.64
2200,979,17,B-001260,Non-Functional,11147.14
2201,13021,33,B-016485,Pending Construction,19601.96
2202,13498,31,B-017083,Functional,24384.8
2203,12441,19,B-015743,Pending Construction,11364.71
2204,2094,8,B-002676,Non-Functional,10470.71
2205,14345,25,B-018138,Pending Construction,21588.4
2206,7800,18,B-009846,Non-Functional,
2207,4764,13,B-006077,Pending Construction,14997.22
2208,15344,33,B-019376,Pending Construction,9461.01
2209,12160,12,B-015375,Pending Construction,19795.63
2210,9462,13,B-011969,Functional,6178.21
2211,4602,30,B-005878,Functional,22265.44
2212,8465,12,B-010699,Functional,14827.11
2213,9709,11,B-012291,Pending Construction,11494.98
2214,6454,10,B-008154,Non-Functional,10054.77
2215,15431,11,B-019486,Pending Construction,21507.82
2216,5120,8,B-006519,Functional,9660.38
2217,13717,4,B-017363,Pending Construction,5924.47
2218,271,33,B-000357,Functional,7193.67
2219,4969,5,B-006329,Functional,23512.59
2220,1733,29,B-002237,Non-Functional,5462.18
2221,477,16,B-000620,Non-Functional,11529.52
2222,10901,30,B-013813,Pending Construction,16993.52
2223,4815,17,B-006141,Non-Functional,14339.12
2224,2353,11,B-002987,Pending Construction,16851.49
2225,5655,4,B-007179,Functional,6785.74
2226,1400,13,B-001809,Functional,
2227,10718,17,B-013590,Functional,11482.99
2228,10125,20,B-012817,Non-Functional,11931.06
2229,4206,23,B-005369,Non-Functional,24998.0
2230,4216,12,B-005387,Non-Functional,
2231,114,27,B-000150,Pending Construction,17502.98
2232,10728,19,B-013602,Non-Functional,10348.86
2233,6004,2,B-007607,Pending Construction,13718.76
2234,7788,18,B-009832,Functional,6804.03
2235,14666,5,B-018535,Functional,9037.69
2236,146,3,B-000190,Non-Functional,10122.11
2237,3057,16,B-003886,Functional,14418.56
2238,6176,25,B-007817,Functional,18699.04
2239,10388,24,B-013157,Functional,24423.47
2240,6052,17,B-007667,Pending Construction,24433.3
2241,9079,18,B-011475,Functional,11207.37
2242,4028,34,B-005133,Functional,10568.83
2243,12817,27,B-016217,Functional,19961.6
2244,12345,5,B-015611,Pending Construction,8129.11
2245,10660,11,B-013505,Functional,8491.82
2246,7171,30,B-009058,Non-Functional,5560.75
2247,4722,6,B-006024,Non-Functional,11845.65
2248,11266,16,B-014264,Non-Functional,24506.58
2249,7112,19,B-008986,Functional,22462.97
2250,5106,16,B-006502,Pending Construction,21577.4
2251,1476,15,B-001912,Non-Functional,6259.94
2252,11422,24,B-014448,Pending Construction,7799.03
2253,1675,21,B-002163,Functional,12349.46
2254,14975,20,B-018922,Pending Construction,18657.98
2255,3319,17,B-004244,Pending Construction,
2256,12477,3,B-015788,Non-Functional,17133.5
2257,8761,5,B-011074,Functional,22529.13
2258,6212,16,B-007859,Non-Functional,13207.13
2259,5948,2,B-007529,Functional,11982.97
2260,8801,22,B-011126,Non-Functional,14389.66
2261,12547,25,B-015879,Functional,
2262,5421,2,B-006887,Non-Functional,9208.77
2263,9846,35,B-012462,Pending Construction,
2264,3076,23,B-003915,Pending Construction,
2265,1208,2,B-001551,Non-Functional,24267.97
2266,9684,10,B-012258,Functional,6985.12
2267,67,18,B-000094,Pending Construction,6515.6
2268,13864,3,B-017541,Functional,12862.23
2269,7768,29,B-009807,Non-Functional,18535.04
2270,14736,24,B-018625,Functional,14414.59
2271,1200,9,B-001540,Functional,18822.61
2272,14526,25,B-018368,Non-Functional,21931.98
2273,13469,18,B-017049,Functional,7491.14
2274,7980,29,B-010081,Pending Construction,10493.23
2275,7913,27,B-009999,Non-Functional,14107.55
2276,5343,12,B-006792,Functional,15272.19
2277,9088,9,B-011485,Functional,17625.09
2278,2275,35,B-002889,Non-Functional,23849.58
2279,971,16,B-001248,Functional,24982.36
2280,10765,25,B-013645,Pending Construction,
2281,6321,29,B-007993,Pending Construction,12671.05
2282,13955,6,B-017653,Functional,21377.99
2283,14041,13,B-017760,Pending Construction,
2284,9512,14,B-012037,Non-Functional,8860.26
2285,2585,4,B-003282,Functional,
2286,4056,29,B-005167,Functional,7978.95
2287,561,32,B-000728,Functional,
2288,10714,3,B-013585,Functional,17373.21
2289,9148,32,B-011555,Non-Functional,12530.74
2290,1187,2,B-001522,Functional,14855.81
2291,15301,12,B-019324,Pending Construction,20012.29
2292,14571,23,B-018419,Non-Functional,14649.05
2293,8676,13,B-010961,Functional,21012.31
2294,8652,7,B-010927,Pending Construction,10565.82
2295,4251,10,B-005428,Functional,10658.17
2296,15468,24,B-019530,Non-Functional,5563.52
2297,11244,17,B-014236,Functional,16753.1
2298,14998,24,B-018950,Non-Functional,21478.98
2299,1482,21,B-001921,Functional,18393.83
2300,8914,18,B-011261,Pending Construction,16067.84
2301,15824,21,B-019975,Pending Construction,18810.8
2302,4428,26,B-005650,Functional,15212.86
2303,9122,18,B-011527,Non-Functional,23380.82
2304,13365,3,B-016913,Non-Functional,22793.26
2305,5505,8,B-006987,Non-Functional,
2306,7497,28,B-009462,Non-Functional,21323.06
2307,9450,9,B-011953,Pending Construction,11697.73
2308,10328,19,B-013075,Functional,18670.78
2309,14636,1,B-018497,Non-Functional,7534.6
2310,10693,28,B-013555,Pending Construction,18761.62
2311,5562,4,B-007062,Non-Functional,21450.72
2312,12453,17,B-015755,Functional,6424.22
2313,4451,10,B-005677,Functional,12152.34
2314,7306,32,B-009226,Non-Functional,12961.56
2315,5988,3,B-007589,Pending Construction,15749.27
2316,1220,4,B-001567,Non-Functional,14274.42
2317,14556,9,B-018403,Pending Construction,12141.16
2318,12951,24,B-016387,Non-Functional,18342.97
2319,887,26,B-001134,Pending Construction,15291.71
2320,4932,33,B-006283,Pending Construction,11062.53
2321,11580,24,B-014644,Non-Functional,11390.93
2322,10692,26,B-013554,Functional,15771.16
2323,15132,10,B-019104,Non-Functional,
2324,15805,6,B-019950,Functional,21144.41
2325,689,8,B-000888,Non-Functional,11999.16
2326,12510,35,B-015831,Pending Construction,5349.77
2327,13248,29,B-016761,Pending Construction,21515.41
2328,6049,27,B-007660,Non-Functional,8455.98
2329,7903,17,B-009986,Functional,5947.76
2330,6325,3,B-007997,Non-Functional,9924.01
2331,6583,7,B-008323,Pending Construction,21674.47
2332,14515,19,B-018351,Functional,20393.09
2333,13507,3,B-017095,Functional,11813.62
2334,5414,15,B-006878,Functional,18109.46
2335,7278,26,B-009190,Non-Functional,22446.33
2336,13605,23,B-017221,Functional,8835.1
2337,5590,10,B-007097,Functional,10531.19
2338,15482,35,B-019548,Functional,15992.2
2339,5776,14,B-007319,Functional,5177.71
2340,11466,9,B-014498,Pending Construction,15345.85
2341,2740,22,B-003469,Functional,23706.65
2342,4365,16,B-005565,Non-Functional,18453.19
2343,15776,3,B-019916,Non-Functional,
2344,7428,19,B-009382,Functional,
2345,9220,10,B-011652,Non-Functional,13106.57
2346,7631,24,B-009634,Pending Construction,11418.8
2347,6211,24,B-007858,Functional,14702.76
2348,1863,13,B-002395,Functional,20302.49
2349,5612,14,B-007124,Non-Functional,13388.06
2350,15598,13,B-019690,Pending Construction,15743.93
2351,7227,20,B-009128,Pending Construction,20881.46
2352,4772,23,B-006088,Non-Functional,21798.38
2353,1520,19,B-001971,Functional,13861.84
2354,3246,23,B-004151,Pending Construction,21658.97
2355,14741,2,B-018631,Pending Construction,
2356,13265,13,B-016782,Non-Functional,22665.91
2357,2055,20,B-002627,Non-Functional,10209.54
2358,982,7,B-001263,Non-Functional,12654.13
2359,14896,31,B-018828,Non-Functional,14803.51
2360,7909,12,B-009995,Functional,18436.91
2361,6144,33,B-007776,Pending Construction,11106.67
2362,14616,33,B-018472,Functional,
2363,4507,31,B-005749,Functional,21964.78
2364,2366,21,B-003000,Non-Functional,14184.87
2365,14421,31,B-018241,Functional,5255.92
2366,3619,13,B-004618,Non-Functional,10620.87
2367,2050,22,B-002621,Functional,9549.42
2368,6342,33,B-008018,Pending Construction,6633.9
2369,2399,26,B-003043,Pending Construction,5071.49
2370,1745,27,B-002249,Non-Functional,6664.62
2371,575,26,B-000750,Non-Functional,6963.51
2372,12113,12,B-015314,Pending Construction,6894.47
2373,9397,9,B-011888,Pending Construction,13658.41
2374,4796,6,B-006116,Non-Functional,5924.13
2375,12476,12,B-015787,Functional,7532.67
2376,10271,23,B-013005,Functional,
2377,3799,4,B-004841,Pending Construction,11059.88
2378,13695,24,B-017335,Functional,7639.2
2379,7327,24,B-009253,Functional,10278.54
2380,12415,2,B-015708,Non-Functional,16336.83
2381,13082,35,B-016565,Functional,20605.87
2382,3135,22,B-004005,Functional,11175.8
2383,8772,9,B-011091,Pending Construction,6490.76
2384,13620,27,B-017237,Pending Construction,21079.96
2385,10327,8,B-013074,Functional,7317.93
2386,9097,17,B-011496,Pending Construction,21349.82
2387,6511,20,B-008231,Functional,17077.07
2388,4010,30,B-005107,Pending Construction,15266.35
2389,14958,9,B-018902,Pending Construction,7155.95
2390,12548,29,B-015880,Functional,8999.67
2391,14881,6,B-018810,Pending Construction,14597.69
2392,10879,21,B-013788,Functional,11853.46
2393,922,12,B-001181,Pending Construction,18168.85
2394,13258,4,B-016772,Pending Construction,18924.75
2395,4037,17,B-005146,Pending Construction,
2396,2550,18,B-003233,Functional,14698.9
2397,5439,11,B-006910,Pending Construction,13744.35
2398,8303,21,B-010483,Pending Construction,19282.35
2399,2127,22,B-002716,Non-Functional,18832.71
2400,4402,19,B-005616,Pending Construction,15385.69
2401,14117,28,B-017853,Pending Construction,23522.09
2402,5930,32,B-007507,Functional,
2403,3117,18,B-003974,Non-Functional,12581.13
2404,210,28,B-000279,Pending Construction,11651.25
2405,15474,1,B-019538,Non-Functional,5585.81
2406,13062,33,B-016536,Functional,21043.5
2407,7471,3,B-009435,Functional,11072.34
2408,10565,20,B-013375,Non-Functional,10906.7
2409,11311,17,B-014320,Pending Construction,19898.58
2410,8848,5,B-011182,Non-Functional,9546.15
2411,9837,33,B-012452,Pending Construction,16487.11
2412,2626,22,B-003330,Pending Construction,13872.12
2413,11458,1,B-014490,Non-Functional,7872.47
2414,2284,33,B-002900,Pending Construction,14331.58
2415,4185,23,B-005338,Functional,11548.48
2416,5581,27,B-007086,Pending Construction,14321.37
2417,4328,25,B-005520,Functional,24585.85
2418,12834,35,B-016237,Pending Construction,16331.36
2419,5395,35,B-006856,Pending Construction,20299.21
2420,3334,6,B-004263,Functional,21779.6
2421,12216,13,B-015446,Pending Construction,11660.11
2422,14153,23,B-017901,Non-Functional,9141.48
2423,7100,18,B-008972,Pending Construction,16715.91
2424,2150,7,B-002744,Non-Functional,10035.17
2425,6370,30,B-008050,Pending Construction,13394.1
2426,15110,7,B-019078,Functional,21522.02
2427,5944,21,B-007525,Functional,15084.08
2428,1958,7,B-002512,Functional,11114.93
2429,12921,27,B-016352,Functional,7550.71
2430,15079,31,B-019046,Non-Functional,19071.72
2431,186,16,B-000244,Non-Functional,22335.41
2432,9735,29,B-012321,Functional,22777.27
2433,11533,13,B-014584,Functional,22319.09
2434,8452,22,B-010684,Pending Construction,16506.92
2435,11103,27,B-014068,Non-Functional,16884.7
2436,2788,16,B-003532,Pending Construction,12356.11
2437,7907,35,B-009992,Pending Construction,14516.59
2438,931,12,B-001194,Functional,12730.9
2439,7370,30,B-009305,Pending Construction,24166.92
2440,13203,35,B-016710,Pending Construction,8473.34
2441,8154,2,B-010300,Non-Functional,16962.95
2442,7572,23,B-009554,Functional,
2443,9505,34,B-012025,Functional,16518.5
2444,3427,16,B-004378,Pending Construction,24257.09
2445,14498,6,B-018332,Non-Functional,24981.03
2446,1776,18,B-002291,Non-Functional,22502.09
2447,14006,23,B-017715,Pending Construction,24849.11
2448,8096,11,B-010225,Non-Functional,18786.68
2449,7175,5,B-009063,Functional,
2450,5284,9,B-006726,Non-Functional,6951.45
2451,15267,32,B-019283,Non-Functional,5266.1
2452,15131,35,B-019103,Functional,19349.79
2453,654,9,B-000846,Pending Construction,18589.38
2454,1501,25,B-001944,Pending Construction,12127.09
2455,11300,6,B-014307,Functional,14520.92
2456,4116,13,B-005244,Non-Functional,17230.35
2457,2262,33,B-002874,Pending Construction,9071.76
2458,12890,29,B-016314,Pending Construction,10344.71
2459,15202,21,B-019194,Functional,14290.35
2460,13826,24,B-017494,Non-Functional,8306.83
2461,13582,6,B-017193,Non-Functional,23584.29
2462,2345,35,B-002974,Pending Construction,11004.33
2463,533,29,B-000695,Pending Construction,13780.27
2464,10003,11,B-012666,Functional,17212.36
2465,698,10,B-000897,Pending Construction,22553.94
2466,12701,28,B-016071,Functional,15936.5
2467,15361,27,B-019401,Non-Functional,10171.34
2468,1437,17,B-001858,Non-Functional,13643.39
2469,7525,34,B-009495,Pending Construction,7999.1
2470,9203,10,B-011632,Functional,9083.87
2471,10812,28,B-013700,Non-Functional,12704.41
2472,9238,19,B-011675,Pending Construction,10245.71
2473,1583,7,B-002045,Functional,24657.46
2474,14711,33,B-018590,Functional,10214.15
2475,10017,6,B-012681,Non-Functional,21115.48
2476,6362,20,B-008041,Pending Construction,8355.56
2477,8996,22,B-011365,Non-Functional,
2478,12229,9,B-015462,Non-Functional,5535.12
2479,6460,5,B-008164,Functional,11872.62
2480,1746,16,B-002250,Non-Functional,24098.5
2481,15156,35,B-019135,Functional,8980.5
2482,13833,20,B-017501,Functional,24208.76
2483,7700,22,B-009725,Pending Construction,24012.93
2484,14875,34,B-018803,Functional,24855.02
2485,403,24,B-000531,Functional,18373.66
2486,2664,16,B-003376,Pending Construction,
2487,7041,31,B-008895,Functional,13592.37
2488,9275,15,B-011727,Functional,14024.32
2489,958,11,B-001230,Non-Functional,5848.8
2490,13099,25,B-016583,Functional,21879.35
2491,3477,29,B-004445,Functional,20050.96
2492,5625,2,B-007141,Non-Functional,23984.4
2493,11567,29,B-014629,Non-Functional,13287.15
2494,6197,32,B-007843,Pending Construction,12629.0
2495,13034,25,B-016503,Pending Construction,11114.34
2496,9398,4,B-011889,Non-Functional,7605.44
2497,4310,26,B-005499,Functional,5431.45
2498,9772,6,B-012372,Pending Construction,
2499,5244,17,B-006679,Pending Construction,10548.8
2500,9401,18,B-011894,Functional,21610.33
2501,5086,15,B-006477,Non-Functional,5956.26
2502,15651,16,B-019756,Functional,15774.28
2503,8942,3,B-011293,Pending Construction,17880.47
2504,11242,31,B-014233,Functional,19017.98
2505,8872,4,B-011208,Non-Functional,24559.83
2506,5508,22,B-006990,Functional,20427.22
2507,3039,24,B-003862,Pending Construction,
2508,11380,26,B-014399,Non-Functional,11278.25
2509,5434,4,B-006905,Functional,
2510,825,11,B-001059,Non-Functional,13593.9
2511,96,27,B-000131,Non-Functional,23715.87
2512,1916,24,B-002455,Pending Construction,14956.49
2513,1883,29,B-002418,Functional,20003.0
2514,5801,3,B-007355,Non-Functional,5446.94
2515,7839,12,B-009896,Pending Construction,23484.64
2516,15122,3,B-019094,Non-Functional,6172.35
2517,276,28,B-000363,Functional,7982.75
2518,1305,29,B-001683,Non-Functional,19027.82
2519,5926,4,B-007502,Non-Functional,5439.61
2520,10699,33,B-013561,Functional,8722.11
2521,2367,20,B-003001,Non-Functional,8670.97
2522,14157,14,B-017906,Non-Functional,11562.35
2523,8826,7,B-011153,Non-Functional,9112.72
2524,7115,31,B-008989,Pending Construction,17331.67
2525,3791,15,B-004832,Non-Functional,
2526,11086,34,B-014048,Non-Functional,8317.3
2527,1432,8,B-001851,Functional,
2528,4053,18,B-005164,Pending Construction,20723.22
2529,11271,8,B-014270,Functional,13824.63
2530,12721,10,B-016095,Pending Construction,23864.54
2531,10240,26,B-012965,Pending Construction,22279.68
2532,1717,34,B-002217,Non-Functional,11787.6
2533,14841,27,B-018757,Non-Functional,19788.29
2534,2228,14,B-002836,Functional,23062.42
2535,1634,18,B-002110,Non-Functional,7588.03
2536,6298,31,B-007967,Functional,21126.16
2537,6387,15,B-008070,Functional,5842.7
2538,2304,28,B-002923,Pending Construction,10317.24
2539,1205,11,B-001546,Functional,
2540,7073,30,B-008938,Functional,15407.4
2541,5982,23,B-007580,Non-Functional,20404.96
2542,15148,26,B-019124,Functional,9140.13
2543,11884,24,B-015030,Functional,19869.66
2544,7150,24,B-009034,Non-Functional,
2545,10089,26,B-012772,Pending Construction,10058.02
2546,8496,16,B-010739,Functional,20658.6
2547,2270,19,B-002883,Pending Construction,23591.55
2548,5545,12,B-007037,Pending Construction,10020.56
2549,2404,28,B-003048,Functional,12145.18
2550,10810,4,B-013697,Pending Construction,5525.95
2551,4979,7,B-006342,Pending Construction,7734.96
2552,13159,11,B-016657,Non-Functional,16108.17
2553,2386,25,B-003025,Pending Construction,5224.71
2554,4571,15,B-005837,Non-Functional,10307.52
2555,10534,1,B-013340,Non-Functional,5522.65
2556,1879,23,B-002412,Non-Functional,14353.59
2557,7289,11,B-009203,Pending Construction,24541.4
2558,3,29,B-000004,Functional,10556.18
2559,15072,20,B-019037,Functional,12217.81
2560,15035,6,B-018992,Pending Construction,24804.65
2561,13372,18,B-016921,Non-Functional,11041.04
2562,8721,22,B-011019,Pending Construction,14334.38
2563,14418,3,B-018237,Functional,
2564,9181,23,B-011602,Non-Functional,7707.19
2565,12767,21,B-016153,Functional,15831.3
2566,7974,30,B-010075,Pending Construction,17594.95
2567,6923,33,B-008759,Functional,15957.2
2568,11930,18,B-015086,Functional,12546.16
2569,6233,28,B-007887,Non-Functional,23008.74
2570,14754,23,B-018645,Functional,7383.29
2571,13950,32,B-017648,Non-Functional,13913.28
2572,4700,35,B-005999,Non-Functional,16152.69
2573,9247,2,B-011690,Pending Construction,7475.62
2574,7897,11,B-009978,Non-Functional,13153.57
2575,6759,26,B-008554,Pending Construction,22602.63
2576,7030,14,B-008883,Functional,12721.31
2577,471,4,B-000613,Pending Construction,18057.89
2578,10790,23,B-013674,Functional,11296.62
2579,2337,5,B-002962,Non-Functional,23582.85
2580,12521,4,B-015843,Non-Functional,14612.05
2581,14805,3,B-018712,Functional,12567.78
2582,9060,34,B-011448,Non-Functional,17335.8
2583,9509,12,B-012032,Functional,12793.57
2584,8227,10,B-010388,Pending Construction,12523.5
2585,9798,18,B-012404,Pending Construction,5486.45
2586,12464,18,B-015772,Non-Functional,
2587,12299,3,B-015555,Functional,19219.77
2588,6558,27,B-008292,Non-Functional,20945.81
2589,3557,3,B-004534,Pending Construction,12029.82
2590,788,35,B-001016,Pending Construction,18646.4
2591,6932,29,B-008771,Non-Functional,8885.36
2592,595,6,B-000775,Non-Functional,6575.84
2593,246,2,B-000325,Functional,10387.52
2594,9592,3,B-012138,Non-Functional,7093.14
2595,7545,28,B-009522,Pending Construction,11094.73
2596,15567,4,B-019650,Pending Construction,
2597,6518,33,B-008241,Pending Construction,21649.36
2598,7925,19,B-010013,Pending Construction,14828.81
2599,1579,30,B-002040,Functional,
2600,9318,9,B-011786,Pending Construction,17734.56
2601,11176,27,B-014156,Pending Construction,5239.97
2602,9646,7,B-012210,Functional,
2603,9452,26,B-011956,Functional,18907.85
2604,9018,33,B-011395,Functional,8791.2
2605,1774,22,B-002286,Non-Functional,14065.29
2606,15457,4,B-019518,Non-Functional,22871.74
2607,2890,35,B-003666,Pending Construction,
2608,12734,31,B-016109,Pending Construction,11823.13
2609,15501,13,B-019571,Pending Construction,23079.88
2610,3527,7,B-004501,Non-Functional,15338.44
2611,5915,21,B-007488,Pending Construction,9558.3
2612,3165,24,B-004049,Functional,22808.24
2613,4978,22,B-006339,Non-Functional,
2614,506,16,B-000661,Non-Functional,12982.67
2615,14480,21,B-018308,Pending Construction,13133.75
2616,12741,32,B-016120,Pending Construction,23054.87
2617,3191,20,B-004084,Non-Functional,9434.66
2618,15086,12,B-019053,Functional,20968.89
2619,3584,21,B-004573,Pending Construction,12759.24
2620,12616,31,B-015971,Pending Construction,23320.78
2621,11521,21,B-014568,Non-Functional,24389.63
2622,12565,3,B-015900,Pending Construction,14171.29
2623,1199,29,B-001538,Functional,22706.49
2624,4341,34,B-005536,Pending Construction,20322.9
2625,14101,27,B-017834,Pending Construction,22136.98
2626,14134,30,B-017874,Functional,24287.77
2627,15306,8,B-019329,Non-Functional,16300.84
2628,7213,31,B-009110,Pending Construction,17195.69
2629,14148,26,B-017894,Functional,16711.64
2630,3306,31,B-004225,Non-Functional,
2631,12556,24,B-015889,Functional,12545.97
2632,12218,8,B-015448,Pending Construction,24092.27
2633,3346,7,B-004280,Non-Functional,18717.55
2634,5868,33,B-007430,Pending Construction,21852.02
2635,6938,22,B-008778,Non-Functional,18315.38
2636,14995,33,B-018947,Functional,17897.28
2637,1585,6,B-002048,Pending Construction,10301.49
2638,3647,11,B-004650,Functional,7927.42
2639,9897,12,B-012527,Non-Functional,22895.15
2640,3997,15,B-005093,Functional,
2641,2738,32,B-003466,Non-Functional,18043.99
2642,1869,10,B-002401,Functional,9947.01
2643,14885,17,B-018814,Pending Construction,17025.69
2644,7779,5,B-009823,Functional,21449.23
2645,701,14,B-000900,Functional,17403.77
2646,12333,5,B-015598,Pending Construction,10993.26
2647,12754,26,B-016139,Pending Construction,18013.15
2648,10947,4,B-013873,Functional,11815.43
2649,8472,29,B-010709,Non-Functional,23667.53
2650,5467,4,B-006944,Pending Construction,24133.92
2651,10103,8,B-012791,Functional,22011.49
2652,6092,22,B-007714,Non-Functional,10685.51
2653,10853,21,B-013752,Non-Functional,19163.57
2654,8009,1,B-010121,Non-Functional,17698.6
2655,8125,34,B-010260,Functional,15627.93
2656,8151,5,B-010291,Non-Functional,24011.42
2657,7006,14,B-008857,Non-Functional,14813.06
2658,15126,17,B-019098,Non-Functional,10872.3
2659,12294,30,B-015544,Functional,15081.02
2660,2887,26,B-003659,Non-Functional,22335.74
2661,10410,6,B-013186,Pending Construction,
2662,13766,14,B-017424,Functional,7426.15
2663,515,14,B-000673,Non-Functional,12690.16
2664,10488,21,B-013284,Pending Construction,10170.95
2665,7154,20,B-009038,Pending Construction,10457.36
2666,12268,10,B-015511,Functional,19559.83
2667,3825,11,B-004872,Pending Construction,20400.46
2668,7826,16,B-009879,Non-Functional,6771.97
2669,15837,23,B-019990,Functional,6017.99
2670,3256,1,B-004167,Pending Construction,13098.41
2671,2075,8,B-002650,Non-Functional,16379.26
2672,5656,20,B-007180,Non-Functional,22511.79
2673,3199,7,B-004095,Non-Functional,9128.94
2674,8251,27,B-010423,Pending Construction,22165.77
2675,8622,29,B-010882,Non-Functional,14898.11
2676,720,35,B-000927,Pending Construction,6252.26
2677,1210,4,B-001554,Non-Functional,15754.02
2678,4201,11,B-005363,Non-Functional,17144.34
2679,4856,8,B-006196,Non-Functional,24040.9
2680,11,11,B-000016,Non-Functional,7091.32
2681,11697,31,B-014795,Pending Construction,23988.78
2682,9179,8,B-011600,Functional,9906.86
2683,15410,21,B-019459,Functional,6543.29
2684,6686,12,B-008461,Pending Construction,17140.6
2685,2901,35,B-003686,Pending Construction,15919.61
2686,10672,4,B-013523,Non-Functional,18977.33
2687,7529,17,B-009501,Functional,10947.08
2688,14082,27,B-017810,Functional,21590.53
2689,11101,31,B-014066,Functional,18246.65
2690,13816,12,B-017483,Non-Functional,15689.74
2691,6528,1,B-008253,Pending Construction,10127.69
2692,17,10,B-000023,Pending Construction,24765.05
2693,12012,14,B-015183,Non-Functional,11570.29
2694,9272,35,B-011722,Functional,16400.79
2695,15283,3,B-019302,Functional,20249.46
2696,6157,1,B-007795,Pending Construction,
2697,10619,19,B-013450,Functional,
2698,15083,24,B-019050,Non-Functional,5955.16
2699,10430,28,B-013210,Pending Construction,6902.44
2700,7884,16,B-009960,Functional,
2701,6289,32,B-007957,Non-Functional,13104.07
2702,4181,10,B-005332,Functional,
2703,4217,19,B-005388,Functional,21317.81
2704,15192,5,B-019181,Functional,18600.91
2705,15635,27,B-019737,Non-Functional,17297.88
2706,1740,4,B-002244,Pending Construction,9126.02
2707,11785,11,B-014900,Non-Functional,5095.91
2708,5405,9,B-006868,Pending Construction,20469.57
2709,9756,18,B-012349,Functional,14165.51
2710,5659,18,B-007183,Functional,9645.31
2711,8731,30,B-011033,Non-Functional,17582.48
2712,7773,35,B-009812,Pending Construction,
2713,12052,5,B-015235,Non-Functional,19399.04
2714,1097,23,B-001408,Pending Construction,8690.4
2715,7683,34,B-009705,Non-Functional,11998.38
2716,1513,1,B-001963,Non-Functional,12462.76
2717,13535,24,B-017133,Pending Construction,22108.58
2718,1372,9,B-001773,Non-Functional,9984.04
2719,10543,4,B-013352,Non-Functional,
2720,6150,30,B-007786,Pending Construction,20851.09
2721,3540,32,B-004516,Pending Construction,18762.02
2722,13151,29,B-016646,Functional,8901.77
2723,4291,33,B-005477,Pending Construction,18681.2
2724,15282,1,B-019301,Pending Construction,13431.67
2725,4779,28,B-006096,Pending Construction,22228.03
2726,13699,2,B-017340,Functional,20666.45
2727,11204,23,B-014191,Functional,24589.09
2728,7202,14,B-009094,Pending Construction,11018.19
2729,10433,11,B-013213,Functional,24342.98
2730,4045,17,B-005155,Non-Functional,24522.65
2731,15111,4,B-019080,Functional,5885.54
2732,4723,20,B-006025,Non-Functional,17240.7
2733,7975,13,B-010076,Non-Functional,18556.46
2734,6811,27,B-008614,Non-Functional,16784.29
2735,8441,10,B-010669,Pending Construction,24696.67
2736,1380,28,B-001784,Functional,
2737,12308,14,B-015568,Functional,5194.4
2738,6790,16,B-008588,Pending Construction,19804.48
2739,57,5,B-000082,Functional,21216.69
2740,3454,27,B-004414,Pending Construction,22485.82
2741,10482,23,B-013275,Pending Construction,22166.12
2742,13837,23,B-017505,Pending Construction,12801.83
2743,2095,17,B-002677,Non-Functional,11713.15
2744,12447,28,B-015749,Non-Functional,17858.27
2745,10867,3,B-013772,Pending Construction,
2746,2072,20,B-002646,Non-Functional,21862.64
2747,3267,18,B-004178,Non-Functional,18663.66
2748,2500,23,B-003170,Non-Functional,17218.92
2749,7764,26,B-009802,Functional,21549.1
2750,5471,7,B-006949,Functional,19614.11
2751,1545,9,B-001999,Functional,24447.89
2752,14856,11,B-018775,Non-Functional,24511.83
2753,4093,32,B-005216,Pending Construction,7807.96
2754,14947,20,B-018890,Non-Functional,21204.14
2755,5479,1,B-006959,Pending Construction,20289.62
2756,14358,27,B-018157,Functional,
2757,9944,17,B-012586,Functional,21665.8
2758,10008,35,B-012672,Pending Construction,17952.65
2759,13433,1,B-017004,Pending Construction,
2760,10665,3,B-013513,Pending Construction,13166.98
2761,15091,26,B-019058,Pending Construction,13750.4
2762,6066,9,B-007683,Functional,21130.13
2763,13138,1,B-016631,Pending Construction,5668.69
2764,2783,2,B-003525,Functional,
2765,15568,26,B-019652,Functional,5457.79
2766,15284,5,B-019303,Non-Functional,20517.27
2767,11975,26,B-015138,Pending Construction,18940.59
2768,8919,3,B-011266,Functional,8121.75
2769,14568,24,B-018416,Non-Functional,21527.63
2770,5576,31,B-007079,Functional,13054.99
2771,641,17,B-000833,Functional,17092.04
2772,15311,5,B-019335,Pending Construction,
2773,13519,30,B-017112,Pending Construction,10594.68
2774,4418,18,B-005637,Functional,20680.32
2775,7062,18,B-008923,Functional,19463.96
2776,14579,9,B-018427,Non-Functional,13783.88
2777,14530,34,B-018373,Non-Functional,18797.5
2778,15113,28,B-019084,Non-Functional,13607.09
2779,5935,22,B-007514,Pending Construction,13877.35
2780,11013,8,B-013958,Pending Construction,16963.61
2781,13113,24,B-016601,Functional,10128.72
2782,11680,5,B-014773,Pending Construction,21689.16
2783,729,2,B-000938,Non-Functional,16920.16
2784,6672,3,B-008442,Pending Construction,6408.1
2785,9382,35,B-011871,Pending Construction,20431.38
2786,7940,10,B-010030,Pending Construction,
2787,11020,18,B-013967,Functional,22405.88
2788,7567,31,B-009548,Non-Functional,6549.64
2789,4885,17,B-006231,Pending Construction,9209.03
2790,14040,24,B-017758,Functional,9747.26
2791,6360,14,B-008039,Pending Construction,16037.07
2792,14808,4,B-018717,Non-Functional,20981.55
2793,10478,14,B-013267,Pending Construction,11381.49
2794,12675,25,B-016041,Non-Functional,11641.28
2795,15215,2,B-019212,Non-Functional,15582.07
2796,12794,32,B-016186,Non-Functional,7018.22
2797,7946,1,B-010038,Non-Functional,13215.56
2798,4183,31,B-005336,Functional,14229.18
2799,12857,30,B-016273,Pending Construction,18801.01
2800,9890,29,B-012519,Pending Construction,
2801,9571,23,B-012107,Functional,14942.98
2802,8535,1,B-010781,Non-Functional,24707.34
2803,2137,35,B-002727,Functional,6595.4
2804,7705,21,B-009730,Non-Functional,14555.23
2805,9852,25,B-012470,Functional,12585.89
2806,2505,3,B-003175,Functional,
2807,3958,31,B-005045,Functional,20198.4
2808,7560,12,B-009540,Non-Functional,13874.43
2809,7637,3,B-009648,Functional,5175.16
2810,14241,2,B-018015,Pending Construction,24499.97
2811,9207,29,B-011636,Non-Functional,
2812,13038,31,B-016507,Pending Construction,13797.69
2813,182,1,B-000237,Non-Functional,7866.97
2814,13110,12,B-016598,Functional,15357.11
2815,15846,23,B-020000,Functional,10713.38
2816,3982,17,B-005072,Non-Functional,17176.76
2817,2842,29,B-003602,Functional,24871.88
2818,10131,12,B-012824,Pending Construction,14655.05
2819,2847,19,B-003607,Non-Functional,13393.92
2820,15701,16,B-019817,Non-Functional,13682.72
2821,8656,12,B-010932,Pending Construction,5517.2
2822,4091,10,B-005213,Pending Construction,6694.73
2823,9972,29,B-012623,Pending Construction,15479.08
2824,7989,8,B-010096,Pending Construction,13294.44
2825,14100,19,B-017833,Pending Construction,18766.12
2826,13991,19,B-017698,Functional,8810.98
2827,2665,30,B-003378,Non-Functional,14439.41
2828,8644,34,B-010915,Pending Construction,23674.28
2829,7521,23,B-009491,Functional,6221.27
2830,5156,23,B-006570,Pending Construction,20364.41
2831,5037,22,B-006414,Pending Construction,7085.18
2832,12309,22,B-015569,Functional,18995.82
2833,6734,29,B-008524,Non-Functional,19046.55
2834,741,35,B-000954,Pending Construction,7440.49
2835,12944,17,B-016379,Functional,16251.93
2836,11411,21,B-014435,Non-Functional,14122.2
2837,153,17,B-000201,Non-Functional,9412.84
2838,916,2,B-001170,Functional,6217.08
2839,10458,25,B-013243,Non-Functional,13494.78
2840,14879,10,B-018808,Functional,15867.77
2841,12971,1,B-016413,Non-Functional,8574.44
2842,7079,5,B-008945,Non-Functional,15294.12
2843,5814,19,B-007371,Functional,20925.75
2844,7643,21,B-009657,Pending Construction,
2845,8788,2,B-011113,Pending Construction,8088.74
2846,14298,11,B-018083,Pending Construction,23839.04
2847,12732,12,B-016107,Functional,13036.45
2848,4550,27,B-005811,Functional,24500.39
2849,10629,33,B-013463,Pending Construction,6755.28
2850,15286,30,B-019305,Functional,14793.71
2851,11511,7,B-014554,Non-Functional,11135.73
2852,3411,24,B-004361,Pending Construction,11438.75
2853,1607,32,B-002078,Pending Construction,9211.96
2854,7648,6,B-009662,Non-Functional,22207.07
2855,6709,25,B-008486,Non-Functional,20906.08
2856,4981,22,B-006344,Pending Construction,8705.85
2857,11450,23,B-014481,Non-Functional,
2858,15705,19,B-019823,Functional,18518.4
2859,9819,6,B-012429,Pending Construction,16818.65
2860,3857,18,B-004918,Functional,10077.21
2861,11966,34,B-015128,Functional,21901.79
2862,15697,22,B-019813,Pending Construction,9605.85
2863,3728,32,B-004755,Pending Construction,12962.3
2864,13171,9,B-016673,Non-Functional,23128.67
2865,10111,32,B-012799,Non-Functional,16817.92
2866,7539,23,B-009515,Pending Construction,5047.03
2867,539,25,B-000704,Non-Functional,
2868,5486,4,B-006967,Pending Construction,16198.96
2869,3778,28,B-004816,Non-Functional,8639.95
2870,4162,10,B-005306,Non-Functional,22731.43
2871,6098,8,B-007722,Non-Functional,13076.02
2872,8000,27,B-010108,Non-Functional,16350.34
2873,3633,10,B-004634,Non-Functional,24303.49
2874,14181,24,B-017936,Functional,8312.02
2875,13088,16,B-016572,Pending Construction,15189.38
2876,2742,31,B-003471,Functional,10344.95
2877,5635,14,B-007152,Non-Functional,
2878,3706,10,B-004730,Pending Construction,18054.05
2879,4071,3,B-005184,Non-Functional,17294.33
2880,6634,16,B-008391,Non-Functional,6270.97
2881,2319,4,B-002942,Functional,6094.94
2882,2815,33,B-003567,Non-Functional,
2883,13181,34,B-016685,Pending Construction,10902.46
2884,5675,5,B-007199,Non-Functional,17324.15
2885,15026,22,B-018982,Pending Construction,
2886,13863,17,B-017540,Functional,12431.69
2887,8823,21,B-011150,Functional,14027.2
2888,3625,25,B-004625,Non-Functional,
2889,10065,2,B-012740,Pending Construction,24846.48
2890,8749,31,B-011054,Non-Functional,14398.34
2891,9905,18,B-012539,Pending Construction,12688.04
2892,4205,8,B-005368,Pending Construction,21927.66
2893,7948,6,B-010041,Non-Functional,20420.44
2894,802,27,B-001034,Functional,17311.46
2895,14494,28,B-018328,Non-Functional,8120.2
2896,11082,9,B-014044,Non-Functional,14893.12
2897,7350,14,B-009282,Non-Functional,10867.3
2898,12620,18,B-015977,Pending Construction,19103.08
2899,7744,23,B-009778,Functional,6698.02
2900,7656,14,B-009670,Functional,16426.27
2901,10940,8,B-013864,Pending Construction,8497.58
2902,8898,26,B-011238,Functional,
2903,9216,21,B-011646,Non-Functional,22622.56
2904,5417,13,B-006882,Pending Construction,23419.09
2905,1547,29,B-002001,Pending Construction,
2906,14887,7,B-018817,Functional,5306.18
2907,11277,17,B-014276,Pending Construction,9740.63
2908,8735,28,B-011037,Pending Construction,
2909,11336,14,B-014352,Functional,23301.58
2910,3091,29,B-003937,Pending Construction,7276.1
2911,5509,20,B-006991,Non-Functional,22041.82
2912,2969,18,B-003771,Non-Functional,5979.26
2913,2828,17,B-003584,Pending Construction,10250.26
2914,15534,17,B-019610,Pending Construction,17544.96
2915,7591,31,B-009577,Pending Construction,21176.91
2916,7230,33,B-009131,Non-Functional,19433.32
2917,4405,15,B-005621,Non-Functional,
2918,5075,24,B-006464,Pending Construction,
2919,5866,22,B-007428,Pending Construction,24787.05
2920,11084,28,B-014046,Non-Functional,
2921,8453,30,B-010685,Pending Construction,7795.05
2922,15678,21,B-019792,Non-Functional,7065.7
2923,902,25,B-001153,Non-Functional,9922.93
2924,13252,17,B-016765,Non-Functional,18252.4
2925,2850,22,B-003611,Functional,
2926,9590,2,B-012135,Functional,5791.07
2927,14747,15,B-018638,Pending Construction,23744.88
2928,6517,15,B-008239,Functional,10583.65
2929,3034,21,B-003856,Pending Construction,17132.07
2930,5400,11,B-006862,Pending Construction,12402.53
2931,796,15,B-001025,Non-Functional,11625.61
2932,2695,15,B-003411,Non-Functional,22174.41
2933,10198,11,B-012911,Non-Functional,18878.51
2934,11473,17,B-014507,Functional,22799.32
2935,15526,2,B-019601,Pending Construction,9541.67
2936,8583,14,B-010837,Pending Construction,24764.51
2937,1166,6,B-001495,Non-Functional,22527.72
2938,12108,4,B-015305,Functional,15955.95
2939,5826,34,B-007383,Pending Construction,24285.51
2940,5061,18,B-006445,Pending Construction,18002.47
2941,13556,11,B-017161,Non-Functional,11564.83
2942,4833,19,B-006164,Functional,14918.9
2943,14036,23,B-017753,Functional,11971.11
2944,8364,25,B-010569,Functional,9849.31
2945,15411,18,B-019463,Non-Functional,15773.18
2946,8926,35,B-011274,Pending Construction,9147.51
2947,10922,28,B-013844,Functional,23686.49
2948,3756,11,B-004789,Pending Construction,13257.8
2949,5355,26,B-006806,Non-Functional,6872.89
2950,12923,21,B-016354,Functional,12159.0
2951,1263,8,B-001632,Non-Functional,18734.85
2952,12458,18,B-015764,Non-Functional,21881.07
2953,14914,34,B-018848,Non-Functional,16498.2
2954,5532,22,B-007021,Non-Functional,11655.27
2955,5249,23,B-006685,Functional,18480.07
2956,11237,27,B-014228,Pending Construction,22825.6
2957,4034,34,B-005142,Functional,7655.27
2958,4180,26,B-005331,Non-Functional,14595.78
2959,14608,18,B-018460,Non-Functional,21003.05
2960,8058,34,B-010179,Non-Functional,
2961,14294,20,B-018078,Pending Construction,14355.2
2962,3879,10,B-004947,Non-Functional,
2963,9899,35,B-012530,Pending Construction,11228.61
2964,9470,2,B-011980,Pending Construction,12201.72
2965,64,1,B-000090,Non-Functional,23039.86
2966,2918,27,B-003705,Non-Functional,21645.85
2967,13405,6,B-016965,Non-Functional,21535.87
2968,8889,7,B-011226,Pending Construction,15086.78
2969,1091,4,B-001400,Non-Functional,
2970,9582,4,B-012120,Functional,18864.39
2971,6429,24,B-008122,Non-Functional,6920.65
2972,9600,34,B-012147,Functional,19165.31
2973,6969,31,B-008813,Non-Functional,18593.58
2974,9473,15,B-011985,Non-Functional,7815.84
2975,4376,23,B-005581,Non-Functional,12005.4
2976,9374,21,B-011862,Non-Functional,13448.51
2977,9429,8,B-011928,Pending Construction,
2978,5246,16,B-006681,Pending Construction,6093.26
2979,10405,17,B-013180,Pending Construction,14180.78
2980,4529,5,B-005777,Functional,8890.82
2981,4288,33,B-005473,Non-Functional,17367.36
2982,732,2,B-000941,Functional,19032.68
2983,13706,23,B-017351,Functional,19617.32
2984,11773,12,B-014884,Pending Construction,
2985,9454,34,B-011959,Pending Construction,12073.1
2986,2128,1,B-002717,Functional,21125.77
2987,6712,26,B-008491,Non-Functional,13220.04
2988,2499,11,B-003169,Functional,9700.89
2989,250,34,B-000330,Non-Functional,12198.25
2990,8239,3,B-010404,Functional,22391.43
2991,12719,20,B-016091,Functional,10523.45
2992,4176,17,B-005325,Pending Construction,6162.7
2993,14186,32,B-017943,Non-Functional,15882.5
2994,6924,24,B-008760,Pending Construction,15953.67
2995,15463,2,B-019524,Pending Construction,
2996,1072,21,B-001375,Functional,21543.43
2997,12102,19,B-015299,Non-Functional,
2998,6926,1,B-008762,Functional,22454.55
2999,6159,8,B-007797,Functional,9060.01
3000,5766,3,B-007306,Non-Functional,7997.89
3001,13386,3,B-016938,Non-Functional,18187.41
3002,3209,30,B-004108,Non-Functional,11556.79
3003,10188,28,B-012898,Non-Functional,21775.78
3004,8226,1,B-010387,Functional,
3005,9904,23,B-012537,Functional,14140.72
3006,4424,30,B-005644,Non-Functional,8510.15
3007,4977,21,B-006338,Non-Functional,13238.88
3008,3082,8,B-003923,Pending Construction,18700.7
3009,5179,30,B-006601,Pending Construction,10247.24
3010,3931,12,B-005012,Pending Construction,17654.12
3011,6,5,B-000011,Functional,19906.88
3012,1684,26,B-002178,Pending Construction,10039.38
3013,13481,6,B-017065,Non-Functional,23324.47
3014,1366,4,B-001760,Functional,
3015,14469,35,B-018295,Non-Functional,17635.02
3016,2110,12,B-002696,Non-Functional,19051.68
3017,3488,29,B-004457,Non-Functional,20056.08
3018,2351,17,B-002981,Functional,18598.43
3019,8799,24,B-011124,Non-Functional,11085.67
3020,563,22,B-000733,Non-Functional,
3021,15843,25,B-019997,Non-Functional,16372.37
3022,7365,12,B-009299,Non-Functional,
3023,4069,23,B-005182,Pending Construction,
3024,2577,8,B-003270,Non-Functional,23943.35
3025,8015,10,B-010127,Pending Construction,19419.95
3026,9644,15,B-012208,Pending Construction,19080.12
3027,3056,28,B-003885,Functional,15961.08
3028,4817,27,B-006144,Functional,22012.91
3029,6869,13,B-008689,Functional,13219.57
3030,13551,20,B-017153,Pending Construction,12071.11
3031,4015,35,B-005116,Non-Functional,24727.07
3032,10529,26,B-013334,Functional,6988.16
3033,10767,33,B-013647,Functional,19182.8
3034,2873,32,B-003641,Pending Construction,9805.77
3035,15164,14,B-019144,Non-Functional,8457.19
3036,10431,35,B-013211,Functional,13445.33
3037,4321,34,B-005511,Pending Construction,5664.15
3038,10698,9,B-013560,Non-Functional,7978.54
3039,6654,27,B-008420,Pending Construction,14949.16
3040,13753,6,B-017408,Non-Functional,5149.0
3041,15063,21,B-019025,Functional,12976.24
3042,3497,25,B-004469,Pending Construction,10498.4
3043,13316,22,B-016849,Pending Construction,17696.26
3044,4350,19,B-005546,Pending Construction,
3045,10599,32,B-013421,Functional,11696.09
3046,8564,28,B-010816,Non-Functional,18537.72
3047,8122,13,B-010257,Functional,18242.62
3048,14867,28,B-018793,Functional,22430.12
3049,6142,24,B-007774,Pending Construction,6546.38
3050,7190,5,B-009082,Functional,22844.8
3051,13429,34,B-017000,Functional,22182.71
3052,3711,9,B-004736,Functional,18332.78
3053,12403,22,B-015692,Pending Construction,5385.59
3054,2933,7,B-003725,Pending Construction,21500.77
3055,13114,13,B-016602,Non-Functional,15410.2
3056,8088,21,B-010216,Pending Construction,9154.68
3057,14872,3,B-018800,Functional,9938.85
3058,12811,7,B-016208,Pending Construction,23776.51
3059,1397,4,B-001805,Functional,20310.52
3060,12805,15,B-016201,Functional,16638.02
3061,3725,15,B-004752,Non-Functional,5798.5
3062,14070,9,B-017796,Functional,10405.44
3063,3887,11,B-004958,Non-Functional,12045.06
3064,12582,19,B-015921,Non-Functional,21517.65
3065,8021,23,B-010133,Non-Functional,19222.67
3066,7531,35,B-009505,Non-Functional,5328.66
3067,14076,12,B-017802,Non-Functional,22407.15
3068,1920,5,B-002459,Pending Construction,22648.39
3069,4512,3,B-005756,Functional,10343.16
3070,1737,15,B-002241,Pending Construction,23421.23
3071,11240,33,B-014231,Non-Functional,11125.36
3072,1598,34,B-002067,Pending Construction,19514.83
3073,242,15,B-000320,Functional,14063.55
3074,10289,23,B-013025,Non-Functional,24327.11
3075,448,28,B-000586,Non-Functional,17258.56
3076,11210,13,B-014197,Pending Construction,21414.0
3077,8882,28,B-011219,Functional,14572.07
3078,8908,33,B-011252,Pending Construction,19243.51
3079,13246,1,B-016759,Non-Functional,12152.9
3080,7236,33,B-009138,Functional,7159.6
3081,101,7,B-000136,Pending Construction,14763.13
3082,9930,14,B-012569,Pending Construction,10028.6
3083,7102,33,B-008974,Pending Construction,20165.45
3084,4005,5,B-005101,Pending Construction,7343.89
3085,4343,19,B-005538,Pending Construction,21004.24
3086,15647,25,B-019752,Functional,16981.59
3087,2002,3,B-002563,Non-Functional,10820.39
3088,5815,34,B-007372,Functional,17464.09
3089,6585,23,B-008327,Functional,11956.96
3090,1618,24,B-002092,Functional,17575.16
3091,289,34,B-000378,Pending Construction,5635.58
3092,8404,18,B-010618,Functional,19791.68
3093,12691,8,B-016059,Non-Functional,13779.8
3094,653,9,B-000845,Non-Functional,21518.93
3095,1993,23,B-002551,Pending Construction,20611.4
3096,4398,19,B-005612,Functional,14481.49
3097,5639,26,B-007159,Functional,23852.29
3098,10625,26,B-013459,Functional,15742.21
3099,4762,32,B-006075,Pending Construction,
3100,7650,15,B-009664,Pending Construction,19903.52
3101,9346,2,B-011821,Pending Construction,18625.15
3102,3324,34,B-004249,Pending Construction,9047.27
3103,11654,13,B-014739,Functional,5870.01
3104,11232,24,B-014223,Non-Functional,23444.45
3105,1729,33,B-002232,Functional,21913.6
3106,430,3,B-000565,Pending Construction,20524.52
3107,14415,35,B-018234,Pending Construction,5342.85
3108,8522,1,B-010767,Pending Construction,12023.61
3109,15817,3,B-019965,Pending Construction,6297.94
3110,15618,33,B-019717,Non-Functional,22821.6
3111,3407,1,B-004356,Functional,
3112,1447,27,B-001870,Functional,22777.89
3113,48,19,B-000068,Non-Functional,12687.77
3114,5431,10,B-006902,Non-Functional,5381.66
3115,4997,24,B-006361,Functional,14813.6
3116,7621,2,B-009617,Pending Construction,23491.64
3117,7628,1,B-009630,Functional,12500.81
3118,12382,8,B-015664,Pending Construction,20671.26
3119,4792,35,B-006112,Pending Construction,23831.38
3120,3880,12,B-004948,Non-Functional,10920.36
3121,5104,12,B-006500,Functional,11271.54
3122,5161,14,B-006575,Functional,9924.16
3123,8611,31,B-010869,Non-Functional,6924.95
3124,5124,29,B-006524,Functional,7784.63
3125,9969,26,B-012618,Pending Construction,12091.82
3126,6798,25,B-008598,Pending Construction,10460.89
3127,15406,33,B-019455,Functional,7855.17
3128,10691,33,B-013552,Non-Functional,16026.0
3129,15225,35,B-019224,Pending Construction,18410.49
3130,991,28,B-001274,Functional,13717.23
3131,6268,20,B-007931,Non-Functional,12997.46
3132,13464,5,B-017043,Pending Construction,20779.75
3133,4634,13,B-005915,Non-Functional,14991.28
3134,8434,2,B-010658,Non-Functional,9426.16
3135,14169,27,B-017919,Functional,21497.05
3136,7672,14,B-009688,Functional,24551.33
3137,14718,6,B-018598,Functional,18889.21
3138,10339,9,B-013093,Pending Construction,17353.48
3139,7189,32,B-009081,Functional,19441.85
3140,5589,7,B-007096,Functional,12289.25
3141,12418,8,B-015711,Pending Construction,22212.29
3142,1861,31,B-002393,Non-Functional,16433.12
3143,11081,17,B-014043,Functional,6728.95
3144,13989,28,B-017695,Functional,10469.27
3145,15494,14,B-019563,Non-Functional,11459.77
3146,15696,19,B-019812,Non-Functional,
3147,1887,5,B-002423,Functional,15499.98
3148,3227,16,B-004131,Pending Construction,21998.11
3149,6563,13,B-008298,Functional,18762.22
3150,9064,17,B-011453,Non-Functional,20847.22
3151,2956,2,B-003756,Functional,24003.32
3152,14578,19,B-018426,Functional,
3153,9165,19,B-011581,Functional,24238.97
3154,8783,17,B-011108,Non-Functional,23245.83
3155,2564,17,B-003255,Functional,7720.17
3156,15181,31,B-019164,Non-Functional,15854.24
3157,12512,20,B-015833,Functional,24509.37
3158,15551,29,B-019633,Non-Functional,21217.67
3159,12713,18,B-016084,Pending Construction,15016.92
3160,14325,35,B-018118,Functional,17270.57
3161,3663,33,B-004669,Pending Construction,13634.14
3162,15129,2,B-019101,Non-Functional,10911.24
3163,2859,13,B-003623,Functional,12774.59
3164,8566,21,B-010818,Pending Construction,20899.26
3165,13976,18,B-017678,Functional,12388.09
3166,9630,4,B-012191,Functional,
3167,11024,3,B-013971,Non-Functional,
3168,1645,22,B-002123,Pending Construction,6822.28
3169,3877,15,B-004944,Pending Construction,
3170,3990,8,B-005084,Functional,23372.33
3171,4308,4,B-005497,Non-Functional,9431.25
3172,2619,6,B-003323,Pending Construction,7591.72
3173,199,14,B-000265,Functional,7867.12
3174,12550,20,B-015882,Pending Construction,7286.1
3175,14773,23,B-018670,Pending Construction,19144.43
3176,4917,14,B-006266,Pending Construction,11040.37
3177,11070,1,B-014032,Functional,23593.25
3178,12876,10,B-016296,Functional,23282.55
3179,4828,15,B-006158,Non-Functional,21923.43
3180,5912,13,B-007484,Functional,9503.74
3181,14737,8,B-018627,Non-Functional,22723.02
3182,1945,4,B-002493,Non-Functional,6277.67
3183,3496,30,B-004468,Functional,23865.93
3184,4541,8,B-005795,Functional,6435.46
3185,15089,16,B-019056,Pending Construction,12429.27
3186,15760,9,B-019892,Pending Construction,7549.73
3187,9898,30,B-012528,Non-Functional,5692.43
3188,4033,27,B-005139,Non-Functional,10637.22
3189,12303,34,B-015560,Non-Functional,18415.25
3190,15346,26,B-019378,Pending Construction,24170.52
3191,3046,20,B-003871,Non-Functional,22098.64
3192,2700,7,B-003416,Non-Functional,20158.29
3193,13,2,B-000018,Functional,22006.42
3194,14164,10,B-017913,Pending Construction,8902.57
3195,12213,29,B-015443,Non-Functional,6659.73
3196,14798,21,B-018700,Pending Construction,16558.25
3197,12822,19,B-016222,Pending Construction,20770.77
3198,2293,9,B-002910,Functional,22069.22
3199,11898,9,B-015045,Pending Construction,18380.61
3200,602,35,B-000785,Pending Construction,22141.59
3201,12490,20,B-015806,Non-Functional,23324.43
3202,9617,7,B-012172,Pending Construction,21718.38
3203,13890,27,B-017574,Non-Functional,11930.02
3204,11095,8,B-014060,Functional,8971.92
3205,11480,2,B-014518,Functional,24337.08
3206,543,20,B-000709,Pending Construction,16764.45
3207,3396,34,B-004343,Functional,20852.09
3208,12589,19,B-015932,Pending Construction,19036.66
3209,12027,23,B-015205,Pending Construction,18067.61
3210,12527,20,B-015851,Functional,19547.08
3211,12485,22,B-015800,Functional,19913.81
3212,13457,12,B-017034,Non-Functional,20114.15
3213,15472,7,B-019535,Pending Construction,20276.81
3214,13636,23,B-017259,Functional,14739.7
3215,1255,2,B-001622,Non-Functional,10807.31
3216,8618,1,B-010878,Pending Construction,18921.6
3217,11049,35,B-014006,Non-Functional,14611.38
3218,12820,29,B-016220,Pending Construction,21748.85
3219,8352,23,B-010554,Pending Construction,18043.29
3220,6025,7,B-007631,Non-Functional,24896.79
3221,9595,22,B-012142,Non-Functional,
3222,3337,27,B-004266,Non-Functional,23448.66
3223,15560,7,B-019643,Functional,16027.19
3224,7514,29,B-009481,Non-Functional,15320.38
3225,8786,33,B-011111,Non-Functional,15473.78
3226,71,26,B-000099,Non-Functional,
3227,13738,12,B-017388,Functional,16056.31
3228,15115,23,B-019086,Pending Construction,23790.15
3229,5517,22,B-006999,Pending Construction,17576.14
3230,8854,2,B-011188,Functional,21578.63
3231,5041,24,B-006420,Pending Construction,5727.24
3232,4685,33,B-005983,Non-Functional,9799.31
3233,14855,5,B-018773,Pending Construction,22993.58
3234,5223,32,B-006654,Pending Construction,14649.45
3235,6768,26,B-008565,Functional,22087.14
3236,8309,35,B-010494,Non-Functional,23182.34
3237,11868,30,B-015006,Pending Construction,11038.22
3238,3014,14,B-003831,Non-Functional,7016.56
3239,2461,16,B-003116,Non-Functional,15779.58
3240,9958,13,B-012603,Functional,15235.38
3241,4874,4,B-006219,Pending Construction,19889.73
3242,13892,35,B-017579,Pending Construction,7318.38
3243,1407,29,B-001818,Non-Functional,17186.92
3244,15513,29,B-019586,Pending Construction,14456.49
3245,9025,12,B-011402,Pending Construction,7743.35
3246,6508,9,B-008227,Pending Construction,9047.49
3247,12984,7,B-016429,Functional,16009.86
3248,5093,20,B-006485,Pending Construction,19668.35
3249,4546,27,B-005805,Functional,9508.32
3250,8059,22,B-010180,Functional,
3251,3912,18,B-004989,Functional,8882.12
3252,5287,1,B-006729,Non-Functional,20439.39
3253,10999,6,B-013941,Non-Functional,12058.28
3254,15525,2,B-019600,Functional,18582.01
3255,220,13,B-000296,Functional,19505.75
3256,4141,30,B-005275,Non-Functional,21513.99
3257,2595,8,B-003294,Functional,
3258,1790,19,B-002307,Functional,20181.01
3259,4648,19,B-005933,Pending Construction,19093.36
3260,11425,5,B-014451,Pending Construction,21011.77
3261,3833,1,B-004885,Pending Construction,20110.87
3262,5260,8,B-006698,Pending Construction,16141.44
3263,6526,2,B-008251,Non-Functional,
3264,13284,7,B-016811,Functional,13018.32
3265,7761,4,B-009798,Pending Construction,10745.01
3266,9906,18,B-012540,Functional,9482.75
3267,3805,24,B-004849,Pending Construction,
3268,11613,25,B-014689,Pending Construction,
3269,10523,23,B-013326,Functional,19097.09
3270,1134,24,B-001456,Functional,5870.61
3271,4290,5,B-005476,Functional,6714.99
3272,10,12,B-000015,Non-Functional,8099.11
3273,7890,12,B-009967,Pending Construction,
3274,5080,17,B-006469,Functional,20793.42
3275,496,29,B-000650,Non-Functional,24953.98
3276,10205,11,B-012920,Pending Construction,21137.21
3277,10428,21,B-013208,Non-Functional,10398.92
3278,6091,19,B-007713,Non-Functional,14848.35
3279,13170,34,B-016672,Pending Construction,8001.35
3280,1666,12,B-002150,Functional,6099.41
3281,12788,22,B-016180,Pending Construction,22066.63
3282,11814,6,B-014934,Non-Functional,13226.89
3283,1596,17,B-002065,Functional,10263.46
3284,13640,13,B-017264,Pending Construction,12558.11
3285,14210,15,B-017977,Pending Construction,21745.1
3286,5310,33,B-006756,Pending Construction,9725.62
3287,2416,33,B-003060,Pending Construction,6067.15
3288,13403,19,B-016962,Non-Functional,13633.3
3289,9379,2,B-011868,Pending Construction,6562.44
3290,1988,21,B-002546,Non-Functional,17463.12
3291,12996,19,B-016444,Non-Functional,21790.77
3292,2260,19,B-002872,Functional,24703.02
3293,11018,24,B-013963,Non-Functional,16896.5
3294,10894,6,B-013805,Pending Construction,6416.88
3295,12437,2,B-015737,Non-Functional,22535.07
3296,9834,16,B-012448,Functional,9858.74
3297,14589,5,B-018437,Pending Construction,20071.51
3298,2258,7,B-002870,Functional,8508.01
3299,14496,11,B-018330,Pending Construction,6363.53
3300,3210,32,B-004109,Non-Functional,24170.4
3301,9199,29,B-011627,Non-Functional,8012.95
3302,10381,4,B-013147,Functional,12230.31
3303,4278,27,B-005461,Pending Construction,14953.96
3304,3740,16,B-004769,Functional,23507.24
3305,15682,32,B-019796,Functional,9383.93
3306,6213,17,B-007860,Non-Functional,6270.22
3307,12555,19,B-015888,Functional,17287.41
3308,1636,14,B-002112,Functional,23424.2
3309,1005,10,B-001293,Functional,23659.44
3310,10183,33,B-012889,Pending Construction,22141.53
3311,41,16,B-000060,Non-Functional,9653.04
3312,5658,4,B-007182,Non-Functional,7686.22
3313,7532,27,B-009507,Functional,19724.21
3314,4187,11,B-005340,Pending Construction,14394.78
3315,8205,9,B-010362,Functional,8070.7
3316,5579,34,B-007084,Pending Construction,18883.62
3317,13924,26,B-017619,Non-Functional,19263.35
3318,774,19,B-000998,Functional,16687.9
3319,12554,15,B-015886,Non-Functional,17678.77
3320,6032,34,B-007641,Non-Functional,12165.34
3321,14823,17,B-018736,Non-Functional,9604.29
3322,1202,8,B-001542,Non-Functional,
3323,13350,12,B-016892,Functional,6634.85
3324,12000,32,B-015170,Functional,19260.25
3325,2071,32,B-002645,Non-Functional,22428.77
3326,6484,20,B-008194,Pending Construction,14635.54
3327,7964,18,B-010059,Pending Construction,19855.64
3328,10701,26,B-013566,Non-Functional,9529.37
3329,10932,1,B-013856,Pending Construction,14649.31
3330,549,30,B-000715,Pending Construction,20460.69
3331,11027,28,B-013976,Non-Functional,12713.15
3332,13202,2,B-016709,Functional,8565.17
3333,4161,25,B-005304,Functional,24659.06
3334,7040,28,B-008894,Functional,18165.85
3335,769,10,B-000992,Pending Construction,8376.62
3336,15206,2,B-019199,Pending Construction,13210.22
3337,10506,20,B-013306,Pending Construction,23610.26
3338,13014,14,B-016473,Non-Functional,14184.99
3339,12103,5,B-015300,Non-Functional,7927.21
3340,9764,19,B-012360,Functional,
3341,663,21,B-000856,Functional,22021.19
3342,6603,26,B-008351,Non-Functional,13040.45
3343,15340,32,B-019372,Pending Construction,11040.79
3344,7995,19,B-010103,Functional,21902.19
3345,4110,32,B-005236,Pending Construction,17018.91
3346,5307,4,B-006753,Functional,24228.11
3347,139,19,B-000182,Pending Construction,21752.83
3348,9861,30,B-012480,Pending Construction,16348.03
3349,9034,7,B-011411,Non-Functional,18385.84
3350,6667,14,B-008434,Functional,6160.82
3351,14195,24,B-017955,Functional,9525.41
3352,13184,20,B-016689,Functional,22111.38
3353,9732,11,B-012316,Non-Functional,9389.86
3354,334,17,B-000441,Non-Functional,
3355,13210,19,B-016717,Pending Construction,6534.81
3356,8865,15,B-011201,Pending Construction,20698.78
3357,4017,7,B-005118,Pending Construction,18761.75
3358,9369,35,B-011856,Pending Construction,
3359,9218,13,B-011650,Pending Construction,23665.3
3360,4680,25,B-005973,Pending Construction,24110.25
3361,15730,16,B-019856,Non-Functional,24273.47
3362,8094,4,B-010223,Functional,23645.26
3363,15446,16,B-019502,Functional,19274.5
3364,11825,23,B-014948,Non-Functional,20074.86
3365,9492,1,B-012010,Pending Construction,11636.72
3366,15174,13,B-019156,Pending Construction,12174.83
3367,3979,23,B-005069,Pending Construction,10363.27
3368,8172,4,B-010324,Non-Functional,14207.58
3369,82,20,B-000113,Functional,18690.63
3370,13657,11,B-017287,Functional,10354.18
3371,12419,34,B-015712,Functional,12490.09
3372,2997,28,B-003809,Non-Functional,14934.54
3373,1159,29,B-001487,Functional,6799.36
3374,12902,13,B-016330,Pending Construction,16731.14
3375,4126,24,B-005256,Functional,5336.81
3376,6646,14,B-008409,Functional,18632.77
3377,2054,7,B-002626,Functional,11731.88
3378,12799,1,B-016193,Functional,7907.5
3379,5959,4,B-007543,Non-Functional,15460.89
3380,9926,24,B-012565,Non-Functional,19113.78
3381,15679,31,B-019793,Non-Functional,23607.93
3382,13022,5,B-016486,Non-Functional,18954.24
3383,1359,34,B-001752,Pending Construction,10288.72
3384,8793,31,B-011118,Pending Construction,9213.7
3385,5512,10,B-006994,Non-Functional,11797.01
3386,3650,25,B-004654,Non-Functional,5910.24
3387,15102,27,B-019070,Non-Functional,21051.41
3388,4951,26,B-006307,Non-Functional,8597.32
3389,1061,15,B-001356,Functional,
3390,1308,28,B-001686,Non-Functional,18189.18
3391,7548,2,B-009526,Pending Construction,24137.48
3392,10465,32,B-013251,Non-Functional,23939.02
3393,228,27,B-000306,Non-Functional,14784.94
3394,12371,16,B-015649,Functional,
3395,8962,24,B-011321,Non-Functional,6773.29
3396,14439,30,B-018262,Pending Construction,13453.33
3397,2591,35,B-003289,Non-Functional,12813.35
3398,10160,20,B-012862,Non-Functional,21672.65
3399,10801,32,B-013688,Pending Construction,22820.18
3400,14314,27,B-018103,Pending Construction,8490.55
3401,13236,10,B-016747,Functional,18407.34
3402,10732,27,B-013607,Pending Construction,22681.93
3403,11631,14,B-014711,Functional,23647.73
3404,908,9,B-001160,Pending Construction,8572.52
3405,13780,30,B-017440,Pending Construction,16241.27
3406,13264,24,B-016781,Pending Construction,
3407,2537,4,B-003216,Pending Construction,
3408,14217,10,B-017985,Non-Functional,21257.25
3409,3443,6,B-004398,Pending Construction,12032.03
3410,7584,7,B-009568,Functional,5849.86
3411,11026,15,B-013975,Pending Construction,21805.27
3412,12889,5,B-016313,Non-Functional,16463.53
3413,10418,10,B-013197,Pending Construction,18492.29
3414,8443,10,B-010672,Functional,13344.16
3415,2082,22,B-002658,Pending Construction,17225.51
3416,12076,20,B-015261,Non-Functional,17127.82
3417,7442,15,B-009397,Pending Construction,12167.69
3418,12970,22,B-016412,Non-Functional,6066.1
3419,8225,30,B-010386,Non-Functional,20860.99
3420,6695,27,B-008471,Functional,12990.28
3421,8923,16,B-011270,Non-Functional,6082.03
3422,7445,7,B-009400,Functional,8909.29
3423,11791,17,B-014907,Functional,18304.38
3424,3895,9,B-004968,Non-Functional,15907.94
3425,8568,13,B-010821,Non-Functional,23174.79
3426,5773,13,B-007315,Pending Construction,5218.27
3427,14279,20,B-018062,Functional,10764.76
3428,13238,1,B-016751,Pending Construction,8356.04
3429,1939,2,B-002484,Functional,10976.93
3430,13546,2,B-017148,Non-Functional,19047.7
3431,3560,4,B-004537,Pending Construction,22660.65
3432,14244,19,B-018018,Functional,
3433,11606,6,B-014681,Functional,9236.66
3434,11630,34,B-014710,Non-Functional,15358.08
3435,6890,24,B-008711,Pending Construction,11612.26
3436,9335,15,B-011808,Pending Construction,22184.87
3437,10066,30,B-012741,Functional,16702.84
3438,15529,9,B-019605,Pending Construction,5230.68
3439,3553,35,B-004529,Non-Functional,
3440,5229,26,B-006660,Non-Functional,
3441,12373,18,B-015652,Pending Construction,
3442,13233,31,B-016743,Pending Construction,7780.1
3443,14732,2,B-018619,Pending Construction,10411.06
3444,7452,32,B-009408,Functional,
3445,1670,29,B-002155,Pending Construction,11752.81
3446,15452,15,B-019511,Non-Functional,13057.89
3447,2369,1,B-003004,Functional,
3448,14330,28,B-018123,Functional,9044.33
3449,3092,26,B-003938,Functional,11449.98
3450,7095,22,B-008964,Pending Construction,23051.3
3451,1346,35,B-001738,Non-Functional,
3452,15024,31,B-018980,Functional,23376.12
3453,5351,1,B-006802,Functional,15117.51
3454,8433,4,B-010656,Non-Functional,6827.48
3455,816,6,B-001049,Non-Functional,19331.13
3456,13066,8,B-016543,Non-Functional,13404.13
3457,12300,29,B-015556,Functional,17223.84
3458,10898,4,B-013810,Pending Construction,23877.19
3459,11333,21,B-014348,Functional,12758.35
3460,11241,28,B-014232,Non-Functional,13483.3
3461,9046,35,B-011425,Functional,6582.48
3462,5736,11,B-007272,Functional,5741.38
3463,9032,35,B-011409,Functional,22161.37
3464,8343,34,B-010538,Functional,17631.36
3465,8733,20,B-011035,Non-Functional,19697.35
3466,12635,30,B-015994,Non-Functional,7394.75
3467,520,18,B-000681,Pending Construction,14250.12
3468,8152,13,B-010294,Pending Construction,6846.74
3469,14042,22,B-017761,Functional,
3470,5048,12,B-006427,Pending Construction,
3471,5043,14,B-006422,Pending Construction,18433.93
3472,231,12,B-000309,Pending Construction,13981.48
3473,4837,17,B-006171,Pending Construction,17537.18
3474,10794,35,B-013679,Non-Functional,6232.06
3475,11811,5,B-014930,Functional,
3476,10800,19,B-013687,Functional,12178.84
3477,614,3,B-000802,Pending Construction,7312.06
3478,11560,4,B-014618,Non-Functional,21940.84
3479,6122,18,B-007751,Pending Construction,8067.83
3480,11207,18,B-014194,Functional,7515.53
3481,4544,11,B-005798,Functional,18468.84
3482,7937,1,B-010027,Functional,7220.49
3483,645,10,B-000837,Functional,11380.71
3484,4934,12,B-006287,Pending Construction,
3485,10432,35,B-013212,Pending Construction,6736.69
3486,5626,2,B-007142,Functional,7694.03
3487,7769,14,B-009808,Pending Construction,17428.42
3488,10495,15,B-013292,Functional,
3489,2655,21,B-003365,Non-Functional,17079.46
3490,10567,25,B-013377,Pending Construction,10410.88
3491,3566,5,B-004547,Pending Construction,6160.32
3492,11570,2,B-014634,Pending Construction,
3493,5862,22,B-007424,Pending Construction,9809.56
3494,858,17,B-001096,Pending Construction,
3495,5193,18,B-006621,Pending Construction,17480.66
3496,2291,5,B-002908,Functional,6783.24
3497,4097,26,B-005221,Pending Construction,15088.69
3498,411,10,B-000539,Pending Construction,18299.12
3499,10493,31,B-013290,Pending Construction,13023.65
3500,12604,2,B-015952,Non-Functional,24725.89
3501,15162,20,B-019142,Non-Functional,16516.84
3502,6830,27,B-008639,Functional,12535.42
3503,9158,18,B-011569,Non-Functional,23489.9
3504,3360,12,B-004298,Non-Functional,18022.32
3505,11500,1,B-014540,Functional,17557.99
3506,5900,1,B-007469,Functional,10260.47
3507,3348,14,B-004282,Pending Construction,14391.31
3508,10784,11,B-013668,Pending Construction,20190.68
3509,2718,8,B-003439,Non-Functional,14627.78
3510,7177,14,B-009066,Functional,23979.13
3511,14531,19,B-018374,Functional,5695.28
3512,2013,17,B-002574,Functional,6197.24
3513,3672,28,B-004683,Functional,5051.48
3514,6369,20,B-008048,Pending Construction,15565.7
3515,11215,32,B-014203,Non-Functional,
3516,15099,25,B-019067,Non-Functional,
3517,6544,23,B-008271,Pending Construction,15198.17
3518,15816,7,B-019964,Pending Construction,23886.91
3519,7431,33,B-009385,Pending Construction,13971.58
3520,8428,32,B-010650,Non-Functional,7260.18
3521,3897,24,B-004971,Pending Construction,9347.14
3522,12538,7,B-015867,Functional,19872.32
3523,1312,25,B-001690,Functional,10748.2
3524,10892,30,B-013801,Functional,
3525,3988,7,B-005080,Non-Functional,19523.44
3526,6810,32,B-008613,Non-Functional,20506.0
3527,6365,20,B-008044,Pending Construction,
3528,6373,23,B-008054,Functional,
3529,10379,22,B-013145,Pending Construction,20656.18
3530,8932,14,B-011281,Non-Functional,13022.67
3531,6109,3,B-007737,Functional,19633.82
3532,14487,35,B-018318,Non-Functional,16253.75
3533,6279,6,B-007947,Non-Functional,15011.65
3534,369,8,B-000484,Functional,
3535,4057,11,B-005168,Non-Functional,11555.26
3536,10362,33,B-013124,Non-Functional,16977.04
3537,9510,23,B-012034,Non-Functional,22682.52
3538,2362,14,B-002996,Non-Functional,22779.3
3539,7836,29,B-009893,Functional,17626.71
3540,11154,1,B-014125,Non-Functional,6824.71
3541,4733,7,B-006037,Functional,16319.15
3542,3093,5,B-003939,Pending Construction,
3543,5840,30,B-007398,Non-Functional,18676.19
3544,5940,21,B-007521,Functional,14335.9
3545,10005,12,B-012668,Non-Functional,21543.44
3546,4122,24,B-005251,Non-Functional,5034.11
3547,2835,31,B-003591,Functional,15940.64
3548,10727,30,B-013600,Functional,19429.53
3549,9063,7,B-011451,Pending Construction,6455.92
3550,9565,5,B-012099,Pending Construction,17007.4
3551,8266,28,B-010440,Pending Construction,17874.16
3552,10218,10,B-012936,Non-Functional,14539.71
3553,5892,34,B-007458,Non-Functional,20110.38
3554,383,20,B-000506,Non-Functional,6566.55
3555,5707,4,B-007236,Non-Functional,
3556,5313,27,B-006759,Non-Functional,18502.21
3557,7460,23,B-009419,Non-Functional,7621.13
3558,3954,4,B-005041,Functional,15929.52
3559,10610,33,B-013433,Functional,
3560,6668,8,B-008437,Non-Functional,21300.36
3561,8655,29,B-010931,Functional,23618.32
3562,4537,34,B-005791,Non-Functional,23461.41
3563,7116,33,B-008990,Pending Construction,14684.28
3564,12999,13,B-016447,Functional,21102.99
3565,647,9,B-000839,Functional,10228.96
3566,8792,33,B-011117,Non-Functional,
3567,12461,35,B-015768,Non-Functional,16063.73
3568,5535,13,B-007026,Functional,8340.96
3569,14612,19,B-018467,Pending Construction,22291.62
3570,12693,35,B-016061,Non-Functional,10059.88
3571,5521,25,B-007005,Functional,17746.12
3572,15352,23,B-019388,Functional,5414.28
3573,8420,34,B-010637,Functional,14242.82
3574,3304,26,B-004223,Pending Construction,12958.95
3575,11970,33,B-015132,Functional,9634.69
3576,705,14,B-000906,Non-Functional,7676.32
3577,12044,23,B-015224,Pending Construction,13426.91
3578,8738,23,B-011040,Pending Construction,18018.72
3579,1614,31,B-002088,Functional,
3580,8317,20,B-010504,Functional,19549.69
3581,4266,21,B-005445,Pending Construction,19096.81
3582,12055,28,B-015239,Pending Construction,23391.34
3583,13684,21,B-017324,Pending Construction,17871.83
3584,4352,26,B-005548,Non-Functional,23436.95
3585,6223,19,B-007874,Pending Construction,6119.03
3586,303,22,B-000399,Non-Functional,10157.91
3587,11779,10,B-014891,Functional,23768.85
3588,12522,8,B-015844,Functional,18918.85
3589,5014,34,B-006382,Non-Functional,8100.16
3590,9498,12,B-012017,Functional,8352.13
3591,6955,17,B-008797,Pending Construction,19688.72
3592,10731,31,B-013606,Functional,
3593,12237,29,B-015474,Pending Construction,16444.88
3594,12406,22,B-015695,Non-Functional,15845.49
3595,9333,15,B-011806,Non-Functional,11764.09
3596,12143,22,B-015356,Non-Functional,5416.19
3597,10498,19,B-013296,Non-Functional,20212.79
3598,909,10,B-001161,Functional,20109.06
3599,2896,31,B-003676,Functional,19151.89
3600,10537,28,B-013343,Pending Construction,
3601,12748,11,B-016131,Non-Functional,11689.67
3602,4531,1,B-005779,Non-Functional,23797.94
3603,10530,33,B-013336,Non-Functional,22957.9
3604,8614,35,B-010872,Functional,24398.77
3605,1843,16,B-002372,Functional,20839.75
3606,9663,10,B-012230,Functional,15333.33
3607,81,8,B-000110,Functional,15604.46
3608,13855,16,B-017529,Pending Construction,9673.82
3609,6409,7,B-008099,Non-Functional,23466.59
3610,9048,27,B-011428,Non-Functional,
3611,1487,11,B-001926,Functional,5078.75
3612,5676,20,B-007200,Pending Construction,11455.94
3613,12063,34,B-015247,Functional,16238.61
3614,2716,3,B-003437,Functional,21774.15
3615,2761,12,B-003497,Pending Construction,10500.82
3616,7277,11,B-009189,Functional,7728.24
3617,11593,11,B-014659,Non-Functional,10391.77
3618,11552,20,B-014608,Pending Construction,
3619,11855,1,B-014991,Non-Functional,
3620,5980,21,B-007578,Non-Functional,13270.63
3621,5302,28,B-006748,Functional,9977.19
3622,8299,15,B-010478,Non-Functional,
3623,5540,21,B-007031,Non-Functional,16900.32
3624,15271,10,B-019288,Non-Functional,17656.24
3625,10745,10,B-013622,Non-Functional,10158.66
3626,14886,21,B-018815,Pending Construction,19425.35
3627,4394,32,B-005607,Pending Construction,21593.55
3628,14049,18,B-017769,Pending Construction,14442.9
3629,3321,12,B-004246,Non-Functional,20810.75
3630,10485,11,B-013280,Functional,12162.95
3631,8688,20,B-010979,Functional,8679.81
3632,14659,32,B-018524,Pending Construction,7465.16
3633,2266,10,B-002878,Pending Construction,12851.54
3634,6404,19,B-008093,Non-Functional,18769.05
3635,6056,7,B-007671,Pending Construction,21516.92
3636,12608,19,B-015959,Pending Construction,16819.29
3637,11530,33,B-014580,Functional,7662.88
3638,1712,21,B-002211,Functional,7658.66
3639,9190,33,B-011617,Functional,11767.06
3640,2417,16,B-003061,Non-Functional,7508.79
3641,1054,35,B-001349,Pending Construction,13945.11
3642,3297,34,B-004213,Pending Construction,14473.46
3643,3457,19,B-004418,Non-Functional,22861.8
3644,4012,27,B-005112,Functional,11148.96
3645,10287,15,B-013023,Pending Construction,16706.84
3646,15226,31,B-019225,Non-Functional,
3647,8861,18,B-011197,Non-Functional,9709.74
3648,2640,32,B-003347,Pending Construction,
3649,6985,2,B-008833,Functional,22665.47
3650,15433,10,B-019488,Pending Construction,24842.77
3651,11182,4,B-014162,Functional,
3652,3923,1,B-005003,Functional,18906.24
3653,6367,21,B-008046,Functional,10797.83
3654,4337,20,B-005531,Functional,23692.4
3655,8642,10,B-010913,Non-Functional,5589.54
3656,8229,9,B-010392,Functional,9820.84
3657,1125,2,B-001445,Non-Functional,14539.72
3658,12163,15,B-015378,Non-Functional,9104.1
3659,5026,34,B-006398,Functional,5435.13
3660,13512,18,B-017100,Pending Construction,18708.89
3661,12507,2,B-015827,Pending Construction,24910.31
3662,13036,7,B-016505,Pending Construction,23984.56
3663,4562,18,B-005824,Functional,7940.8
3664,3924,2,B-005004,Functional,13511.91
3665,12946,21,B-016381,Non-Functional,22498.69
3666,8278,7,B-010454,Pending Construction,24106.61
3667,1314,30,B-001693,Pending Construction,
3668,12495,25,B-015812,Functional,24717.06
3669,14521,24,B-018363,Non-Functional,23507.04
3670,1865,34,B-002397,Non-Functional,7292.35
3671,7542,5,B-009518,Functional,7073.65
3672,9842,16,B-012457,Pending Construction,20691.89
3673,8077,1,B-010203,Pending Construction,20533.41
3674,14676,13,B-018546,Functional,22321.13
3675,1668,14,B-002153,Non-Functional,20011.42
3676,6948,31,B-008789,Functional,18010.15
3677,8013,23,B-010125,Non-Functional,
3678,7313,30,B-009236,Functional,16101.18
3679,13847,29,B-017518,Functional,20491.65
3680,14534,13,B-018377,Non-Functional,17071.36
3681,8381,14,B-010587,Functional,9960.43
3682,1260,28,B-001628,Functional,19949.96
3683,4002,14,B-005098,Functional,23785.74
3684,7624,4,B-009626,Non-Functional,10317.78
3685,4425,15,B-005645,Non-Functional,14839.77
3686,8953,21,B-011306,Pending Construction,21062.75
3687,14387,35,B-018196,Pending Construction,9572.4
3688,7845,33,B-009905,Pending Construction,22873.49
3689,1799,31,B-002318,Functional,13809.06
3690,3549,12,B-004525,Functional,5930.71
3691,15771,17,B-019909,Functional,7040.53
3692,1288,6,B-001662,Pending Construction,24394.96
3693,7685,18,B-009707,Non-Functional,23562.6
3694,5076,4,B-006465,Pending Construction,22004.22
3695,12801,3,B-016197,Functional,10251.82
3696,12199,8,B-015427,Non-Functional,17496.18
3697,15508,25,B-019579,Pending Construction,
3698,9363,22,B-011849,Functional,19280.31
3699,3677,18,B-004690,Non-Functional,19076.82
3700,15348,14,B-019380,Pending Construction,5314.44
3701,15333,21,B-019364,Pending Construction,15994.93
3702,5426,24,B-006893,Non-Functional,23507.1
3703,6739,32,B-008532,Functional,23354.28
3704,14877,30,B-018806,Pending Construction,9157.87
3705,3731,15,B-004758,Pending Construction,5775.51
3706,14555,12,B-018402,Non-Functional,12382.46
3707,4276,13,B-005459,Non-Functional,13128.49
3708,841,35,B-001078,Pending Construction,18339.66
3709,5796,29,B-007348,Functional,14554.46
3710,514,13,B-000670,Non-Functional,11133.31
3711,13775,5,B-017433,Pending Construction,7108.41
3712,377,30,B-000496,Pending Construction,9186.47
3713,235,24,B-000313,Non-Functional,17678.45
3714,5381,31,B-006839,Functional,7331.38
3715,8004,15,B-010112,Pending Construction,15948.26
3716,9762,35,B-012358,Functional,13574.13
3717,5007,24,B-006373,Non-Functional,22456.06
3718,9011,26,B-011385,Functional,
3719,2015,9,B-002578,Functional,13774.96
3720,12985,27,B-016430,Functional,7008.25
3721,6647,32,B-008410,Functional,11043.28
3722,4401,10,B-005615,Non-Functional,9138.87
3723,4448,15,B-005673,Non-Functional,17455.08
3724,275,3,B-000362,Functional,15685.68
3725,6608,24,B-008359,Functional,
3726,9757,19,B-012351,Pending Construction,21109.36
3727,13583,31,B-017194,Pending Construction,7033.55
3728,3965,12,B-005052,Non-Functional,24799.34
3729,804,25,B-001036,Non-Functional,7804.04
3730,10318,35,B-013064,Pending Construction,20216.19
3731,109,21,B-000145,Functional,
3732,1426,31,B-001842,Functional,14926.88
3733,11776,1,B-014887,Non-Functional,9018.95
3734,9456,2,B-011961,Pending Construction,17471.15
3735,9308,15,B-011773,Pending Construction,7552.77
3736,5553,25,B-007048,Non-Functional,19402.91
3737,6414,9,B-008105,Non-Functional,11062.14
3738,2148,14,B-002742,Non-Functional,12164.74
3739,10774,17,B-013655,Functional,19159.07
3740,2027,29,B-002592,Non-Functional,14192.55
3741,10420,35,B-013200,Pending Construction,
3742,13496,17,B-017081,Pending Construction,24906.58
3743,10152,21,B-012850,Non-Functional,5309.55
3744,11332,25,B-014347,Functional,24028.58
3745,1661,19,B-002145,Functional,8143.67
3746,1177,35,B-001508,Functional,24924.93
3747,12080,32,B-015265,Non-Functional,6386.42
3748,13125,11,B-016616,Non-Functional,21689.3
3749,5594,21,B-007102,Non-Functional,18137.04
3750,4380,16,B-005586,Non-Functional,6162.75
3751,14343,16,B-018136,Non-Functional,13013.71
3752,6781,27,B-008578,Pending Construction,24739.94
3753,6046,11,B-007656,Non-Functional,11763.64
3754,6650,12,B-008415,Non-Functional,
3755,5218,15,B-006649,Non-Functional,24495.04
3756,8818,11,B-011144,Pending Construction,12856.32
3757,3481,13,B-004449,Functional,12708.71
3758,8117,19,B-010251,Non-Functional,17527.75
3759,15325,9,B-019353,Pending Construction,6008.0
3760,4390,21,B-005601,Pending Construction,16939.38
3761,13903,33,B-017596,Functional,7430.85
3762,10356,10,B-013114,Non-Functional,9803.5
3763,7027,32,B-008880,Non-Functional,10903.51
3764,1075,14,B-001381,Pending Construction,5180.12
3765,8379,2,B-010585,Pending Construction,6619.0
3766,9988,29,B-012644,Pending Construction,14136.02
3767,10133,23,B-012828,Pending Construction,18902.29
3768,11892,7,B-015038,Pending Construction,
3769,12992,10,B-016439,Functional,13104.41
3770,7976,28,B-010077,Non-Functional,24708.67
3771,11933,1,B-015089,Functional,24308.25
3772,4975,31,B-006336,Non-Functional,13804.77
3773,5117,25,B-006516,Non-Functional,18367.44
3774,10805,12,B-013692,Functional,7175.56
3775,7287,22,B-009201,Functional,13301.17
3776,3665,27,B-004671,Pending Construction,6878.9
3777,12828,17,B-016231,Pending Construction,
3778,13024,30,B-016489,Functional,16142.26
3779,5879,31,B-007443,Functional,15423.35
3780,261,4,B-000342,Functional,15677.87
3781,11529,22,B-014579,Functional,15247.86
3782,11330,26,B-014344,Functional,16543.33
3783,10447,10,B-013230,Non-Functional,8250.1
3784,9481,21,B-011996,Non-Functional,18388.36
3785,4761,4,B-006074,Functional,17635.87
3786,4943,11,B-006299,Pending Construction,5673.12
3787,2192,20,B-002792,Pending Construction,19114.16
3788,2025,13,B-002590,Functional,17829.96
3789,15794,24,B-019936,Functional,19922.07
3790,13231,33,B-016740,Non-Functional,8116.29
3791,13107,9,B-016595,Functional,19899.35
3792,464,7,B-000605,Functional,15499.32
3793,5836,14,B-007394,Functional,12906.2
3794,9828,4,B-012440,Functional,23403.6
3795,11625,35,B-014703,Pending Construction,18565.69
3796,9020,29,B-011397,Pending Construction,17085.45
3797,8881,30,B-011218,Pending Construction,5679.0
3798,4675,21,B-005966,Non-Functional,13019.39
3799,7324,3,B-009250,Non-Functional,5262.68
3800,8956,10,B-011311,Non-Functional,6367.47
3801,9796,6,B-012401,Pending Construction,19723.4
3802,15276,32,B-019295,Pending Construction,8691.11
3803,6503,5,B-008222,Non-Functional,9639.68
3804,13250,30,B-016763,Functional,24872.26
3805,4148,6,B-005284,Pending Construction,16750.31
3806,12606,35,B-015955,Pending Construction,16391.91
3807,1638,11,B-002114,Pending Construction,19031.26
3808,13986,1,B-017692,Functional,5804.23
3809,4117,18,B-005245,Pending Construction,20445.42
3810,6023,11,B-007629,Functional,
3811,6899,22,B-008728,Functional,18115.33
3812,13545,9,B-017147,Non-Functional,11719.21
3813,127,27,B-000168,Functional,15526.45
3814,5185,27,B-006610,Functional,9555.46
3815,15476,2,B-019541,Functional,15568.0
3816,8703,19,B-010998,Pending Construction,17670.58
3817,10464,32,B-013249,Pending Construction,22940.27
3818,2187,35,B-002786,Non-Functional,7298.31
3819,4274,9,B-005455,Pending Construction,17683.15
3820,10586,16,B-013405,Pending Construction,7186.34
3821,15623,30,B-019723,Functional,13631.12
3822,12135,33,B-015345,Functional,
3823,14214,7,B-017982,Pending Construction,24476.07
3824,15804,34,B-019949,Functional,10139.33
3825,6702,35,B-008479,Functional,11233.39
3826,1854,30,B-002386,Pending Construction,18956.41
3827,10771,31,B-013651,Non-Functional,23763.25
3828,8449,5,B-010681,Functional,24580.01
3829,1099,12,B-001414,Non-Functional,14907.76
3830,12114,12,B-015315,Non-Functional,14862.81
3831,10336,11,B-013087,Pending Construction,7848.53
3832,9882,28,B-012507,Functional,
3833,15403,32,B-019452,Non-Functional,24299.88
3834,2667,11,B-003380,Non-Functional,5193.95
3835,544,3,B-000710,Functional,24125.21
3836,6552,4,B-008281,Pending Construction,13744.62
3837,9631,25,B-012193,Pending Construction,13258.63
3838,5642,15,B-007162,Pending Construction,24386.5
3839,4967,21,B-006326,Non-Functional,19874.52
3840,15753,20,B-019884,Functional,12822.6
3841,2894,32,B-003671,Non-Functional,18244.56
3842,3908,9,B-004984,Pending Construction,15587.25
3843,1196,15,B-001534,Non-Functional,12503.36
3844,15304,11,B-019327,Functional,23827.15
3845,15825,6,B-019976,Pending Construction,12751.34
3846,10455,20,B-013240,Non-Functional,16377.7
3847,14104,5,B-017837,Non-Functional,14168.19
3848,9137,35,B-011543,Functional,
3849,1815,32,B-002337,Non-Functional,22528.09
3850,5990,31,B-007591,Non-Functional,6078.98
3851,7429,17,B-009383,Pending Construction,10555.16
3852,6355,11,B-008034,Non-Functional,19859.11
3853,7519,6,B-009489,Non-Functional,6829.55
3854,13096,12,B-016580,Functional,20904.17
3855,2163,13,B-002760,Pending Construction,12417.88
3856,4559,4,B-005821,Functional,16136.52
3857,11287,27,B-014289,Non-Functional,
3858,1313,32,B-001692,Pending Construction,
3859,8003,16,B-010111,Pending Construction,10964.68
3860,7166,35,B-009051,Non-Functional,16350.41
3861,11861,34,B-014999,Functional,23605.2
3862,11696,6,B-014794,Pending Construction,19551.8
3863,14895,16,B-018827,Pending Construction,23406.67
3864,8913,32,B-011260,Non-Functional,13415.36
3865,5318,4,B-006765,Pending Construction,14133.74
3866,9153,8,B-011562,Pending Construction,5638.45
3867,2355,29,B-002989,Non-Functional,5793.79
3868,12179,12,B-015399,Functional,24470.42
3869,12516,3,B-015837,Pending Construction,13401.63
3870,6000,14,B-007602,Non-Functional,11896.54
3871,7209,5,B-009104,Non-Functional,7352.28
3872,5398,23,B-006860,Non-Functional,7809.63
3873,11312,33,B-014322,Pending Construction,6233.25
3874,2288,35,B-002904,Functional,10184.76
3875,7614,4,B-009610,Functional,18777.56
3876,1178,35,B-001509,Pending Construction,12374.25
3877,10695,8,B-013557,Non-Functional,9510.54
3878,12627,16,B-015984,Pending Construction,7110.87
3879,12154,29,B-015368,Functional,20172.58
3880,4224,33,B-005397,Non-Functional,12582.37
3881,15711,26,B-019831,Functional,23727.7
3882,14834,31,B-018749,Pending Construction,7203.55
3883,14540,22,B-018384,Functional,9129.65
3884,11448,9,B-014478,Functional,22291.1
3885,11597,29,B-014666,Functional,22700.52
3886,13889,2,B-017572,Non-Functional,11997.7
3887,15322,23,B-019349,Non-Functional,17278.27
3888,10067,20,B-012742,Pending Construction,16335.46
3889,883,1,B-001128,Functional,10519.82
3890,3712,13,B-004737,Non-Functional,23670.21
3891,6420,17,B-008111,Non-Functional,5404.55
3892,13314,29,B-016845,Pending Construction,14523.12
3893,3890,31,B-004961,Functional,8815.19
3894,4096,32,B-005219,Functional,5190.91
3895,10540,15,B-013349,Functional,7883.36
3896,13130,21,B-016622,Pending Construction,6176.67
3897,3159,35,B-004041,Functional,13645.78
3898,6260,18,B-007920,Functional,5319.7
3899,3292,4,B-004207,Pending Construction,21495.76
3900,13124,22,B-016615,Functional,10750.06
3901,2049,26,B-002620,Non-Functional,22961.25
3902,10895,20,B-013806,Pending Construction,23872.0
3903,5807,27,B-007362,Functional,21701.55
3904,4526,12,B-005772,Functional,17492.37
3905,918,28,B-001174,Non-Functional,17426.67
3906,2635,3,B-003341,Functional,24395.1
3907,1370,12,B-001769,Functional,5294.16
3908,10156,33,B-012857,Pending Construction,7869.85
3909,9943,30,B-012585,Functional,11153.94
3910,401,6,B-000529,Functional,6793.58
3911,1211,1,B-001555,Non-Functional,18534.64
3912,10236,14,B-012959,Pending Construction,11052.58
3913,10609,32,B-013432,Pending Construction,
3914,12671,16,B-016037,Non-Functional,17424.48
3915,11772,25,B-014883,Functional,24199.02
3916,152,3,B-000200,Functional,
3917,10979,26,B-013911,Functional,17327.83
3918,9628,1,B-012187,Functional,19191.68
3919,1422,30,B-001834,Pending Construction,6349.22
3920,702,4,B-000902,Functional,17065.51
3921,13578,7,B-017188,Pending Construction,
3922,6116,23,B-007745,Non-Functional,12804.23
3923,12717,14,B-016089,Pending Construction,19631.83
3924,1441,1,B-001862,Pending Construction,8681.37
3925,5378,8,B-006836,Non-Functional,22063.34
3926,2831,10,B-003587,Non-Functional,21849.99
3927,1012,1,B-001300,Non-Functional,6035.61
3928,12525,25,B-015848,Non-Functional,18086.67
3929,2935,19,B-003730,Non-Functional,12279.06
3930,925,12,B-001185,Pending Construction,23934.78
3931,1470,18,B-001903,Pending Construction,
3932,2549,2,B-003232,Functional,13120.32
3933,4476,1,B-005706,Non-Functional,15349.51
3934,9893,33,B-012522,Non-Functional,10467.18
3935,10333,24,B-013084,Functional,9476.35
3936,5369,9,B-006823,Functional,
3937,5923,31,B-007499,Non-Functional,10209.93
3938,5937,35,B-007516,Pending Construction,18438.98
3939,6104,19,B-007728,Non-Functional,6576.52
3940,15620,7,B-019720,Pending Construction,21770.65
3941,932,18,B-001195,Functional,12871.35
3942,9293,22,B-011750,Functional,21502.78
3943,12133,24,B-015343,Pending Construction,16693.27
3944,2954,26,B-003754,Non-Functional,5432.75
3945,13677,22,B-017316,Pending Construction,7762.7
3946,8574,34,B-010827,Functional,19973.43
3947,1682,1,B-002175,Pending Construction,11371.84
3948,15563,16,B-019646,Pending Construction,6954.16
3949,736,11,B-000946,Pending Construction,11849.87
3950,3323,3,B-004248,Functional,12589.9
3951,1944,19,B-002491,Pending Construction,13926.58
3952,15355,13,B-019393,Functional,11616.17
3953,5711,24,B-007240,Functional,23357.45
3954,14050,11,B-017770,Functional,17002.77
3955,14490,4,B-018322,Pending Construction,15676.47
3956,7422,1,B-009376,Non-Functional,23605.71
3957,4966,4,B-006325,Pending Construction,23143.05
3958,11481,24,B-014519,Non-Functional,11433.25
3959,8498,16,B-010741,Non-Functional,5895.16
3960,10749,2,B-013626,Functional,10672.38
3961,4827,7,B-006156,Pending Construction,9926.82
3962,12552,25,B-015884,Pending Construction,19159.45
3963,3175,25,B-004063,Non-Functional,
3964,3013,5,B-003829,Pending Construction,21100.68
3965,13290,5,B-016819,Functional,9129.17
3966,5131,24,B-006531,Functional,
3967,5283,20,B-006725,Non-Functional,17083.58
3968,1809,33,B-002328,Pending Construction,11944.68
3969,221,8,B-000297,Functional,24765.84
3970,4765,33,B-006078,Functional,
3971,1842,17,B-002370,Pending Construction,5534.43
3972,4706,21,B-006006,Non-Functional,11163.73
3973,4876,5,B-006221,Non-Functional,12299.28
3974,1957,15,B-002511,Non-Functional,10189.12
3975,1611,20,B-002082,Non-Functional,21309.16
3976,12249,16,B-015487,Functional,9019.22
3977,9532,11,B-012061,Functional,22898.27
3978,14925,1,B-018863,Non-Functional,14536.15
3979,11517,20,B-014563,Non-Functional,17648.75
3980,11014,9,B-013959,Non-Functional,18626.31
3981,5115,35,B-006514,Non-Functional,12624.63
3982,4275,19,B-005458,Pending Construction,24007.81
3983,1024,12,B-001313,Pending Construction,
3984,4345,32,B-005541,Functional,21113.34
3985,11656,13,B-014741,Non-Functional,19979.68
3986,3053,8,B-003879,Functional,6980.95
3987,11110,28,B-014075,Functional,24263.72
3988,8446,28,B-010675,Functional,
3989,7981,13,B-010082,Non-Functional,10693.85
3990,6293,10,B-007962,Non-Functional,21645.05
3991,1797,18,B-002316,Functional,14997.57
3992,6633,7,B-008388,Non-Functional,13539.67
3993,762,17,B-000981,Non-Functional,17659.1
3994,5425,26,B-006892,Non-Functional,17751.6
3995,8471,27,B-010707,Pending Construction,11791.85
3996,1170,17,B-001499,Non-Functional,7359.68
3997,4524,1,B-005770,Non-Functional,20704.02
3998,14077,17,B-017803,Functional,20716.43
3999,9688,6,B-012264,Pending Construction,14424.84
4000,14662,7,B-018527,Pending Construction,24567.13
4001,1347,5,B-001739,Pending Construction,19268.01
4002,4950,5,B-006306,Functional,19974.26
4003,7268,20,B-009176,Pending Construction,9652.82
4004,5448,30,B-006921,Functional,9884.11
4005,5341,6,B-006789,Functional,11913.8
4006,1449,7,B-001872,Non-Functional,23999.92
4007,8907,16,B-011250,Non-Functional,22540.74
4008,12686,13,B-016053,Functional,19990.92
4009,11198,31,B-014181,Pending Construction,15747.39
4010,12662,24,B-016026,Pending Construction,15735.31
4011,13776,18,B-017434,Functional,8564.04
4012,4509,26,B-005753,Non-Functional,16376.73
4013,8647,24,B-010920,Pending Construction,20508.74
4014,4768,13,B-006084,Non-Functional,11372.93
4015,10174,32,B-012877,Non-Functional,
4016,8849,22,B-011183,Functional,23198.75
4017,9425,16,B-011922,Non-Functional,10587.63
4018,13560,21,B-017167,Functional,22540.46
4019,2062,28,B-002635,Functional,9387.94
4020,7331,32,B-009258,Pending Construction,9373.62
4021,3730,31,B-004757,Functional,21901.64
4022,475,11,B-000618,Functional,20667.74
4023,5335,8,B-006783,Functional,6435.68
4024,1940,18,B-002485,Functional,16875.3
4025,9730,12,B-012314,Pending Construction,21967.05
4026,8171,15,B-010323,Non-Functional,
4027,6529,27,B-008254,Pending Construction,16335.71
4028,7888,1,B-009965,Pending Construction,5902.57
4029,13374,33,B-016923,Functional,21847.8
4030,10793,31,B-013677,Functional,18086.6
4031,12235,24,B-015471,Non-Functional,20985.52
4032,11001,10,B-013943,Functional,21124.08
4033,14484,22,B-018313,Pending Construction,8721.92
4034,1782,18,B-002298,Non-Functional,17380.29
4035,10062,11,B-012736,Pending Construction,17272.9
4036,3394,24,B-004341,Pending Construction,12505.87
4037,13443,6,B-017017,Non-Functional,5713.09
4038,9884,22,B-012509,Non-Functional,5670.66
4039,418,11,B-000547,Functional,24903.27
4040,10257,25,B-012985,Pending Construction,
4041,3437,2,B-004390,Non-Functional,20885.14
4042,1931,34,B-002472,Non-Functional,23484.23
4043,13951,10,B-017649,Functional,
4044,9231,22,B-011668,Pending Construction,17021.37
4045,11519,3,B-014565,Pending Construction,18735.22
4046,12541,24,B-015871,Functional,11353.9
4047,13127,35,B-016618,Functional,8986.13
4048,3938,18,B-005020,Functional,15669.56
4049,7866,4,B-009935,Functional,10209.12
4050,6316,9,B-007988,Functional,22315.94
4051,3400,19,B-004348,Pending Construction,13700.58
4052,5262,26,B-006700,Pending Construction,24143.02
4053,2691,28,B-003406,Functional,14983.52
4054,9827,12,B-012439,Non-Functional,18307.14
4055,3409,23,B-004359,Pending Construction,5985.38
4056,7440,18,B-009395,Functional,15949.9
4057,15292,16,B-019311,Functional,21515.14
4058,4025,12,B-005130,Pending Construction,11473.97
4059,13502,13,B-017089,Pending Construction,9166.92
4060,4209,14,B-005377,Functional,23428.77
4061,3119,14,B-003979,Functional,18837.31
4062,5918,4,B-007491,Functional,7498.71
4063,3635,19,B-004636,Pending Construction,6683.36
4064,7366,17,B-009300,Non-Functional,14691.34
4065,4255,31,B-005432,Pending Construction,24537.43
4066,11392,3,B-014412,Pending Construction,15012.86
4067,1591,18,B-002057,Non-Functional,13026.37
4068,4786,17,B-006105,Functional,6364.24
4069,2412,7,B-003056,Non-Functional,21637.45
4070,10913,16,B-013830,Non-Functional,21385.74
4071,11387,27,B-014407,Functional,11004.03
4072,13885,4,B-017567,Functional,22933.44
4073,12690,27,B-016058,Functional,19827.81
4074,4381,6,B-005588,Pending Construction,9088.18
4075,5561,33,B-007061,Pending Construction,19811.57
4076,162,4,B-000211,Pending Construction,23554.88
4077,6628,9,B-008383,Functional,
4078,15491,19,B-019560,Functional,15717.84
4079,15186,4,B-019172,Pending Construction,22570.38
4080,6332,16,B-008005,Non-Functional,8168.97
4081,8883,13,B-011220,Pending Construction,24565.58
4082,8548,3,B-010797,Non-Functional,24221.53
4083,32,19,B-000045,Functional,15443.58
4084,6296,20,B-007965,Non-Functional,16885.68
4085,14237,3,B-018011,Pending Construction,9328.8
4086,1104,20,B-001419,Functional,7423.57
4087,1395,6,B-001803,Functional,14911.45
4088,5992,32,B-007594,Pending Construction,15484.61
4089,11991,4,B-015159,Functional,5660.18
4090,5067,20,B-006454,Pending Construction,
4091,2696,2,B-003412,Non-Functional,15353.2
4092,14456,15,B-018280,Pending Construction,18018.58
4093,2650,35,B-003360,Pending Construction,9988.38
4094,13964,5,B-017664,Pending Construction,20520.86
4095,14238,2,B-018012,Non-Functional,14448.0
4096,9671,9,B-012239,Non-Functional,20762.3
4097,4862,20,B-006205,Pending Construction,21828.96
4098,1277,11,B-001650,Pending Construction,5879.15
4099,15070,13,B-019033,Non-Functional,20798.9
4100,8510,19,B-010754,Non-Functional,21386.75
4101,14393,32,B-018205,Non-Functional,8238.32
4102,828,18,B-001063,Pending Construction,11532.31
4103,4728,11,B-006032,Pending Construction,9779.92
4104,847,26,B-001085,Non-Functional,8143.29
4105,4320,8,B-005510,Non-Functional,15224.61
4106,13343,35,B-016884,Non-Functional,12375.87
4107,11863,24,B-015001,Pending Construction,22975.68
4108,15530,21,B-019606,Non-Functional,23700.77
4109,6194,31,B-007840,Pending Construction,17968.16
4110,1846,7,B-002375,Functional,
4111,7105,3,B-008979,Non-Functional,6547.35
4112,13619,29,B-017236,Functional,14168.34
4113,11498,22,B-014538,Pending Construction,10734.04
4114,1144,7,B-001468,Functional,11829.27
4115,15173,26,B-019155,Non-Functional,20509.68
4116,7394,35,B-009342,Non-Functional,7868.76
4117,11831,21,B-014957,Non-Functional,5076.7
4118,4119,33,B-005248,Pending Construction,20144.98
4119,11650,20,B-014734,Non-Functional,23310.76
4120,6682,32,B-008457,Pending Construction,18629.38
4121,4651,28,B-005938,Non-Functional,23933.21
4122,15141,7,B-019116,Pending Construction,17093.86
4123,10326,14,B-013072,Pending Construction,15788.86
4124,9873,19,B-012495,Pending Construction,5155.82
4125,8775,29,B-011096,Non-Functional,16798.85
4126,2711,11,B-003429,Functional,
4127,248,32,B-000328,Functional,19924.93
4128,283,28,B-000371,Functional,22052.08
4129,923,4,B-001182,Pending Construction,16250.98
4130,7391,19,B-009339,Pending Construction,13634.22
4131,7139,3,B-009018,Non-Functional,5592.55
4132,2717,9,B-003438,Functional,10120.24
4133,5169,10,B-006586,Pending Construction,18582.8
4134,15659,12,B-019766,Functional,5619.52
4135,11374,3,B-014393,Non-Functional,13689.8
4136,14692,5,B-018565,Functional,6854.25
4137,5651,18,B-007174,Functional,15770.26
4138,12809,21,B-016206,Pending Construction,16202.11
4139,5064,19,B-006449,Functional,21958.41
4140,15654,25,B-019760,Pending Construction,7059.51
4141,15415,12,B-019468,Pending Construction,16416.63
4142,11335,32,B-014351,Non-Functional,
4143,413,18,B-000541,Functional,18993.36
4144,12655,18,B-016017,Non-Functional,16879.23
4145,6638,15,B-008395,Pending Construction,12381.57
4146,7748,5,B-009782,Pending Construction,
4147,3830,29,B-004882,Non-Functional,24432.62
4148,4720,13,B-006022,Pending Construction,8145.01
4149,15588,30,B-019677,Functional,17672.75
4150,15752,21,B-019883,Pending Construction,17153.62
4151,15844,4,B-019998,Functional,17738.92
4152,983,17,B-001264,Functional,17760.71
4153,5253,32,B-006690,Functional,23055.7
4154,384,13,B-000509,Non-Functional,21449.44
4155,13095,10,B-016579,Functional,9239.02
4156,879,20,B-001124,Functional,20730.53
4157,12928,16,B-016360,Pending Construction,13559.75
4158,12576,4,B-015913,Pending Construction,5660.8
4159,9163,30,B-011578,Pending Construction,10615.43
4160,10456,11,B-013241,Non-Functional,8520.63
4161,7986,12,B-010093,Non-Functional,
4162,9862,6,B-012482,Non-Functional,15356.77
4163,3565,12,B-004545,Pending Construction,9031.39
4164,7906,4,B-009991,Pending Construction,20732.02
4165,9621,22,B-012178,Non-Functional,19194.87
4166,15420,34,B-019473,Functional,24578.32
4167,6782,7,B-008580,Pending Construction,
4168,2257,34,B-002869,Non-Functional,19238.46
4169,2486,11,B-003156,Pending Construction,9292.34
4170,2028,26,B-002594,Non-Functional,23148.98
4171,9117,5,B-011522,Functional,
4172,13327,15,B-016862,Functional,14515.38
4173,5859,3,B-007420,Non-Functional,16094.96
4174,12388,27,B-015672,Functional,19737.45
4175,11542,10,B-014597,Pending Construction,9605.44
4176,15703,9,B-019819,Pending Construction,12368.63
4177,4497,9,B-005739,Non-Functional,9806.88
4178,7870,5,B-009941,Functional,11711.91
4179,9515,9,B-012041,Non-Functional,10181.73
4180,13586,6,B-017200,Functional,
4181,4467,11,B-005696,Pending Construction,12708.89
4182,13239,24,B-016752,Functional,9761.54
4183,3293,29,B-004208,Non-Functional,24829.02
4184,6251,17,B-007909,Functional,6730.91
4185,15741,8,B-019871,Pending Construction,10841.17
4186,6275,13,B-007943,Pending Construction,17355.24
4187,4406,29,B-005622,Non-Functional,
4188,6942,25,B-008783,Functional,11391.33
4189,3884,23,B-004953,Non-Functional,
4190,8527,31,B-010772,Pending Construction,23798.84
4191,5681,2,B-007205,Functional,16796.71
4192,13051,1,B-016524,Pending Construction,10994.64
4193,956,14,B-001228,Non-Functional,5288.94
4194,7511,30,B-009478,Non-Functional,15855.96
4195,9867,3,B-012489,Pending Construction,6269.83
4196,14369,8,B-018171,Functional,21032.67
4197,6827,18,B-008632,Functional,17435.33
4198,13649,14,B-017275,Functional,
4199,7121,19,B-008997,Non-Functional,21719.9
4200,1331,20,B-001714,Functional,9833.81
4201,1182,17,B-001516,Pending Construction,11447.73
4202,400,24,B-000528,Functional,10660.98
4203,13261,6,B-016777,Pending Construction,21666.45
4204,327,2,B-000429,Non-Functional,20496.38
4205,9205,29,B-011634,Non-Functional,23714.84
4206,7797,28,B-009842,Non-Functional,24190.35
4207,154,35,B-000202,Non-Functional,24558.98
4208,9894,28,B-012523,Functional,
4209,8634,28,B-010899,Pending Construction,20657.77
4210,3935,34,B-005016,Non-Functional,11755.9
4211,13116,13,B-016604,Pending Construction,23645.4
4212,3184,32,B-004074,Functional,11137.25
4213,15827,15,B-019978,Pending Construction,14949.49
4214,768,23,B-000990,Non-Functional,13349.13
4215,13681,26,B-017320,Functional,17427.89
4216,4910,4,B-006259,Non-Functional,9602.77
4217,11894,8,B-015041,Functional,12228.84
4218,14097,6,B-017830,Functional,8132.91
4219,13336,9,B-016873,Pending Construction,14425.19
4220,7938,5,B-010028,Non-Functional,17890.95
4221,11308,12,B-014316,Functional,24932.87
4222,13094,18,B-016578,Non-Functional,
4223,12017,2,B-015192,Non-Functional,24780.02
4224,5795,1,B-007347,Pending Construction,
4225,13767,1,B-017425,Pending Construction,7240.94
4226,5763,6,B-007303,Functional,22965.09
4227,2385,27,B-003023,Non-Functional,18679.57
4228,14436,5,B-018259,Pending Construction,12284.46
4229,8971,16,B-011332,Pending Construction,14573.41
4230,2230,13,B-002838,Pending Construction,21548.57
4231,15542,24,B-019619,Pending Construction,24603.55
4232,1240,18,B-001597,Pending Construction,5212.59
4233,5907,21,B-007478,Non-Functional,22225.51
4234,14273,10,B-018052,Pending Construction,21206.67
4235,6278,17,B-007946,Functional,16055.58
4236,6230,29,B-007883,Functional,5779.13
4237,8042,3,B-010161,Non-Functional,16469.58
4238,10954,1,B-013882,Non-Functional,18464.45
4239,15021,28,B-018977,Pending Construction,11977.53
4240,3055,14,B-003883,Functional,20836.44
4241,9149,25,B-011556,Functional,11346.88
4242,2869,16,B-003636,Functional,14393.96
4243,5074,14,B-006463,Functional,22518.24
4244,5722,17,B-007255,Non-Functional,11090.32
4245,10475,31,B-013264,Non-Functional,23032.12
4246,15422,26,B-019476,Functional,7853.61
4247,1123,9,B-001443,Pending Construction,20858.84
4248,1399,3,B-001808,Pending Construction,19000.0
4249,8795,26,B-011120,Functional,13500.79
4250,6481,7,B-008190,Non-Functional,5677.7
4251,7618,8,B-009614,Pending Construction,9151.73
4252,9023,8,B-011400,Functional,14365.77
4253,5390,22,B-006850,Pending Construction,13251.03
4254,1465,12,B-001897,Pending Construction,
4255,5239,10,B-006674,Non-Functional,15398.29
4256,9155,16,B-011564,Pending Construction,15856.52
4257,13933,31,B-017628,Non-Functional,12005.64
4258,5713,8,B-007244,Pending Construction,5707.6
4259,5556,8,B-007053,Non-Functional,12214.23
4260,4834,25,B-006166,Non-Functional,17940.0
4261,6151,25,B-007787,Non-Functional,16626.97
4262,8952,17,B-011305,Functional,
4263,1337,11,B-001726,Non-Functional,10472.73
4264,4579,18,B-005853,Pending Construction,17594.79
4265,11479,2,B-014516,Pending Construction,11936.89
4266,10238,5,B-012962,Non-Functional,17239.39
4267,6096,16,B-007720,Non-Functional,11032.19
4268,1350,12,B-001743,Pending Construction,10776.58
4269,10424,31,B-013204,Pending Construction,20117.17
4270,6718,14,B-008501,Non-Functional,9067.42
4271,5946,28,B-007527,Functional,8461.26
4272,1515,30,B-001965,Pending Construction,9891.81
4273,7292,22,B-009209,Functional,17590.34
4274,10225,13,B-012943,Functional,11034.66
4275,1807,12,B-002326,Non-Functional,23297.71
4276,574,14,B-000747,Pending Construction,6389.59
4277,1532,25,B-001985,Functional,7913.57
4278,5706,9,B-007235,Pending Construction,16534.06
4279,13871,3,B-017549,Non-Functional,19667.52
4280,14681,32,B-018552,Functional,6441.7
4281,10355,16,B-013113,Non-Functional,13275.46
4282,6649,15,B-008413,Pending Construction,12782.84
4283,12378,33,B-015658,Functional,9746.89
4284,12715,30,B-016087,Pending Construction,17462.35
4285,6286,2,B-007954,Non-Functional,22201.29
4286,4324,14,B-005514,Pending Construction,22584.73
4287,12557,35,B-015890,Non-Functional,19622.02
4288,6349,3,B-008027,Pending Construction,24404.85
4289,4197,20,B-005357,Functional,17813.63
4290,3867,29,B-004931,Non-Functional,23604.19
4291,4042,24,B-005152,Functional,11618.0
4292,7666,12,B-009680,Functional,12908.73
4293,4823,33,B-006151,Pending Construction,
4294,1086,32,B-001395,Pending Construction,19599.49
4295,11507,18,B-014549,Non-Functional,
4296,8764,17,B-011077,Pending Construction,19134.41
4297,15098,23,B-019066,Non-Functional,7966.59
4298,601,22,B-000784,Non-Functional,
4299,2024,5,B-002588,Functional,15596.92
4300,2168,34,B-002765,Non-Functional,21167.62
4301,6415,32,B-008106,Functional,10905.9
4302,12068,9,B-015252,Functional,18110.67
4303,7772,10,B-009811,Pending Construction,7379.67
4304,3150,30,B-004030,Non-Functional,9395.97
4305,3837,11,B-004891,Functional,9268.7
4306,15199,27,B-019189,Non-Functional,22523.97
4307,5484,20,B-006965,Non-Functional,21578.29
4308,6108,19,B-007736,Functional,22915.97
4309,11786,16,B-014901,Functional,17473.28
4310,3885,28,B-004954,Non-Functional,10880.12
4311,6738,14,B-008531,Pending Construction,16399.56
4312,8968,5,B-011329,Non-Functional,7858.11
4313,6876,5,B-008696,Non-Functional,
4314,4194,12,B-005353,Functional,14467.93
4315,1456,8,B-001882,Functional,18398.61
4316,7052,14,B-008909,Non-Functional,11100.92
4317,6606,13,B-008355,Non-Functional,13021.33
4318,4505,26,B-005747,Pending Construction,18428.82
4319,14002,22,B-017710,Functional,13833.62
4320,2429,23,B-003074,Pending Construction,14576.03
4321,12282,12,B-015529,Pending Construction,7283.28
4322,4931,22,B-006282,Non-Functional,8016.12
4323,2864,35,B-003631,Pending Construction,15830.2
4324,5429,13,B-006899,Pending Construction,19278.16
4325,11537,24,B-014590,Pending Construction,14615.86
4326,12150,16,B-015363,Pending Construction,10835.36
4327,13174,34,B-016676,Pending Construction,6188.04
4328,990,15,B-001273,Non-Functional,9092.27
4329,2766,22,B-003504,Functional,
4330,6372,15,B-008053,Non-Functional,
4331,12900,5,B-016324,Non-Functional,
4332,12535,28,B-015862,Pending Construction,7162.12
4333,7927,13,B-010016,Functional,18239.87
4334,13300,4,B-016829,Functional,24296.53
4335,11512,2,B-014556,Pending Construction,20710.21
4336,1276,24,B-001648,Pending Construction,17210.6
4337,1230,28,B-001586,Non-Functional,24734.21
4338,6363,12,B-008042,Non-Functional,9237.76
4339,15376,13,B-019422,Pending Construction,13239.02
4340,10175,12,B-012878,Pending Construction,6858.79
4341,2560,17,B-003250,Pending Construction,12894.85
4342,10539,6,B-013348,Pending Construction,6741.86
4343,4049,10,B-005159,Pending Construction,24676.9
4344,12863,35,B-016279,Functional,5646.61
4345,14585,5,B-018433,Non-Functional,9493.27
4346,10295,24,B-013034,Non-Functional,24944.52
4347,14576,5,B-018424,Functional,14687.48
4348,2996,3,B-003808,Functional,17749.4
4349,4889,26,B-006235,Non-Functional,5126.39
4350,7396,5,B-009344,Functional,13579.36
4351,2698,33,B-003414,Pending Construction,13999.59
4352,3289,3,B-004202,Non-Functional,11366.22
4353,6227,6,B-007879,Non-Functional,10095.2
4354,9160,31,B-011574,Functional,19041.44
4355,7414,23,B-009365,Non-Functional,12340.63
4356,8742,32,B-011045,Pending Construction,7658.83
4357,15638,19,B-019742,Pending Construction,19028.17
4358,3406,16,B-004354,Non-Functional,18405.74
4359,3200,16,B-004098,Non-Functional,
4360,627,26,B-000816,Functional,13731.42
4361,15093,5,B-019061,Non-Functional,7510.11
4362,2512,18,B-003184,Non-Functional,19100.11
4363,2654,26,B-003364,Pending Construction,21766.28
4364,15124,6,B-019096,Pending Construction,23537.39
4365,5385,32,B-006845,Pending Construction,17234.33
4366,11465,13,B-014497,Pending Construction,17763.04
4367,5869,11,B-007432,Pending Construction,16707.81
4368,13737,22,B-017387,Non-Functional,16329.44
4369,2174,14,B-002772,Functional,9504.6
4370,12640,7,B-015999,Functional,14217.7
4371,1294,21,B-001670,Pending Construction,14158.1
4372,9068,13,B-011459,Pending Construction,7039.21
4373,2609,3,B-003311,Functional,20623.58
4374,12166,16,B-015381,Pending Construction,12928.63
4375,11071,23,B-014033,Pending Construction,12138.22
4376,15624,5,B-019724,Functional,19262.58
4377,15570,7,B-019654,Pending Construction,16766.3
4378,875,28,B-001118,Pending Construction,14263.48
4379,14202,8,B-017964,Functional,23282.03
4380,11304,1,B-014311,Non-Functional,12854.07
4381,14865,13,B-018789,Non-Functional,5552.79
4382,4135,34,B-005269,Pending Construction,6123.66
4383,2354,19,B-002988,Functional,6889.31
4384,2439,20,B-003089,Non-Functional,23022.12
4385,8128,32,B-010264,Non-Functional,16405.4
4386,11644,33,B-014724,Pending Construction,17358.69
4387,2777,11,B-003519,Pending Construction,13548.4
4388,1044,15,B-001336,Functional,21860.51
4389,7807,4,B-009854,Functional,
4390,14654,7,B-018518,Pending Construction,5016.36
4391,6403,30,B-008092,Functional,20448.55
4392,9086,4,B-011483,Functional,16891.99
4393,2220,16,B-002827,Pending Construction,18968.92
4394,13324,1,B-016858,Functional,23597.93
4395,7673,31,B-009689,Functional,7431.19
4396,6055,15,B-007670,Non-Functional,
4397,7,21,B-000012,Functional,16239.23
4398,1481,12,B-001920,Functional,
4399,12056,28,B-015240,Functional,23766.36
4400,404,32,B-000532,Pending Construction,5606.35
4401,3193,8,B-004087,Non-Functional,14040.62
4402,9922,14,B-012557,Functional,16337.86
4403,8623,15,B-010884,Pending Construction,11453.5
4404,3044,14,B-003869,Non-Functional,8028.25
4405,11136,19,B-014106,Functional,17981.35
4406,11522,24,B-014570,Non-Functional,16647.21
4407,13206,26,B-016713,Pending Construction,
4408,7363,6,B-009297,Functional,15725.14
4409,3914,14,B-004991,Pending Construction,21083.56
4410,7107,21,B-008981,Non-Functional,
4411,12542,33,B-015873,Non-Functional,9462.32
4412,14860,9,B-018780,Functional,14487.2
4413,6154,12,B-007791,Pending Construction,
4414,2536,28,B-003215,Non-Functional,11495.61
4415,5160,25,B-006574,Pending Construction,23258.36
4416,12562,9,B-015897,Pending Construction,9370.22
4417,66,28,B-000093,Pending Construction,
4418,1011,6,B-001299,Non-Functional,
4419,7089,22,B-008956,Pending Construction,7529.83
4420,623,9,B-000812,Pending Construction,22143.82
4421,1460,28,B-001890,Functional,8344.76
4422,7860,9,B-009928,Non-Functional,
4423,9026,2,B-011403,Non-Functional,9762.02
4424,14936,5,B-018874,Functional,10096.53
4425,1836,3,B-002363,Non-Functional,16736.08
4426,1990,5,B-002548,Functional,23465.94
4427,5254,9,B-006692,Pending Construction,9536.31
4428,11546,23,B-014602,Pending Construction,24583.78
4429,158,1,B-000206,Non-Functional,8716.65
4430,8718,16,B-011016,Non-Functional,13677.55
4431,10847,26,B-013745,Non-Functional,5788.33
4432,9705,6,B-012284,Pending Construction,12823.44
4433,7182,25,B-009072,Pending Construction,24476.34
4434,14688,10,B-018560,Pending Construction,12853.65
4435,9099,16,B-011499,Pending Construction,18931.66
4436,7535,15,B-009510,Functional,24215.77
4437,12975,27,B-016417,Functional,12995.71
4438,8933,34,B-011282,Non-Functional,17967.24
4439,9121,33,B-011526,Non-Functional,14506.51
4440,11534,10,B-014586,Functional,22144.4
4441,7646,10,B-009660,Non-Functional,8352.04
4442,12258,7,B-015496,Non-Functional,
4443,9591,32,B-012136,Pending Construction,11351.16
4444,7184,6,B-009075,Pending Construction,12682.16
4445,4715,31,B-006015,Pending Construction,
4446,1371,30,B-001772,Functional,5977.17
4447,6694,5,B-008470,Non-Functional,10229.84
4448,12188,13,B-015411,Functional,19555.35
4449,5644,14,B-007166,Pending Construction,13719.97
4450,10227,12,B-012945,Non-Functional,23969.83
4451,5821,8,B-007378,Functional,16164.78
4452,9820,30,B-012430,Non-Functional,16669.22
4453,5000,2,B-006364,Functional,24817.41
4454,5190,18,B-006617,Non-Functional,9350.49
4455,11443,31,B-014473,Functional,22708.97
4456,6314,12,B-007986,Functional,15584.01
4457,3864,12,B-004927,Functional,24467.25
4458,7407,19,B-009357,Functional,8028.31
4459,8246,19,B-010417,Functional,15736.39
4460,4281,17,B-005465,Functional,6016.32
4461,14888,33,B-018818,Functional,9293.16
4462,2779,13,B-003521,Non-Functional,15053.89
4463,3471,4,B-004439,Pending Construction,11649.41
4464,9707,9,B-012287,Functional,12071.91
4465,7877,30,B-009951,Pending Construction,19307.78
4466,14627,2,B-018486,Non-Functional,16024.02
4467,4397,15,B-005611,Functional,20217.94
4468,10309,20,B-013052,Non-Functional,9137.26
4469,8089,20,B-010218,Non-Functional,22032.99
4470,13432,35,B-017003,Non-Functional,18244.96
4471,11015,19,B-013960,Non-Functional,20586.26
4472,1749,19,B-002254,Non-Functional,21048.72
4473,5933,13,B-007512,Functional,
4474,12836,14,B-016239,Non-Functional,
4475,15135,15,B-019108,Functional,21225.16
4476,8215,34,B-010374,Pending Construction,5157.88
4477,2860,25,B-003624,Non-Functional,18996.65
4478,1700,24,B-002198,Non-Functional,24169.9
4479,14451,24,B-018274,Non-Functional,15702.84
4480,5929,19,B-007506,Pending Construction,9262.38
4481,15386,9,B-019433,Pending Construction,9966.41
4482,5428,3,B-006898,Non-Functional,12574.54
4483,8808,35,B-011133,Functional,20296.95
4484,9078,18,B-011473,Non-Functional,11835.12
4485,7125,18,B-009003,Functional,16909.63
4486,15544,2,B-019622,Pending Construction,
4487,2829,5,B-003585,Pending Construction,5997.05
4488,15462,11,B-019523,Pending Construction,24592.6
4489,2116,26,B-002704,Pending Construction,15055.47
4490,8929,18,B-011277,Functional,8999.7
4491,5220,23,B-006651,Non-Functional,22742.0
4492,6961,16,B-008803,Pending Construction,16403.95
4493,7147,22,B-009031,Pending Construction,20520.78
4494,9750,3,B-012341,Pending Construction,11049.66
4495,14744,29,B-018634,Pending Construction,6446.45
4496,2214,16,B-002817,Non-Functional,24423.1
4497,1538,35,B-001991,Functional,5787.65
4498,9222,10,B-011655,Functional,19231.77
4499,7468,5,B-009430,Non-Functional,6908.98
4500,9472,15,B-011982,Non-Functional,
4501,13709,14,B-017354,Pending Construction,
4502,14650,35,B-018514,Functional,5060.36
4503,15536,16,B-019612,Non-Functional,20031.14
4504,12360,10,B-015631,Non-Functional,10564.72
4505,1489,22,B-001928,Functional,17226.23
4506,9613,32,B-012165,Non-Functional,18279.6
4507,815,14,B-001048,Non-Functional,19115.4
4508,260,28,B-000341,Non-Functional,15012.24
4509,5009,33,B-006375,Functional,12187.87
4510,12442,32,B-015744,Pending Construction,19018.11
4511,10173,21,B-012876,Functional,
4512,4389,16,B-005600,Pending Construction,10131.92
4513,15594,24,B-019683,Functional,21257.13
4514,8400,11,B-010612,Functional,7621.6
4515,11007,32,B-013950,Functional,6303.46
4516,12965,5,B-016407,Functional,
4517,6965,11,B-008807,Pending Construction,21700.77
4518,11485,12,B-014523,Pending Construction,21609.49
4519,2321,21,B-002944,Functional,12487.81
4520,4490,18,B-005728,Functional,15353.37
4521,9193,30,B-011620,Pending Construction,10391.62
4522,12277,21,B-015521,Non-Functional,22102.18
4523,12760,17,B-016146,Functional,
4524,8777,5,B-011098,Non-Functional,
4525,5100,16,B-006495,Non-Functional,24987.88
4526,15195,34,B-019185,Pending Construction,
4527,15520,4,B-019594,Pending Construction,6006.57
4528,5969,16,B-007556,Non-Functional,18191.47
4529,11605,33,B-014679,Pending Construction,10078.7
4530,6112,9,B-007741,Non-Functional,20273.55
4531,3682,18,B-004696,Non-Functional,10638.55
4532,4254,8,B-005431,Non-Functional,11847.61
4533,5413,33,B-006877,Pending Construction,9575.04
4534,4131,27,B-005261,Functional,8911.92
4535,8737,18,B-011039,Non-Functional,7309.14
4536,6543,11,B-008270,Non-Functional,21312.95
4537,10164,26,B-012866,Non-Functional,
4538,10883,20,B-013792,Non-Functional,20524.09
4539,12745,5,B-016126,Non-Functional,5989.69
4540,7322,5,B-009248,Pending Construction,7200.7
4541,5312,23,B-006758,Pending Construction,12306.24
4542,15660,31,B-019767,Non-Functional,5465.7
4543,12580,32,B-015918,Non-Functional,13686.3
4544,15810,23,B-019955,Non-Functional,18286.04
4545,10148,3,B-012846,Non-Functional,8582.39
4546,11555,15,B-014612,Pending Construction,7596.42
4547,9562,23,B-012096,Pending Construction,21427.29
4548,8459,29,B-010692,Functional,9400.37
4549,2657,3,B-003367,Pending Construction,21675.72
4550,4460,28,B-005688,Functional,15564.79
4551,13954,8,B-017652,Pending Construction,7886.31
4552,2599,24,B-003300,Non-Functional,19576.47
4553,12169,1,B-015385,Non-Functional,18332.78
4554,12619,13,B-015976,Pending Construction,9614.69
4555,3225,34,B-004129,Functional,15738.37
4556,7146,26,B-009029,Functional,7016.43
4557,13525,15,B-017119,Non-Functional,17408.66
4558,5740,35,B-007278,Non-Functional,12737.16
4559,12698,10,B-016067,Non-Functional,21045.64
4560,8097,17,B-010226,Functional,5363.23
4561,9466,30,B-011974,Functional,15357.17
4562,4794,17,B-006114,Non-Functional,17248.59
4563,2141,4,B-002734,Pending Construction,
4564,14815,21,B-018724,Non-Functional,19979.77
4565,2491,1,B-003161,Pending Construction,5357.24
4566,5481,15,B-006961,Functional,6873.99
4567,7680,34,B-009699,Functional,22091.09
4568,9138,19,B-011544,Pending Construction,10616.45
4569,7867,9,B-009937,Pending Construction,20618.21
4570,5856,17,B-007416,Pending Construction,18903.17
4571,12061,6,B-015245,Non-Functional,19479.4
4572,9521,24,B-012048,Functional,14669.21
4573,1193,11,B-001528,Functional,13725.2
4574,14991,23,B-018943,Non-Functional,9725.68
4575,10856,25,B-013758,Functional,13817.25
4576,14312,1,B-018101,Functional,24091.0
4577,4744,19,B-006051,Non-Functional,11877.98
4578,14928,29,B-018866,Pending Construction,17356.47
4579,11515,20,B-014561,Non-Functional,18568.88
4580,15745,32,B-019875,Functional,20342.74
4581,2874,16,B-003642,Functional,23951.95
4582,11120,31,B-014087,Pending Construction,23112.6
4583,12917,34,B-016347,Functional,
4584,6378,26,B-008059,Pending Construction,19925.15
4585,8995,13,B-011363,Functional,
4586,1055,25,B-001350,Functional,
4587,6384,28,B-008065,Functional,23533.44
4588,5939,4,B-007520,Non-Functional,11579.65
4589,14795,14,B-018697,Pending Construction,
4590,12997,16,B-016445,Functional,
4591,11708,12,B-014807,Pending Construction,5575.4
4592,4845,11,B-006181,Non-Functional,8543.81
4593,7971,5,B-010069,Functional,12395.13
4594,1234,5,B-001590,Pending Construction,5923.89
4595,5045,18,B-006424,Pending Construction,12739.24
4596,11171,22,B-014149,Functional,19222.23
4597,14954,35,B-018898,Non-Functional,13101.63
4598,10535,14,B-013341,Non-Functional,16691.58
4599,4901,30,B-006247,Non-Functional,5580.73
4600,2335,5,B-002960,Non-Functional,9047.51
4601,2323,31,B-002946,Pending Construction,20405.64
4602,14972,30,B-018919,Functional,
4603,10544,15,B-013353,Functional,8987.83
4604,795,15,B-001024,Pending Construction,21761.72
4605,4377,24,B-005583,Pending Construction,17183.99
4606,8157,24,B-010304,Functional,14404.57
4607,13967,30,B-017667,Functional,17217.39
4608,15255,35,B-019268,Pending Construction,15438.03
4609,10655,17,B-013500,Functional,9778.59
4610,13426,23,B-016996,Functional,9178.04
4611,1416,32,B-001828,Pending Construction,16214.16
4612,4549,17,B-005808,Functional,23444.94
4613,7876,28,B-009947,Functional,5268.92
4614,7623,15,B-009620,Non-Functional,22803.54
4615,6506,17,B-008225,Pending Construction,21996.57
4616,8633,7,B-010898,Non-Functional,7559.32
4617,9725,3,B-012308,Non-Functional,16211.93
4618,439,31,B-000576,Pending Construction,
4619,8322,26,B-010510,Functional,16735.16
4620,10612,12,B-013437,Functional,17607.07
4621,13307,26,B-016838,Functional,15019.53
4622,13800,32,B-017464,Functional,24614.69
4623,15336,1,B-019368,Non-Functional,18082.29
4624,10042,14,B-012713,Pending Construction,18721.81
4625,1871,8,B-002403,Non-Functional,10724.45
4626,11988,21,B-015153,Pending Construction,5417.4
4627,2862,5,B-003627,Pending Construction,11005.79
4628,9569,31,B-012103,Non-Functional,6352.67
4629,10900,23,B-013812,Pending Construction,23150.39
4630,734,3,B-000943,Non-Functional,24969.23
4631,12955,2,B-016393,Pending Construction,16847.85
4632,2998,16,B-003810,Functional,16170.9
4633,8170,16,B-010322,Non-Functional,
4634,8526,25,B-010771,Non-Functional,10164.83
4635,8032,6,B-010148,Non-Functional,17736.31
4636,2693,22,B-003408,Pending Construction,5134.65
4637,9787,3,B-012390,Functional,16581.45
4638,13946,34,B-017643,Pending Construction,19345.71
4639,1203,24,B-001544,Pending Construction,6624.21
4640,316,19,B-000414,Functional,19703.87
4641,14621,13,B-018477,Non-Functional,8948.37
4642,4925,24,B-006275,Functional,8594.16
4643,10452,30,B-013237,Functional,16466.15
4644,9071,23,B-011463,Non-Functional,15465.87
4645,3224,11,B-004128,Pending Construction,23729.53
4646,2565,33,B-003256,Pending Construction,13171.67
4647,1387,28,B-001792,Pending Construction,20738.23
4648,6266,31,B-007928,Non-Functional,14423.62
4649,7819,18,B-009869,Pending Construction,17180.38
4650,8525,20,B-010770,Non-Functional,8592.93
4651,4731,19,B-006035,Functional,11888.93
4652,8899,33,B-011239,Non-Functional,7836.14
4653,6903,31,B-008733,Non-Functional,23788.23
4654,10172,26,B-012875,Pending Construction,18049.97
4655,1832,2,B-002358,Non-Functional,10423.73
4656,9290,34,B-011747,Functional,5647.0
4657,9851,29,B-012469,Functional,11042.88
4658,4474,14,B-005704,Functional,12829.57
4659,13084,30,B-016567,Pending Construction,13881.25
4660,11350,17,B-014367,Functional,21948.56
4661,11112,31,B-014078,Pending Construction,23560.92
4662,1827,27,B-002353,Functional,19561.89
4663,2322,8,B-002945,Pending Construction,20595.09
4664,15159,21,B-019139,Functional,11828.32
4665,9945,21,B-012587,Functional,7114.45
4666,13123,30,B-016614,Non-Functional,14043.06
4667,7343,31,B-009272,Pending Construction,14993.23
4668,857,35,B-001095,Functional,17757.85
4669,9558,3,B-012092,Non-Functional,6002.98
4670,11322,7,B-014334,Pending Construction,14706.05
4671,1440,18,B-001861,Non-Functional,17980.3
4672,13810,3,B-017475,Functional,16258.02
4673,8660,21,B-010937,Pending Construction,12908.51
4674,10049,30,B-012721,Non-Functional,6307.09
4675,6920,32,B-008756,Pending Construction,7875.41
4676,8895,6,B-011233,Non-Functional,6294.69
4677,3447,16,B-004405,Functional,9945.16
4678,10280,10,B-013016,Functional,
4679,651,18,B-000843,Non-Functional,22320.94
4680,12827,14,B-016230,Functional,17183.14
4681,14491,25,B-018323,Pending Construction,21270.27
4682,15490,7,B-019559,Pending Construction,13271.53
4683,1701,9,B-002199,Non-Functional,6609.09
4684,10568,15,B-013378,Functional,
4685,4624,21,B-005903,Functional,13634.9
4686,1881,27,B-002416,Non-Functional,7172.18
4687,391,23,B-000516,Non-Functional,20616.03
4688,12933,16,B-016367,Functional,23793.02
4689,3424,9,B-004375,Functional,13904.25
4690,15742,24,B-019872,Pending Construction,20537.55
4691,2481,3,B-003149,Functional,14853.73
4692,9643,33,B-012207,Non-Functional,11580.32
4693,3669,29,B-004680,Functional,16069.44
4694,5609,5,B-007121,Functional,13640.29
4695,12839,19,B-016244,Pending Construction,9247.24
4696,10615,6,B-013442,Pending Construction,14953.2
4697,6936,7,B-008776,Pending Construction,24620.49
4698,8415,10,B-010630,Functional,9096.7
4699,1584,18,B-002047,Non-Functional,8702.35
4700,14625,26,B-018483,Non-Functional,6518.05
4701,5221,16,B-006652,Functional,
4702,13813,25,B-017479,Functional,20032.29
4703,6831,27,B-008640,Non-Functional,9528.75
4704,12053,2,B-015237,Pending Construction,17179.29
4705,12727,34,B-016102,Functional,10900.83
4706,1628,8,B-002102,Non-Functional,
4707,10939,35,B-013863,Functional,22679.5
4708,4587,17,B-005861,Non-Functional,
4709,5114,11,B-006513,Functional,22931.06
4710,2785,29,B-003528,Non-Functional,10452.51
4711,5751,16,B-007291,Pending Construction,17087.11
4712,9177,19,B-011598,Pending Construction,17144.01
4713,7552,33,B-009532,Non-Functional,5290.04
4714,7633,7,B-009641,Pending Construction,23565.52
4715,5968,17,B-007555,Functional,23052.41
4716,9712,10,B-012294,Non-Functional,
4717,9883,34,B-012508,Pending Construction,11695.98
4718,11830,11,B-014956,Non-Functional,6073.45
4719,3041,11,B-003864,Non-Functional,11964.28
4720,6980,2,B-008828,Non-Functional,15897.86
4721,7174,35,B-009061,Functional,7326.47
4722,262,1,B-000343,Functional,
4723,10975,5,B-013907,Pending Construction,15787.88
4724,10944,6,B-013870,Non-Functional,14805.82
4725,4557,31,B-005819,Pending Construction,5026.35
4726,2158,24,B-002753,Pending Construction,16562.33
4727,13696,32,B-017336,Non-Functional,11141.25
4728,4404,30,B-005618,Functional,
4729,15404,34,B-019453,Pending Construction,22566.46
4730,69,27,B-000096,Pending Construction,22778.18
4731,7982,9,B-010086,Functional,10879.37
4732,9367,35,B-011854,Pending Construction,9152.54
4733,10093,30,B-012776,Functional,22500.28
4734,11896,4,B-015043,Pending Construction,10770.33
4735,5248,24,B-006683,Pending Construction,24760.34
4736,4472,8,B-005701,Pending Construction,17080.45
4737,12354,34,B-015624,Non-Functional,
4738,6990,16,B-008840,Pending Construction,11037.49
4739,4867,35,B-006211,Pending Construction,11861.28
4740,4067,33,B-005179,Functional,24490.57
4741,1436,17,B-001857,Pending Construction,
4742,7046,13,B-008903,Functional,5383.22
4743,8083,24,B-010210,Functional,13031.67
4744,238,11,B-000316,Functional,10190.59
4745,1594,34,B-002061,Functional,20982.63
4746,10072,20,B-012750,Functional,
4747,14629,4,B-018489,Pending Construction,9534.16
4748,12191,2,B-015416,Pending Construction,
4749,3718,18,B-004744,Non-Functional,6720.51
4750,5704,27,B-007233,Non-Functional,5157.77
4751,12361,8,B-015632,Non-Functional,9503.07
4752,2838,35,B-003594,Pending Construction,8416.0
4753,11091,16,B-014054,Pending Construction,18847.8
4754,2118,13,B-002707,Functional,10098.04
4755,11742,31,B-014846,Non-Functional,
4756,2833,12,B-003589,Non-Functional,21341.56
4757,6708,11,B-008485,Pending Construction,8350.02
4758,6897,7,B-008722,Functional,22773.23
4759,10705,18,B-013571,Non-Functional,10583.36
4760,5816,8,B-007373,Functional,13065.05
4761,5788,26,B-007335,Non-Functional,12075.8
4762,5450,13,B-006923,Functional,15248.37
4763,7457,3,B-009415,Pending Construction,22560.13
4764,3017,21,B-003835,Pending Construction,9133.49
4765,7645,5,B-009659,Pending Construction,15549.99
4766,15144,8,B-019119,Functional,
4767,8063,1,B-010186,Functional,14347.56
4768,6679,27,B-008453,Functional,15992.02
4769,724,26,B-000931,Functional,18416.83
4770,5062,19,B-006446,Non-Functional,20684.6
4771,6721,25,B-008504,Functional,12258.53
4772,14116,1,B-017852,Pending Construction,24297.09
4773,849,31,B-001087,Pending Construction,7969.83
4774,12348,35,B-015614,Functional,15842.16
4775,13820,8,B-017488,Functional,13739.78
4776,4671,2,B-005960,Non-Functional,
4777,13145,12,B-016638,Non-Functional,
4778,14730,35,B-018616,Pending Construction,7324.6
4779,11214,12,B-014202,Pending Construction,21857.89
4780,10778,20,B-013660,Functional,21462.84
4781,15190,35,B-019179,Pending Construction,23502.63
4782,59,22,B-000084,Functional,21582.06
4783,7387,15,B-009334,Functional,19187.93
4784,1546,18,B-002000,Functional,17047.53
4785,4649,29,B-005935,Non-Functional,5668.94
4786,7487,13,B-009451,Pending Construction,5212.78
4787,8689,5,B-010980,Non-Functional,
4788,2816,19,B-003568,Pending Construction,15154.65
4789,848,30,B-001086,Non-Functional,16451.55
4790,13345,33,B-016886,Functional,20042.08
4791,11516,28,B-014562,Pending Construction,10887.37
4792,3736,26,B-004765,Non-Functional,24124.73
4793,7831,18,B-009886,Non-Functional,5654.72
4794,8290,22,B-010467,Pending Construction,11949.37
4795,2504,9,B-003174,Functional,
4796,9381,18,B-011870,Non-Functional,24307.53
4797,5989,23,B-007590,Pending Construction,16061.63
4798,14835,12,B-018750,Pending Construction,22261.91
4799,12646,34,B-016008,Non-Functional,22137.56
4800,6878,11,B-008699,Non-Functional,9118.59
4801,4585,16,B-005859,Non-Functional,24861.92
4802,302,23,B-000398,Non-Functional,8717.15
4803,6073,20,B-007692,Functional,23582.18
4804,7805,7,B-009851,Pending Construction,18659.38
4805,660,12,B-000853,Functional,12718.37
4806,10513,33,B-013315,Pending Construction,5241.76
4807,10269,28,B-013002,Pending Construction,18794.29
4808,8458,16,B-010691,Pending Construction,13795.44
4809,380,4,B-000500,Functional,12191.1
4810,6867,25,B-008687,Non-Functional,8220.83
4811,8206,25,B-010363,Functional,20772.3
4812,7599,2,B-009590,Pending Construction,
4813,15381,2,B-019428,Pending Construction,11037.74
4814,12983,1,B-016427,Functional,9525.25
4815,9683,34,B-012256,Pending Construction,
4816,14262,14,B-018038,Non-Functional,17587.62
4817,4191,24,B-005345,Functional,8720.46
4818,6408,32,B-008097,Pending Construction,
4819,2380,19,B-003017,Non-Functional,14812.38
4820,12005,34,B-015176,Pending Construction,5339.62
4821,1835,11,B-002362,Pending Construction,
4822,13176,8,B-016679,Functional,12324.51
4823,8030,31,B-010145,Functional,9367.4
4824,5430,2,B-006900,Pending Construction,18317.43
4825,11604,29,B-014677,Functional,6454.02
4826,14017,2,B-017727,Functional,11513.97
4827,2514,29,B-003186,Pending Construction,16338.62
4828,7233,27,B-009134,Pending Construction,14720.94
4829,11891,14,B-015037,Non-Functional,23265.08
4830,15168,28,B-019148,Functional,
4831,8712,28,B-011007,Pending Construction,16480.02
4832,15391,34,B-019438,Pending Construction,23369.46
4833,14388,31,B-018197,Non-Functional,5222.55
4834,1536,26,B-001989,Pending Construction,
4835,12022,4,B-015199,Functional,21160.73
4836,2093,6,B-002675,Functional,21402.83
4837,13992,19,B-017699,Non-Functional,23724.29
4838,1128,27,B-001449,Pending Construction,21812.04
4839,6755,12,B-008550,Functional,9001.73
4840,13627,23,B-017248,Non-Functional,14320.62
4841,6711,23,B-008490,Non-Functional,
4842,2074,13,B-002648,Non-Functional,17531.96
4843,14103,23,B-017836,Non-Functional,22988.89
4844,11429,13,B-014455,Functional,16060.31
4845,9645,29,B-012209,Functional,15085.81
4846,11619,12,B-014696,Non-Functional,10515.49
4847,2941,16,B-003738,Non-Functional,
4848,6168,25,B-007807,Pending Construction,
4849,14288,31,B-018072,Non-Functional,15382.89
4850,1271,15,B-001642,Pending Construction,16707.91
4851,7165,32,B-009050,Pending Construction,24838.53
4852,10508,21,B-013308,Pending Construction,14137.99
4853,13771,11,B-017429,Non-Functional,14070.64
4854,12639,9,B-015998,Functional,24762.0
4855,3347,5,B-004281,Functional,
4856,5554,8,B-007049,Functional,21311.6
4857,5960,26,B-007544,Pending Construction,11298.68
4858,6705,2,B-008482,Non-Functional,5601.34
4859,3483,22,B-004452,Non-Functional,12950.72
4860,12180,30,B-015400,Pending Construction,13596.12
4861,14572,22,B-018420,Functional,6530.4
4862,6243,15,B-007901,Functional,20264.07
4863,2037,12,B-002605,Non-Functional,9303.52
4864,15757,33,B-019889,Pending Construction,14732.91
4865,8204,10,B-010361,Pending Construction,18355.65
4866,5813,4,B-007370,Functional,12707.45
4867,8305,2,B-010488,Non-Functional,8303.34
4868,7825,21,B-009878,Functional,14145.51
4869,6572,18,B-008309,Pending Construction,9841.3
4870,10870,16,B-013776,Non-Functional,14912.47
4871,2000,34,B-002560,Pending Construction,
4872,11717,11,B-014817,Non-Functional,17780.02
4873,14380,20,B-018185,Pending Construction,12396.66
4874,11016,6,B-013961,Functional,6285.72
4875,559,23,B-000726,Non-Functional,13523.68
4876,11942,17,B-015099,Non-Functional,21892.36
4877,5977,15,B-007569,Non-Functional,
4878,4252,23,B-005429,Pending Construction,24412.39
4879,12159,2,B-015374,Functional,5698.39
4880,2155,32,B-002749,Functional,13551.35
4881,123,28,B-000161,Functional,
4882,8657,10,B-010933,Pending Construction,
4883,9970,30,B-012620,Pending Construction,7169.97
4884,14190,21,B-017947,Pending Construction,23315.14
4885,9110,21,B-011512,Functional,14469.92
4886,6907,27,B-008739,Pending Construction,
4887,1001,21,B-001287,Non-Functional,17707.46
4888,4027,5,B-005132,Pending Construction,5033.19
4889,10581,4,B-013396,Non-Functional,12922.9
4890,11107,15,B-014072,Non-Functional,20714.92
4891,12140,31,B-015352,Functional,24789.56
4892,2870,6,B-003638,Non-Functional,15792.91
4893,13098,14,B-016582,Functional,6713.55
4894,6094,20,B-007717,Non-Functional,21636.25
4895,12278,8,B-015522,Non-Functional,12847.03
4896,14160,19,B-017909,Functional,14220.75
4897,611,7,B-000797,Non-Functional,21280.42
4898,1505,17,B-001949,Pending Construction,23823.33
4899,8532,6,B-010777,Functional,8737.69
4900,10951,7,B-013878,Functional,14378.91
4901,2552,16,B-003237,Functional,18535.8
4902,9362,4,B-011846,Pending Construction,15917.13
4903,3007,17,B-003820,Pending Construction,
4904,13168,33,B-016670,Non-Functional,24236.21
4905,4583,15,B-005857,Non-Functional,22354.86
4906,12907,23,B-016336,Non-Functional,17747.97
4907,3626,21,B-004626,Functional,10847.31
4908,8388,26,B-010597,Non-Functional,15336.19
4909,5314,15,B-006760,Pending Construction,
4910,4225,18,B-005398,Non-Functional,10306.14
4911,13485,29,B-017069,Non-Functional,20552.14
4912,10412,11,B-013188,Pending Construction,23288.26
4913,5396,15,B-006857,Functional,5318.83
4914,11724,30,B-014824,Functional,5017.54
4915,10792,23,B-013676,Pending Construction,8716.04
4916,4742,10,B-006049,Functional,
4917,2043,10,B-002613,Pending Construction,10037.66
4918,13680,12,B-017319,Functional,12304.95
4919,13754,26,B-017409,Functional,23236.37
4920,9261,25,B-011708,Pending Construction,17163.93
4921,14110,2,B-017844,Functional,18028.43
4922,11532,8,B-014582,Functional,14427.52
4923,9691,32,B-012267,Functional,13028.09
4924,3148,16,B-004026,Pending Construction,16529.35
4925,7398,24,B-009346,Pending Construction,23359.85
4926,13698,35,B-017339,Non-Functional,23905.66
4927,4799,16,B-006120,Pending Construction,5476.49
4928,580,27,B-000755,Pending Construction,22200.47
4929,3432,13,B-004385,Non-Functional,12525.93
4930,13710,11,B-017355,Functional,18083.78
4931,4295,7,B-005481,Non-Functional,6546.69
4932,6559,2,B-008294,Non-Functional,20972.14
4933,156,29,B-000204,Non-Functional,21437.27
4934,14331,28,B-018124,Pending Construction,21150.21
4935,5872,11,B-007435,Pending Construction,5148.68
4936,352,26,B-000465,Non-Functional,22752.36
4937,12054,6,B-015238,Non-Functional,19914.62
4938,2044,14,B-002614,Non-Functional,19330.15
4939,11296,25,B-014301,Non-Functional,18842.3
4940,7013,26,B-008864,Pending Construction,16509.5
4941,7026,33,B-008879,Pending Construction,19466.77
4942,11341,21,B-014358,Pending Construction,8984.77
4943,7536,33,B-009511,Pending Construction,20945.06
4944,14253,25,B-018027,Non-Functional,24379.06
4945,603,22,B-000786,Pending Construction,14895.81
4946,14590,6,B-018438,Non-Functional,22124.92
4947,7586,11,B-009570,Non-Functional,14181.86
4948,7924,23,B-010011,Functional,11883.3
4949,5718,20,B-007251,Non-Functional,8785.44
4950,4618,35,B-005897,Non-Functional,7044.42
4951,4063,8,B-005174,Functional,21501.92
4952,7652,2,B-009666,Functional,5817.32
4953,4574,27,B-005842,Functional,24667.04
4954,13460,14,B-017038,Functional,23391.76
4955,8149,3,B-010288,Functional,20117.41
4956,840,9,B-001077,Pending Construction,7812.24
4957,1672,11,B-002157,Functional,9678.12
4958,970,22,B-001246,Pending Construction,19260.94
4959,10020,34,B-012685,Functional,15915.52
4960,12791,8,B-016183,Non-Functional,15123.88
4961,14142,35,B-017884,Functional,6264.64
4962,6489,25,B-008200,Functional,23960.67
4963,5165,8,B-006580,Pending Construction,13723.25
4964,10642,7,B-013478,Pending Construction,20277.18
4965,15213,22,B-019208,Pending Construction,21896.14
4966,7557,26,B-009537,Non-Functional,7617.26
4967,7078,15,B-008944,Functional,
4968,10678,33,B-013531,Functional,6574.82
4969,1962,20,B-002516,Non-Functional,9980.65
4970,10286,29,B-013022,Functional,16082.39
4971,9444,20,B-011947,Functional,21508.72
4972,15150,29,B-019126,Non-Functional,10643.56
4973,10641,24,B-013476,Pending Construction,8418.52
4974,14802,30,B-018707,Non-Functional,6503.19
4975,4638,28,B-005922,Pending Construction,16359.02
4976,3743,1,B-004772,Non-Functional,24062.34
4977,2076,20,B-002651,Pending Construction,10265.84
4978,585,28,B-000762,Non-Functional,14130.8
4979,15167,15,B-019147,Pending Construction,24360.95
4980,2892,7,B-003668,Non-Functional,5865.03
4981,13455,23,B-017032,Non-Functional,8321.96
4982,4370,26,B-005574,Functional,12970.07
4983,278,10,B-000365,Pending Construction,14489.31
4984,6425,28,B-008118,Functional,17311.81
4985,12170,10,B-015386,Pending Construction,21252.67
4986,434,12,B-000569,Non-Functional,8727.57
4987,1105,7,B-001420,Non-Functional,14971.61
4988,12134,27,B-015344,Non-Functional,14905.23
4989,4395,16,B-005608,Non-Functional,9792.75
4990,14957,35,B-018901,Non-Functional,6393.72
4991,1071,16,B-001374,Functional,15604.61
4992,5195,1,B-006623,Functional,5544.94
4993,9332,15,B-011805,Non-Functional,7817.82
4994,14620,4,B-018476,Non-Functional,
4995,11763,8,B-014871,Non-Functional,9385.34
4996,3235,4,B-004139,Pending Construction,14801.99
4997,14140,2,B-017882,Pending Construction,16513.24
4998,9042,18,B-011420,Pending Construction,22506.64
4999,1504,22,B-001947,Functional,15221.34
5000,2662,25,B-003372,Pending Construction,8099.96
5001,13187,4,B-016692,Pending Construction,24314.22
5002,13312,24,B-016843,Pending Construction,10826.88
5003,7057,29,B-008916,Functional,8277.39
5004,3531,23,B-004506,Functional,11010.39
5005,6523,2,B-008247,Functional,13727.74
5006,8669,32,B-010950,Non-Functional,11549.45
5007,15387,2,B-019434,Non-Functional,
5008,14007,34,B-017716,Pending Construction,21731.59
5009,1648,15,B-002127,Functional,7159.38
5010,6576,28,B-008313,Non-Functional,14466.51
5011,1878,19,B-002411,Pending Construction,
5012,1575,2,B-002036,Non-Functional,7907.66
5013,14228,34,B-018001,Functional,22706.48
5014,12503,24,B-015822,Non-Functional,11972.34
5015,3656,17,B-004661,Functional,5723.96
5016,10335,7,B-013086,Non-Functional,7167.41
5017,11812,18,B-014932,Functional,
5018,1597,25,B-002066,Pending Construction,8441.4
5019,15104,12,B-019072,Functional,9000.03
5020,6272,8,B-007938,Non-Functional,9045.98
5021,7071,31,B-008935,Functional,
5022,15228,23,B-019227,Functional,16859.08
5023,437,34,B-000574,Non-Functional,10357.39
5024,6486,15,B-008196,Functional,22298.46
5025,3634,19,B-004635,Non-Functional,21227.42
5026,12673,30,B-016039,Non-Functional,10007.29
5027,5491,5,B-006972,Functional,15125.62
5028,14280,8,B-018064,Pending Construction,22164.95
5029,12949,2,B-016384,Non-Functional,9255.68
5030,3231,31,B-004135,Pending Construction,12274.73
5031,8628,32,B-010889,Non-Functional,18221.66
5032,12558,12,B-015891,Functional,18895.46
5033,4285,29,B-005470,Non-Functional,24928.57
5034,1373,27,B-001774,Pending Construction,21399.68
5035,11818,7,B-014940,Non-Functional,
5036,4928,19,B-006279,Pending Construction,
5037,7025,4,B-008878,Functional,5717.45
5038,2768,14,B-003506,Functional,
5039,11588,10,B-014654,Functional,20163.94
5040,9577,3,B-012114,Pending Construction,10078.78
5041,1286,31,B-001660,Pending Construction,15742.95
5042,230,24,B-000308,Functional,18523.61
5043,11140,5,B-014110,Non-Functional,18269.41
5044,14960,23,B-018906,Non-Functional,13774.97
5045,3818,15,B-004862,Pending Construction,14960.96
5046,14034,22,B-017751,Functional,14954.82
5047,4427,21,B-005648,Pending Construction,8439.2
5048,4913,32,B-006262,Pending Construction,6708.31
5049,15057,16,B-019018,Non-Functional,
5050,3402,29,B-004350,Non-Functional,5577.16
5051,8155,32,B-010302,Pending Construction,9612.24
5052,9226,6,B-011662,Pending Construction,11927.55
5053,15430,18,B-019485,Pending Construction,5177.16
5054,2496,31,B-003166,Non-Functional,19209.11
5055,2277,25,B-002891,Pending Construction,14885.8
5056,3983,2,B-005073,Pending Construction,23242.34
5057,15230,31,B-019229,Non-Functional,23998.06
5058,11254,4,B-014248,Functional,17040.61
5059,4748,18,B-006055,Pending Construction,11502.42
5060,11698,9,B-014797,Non-Functional,17460.62
5061,3215,9,B-004117,Functional,14886.64
5062,4160,30,B-005303,Non-Functional,19532.72
5063,11041,8,B-013995,Pending Construction,6805.36
5064,3269,31,B-004180,Pending Construction,10978.69
5065,12784,9,B-016172,Non-Functional,19482.34
5066,9156,8,B-011567,Functional,19388.13
5067,10444,7,B-013227,Functional,15432.18
5068,7875,12,B-009946,Functional,14982.55
5069,1050,34,B-001344,Non-Functional,6985.42
5070,2692,30,B-003407,Non-Functional,5667.94
5071,10344,25,B-013100,Functional,5222.19
5072,15833,9,B-019984,Non-Functional,9526.26
5073,10132,25,B-012827,Non-Functional,18957.35
5074,3797,22,B-004838,Non-Functional,12575.47
5075,4745,5,B-006052,Pending Construction,9032.54
5076,9330,28,B-011803,Functional,
5077,3939,34,B-005021,Non-Functional,12958.64
5078,2383,14,B-003020,Non-Functional,13795.29
5079,15207,34,B-019200,Pending Construction,18320.18
5080,5729,7,B-007264,Functional,10652.62
5081,1800,20,B-002319,Functional,17277.84
5082,5151,13,B-006563,Functional,
5083,1433,23,B-001853,Pending Construction,17504.55
5084,7108,1,B-008982,Non-Functional,16036.82
5085,11057,24,B-014014,Pending Construction,20279.83
5086,3122,19,B-003984,Pending Construction,8729.33
5087,14154,21,B-017902,Pending Construction,16462.88
5088,6816,28,B-008620,Pending Construction,17159.18
5089,3961,12,B-005048,Functional,7791.24
5090,9391,27,B-011881,Non-Functional,6742.79
5091,7157,25,B-009041,Pending Construction,23732.71
5092,7347,35,B-009277,Pending Construction,13601.17
5093,11432,2,B-014458,Pending Construction,21066.77
5094,10921,35,B-013843,Functional,9154.54
5095,2597,10,B-003296,Pending Construction,
5096,11543,8,B-014598,Functional,17027.26
5097,4548,34,B-005807,Non-Functional,11933.36
5098,7349,12,B-009280,Functional,21025.7
5099,7588,13,B-009573,Pending Construction,20931.76
5100,8436,35,B-010660,Non-Functional,14211.08
5101,15112,33,B-019082,Functional,20838.28
5102,13932,23,B-017627,Functional,13970.68
5103,1421,12,B-001833,Non-Functional,17199.82
5104,767,19,B-000989,Functional,8876.8
5105,9865,32,B-012486,Functional,22691.5
5106,1157,3,B-001485,Functional,
5107,5898,29,B-007467,Non-Functional,5044.05
5108,6069,5,B-007686,Functional,21989.11
5109,846,21,B-001084,Pending Construction,22668.77
5110,1561,27,B-002019,Functional,7709.36
5111,3576,25,B-004559,Pending Construction,21996.96
5112,5586,15,B-007093,Non-Functional,15221.87
5113,5791,1,B-007341,Functional,21031.88
5114,11803,22,B-014920,Pending Construction,21152.61
5115,11108,34,B-014073,Non-Functional,5355.62
5116,15780,31,B-019920,Functional,11015.89
5117,14093,20,B-017824,Functional,18071.32
5118,9433,18,B-011933,Non-Functional,19288.81
5119,6089,29,B-007710,Pending Construction,
5120,7838,23,B-009895,Non-Functional,19682.48
5121,2455,4,B-003108,Non-Functional,15609.1
5122,6478,23,B-008187,Pending Construction,17637.94
5123,13865,11,B-017543,Pending Construction,14020.65
5124,12264,25,B-015503,Pending Construction,23363.04
5125,14375,16,B-018180,Functional,8930.75
5126,1327,12,B-001709,Functional,22938.12
5127,7188,32,B-009080,Non-Functional,7411.78
5128,9546,5,B-012076,Functional,6429.51
5129,6178,23,B-007819,Non-Functional,15571.92
5130,10983,34,B-013917,Non-Functional,15438.52
5131,9531,29,B-012060,Non-Functional,12780.01
5132,12459,13,B-015766,Functional,22661.47
5133,13730,17,B-017379,Pending Construction,9200.14
5134,3178,19,B-004066,Functional,24952.06
5135,14438,33,B-018261,Functional,
5136,7994,30,B-010102,Pending Construction,11159.37
5137,15652,7,B-019758,Functional,17190.52
5138,8880,24,B-011217,Non-Functional,13514.39
5139,113,24,B-000149,Functional,15614.48
5140,6568,11,B-008305,Functional,5083.62
5141,13079,1,B-016562,Functional,22047.38
5142,11928,30,B-015083,Functional,19596.94
5143,12223,6,B-015455,Pending Construction,10254.53
5144,9024,25,B-011401,Functional,14486.68
5145,7740,5,B-009774,Pending Construction,18079.31
5146,2891,7,B-003667,Pending Construction,14088.8
5147,11250,17,B-014243,Non-Functional,18709.54
5148,4870,35,B-006214,Pending Construction,24323.22
5149,3701,15,B-004722,Pending Construction,
5150,5580,7,B-007085,Non-Functional,9667.35
5151,4893,21,B-006239,Non-Functional,24439.07
5152,11903,26,B-015053,Pending Construction,24737.08
5153,5225,26,B-006656,Non-Functional,16962.67
5154,15107,22,B-019075,Pending Construction,7296.46
5155,1450,2,B-001874,Non-Functional,
5156,6209,4,B-007855,Pending Construction,6571.59
5157,3937,2,B-005019,Pending Construction,5721.3
5158,12040,7,B-015219,Pending Construction,19781.61
5159,7342,33,B-009271,Pending Construction,24768.75
5160,4891,7,B-006237,Functional,5269.35
5161,11887,24,B-015033,Functional,21649.85
5162,4839,21,B-006173,Functional,19645.65
5163,5465,21,B-006942,Non-Functional,16526.98
5164,2370,6,B-003005,Pending Construction,11797.77
5165,1959,26,B-002513,Functional,6687.37
5166,3194,7,B-004089,Pending Construction,16920.51
5167,3455,13,B-004415,Functional,16811.88
5168,5356,27,B-006807,Non-Functional,9996.21
5169,1602,9,B-002073,Pending Construction,21581.78
5170,15744,24,B-019874,Non-Functional,5478.22
5171,9525,11,B-012053,Non-Functional,13578.14
5172,8884,34,B-011221,Functional,5791.65
5173,5832,26,B-007390,Functional,9856.9
5174,7726,35,B-009757,Pending Construction,21146.56
5175,1435,8,B-001856,Pending Construction,
5176,4249,2,B-005426,Pending Construction,8976.38
5177,1490,6,B-001929,Pending Construction,12587.8
5178,9211,31,B-011641,Pending Construction,
5179,9380,23,B-011869,Non-Functional,10763.15
5180,3362,19,B-004301,Functional,10224.44
5181,2490,26,B-003160,Functional,16338.96
5182,329,19,B-000431,Non-Functional,5917.85
5183,7832,32,B-009888,Functional,19824.59
5184,9557,27,B-012091,Pending Construction,18153.04
5185,954,31,B-001225,Functional,23969.35
5186,11461,6,B-014493,Pending Construction,7897.36
5187,6445,12,B-008141,Pending Construction,23181.51
5188,15539,30,B-019615,Non-Functional,17223.94
5189,9540,3,B-012070,Functional,16305.27
5190,5783,29,B-007329,Pending Construction,19854.65
5191,11681,27,B-014776,Pending Construction,17194.6
5192,8139,32,B-010278,Non-Functional,19429.29
5193,7130,20,B-009009,Non-Functional,11125.14
5194,15603,21,B-019695,Pending Construction,23804.63
5195,14159,26,B-017908,Non-Functional,6374.78
5196,10903,15,B-013815,Pending Construction,12228.35
5197,11615,23,B-014691,Functional,9138.22
5198,9236,34,B-011673,Pending Construction,15891.83
5199,9625,15,B-012184,Non-Functional,9562.24
5200,5363,17,B-006815,Functional,
5201,11568,4,B-014631,Pending Construction,15326.26
5202,12443,30,B-015745,Non-Functional,19593.77
5203,45,24,B-000064,Non-Functional,8974.85
5204,80,23,B-000109,Functional,5625.45
5205,7919,13,B-010005,Functional,8248.35
5206,2697,17,B-003413,Non-Functional,20800.59
5207,7885,6,B-009961,Pending Construction,14466.15
5208,1032,33,B-001322,Non-Functional,22840.84
5209,8146,25,B-010285,Functional,16243.31
5210,13503,12,B-017090,Pending Construction,8494.12
5211,1556,25,B-002011,Functional,
5212,6422,6,B-008113,Non-Functional,9881.88
5213,11910,7,B-015061,Pending Construction,19371.02
5214,9966,22,B-012614,Pending Construction,15310.73
5215,11404,11,B-014427,Pending Construction,12355.51
5216,5511,24,B-006993,Pending Construction,20102.16
5217,1335,21,B-001721,Functional,9112.68
5218,457,23,B-000597,Functional,12337.66
5219,5379,32,B-006837,Non-Functional,
5220,9299,9,B-011761,Non-Functional,20166.96
5221,3205,4,B-004103,Non-Functional,5465.6
5222,7696,22,B-009720,Non-Functional,24073.23
5223,4591,20,B-005866,Pending Construction,8765.34
5224,3906,16,B-004981,Non-Functional,8987.08
5225,3470,1,B-004438,Non-Functional,
5226,1060,31,B-001355,Pending Construction,11485.25
5227,5524,19,B-007010,Pending Construction,13009.79
5228,7346,33,B-009276,Non-Functional,
5229,2418,7,B-003062,Pending Construction,19115.22
5230,10504,26,B-013304,Pending Construction,6159.35
5231,2601,22,B-003303,Non-Functional,14482.04
5232,8529,24,B-010774,Non-Functional,15954.05
5233,6775,33,B-008572,Functional,16601.16
5234,15231,3,B-019231,Non-Functional,12071.04
5235,15397,26,B-019445,Pending Construction,14395.28
5236,1702,34,B-002200,Functional,5328.01
5237,7729,21,B-009760,Pending Construction,15664.45
5238,8835,15,B-011165,Non-Functional,
5239,8829,14,B-011156,Functional,6021.49
5240,15486,16,B-019554,Non-Functional,12234.17
5241,697,24,B-000896,Pending Construction,11863.82
5242,15321,5,B-019348,Non-Functional,19254.92
5243,1787,16,B-002304,Pending Construction,
5244,9487,25,B-012003,Non-Functional,12750.68
5245,1248,11,B-001609,Non-Functional,15244.82
5246,11938,1,B-015094,Functional,12019.83
5247,9256,18,B-011702,Pending Construction,17246.43
5248,716,7,B-000922,Pending Construction,20463.14
5249,6783,23,B-008581,Pending Construction,5894.05
5250,12089,2,B-015279,Functional,21695.84
5251,1278,14,B-001651,Non-Functional,24184.83
5252,5951,8,B-007533,Non-Functional,13865.91
5253,15268,7,B-019284,Functional,9270.61
5254,6658,31,B-008424,Functional,23196.82
5255,10661,6,B-013508,Functional,5180.79
5256,12601,16,B-015948,Non-Functional,16059.45
5257,6805,6,B-008608,Functional,
5258,10525,25,B-013329,Functional,
5259,13373,33,B-016922,Non-Functional,11796.24
5260,15289,3,B-019308,Pending Construction,
5261,1141,7,B-001464,Functional,12440.81
5262,14570,34,B-018418,Pending Construction,22981.57
5263,9007,31,B-011380,Non-Functional,10244.0
5264,6683,21,B-008458,Pending Construction,6354.32
5265,14248,27,B-018022,Functional,23550.59
5266,12065,16,B-015249,Functional,
5267,1777,5,B-002292,Non-Functional,13559.48
5268,5957,5,B-007540,Pending Construction,21999.89
5269,8347,5,B-010543,Pending Construction,12092.24
5270,3687,34,B-004701,Functional,16394.84
5271,8133,20,B-010269,Pending Construction,
5272,8729,13,B-011031,Functional,8394.22
5273,6742,28,B-008536,Pending Construction,20656.34
5274,753,2,B-000968,Functional,10525.77
5275,6424,12,B-008115,Functional,13609.39
5276,2820,16,B-003574,Pending Construction,10058.38
5277,9622,25,B-012179,Pending Construction,13741.47
5278,14290,24,B-018074,Functional,22073.39
5279,15506,12,B-019577,Non-Functional,20617.77
5280,3644,18,B-004645,Pending Construction,13676.2
5281,11168,34,B-014146,Non-Functional,17436.55
5282,5342,11,B-006791,Functional,18529.09
5283,9191,22,B-011618,Non-Functional,10249.87
5284,2834,13,B-003590,Functional,19795.95
5285,6208,6,B-007854,Pending Construction,22732.28
5286,3946,22,B-005029,Functional,14924.76
5287,5934,25,B-007513,Functional,19812.79
5288,4464,16,B-005692,Non-Functional,13324.83
5289,2523,24,B-003199,Non-Functional,9895.88
5290,3388,29,B-004333,Non-Functional,
5291,8710,25,B-011005,Pending Construction,13260.83
5292,2612,10,B-003314,Non-Functional,
5293,15064,2,B-019026,Functional,6810.99
5294,15495,14,B-019564,Functional,23729.23
5295,14935,10,B-018873,Functional,15248.06
5296,89,21,B-000121,Non-Functional,15186.42
5297,4766,7,B-006082,Pending Construction,13017.49
5298,3344,31,B-004276,Non-Functional,21677.5
5299,14477,13,B-018304,Pending Construction,6022.88
5300,13705,31,B-017350,Functional,7821.26
5301,1107,13,B-001422,Pending Construction,14811.02
5302,4782,16,B-006100,Functional,8256.85
5303,266,11,B-000352,Pending Construction,17976.82
5304,2647,21,B-003356,Pending Construction,10780.73
5305,15777,28,B-019917,Functional,13768.43
5306,3155,4,B-004036,Non-Functional,
5307,7745,20,B-009779,Pending Construction,23817.62
5308,3206,10,B-004105,Pending Construction,6571.16
5309,11089,23,B-014051,Non-Functional,12503.7
5310,8946,2,B-011297,Pending Construction,18050.75
5311,9662,14,B-012229,Non-Functional,14169.06
5312,2462,11,B-003117,Non-Functional,20389.91
5313,10032,9,B-012701,Non-Functional,22092.81
5314,2503,30,B-003173,Functional,13994.56
5315,6728,33,B-008516,Pending Construction,
5316,9954,24,B-012599,Functional,22146.49
5317,8698,1,B-010992,Functional,7729.8
5318,9868,9,B-012490,Pending Construction,13183.75
5319,3581,2,B-004570,Pending Construction,16728.71
5320,14690,35,B-018562,Pending Construction,
5321,9714,29,B-012296,Pending Construction,6817.54
5322,13597,16,B-017213,Non-Functional,7720.46
5323,3873,23,B-004939,Functional,
5324,7546,22,B-009524,Pending Construction,22808.76
5325,4132,19,B-005262,Functional,24252.02
5326,12227,8,B-015460,Non-Functional,14070.05
5327,12289,21,B-015539,Non-Functional,21660.82
5328,9755,31,B-012348,Pending Construction,23039.41
5329,6353,15,B-008032,Pending Construction,6112.38
5330,12991,14,B-016438,Non-Functional,6800.65
5331,728,32,B-000936,Non-Functional,18899.9
5332,5943,2,B-007524,Functional,15362.71
5333,3615,17,B-004614,Functional,
5334,13447,13,B-017022,Non-Functional,8792.89
5335,4681,26,B-005976,Functional,5083.56
5336,866,34,B-001105,Functional,10727.12
5337,4426,7,B-005646,Pending Construction,24786.55
5338,8191,6,B-010348,Non-Functional,6968.57
5339,8044,24,B-010163,Non-Functional,23241.55
5340,7284,19,B-009198,Pending Construction,23881.89
5341,5144,3,B-006549,Non-Functional,16741.56
5342,8627,5,B-010888,Pending Construction,10526.3
5343,4237,22,B-005412,Non-Functional,7938.84
5344,9986,13,B-012641,Functional,18603.01
5345,8542,3,B-010789,Pending Construction,11684.02
5346,5744,32,B-007283,Pending Construction,20535.39
5347,2981,16,B-003789,Non-Functional,23267.46
5348,10971,29,B-013902,Functional,8889.64
5349,14765,10,B-018659,Functional,22423.23
5350,5997,28,B-007599,Non-Functional,9698.15
5351,10165,9,B-012867,Functional,21434.13
5352,7626,6,B-009628,Pending Construction,19107.44
5353,14762,11,B-018656,Non-Functional,23403.84
5354,7010,31,B-008861,Pending Construction,24949.11
5355,9489,6,B-012006,Functional,
5356,15036,11,B-018993,Pending Construction,9141.36
5357,9831,1,B-012444,Non-Functional,11072.97
5358,1269,27,B-001638,Non-Functional,12956.82
5359,13929,25,B-017624,Non-Functional,9068.4
5360,13660,13,B-017291,Functional,14636.72
5361,11736,29,B-014838,Functional,18331.23
5362,1872,24,B-002404,Pending Construction,13485.39
5363,11665,18,B-014750,Functional,
5364,2198,9,B-002798,Pending Construction,
5365,2296,30,B-002913,Functional,19138.64
5366,12002,2,B-015173,Pending Construction,18175.13
5367,4980,21,B-006343,Functional,10555.16
5368,5205,4,B-006633,Functional,7767.95
5369,4375,34,B-005580,Functional,19827.77
5370,952,11,B-001222,Pending Construction,13116.42
5371,5578,13,B-007082,Non-Functional,14189.29
5372,1216,6,B-001562,Functional,9603.81
5373,5306,3,B-006752,Non-Functional,10256.88
5374,11626,11,B-014706,Non-Functional,10865.07
5375,744,19,B-000957,Non-Functional,12714.11
5376,12452,34,B-015754,Non-Functional,7415.54
5377,15285,23,B-019304,Functional,23496.72
5378,12935,1,B-016369,Pending Construction,22098.39
5379,7801,13,B-009847,Functional,20845.22
5380,13064,1,B-016540,Functional,24985.84
5381,15720,25,B-019844,Functional,13729.85
5382,772,14,B-000995,Functional,12445.62
5383,9035,33,B-011412,Non-Functional,19005.93
5384,12032,5,B-015211,Pending Construction,21830.59
5385,3035,3,B-003857,Pending Construction,17833.67
5386,5029,17,B-006403,Functional,5585.34
5387,194,14,B-000257,Non-Functional,6828.59
5388,2456,34,B-003109,Functional,19349.23
5389,14671,33,B-018541,Pending Construction,22722.66
5390,3559,22,B-004536,Functional,5841.58
5391,6791,29,B-008589,Pending Construction,
5392,1604,18,B-002075,Pending Construction,16535.34
5393,829,32,B-001064,Non-Functional,9967.56
5394,14180,15,B-017934,Functional,17881.47
5395,95,21,B-000130,Non-Functional,
5396,1764,12,B-002272,Pending Construction,
5397,11637,35,B-014717,Functional,21089.41
5398,12474,28,B-015785,Non-Functional,14522.94
5399,10594,12,B-013416,Non-Functional,
5400,6880,24,B-008701,Pending Construction,8867.09
5401,8252,11,B-010425,Non-Functional,
5402,7677,6,B-009696,Non-Functional,11553.5
5403,13658,14,B-017289,Functional,21053.34
5404,1179,17,B-001512,Non-Functional,6620.96
5405,6894,27,B-008717,Non-Functional,9402.52
5406,7449,3,B-009405,Non-Functional,14016.96
5407,2145,8,B-002739,Non-Functional,15402.38
5408,8167,15,B-010319,Functional,19459.87
5409,13669,15,B-017306,Pending Construction,17945.41
5410,13667,8,B-017304,Functional,16420.14
5411,8862,20,B-011198,Functional,9291.96
5412,11316,20,B-014326,Pending Construction,13336.62
5413,6297,18,B-007966,Functional,6996.75
5414,4543,6,B-005797,Pending Construction,12196.99
5415,11661,17,B-014746,Non-Functional,19839.79
5416,5648,12,B-007171,Functional,5904.6
5417,7695,2,B-009718,Non-Functional,5967.33
5418,15084,31,B-019051,Functional,10641.91
5419,12018,24,B-015193,Functional,20690.29
5420,13785,35,B-017446,Non-Functional,12333.65
5421,11470,3,B-014504,Functional,17883.75
5422,4916,23,B-006265,Functional,
5423,11819,28,B-014941,Functional,8206.6
5424,10123,13,B-012815,Non-Functional,19900.52
5425,2497,31,B-003167,Functional,14435.88
5426,9387,7,B-011877,Functional,13857.73
5427,12785,7,B-016175,Non-Functional,10838.58
5428,214,15,B-000290,Pending Construction,14436.11
5429,12774,1,B-016161,Functional,13834.76
5430,7859,11,B-009927,Functional,18021.13
5431,1143,20,B-001467,Non-Functional,15705.28
5432,14434,17,B-018257,Functional,22849.94
5433,10472,24,B-013260,Functional,5400.76
5434,2041,3,B-002609,Functional,23084.01
5435,1014,17,B-001302,Functional,8880.91
5436,4260,25,B-005438,Non-Functional,15901.6
5437,7472,29,B-009436,Functional,17343.72
5438,4371,23,B-005575,Pending Construction,16708.3
5439,15059,7,B-019020,Non-Functional,24295.25
5440,3390,30,B-004335,Functional,19856.75
5441,4879,10,B-006224,Pending Construction,6498.38
5442,466,5,B-000608,Non-Functional,23766.5
5443,10704,18,B-013570,Non-Functional,16126.55
5444,8879,7,B-011216,Pending Construction,6203.78
5445,7606,2,B-009599,Functional,10216.76
5446,10669,26,B-013517,Non-Functional,12041.9
5447,1805,23,B-002324,Pending Construction,6224.07
5448,12090,25,B-015282,Functional,
5449,6856,10,B-008671,Non-Functional,18919.44
5450,4020,19,B-005123,Non-Functional,7831.43
5451,12723,25,B-016097,Pending Construction,16628.41
5452,11424,13,B-014450,Pending Construction,23136.98
5453,2482,3,B-003151,Functional,18434.45
5454,2330,27,B-002954,Functional,18597.61
5455,7009,25,B-008860,Non-Functional,9610.64
5456,13061,7,B-016535,Pending Construction,14409.72
5457,11538,27,B-014591,Non-Functional,7386.55
5458,10256,15,B-012984,Functional,18669.98
5459,2104,26,B-002688,Pending Construction,16334.12
5460,2324,27,B-002947,Non-Functional,17922.98
5461,6520,30,B-008244,Pending Construction,18544.88
5462,4906,31,B-006254,Non-Functional,19027.5
5463,3271,16,B-004182,Functional,14953.65
5464,3382,21,B-004326,Non-Functional,20250.4
5465,9197,25,B-011625,Non-Functional,19560.93
5466,12566,21,B-015901,Non-Functional,14619.58
5467,10232,19,B-012954,Functional,5035.75
5468,1403,23,B-001814,Pending Construction,10852.54
5469,13722,1,B-017368,Functional,24847.52
5470,1261,9,B-001630,Pending Construction,12522.88
5471,13874,35,B-017552,Functional,6087.07
5472,2622,11,B-003326,Functional,12126.41
5473,7372,27,B-009309,Non-Functional,11297.97
5474,9568,13,B-012102,Pending Construction,12169.0
5475,3378,6,B-004322,Pending Construction,17776.44
5476,5176,13,B-006596,Pending Construction,9500.51
5477,12851,32,B-016265,Functional,11518.22
5478,7456,12,B-009414,Pending Construction,7733.7
5479,4309,16,B-005498,Functional,22328.9
5480,10215,2,B-012932,Functional,17161.12
5481,8871,17,B-011207,Functional,22145.54
5482,292,21,B-000385,Pending Construction,18691.67
5483,14874,31,B-018802,Non-Functional,8952.52
5484,3664,21,B-004670,Non-Functional,10202.25
5485,1383,20,B-001788,Pending Construction,7350.19
5486,6986,12,B-008835,Functional,22338.07
5487,11807,13,B-014924,Functional,8942.39
5488,8384,5,B-010590,Non-Functional,5614.36
5489,2899,24,B-003682,Functional,5681.93
5490,15735,14,B-019864,Non-Functional,12052.23
5491,4944,11,B-006300,Functional,21421.58
5492,15622,5,B-019722,Non-Functional,7636.41
5493,586,2,B-000763,Functional,6935.55
5494,12077,15,B-015262,Non-Functional,
5495,9794,7,B-012399,Non-Functional,
5496,3888,17,B-004959,Pending Construction,19870.74
5497,2454,2,B-003107,Non-Functional,
5498,7128,13,B-009007,Non-Functional,7301.54
5499,424,25,B-000555,Functional,24752.26
5500,13664,17,B-017297,Pending Construction,21485.63
5501,13440,17,B-017013,Non-Functional,11713.02
5502,13223,12,B-016732,Functional,14815.06
5503,1656,3,B-002138,Pending Construction,16410.04
5504,5664,5,B-007188,Pending Construction,5383.13
5505,4018,3,B-005119,Functional,21967.68
5506,15373,11,B-019418,Non-Functional,
5507,4630,2,B-005910,Pending Construction,
5508,310,1,B-000408,Functional,9857.3
5509,12897,16,B-016321,Pending Construction,24410.64
5510,13806,27,B-017471,Pending Construction,
5511,3757,30,B-004790,Non-Functional,23429.06
5512,13402,14,B-016961,Pending Construction,21747.87
5513,106,28,B-000141,Pending Construction,
5514,11283,29,B-014285,Functional,18202.59
5515,9839,3,B-012454,Non-Functional,15188.03
5516,13878,19,B-017556,Non-Functional,22758.48
5517,9799,27,B-012405,Pending Construction,
5518,308,10,B-000406,Non-Functional,5141.87
5519,13844,7,B-017514,Pending Construction,
5520,3179,6,B-004068,Pending Construction,10473.97
5521,11960,32,B-015120,Functional,14026.83
5522,780,3,B-001006,Non-Functional,11608.86
5523,9931,28,B-012570,Pending Construction,21233.51
5524,3733,27,B-004760,Functional,19947.4
5525,9475,9,B-011987,Functional,19221.46
5526,12318,8,B-015581,Functional,6335.57
5527,7824,27,B-009877,Pending Construction,12625.29
5528,7022,26,B-008874,Pending Construction,20116.6
5529,10453,7,B-013238,Pending Construction,23219.04
5530,7732,19,B-009764,Pending Construction,10598.39
5531,9686,6,B-012261,Non-Functional,
5532,12285,15,B-015534,Pending Construction,
5533,10596,23,B-013418,Pending Construction,16791.55
5534,15187,13,B-019173,Pending Construction,24508.89
5535,12279,19,B-015523,Pending Construction,8400.53
5536,12291,13,B-015541,Non-Functional,21546.83
5537,10711,6,B-013580,Non-Functional,7138.81
5538,6807,6,B-008610,Non-Functional,14164.61
5539,8073,28,B-010196,Functional,11025.85
5540,11420,5,B-014446,Pending Construction,21610.74
5541,3229,18,B-004133,Non-Functional,9690.73
5542,15149,12,B-019125,Non-Functional,18737.12
5543,12528,29,B-015852,Functional,23664.4
5544,3854,31,B-004913,Non-Functional,12933.36
5545,9043,4,B-011421,Functional,23715.65
5546,4327,21,B-005519,Functional,17961.3
5547,10676,3,B-013528,Functional,11706.77
5548,4172,9,B-005320,Pending Construction,23098.82
5549,14283,27,B-018067,Non-Functional,11523.55
5550,1183,3,B-001517,Pending Construction,15075.78
5551,8051,29,B-010171,Functional,15092.08
5552,576,15,B-000751,Pending Construction,21763.53
5553,11808,30,B-014926,Non-Functional,13451.0
5554,4468,33,B-005697,Functional,
5555,14392,1,B-018202,Non-Functional,18811.65
5556,13375,32,B-016924,Non-Functional,
5557,10966,32,B-013896,Non-Functional,23161.37
5558,8031,6,B-010147,Non-Functional,19970.54
5559,6946,9,B-008787,Pending Construction,6203.63
5560,1053,22,B-001347,Non-Functional,19616.47
5561,6492,32,B-008205,Non-Functional,
5562,6555,24,B-008287,Non-Functional,19029.87
5563,4572,13,B-005840,Non-Functional,
5564,3157,17,B-004039,Functional,6242.17
5565,11010,28,B-013954,Pending Construction,24974.47
5566,15627,7,B-019727,Pending Construction,16163.76
5567,3975,22,B-005063,Functional,7480.93
5568,3253,14,B-004162,Pending Construction,14385.81
5569,12272,29,B-015515,Non-Functional,22487.42
5570,9375,21,B-011864,Functional,12972.38
5571,3741,11,B-004770,Non-Functional,11997.79
5572,7297,9,B-009216,Functional,9329.14
5573,9779,6,B-012382,Non-Functional,23477.73
5574,12590,14,B-015933,Non-Functional,14711.27
5575,10050,28,B-012722,Pending Construction,7315.04
5576,11230,22,B-014221,Pending Construction,17816.23
5577,7851,22,B-009913,Pending Construction,10608.51
5578,312,33,B-000410,Non-Functional,16556.64
5579,11428,23,B-014454,Non-Functional,22683.53
5580,15172,26,B-019153,Pending Construction,11467.14
5581,6013,32,B-007616,Functional,19930.07
5582,1608,3,B-002079,Non-Functional,22025.38
5583,6162,4,B-007800,Non-Functional,
5584,12292,12,B-015542,Non-Functional,
5585,11859,10,B-014997,Pending Construction,23139.31
5586,7403,15,B-009353,Pending Construction,14622.97
5587,4501,4,B-005743,Non-Functional,5484.13
5588,14980,16,B-018930,Pending Construction,9145.73
5589,943,7,B-001210,Non-Functional,
5590,5267,25,B-006706,Pending Construction,7363.57
5591,7523,11,B-009493,Pending Construction,24118.32
5592,5645,2,B-007168,Functional,14051.28
5593,11999,16,B-015169,Functional,17678.55
5594,8368,25,B-010574,Pending Construction,18180.69
5595,6570,10,B-008307,Pending Construction,7579.46
5596,14551,13,B-018397,Functional,12451.11
5597,12568,26,B-015903,Functional,20383.53
5598,936,22,B-001200,Non-Functional,13396.75
5599,1293,21,B-001669,Functional,17365.96
5600,9751,26,B-012343,Non-Functional,16329.65
5601,13694,22,B-017334,Pending Construction,16963.07
5602,3572,11,B-004555,Pending Construction,8588.87
5603,8492,8,B-010733,Pending Construction,5295.57
5604,9682,11,B-012254,Non-Functional,
5605,693,23,B-000892,Non-Functional,
5606,15507,32,B-019578,Functional,20108.19
5607,6161,26,B-007799,Pending Construction,22854.8
5608,3996,20,B-005092,Non-Functional,14122.72
5609,373,33,B-000489,Non-Functional,19232.22
5610,4258,21,B-005436,Non-Functional,12829.16
5611,2232,10,B-002841,Functional,8254.13
5612,11329,29,B-014343,Pending Construction,10311.82
5613,13382,11,B-016933,Non-Functional,14919.42
5614,4582,32,B-005856,Non-Functional,21937.74
5615,15787,27,B-019929,Functional,15951.15
5616,11306,32,B-014314,Functional,13410.08
5617,13304,17,B-016833,Functional,
5618,4593,11,B-005868,Non-Functional,7843.67
5619,7638,12,B-009650,Pending Construction,8831.6
5620,966,33,B-001240,Pending Construction,7660.72
5621,9604,33,B-012154,Non-Functional,7090.4
5622,15388,25,B-019435,Non-Functional,19144.95
5623,10121,1,B-012813,Pending Construction,10388.99
5624,227,13,B-000305,Non-Functional,6094.62
5625,13716,34,B-017362,Pending Construction,15235.8
5626,11388,23,B-014408,Pending Construction,18130.41
5627,204,13,B-000270,Non-Functional,
5628,9586,28,B-012124,Functional,5548.88
5629,10751,32,B-013628,Pending Construction,12645.96
5630,2728,33,B-003451,Pending Construction,12583.64
5631,8533,1,B-010779,Non-Functional,11724.75
5632,9283,8,B-011739,Functional,
5633,14580,9,B-018428,Non-Functional,23745.36
5634,4265,22,B-005444,Non-Functional,24680.34
5635,2278,3,B-002892,Pending Construction,20792.09
5636,10354,8,B-013112,Functional,10502.71
5637,9075,20,B-011470,Pending Construction,21117.22
5638,7459,30,B-009417,Functional,22557.26
5639,7814,24,B-009862,Pending Construction,7247.34
5640,3726,6,B-004753,Non-Functional,21873.89
5641,9933,30,B-012573,Functional,
5642,4144,14,B-005278,Functional,18852.91
5643,4264,10,B-005442,Non-Functional,13095.49
5644,6787,15,B-008585,Functional,
5645,1893,34,B-002429,Pending Construction,
5646,5818,16,B-007375,Functional,24291.75
5647,15250,17,B-019261,Non-Functional,10032.69
5648,12679,19,B-016046,Non-Functional,14092.88
5649,14862,22,B-018783,Non-Functional,15721.84
5650,9961,3,B-012607,Pending Construction,14397.09
5651,5515,20,B-006997,Non-Functional,23481.53
5652,9994,33,B-012652,Non-Functional,
5653,12850,17,B-016261,Pending Construction,24027.09
5654,15566,18,B-019649,Non-Functional,24290.12
5655,9580,33,B-012117,Functional,6701.78
5656,8257,11,B-010431,Functional,18690.77
5657,5931,24,B-007510,Pending Construction,17346.16
5658,9288,4,B-011745,Pending Construction,
5659,13352,3,B-016894,Non-Functional,7305.42
5660,14748,9,B-018639,Non-Functional,23600.75
5661,11735,20,B-014837,Pending Construction,24168.51
5662,13764,23,B-017421,Functional,20081.35
5663,9350,2,B-011825,Functional,8378.0
5664,4112,12,B-005239,Pending Construction,
5665,13869,26,B-017547,Non-Functional,18747.38
5666,7820,18,B-009870,Non-Functional,19503.36
5667,9547,28,B-012077,Functional,22492.14
5668,7563,23,B-009544,Functional,20343.34
5669,8066,9,B-010189,Non-Functional,20430.62
5670,8822,31,B-011148,Pending Construction,15363.7
5671,3064,25,B-003898,Non-Functional,21210.45
5672,5568,15,B-007069,Pending Construction,22422.83
5673,7933,23,B-010023,Pending Construction,23135.31
5674,4598,17,B-005874,Functional,11436.91
5675,14132,12,B-017872,Pending Construction,14947.2
5676,8982,31,B-011344,Functional,19035.33
5677,15548,5,B-019628,Pending Construction,
5678,1266,16,B-001635,Pending Construction,19743.44
5679,5461,9,B-006937,Pending Construction,21029.22
5680,10109,12,B-012797,Pending Construction,15948.39
5681,13607,31,B-017223,Functional,
5682,15297,34,B-019319,Functional,11042.75
5683,7494,30,B-009459,Non-Functional,8898.1
5684,5315,6,B-006761,Pending Construction,11712.66
5685,13190,8,B-016695,Non-Functional,12713.58
5686,10716,29,B-013588,Functional,10926.2
5687,7598,33,B-009587,Non-Functional,
5688,4803,13,B-006124,Functional,7812.16
5689,10607,5,B-013430,Functional,23028.23
5690,14086,32,B-017816,Functional,
5691,11701,12,B-014800,Functional,15615.17
5692,4458,12,B-005686,Pending Construction,7205.99
5693,1015,13,B-001303,Functional,
5694,547,11,B-000713,Pending Construction,22812.84
5695,7900,35,B-009982,Functional,13617.67
5696,164,35,B-000214,Non-Functional,14161.95
5697,862,30,B-001100,Non-Functional,7144.96
5698,465,27,B-000607,Pending Construction,18542.13
5699,12161,5,B-015376,Pending Construction,
5700,13877,10,B-017555,Functional,20279.61
5701,9977,21,B-012629,Pending Construction,23004.38
5702,7251,26,B-009155,Pending Construction,5413.15
5703,3299,2,B-004218,Non-Functional,5272.6
5704,11130,25,B-014100,Non-Functional,14327.31
5705,12465,2,B-015773,Functional,16650.68
5706,14175,1,B-017927,Non-Functional,15295.14
5707,10291,21,B-013030,Pending Construction,11837.47
5708,7973,13,B-010073,Functional,11664.05
5709,3090,19,B-003936,Functional,9374.33
5710,300,22,B-000396,Pending Construction,24604.9
5711,6237,33,B-007892,Pending Construction,7434.21
5712,3548,2,B-004524,Functional,24235.65
5713,11883,20,B-015028,Pending Construction,9338.64
5714,6934,8,B-008773,Non-Functional,
5715,12911,20,B-016340,Non-Functional,13886.59
5716,6174,30,B-007814,Pending Construction,21810.66
5717,8675,2,B-010960,Functional,19549.51
5718,10077,12,B-012757,Pending Construction,15511.64
5719,5874,16,B-007437,Non-Functional,14539.04
5720,4935,19,B-006288,Functional,17653.0
5721,7109,12,B-008983,Pending Construction,6211.28
5722,10413,21,B-013189,Pending Construction,6391.14
5723,12124,23,B-015330,Non-Functional,8246.36
5724,393,1,B-000519,Functional,16485.16
5725,13073,33,B-016552,Functional,
5726,2421,18,B-003065,Pending Construction,13895.98
5727,11139,35,B-014109,Non-Functional,10337.34
5728,10989,22,B-013926,Non-Functional,5772.63
5729,10845,5,B-013742,Functional,24876.83
5730,3591,9,B-004582,Pending Construction,
5731,6183,34,B-007825,Functional,20439.84
5732,1163,11,B-001492,Functional,18364.74
5733,5835,29,B-007393,Functional,17321.55
5734,2843,28,B-003603,Functional,12919.76
5735,4099,15,B-005223,Functional,20944.96
5736,5166,6,B-006581,Non-Functional,15292.69
5737,4169,12,B-005316,Non-Functional,9809.76
5738,11285,29,B-014287,Non-Functional,7740.92
5739,5435,15,B-006906,Non-Functional,19963.83
5740,10748,10,B-013625,Non-Functional,9743.71
5741,417,1,B-000546,Non-Functional,24764.93
5742,12060,3,B-015244,Non-Functional,7396.02
5743,12426,5,B-015721,Functional,8331.69
5744,9345,12,B-011820,Functional,23988.62
5745,7167,27,B-009053,Non-Functional,
5746,13814,14,B-017480,Pending Construction,
5747,1851,9,B-002381,Pending Construction,13258.44
5748,14997,28,B-018949,Pending Construction,
5749,14332,35,B-018125,Non-Functional,9913.67
5750,13348,23,B-016889,Pending Construction,21971.85
5751,15249,20,B-019258,Non-Functional,22731.7
5752,6385,20,B-008067,Functional,22513.22
5753,638,12,B-000830,Pending Construction,22059.89
5754,7653,22,B-009667,Non-Functional,22709.94
5755,11640,10,B-014720,Non-Functional,16675.16
5756,2088,28,B-002666,Non-Functional,10379.99
5757,11940,33,B-015096,Non-Functional,8770.16
5758,8378,2,B-010584,Functional,23112.3
5759,14414,31,B-018232,Functional,18901.48
5760,5741,19,B-007279,Functional,6373.72
5761,14593,13,B-018442,Non-Functional,8900.23
5762,2967,28,B-003769,Pending Construction,15165.0
5763,3916,13,B-004993,Pending Construction,
5764,6464,2,B-008168,Pending Construction,6348.04
5765,4101,1,B-005226,Non-Functional,24564.61
5766,6850,11,B-008663,Non-Functional,6094.38
5767,7784,3,B-009828,Functional,
5768,10154,27,B-012853,Non-Functional,14282.89
5769,1148,13,B-001474,Non-Functional,15204.33
5770,5121,12,B-006521,Non-Functional,18358.44
5771,1582,1,B-002044,Pending Construction,
5772,9497,24,B-012016,Functional,15096.28
5773,7816,32,B-009865,Functional,14121.5
5774,11255,24,B-014249,Functional,18806.8
5775,15328,8,B-019356,Functional,13046.81
5776,2551,17,B-003235,Functional,5114.83
5777,8333,21,B-010525,Functional,18844.04
5778,6469,18,B-008173,Non-Functional,11041.34
5779,1009,11,B-001297,Functional,6726.76
5780,6592,12,B-008335,Non-Functional,13793.21
5781,2879,11,B-003648,Non-Functional,19599.44
5782,14910,23,B-018842,Pending Construction,9400.46
5783,2673,31,B-003386,Functional,21571.64
5784,13646,9,B-017271,Non-Functional,
5785,14772,2,B-018669,Non-Functional,19865.69
5786,6814,29,B-008617,Non-Functional,12670.27
5787,14550,11,B-018396,Pending Construction,23375.52
5788,7393,18,B-009341,Pending Construction,20907.51
5789,6912,6,B-008744,Pending Construction,24690.66
5790,13622,3,B-017239,Functional,14409.68
5791,5340,32,B-006788,Functional,18957.17
5792,7641,9,B-009655,Pending Construction,8243.88
5793,10730,15,B-013605,Non-Functional,23383.97
5794,13214,28,B-016722,Pending Construction,23836.96
5795,13854,2,B-017528,Non-Functional,10493.7
5796,13523,13,B-017117,Functional,23534.55
5797,11492,6,B-014532,Pending Construction,23356.2
5798,11563,9,B-014622,Functional,21897.2
5799,5798,13,B-007352,Functional,10091.87
5800,15176,27,B-019158,Non-Functional,16623.89
5801,107,32,B-000142,Non-Functional,6771.35
5802,12677,29,B-016044,Non-Functional,18948.04
5803,4736,16,B-006040,Pending Construction,24878.57
5804,2264,25,B-002876,Pending Construction,20609.11
5805,11097,33,B-014062,Functional,16515.5
5806,10168,35,B-012871,Non-Functional,23209.36
5807,11138,22,B-014108,Pending Construction,6476.89
5808,5687,4,B-007211,Functional,15899.27
5809,7792,19,B-009836,Non-Functional,24835.08
5810,10583,17,B-013398,Functional,22842.17
5811,14378,10,B-018183,Pending Construction,
5812,11707,9,B-014806,Functional,9462.33
5813,15369,5,B-019410,Functional,10924.97
5814,3221,20,B-004125,Non-Functional,23433.24
5815,12117,19,B-015319,Functional,22043.56
5816,8216,5,B-010375,Functional,21493.08
5817,9723,30,B-012305,Pending Construction,8422.36
5818,15145,27,B-019120,Functional,16228.0
5819,2167,20,B-002764,Pending Construction,20530.98
5820,12783,5,B-016171,Functional,17902.52
5821,13997,21,B-017705,Non-Functional,6196.94
5822,118,11,B-000156,Non-Functional,13924.65
5823,2555,10,B-003240,Pending Construction,14613.67
5824,15308,24,B-019332,Pending Construction,22637.13
5825,11345,34,B-014362,Functional,11946.77
5826,15556,17,B-019638,Non-Functional,
5827,1180,14,B-001513,Pending Construction,12537.92
5828,713,23,B-000919,Pending Construction,
5829,1264,11,B-001633,Functional,9978.54
5830,12936,15,B-016370,Functional,7954.77
5831,4844,12,B-006179,Functional,9606.51
5832,1114,24,B-001431,Pending Construction,20550.32
5833,3971,27,B-005058,Non-Functional,
5834,6498,3,B-008214,Functional,10092.0
5835,9711,11,B-012293,Non-Functional,7450.57
5836,13621,34,B-017238,Pending Construction,
5837,12880,20,B-016301,Pending Construction,24361.17
5838,6111,14,B-007740,Non-Functional,21636.76
5839,5142,21,B-006545,Functional,19166.44
5840,7328,27,B-009255,Pending Construction,13374.71
5841,3313,16,B-004234,Non-Functional,8002.35
5842,4052,16,B-005163,Functional,16170.7
5843,14492,4,B-018326,Pending Construction,17408.21
5844,2126,8,B-002715,Pending Construction,11507.31
5845,6418,2,B-008109,Non-Functional,20125.7
5846,5146,1,B-006556,Non-Functional,20979.96
5847,8600,31,B-010855,Pending Construction,
5848,2607,34,B-003309,Pending Construction,
5849,175,1,B-000225,Pending Construction,5392.48
5850,7923,28,B-010010,Functional,
5851,5438,6,B-006909,Pending Construction,22907.94
5852,4770,25,B-006086,Non-Functional,16740.55
5853,499,24,B-000653,Non-Functional,13044.76
5854,440,30,B-000578,Pending Construction,17772.61
5855,14488,28,B-018320,Pending Construction,18219.69
5856,12532,34,B-015859,Functional,13366.38
5857,438,14,B-000575,Non-Functional,9954.13
5858,1356,5,B-001749,Pending Construction,15591.66
5859,1087,5,B-001396,Pending Construction,13160.69
5860,14562,32,B-018410,Non-Functional,24638.4
5861,3813,3,B-004857,Pending Construction,24958.88
5862,4513,29,B-005758,Non-Functional,14186.53
5863,6793,9,B-008591,Pending Construction,7933.26
5864,1223,28,B-001572,Pending Construction,9665.44
5865,10352,31,B-013110,Pending Construction,20444.46
5866,5809,32,B-007364,Functional,13987.88
5867,8183,29,B-010339,Non-Functional,23737.0
5868,9440,2,B-011941,Non-Functional,
5869,12153,16,B-015366,Functional,
5870,5839,17,B-007397,Non-Functional,19056.92
5871,15010,33,B-018964,Pending Construction,
5872,10026,9,B-012692,Non-Functional,9783.08
5873,6726,15,B-008513,Functional,14678.27
5874,1643,6,B-002121,Pending Construction,24718.15
5875,1623,5,B-002097,Non-Functional,16849.12
5876,11584,14,B-014649,Non-Functional,23921.8
5877,3505,12,B-004478,Functional,23662.89
5878,9204,27,B-011633,Non-Functional,11811.25
5879,1549,31,B-002004,Non-Functional,21581.99
5880,3532,8,B-004508,Non-Functional,24716.04
5881,241,4,B-000319,Pending Construction,5565.37
5882,5463,5,B-006940,Pending Construction,13600.53
5883,1093,13,B-001403,Pending Construction,21130.94
5884,14053,23,B-017773,Non-Functional,12511.62
5885,1954,1,B-002507,Pending Construction,17337.02
5886,9300,17,B-011762,Pending Construction,14505.92
5887,8905,11,B-011247,Non-Functional,24680.86
5888,2625,6,B-003329,Functional,15718.04
5889,8176,31,B-010329,Functional,22690.77
5890,13121,13,B-016612,Functional,19091.95
5891,3472,13,B-004440,Functional,15535.99
5892,9176,13,B-011597,Functional,17537.88
5893,1942,13,B-002487,Functional,14772.02
5894,3314,8,B-004236,Pending Construction,9312.11
5895,1139,17,B-001462,Functional,13892.78
5896,11028,25,B-013977,Functional,10554.23
5897,9206,4,B-011635,Functional,22006.01
5898,3040,10,B-003863,Pending Construction,24501.19
5899,277,26,B-000364,Pending Construction,10401.59
5900,3075,33,B-003914,Functional,18529.45
5901,6680,35,B-008454,Non-Functional,13997.9
5902,13536,25,B-017135,Non-Functional,22009.4
5903,6186,6,B-007828,Functional,9403.86
5904,11249,18,B-014241,Non-Functional,10620.65
5905,2917,29,B-003703,Functional,7450.17
5906,10127,26,B-012819,Functional,24250.27
5907,1367,1,B-001765,Non-Functional,20123.32
5908,12575,22,B-015912,Non-Functional,24491.24
5909,4959,30,B-006317,Pending Construction,13401.46
5910,12587,26,B-015928,Non-Functional,6009.2
5911,15078,29,B-019044,Non-Functional,13623.4
5912,710,22,B-000916,Pending Construction,10632.05
5913,5852,16,B-007412,Pending Construction,11587.52
5914,9010,19,B-011384,Functional,
5915,4218,27,B-005389,Pending Construction,5533.19
5916,3782,13,B-004821,Functional,24345.19
5917,518,19,B-000678,Pending Construction,19039.44
5918,5384,21,B-006844,Functional,12599.44
5919,15593,32,B-019682,Non-Functional,
5920,2958,5,B-003758,Non-Functional,24783.96
5921,11839,33,B-014967,Pending Construction,20406.58
5922,13801,35,B-017466,Pending Construction,19616.59
5923,10268,5,B-013001,Functional,5336.51
5924,1951,21,B-002503,Non-Functional,11362.24
5925,4203,33,B-005365,Pending Construction,7883.21
5926,4430,26,B-005652,Functional,14182.94
5927,8143,29,B-010282,Non-Functional,11655.29
5928,13193,34,B-016698,Functional,6586.82
5929,10462,35,B-013247,Functional,10247.72
5930,1228,23,B-001583,Pending Construction,19926.25
5931,1557,20,B-002012,Functional,23125.22
5932,12246,34,B-015483,Functional,22079.01
5933,6012,20,B-007615,Non-Functional,12359.6
5934,11573,14,B-014637,Non-Functional,16276.94
5935,11639,12,B-014719,Pending Construction,15589.45
5936,2775,13,B-003516,Non-Functional,21707.35
5937,1259,28,B-001627,Functional,6625.56
5938,5685,25,B-007209,Pending Construction,11886.33
5939,8662,9,B-010939,Pending Construction,24988.3
5940,2217,12,B-002822,Functional,23490.65
5941,9022,32,B-011399,Non-Functional,10394.51
5942,5721,11,B-007254,Non-Functional,24875.51
5943,1762,6,B-002269,Non-Functional,13910.52
5944,181,33,B-000236,Pending Construction,22501.05
5945,4996,5,B-006360,Pending Construction,14810.17
5946,4708,8,B-006008,Functional,5650.53
5947,8314,21,B-010501,Pending Construction,14320.32
5948,4511,17,B-005755,Pending Construction,21985.09
5949,10677,8,B-013529,Functional,15332.4
5950,1521,10,B-001972,Functional,14963.0
5951,9449,15,B-011952,Functional,7100.58
5952,8095,23,B-010224,Non-Functional,11238.95
5953,3812,35,B-004856,Functional,8804.74
5954,11907,12,B-015058,Pending Construction,
5955,10630,14,B-013464,Non-Functional,23984.1
5956,6423,3,B-008114,Non-Functional,19342.34
5957,2719,15,B-003440,Functional,8573.12
5958,6553,14,B-008284,Pending Construction,17704.24
5959,5264,14,B-006703,Pending Construction,16051.0
5960,2521,17,B-003196,Functional,20886.38
5961,5478,20,B-006958,Pending Construction,7329.83
5962,1826,3,B-002352,Pending Construction,21618.72
5963,15244,16,B-019253,Non-Functional,8822.76
5964,679,31,B-000877,Non-Functional,18250.86
5965,2039,34,B-002607,Functional,10509.02
5966,15527,2,B-019602,Non-Functional,22632.68
5967,12149,15,B-015362,Pending Construction,11728.31
5968,2574,25,B-003266,Functional,
5969,10584,15,B-013402,Non-Functional,
5970,7225,17,B-009125,Functional,16347.59
5971,5130,11,B-006530,Pending Construction,12643.38
5972,14066,28,B-017792,Functional,11245.34
5973,12676,17,B-016042,Functional,
5974,9037,19,B-011415,Non-Functional,5770.96
5975,1859,5,B-002391,Functional,6354.49
5976,4163,4,B-005308,Non-Functional,6311.52
5977,2341,11,B-002970,Functional,20097.43
5978,8560,15,B-010809,Non-Functional,19388.9
5979,7081,3,B-008948,Non-Functional,16161.75
5980,11770,14,B-014880,Pending Construction,22686.78
5981,1415,24,B-001827,Functional,12042.33
5982,9483,32,B-011998,Functional,10574.33
5983,12301,35,B-015557,Non-Functional,11330.17
5984,5742,9,B-007280,Functional,11331.71
5985,13765,4,B-017423,Non-Functional,7111.34
5986,15329,2,B-019357,Non-Functional,5357.15
5987,9853,19,B-012471,Pending Construction,7788.49
5988,15675,27,B-019788,Non-Functional,
5989,390,10,B-000515,Functional,19723.94
5990,11029,26,B-013979,Non-Functional,15044.59
5991,14139,6,B-017880,Non-Functional,23010.59
5992,3676,13,B-004689,Non-Functional,22121.56
5993,12183,27,B-015405,Pending Construction,8241.3
5994,726,30,B-000933,Functional,5267.61
5995,13510,34,B-017098,Functional,19410.84
5996,2528,8,B-003204,Non-Functional,23058.67
5997,10203,1,B-012917,Functional,22918.96
5998,10555,2,B-013365,Pending Construction,8630.16
5999,6453,29,B-008152,Functional,18708.11
6000,9115,7,B-011520,Pending Construction,24149.92
6001,10193,9,B-012904,Non-Functional,17452.36
6002,10507,26,B-013307,Non-Functional,5112.99
6003,10192,34,B-012903,Non-Functional,8659.82
6004,3759,2,B-004792,Pending Construction,19122.86
6005,10022,11,B-012688,Non-Functional,11703.19
6006,690,29,B-000889,Pending Construction,8754.3
6007,2942,26,B-003739,Functional,16070.65
6008,10064,1,B-012738,Pending Construction,16466.37
6009,3247,12,B-004154,Non-Functional,17441.47
6010,6189,15,B-007835,Non-Functional,21236.7
6011,4857,23,B-006197,Functional,
6012,12271,4,B-015514,Pending Construction,19888.67
6013,2507,15,B-003177,Pending Construction,17384.68
6014,9658,28,B-012224,Functional,10541.64
6015,3872,29,B-004938,Non-Functional,5617.51
6016,5890,25,B-007456,Functional,14699.08
6017,10668,30,B-013516,Non-Functional,8990.49
6018,11164,18,B-014139,Functional,6595.89
6019,9128,31,B-011533,Non-Functional,12842.04
6020,11617,33,B-014694,Functional,15092.49
6021,8563,18,B-010813,Functional,20488.07
6022,3842,33,B-004896,Pending Construction,
6023,9120,7,B-011525,Non-Functional,
6024,13513,30,B-017102,Pending Construction,7763.56
6025,11949,21,B-015106,Pending Construction,8197.66
6026,15739,11,B-019869,Non-Functional,9261.32
6027,12393,20,B-015678,Functional,7512.36
6028,861,2,B-001099,Functional,15664.99
6029,5616,33,B-007129,Non-Functional,20816.97
6030,11971,5,B-015133,Functional,
6031,5271,20,B-006710,Pending Construction,8551.83
6032,4704,28,B-006003,Non-Functional,6891.13
6033,318,2,B-000416,Pending Construction,23166.72
6034,14463,10,B-018288,Pending Construction,17148.32
6035,14806,34,B-018715,Functional,
6036,7253,22,B-009157,Functional,19312.44
6037,10826,28,B-013718,Pending Construction,20186.21
6038,2243,13,B-002854,Pending Construction,17278.55
6039,8567,26,B-010820,Functional,5421.88
6040,216,32,B-000292,Pending Construction,22702.98
6041,4078,34,B-005194,Non-Functional,21769.53
6042,1976,10,B-002533,Functional,10848.05
6043,6444,2,B-008140,Pending Construction,7393.94
6044,10710,26,B-013579,Pending Construction,21511.66
6045,738,20,B-000950,Pending Construction,13960.84
6046,12854,17,B-016270,Pending Construction,6119.61
6047,8668,7,B-010949,Pending Construction,10731.43
6048,13169,14,B-016671,Non-Functional,
6049,7023,6,B-008876,Pending Construction,8748.43
6050,5118,4,B-006517,Pending Construction,16172.56
6051,5994,11,B-007596,Functional,14354.27
6052,5196,10,B-006624,Pending Construction,9388.75
6053,12316,24,B-015578,Non-Functional,11817.4
6054,11187,24,B-014168,Non-Functional,
6055,14566,4,B-018414,Pending Construction,10091.95
6056,5332,35,B-006780,Pending Construction,9755.44
6057,8067,1,B-010190,Pending Construction,20325.14
6058,9166,3,B-011583,Functional,
6059,14199,11,B-017960,Pending Construction,18808.39
6060,3552,24,B-004528,Pending Construction,24576.91
6061,13623,28,B-017242,Functional,20333.28
6062,9535,30,B-012064,Functional,
6063,8694,24,B-010986,Pending Construction,17478.61
6064,9668,29,B-012236,Pending Construction,14896.26
6065,12786,30,B-016176,Functional,17094.38
6066,14848,10,B-018765,Non-Functional,14585.79
6067,9999,23,B-012661,Functional,12120.69
6068,6862,8,B-008680,Non-Functional,23842.75
6069,2397,19,B-003040,Functional,8652.41
6070,13712,35,B-017358,Non-Functional,9689.08
6071,7373,29,B-009310,Pending Construction,24073.81
6072,11302,32,B-014309,Non-Functional,17500.5
6073,1523,20,B-001974,Functional,23611.16
6074,12372,4,B-015651,Pending Construction,6836.17
6075,1358,28,B-001751,Functional,17908.72
6076,8888,8,B-011225,Pending Construction,14377.17
6077,986,7,B-001267,Functional,23486.81
6078,190,31,B-000250,Pending Construction,14050.79
6079,5187,4,B-006614,Non-Functional,
6080,6950,24,B-008791,Functional,18965.23
6081,8507,30,B-010751,Non-Functional,11383.63
6082,7411,5,B-009362,Functional,
6083,9329,31,B-011802,Non-Functional,6239.89
6084,14844,28,B-018761,Non-Functional,
6085,1439,28,B-001860,Non-Functional,15977.72
6086,521,16,B-000682,Pending Construction,20065.41
6087,8802,11,B-011127,Pending Construction,13090.19
6088,4227,2,B-005401,Functional,10939.49
6089,7432,31,B-009386,Non-Functional,22334.99
6090,10658,5,B-013503,Pending Construction,
6091,3156,6,B-004037,Non-Functional,12992.7
6092,592,3,B-000771,Functional,12021.91
6093,13311,8,B-016842,Non-Functional,8143.2
6094,6087,15,B-007708,Non-Functional,5364.91
6095,6602,15,B-008348,Pending Construction,20627.7
6096,10234,30,B-012957,Non-Functional,5931.83
6097,11835,35,B-014962,Non-Functional,11335.61
6098,9038,17,B-011416,Pending Construction,18603.66
6099,13152,9,B-016647,Functional,20148.02
6100,1378,31,B-001779,Non-Functional,21120.8
6101,12841,11,B-016246,Pending Construction,9940.28
6102,2254,30,B-002865,Functional,18478.04
6103,7719,27,B-009749,Functional,8862.62
6104,6627,22,B-008382,Non-Functional,5416.84
6105,6719,21,B-008502,Pending Construction,10547.34
6106,4207,30,B-005372,Non-Functional,
6107,14405,7,B-018221,Pending Construction,6257.73
6108,5902,23,B-007472,Non-Functional,6111.89
6109,6216,29,B-007864,Non-Functional,17665.24
6110,3535,27,B-004511,Non-Functional,16909.27
6111,3902,13,B-004976,Functional,13951.72
6112,11417,16,B-014442,Pending Construction,8120.98
6113,9384,22,B-011874,Pending Construction,6688.7
6114,2762,20,B-003500,Pending Construction,13821.59
6115,229,33,B-000307,Pending Construction,
6116,10912,27,B-013829,Pending Construction,24519.05
6117,15383,25,B-019430,Functional,14316.54
6118,5981,35,B-007579,Functional,19223.43
6119,4532,22,B-005780,Non-Functional,21305.02
6120,12761,1,B-016147,Functional,23744.61
6121,10761,9,B-013641,Pending Construction,
6122,4608,6,B-005885,Pending Construction,24126.97
6123,15427,15,B-019481,Non-Functional,14924.96
6124,10158,28,B-012859,Non-Functional,18552.69
6125,9033,19,B-011410,Pending Construction,22154.97
6126,3991,7,B-005085,Non-Functional,14546.61
6127,8576,13,B-010829,Functional,12596.44
6128,6512,25,B-008232,Functional,
6129,10079,23,B-012759,Non-Functional,9787.92
6130,4388,8,B-005599,Non-Functional,23123.37
6131,7299,23,B-009218,Non-Functional,14840.17
6132,2427,18,B-003071,Non-Functional,5892.84
6133,9441,2,B-011942,Pending Construction,22904.19
6134,2818,31,B-003571,Pending Construction,12034.17
6135,1512,26,B-001961,Non-Functional,
6136,3080,5,B-003920,Non-Functional,15948.86
6137,7163,9,B-009047,Non-Functional,23451.94
6138,6031,30,B-007638,Functional,
6139,15800,34,B-019945,Non-Functional,18847.41
6140,12684,12,B-016051,Non-Functional,13432.44
6141,8244,13,B-010415,Non-Functional,
6142,2352,3,B-002986,Non-Functional,18772.0
6143,4783,21,B-006101,Non-Functional,11192.26
6144,13251,26,B-016764,Functional,8311.58
6145,11924,17,B-015078,Functional,11053.71
6146,4192,3,B-005347,Functional,24594.72
6147,14527,11,B-018369,Pending Construction,10107.89
6148,13385,12,B-016937,Functional,8415.33
6149,454,32,B-000592,Non-Functional,8564.58
6150,14623,22,B-018480,Non-Functional,15433.08
6151,7796,23,B-009841,Pending Construction,
6152,5730,35,B-007265,Functional,
6153,6741,28,B-008535,Pending Construction,21518.44
6154,5710,2,B-007239,Pending Construction,10927.97
6155,1663,15,B-002147,Functional,21107.44
6156,15845,11,B-019999,Functional,7463.54
6157,1979,5,B-002536,Pending Construction,7965.34
6158,2773,34,B-003512,Non-Functional,12477.46
6159,4182,13,B-005335,Pending Construction,17006.63
6160,13319,16,B-016852,Non-Functional,
6161,14767,18,B-018664,Pending Construction,11749.91
6162,1559,33,B-002015,Non-Functional,12046.59
6163,3713,2,B-004738,Pending Construction,22911.91
6164,8867,24,B-011203,Functional,12885.92
6165,11423,24,B-014449,Pending Construction,6893.93
6166,12007,35,B-015178,Non-Functional,13237.78
6167,13690,25,B-017330,Non-Functional,10445.51
6168,9376,5,B-011865,Functional,9246.68
6169,13059,29,B-016533,Non-Functional,
6170,5234,26,B-006669,Non-Functional,20141.19
6171,4441,34,B-005664,Non-Functional,8273.36
6172,1000,32,B-001286,Functional,6895.63
6173,957,16,B-001229,Functional,19345.15
6174,12457,30,B-015760,Pending Construction,8655.95
6175,7963,34,B-010057,Non-Functional,21042.03
6176,1751,29,B-002257,Non-Functional,11497.1
6177,10576,28,B-013388,Functional,9733.28
6178,11401,6,B-014423,Pending Construction,22542.07
6179,15314,33,B-019339,Pending Construction,9130.58
6180,4627,2,B-005906,Functional,17805.57
6181,14518,14,B-018357,Functional,5169.93
6182,1175,29,B-001506,Non-Functional,
6183,11926,29,B-015080,Functional,18355.21
6184,9286,20,B-011743,Pending Construction,22772.52
6185,6001,21,B-007603,Non-Functional,16975.43
6186,8316,28,B-010503,Pending Construction,16150.99
6187,10402,22,B-013176,Functional,22824.62
6188,9863,23,B-012483,Non-Functional,12375.05
6189,366,5,B-000481,Functional,17901.95
6190,13224,13,B-016733,Functional,16109.75
6191,9916,35,B-012551,Non-Functional,16634.9
6192,3008,2,B-003821,Pending Construction,8345.7
6193,7537,18,B-009512,Pending Construction,23876.35
6194,9000,32,B-011370,Non-Functional,11075.05
6195,212,33,B-000286,Non-Functional,16749.87
6196,673,27,B-000868,Functional,15213.28
6197,3441,34,B-004395,Functional,12751.15
6198,12539,10,B-015868,Non-Functional,17644.38
6199,9360,14,B-011840,Functional,7405.13
6200,3288,9,B-004200,Pending Construction,19372.41
6201,4319,19,B-005509,Functional,18627.44
6202,5582,34,B-007087,Functional,18242.16
6203,10078,28,B-012758,Functional,24714.59
6204,6170,10,B-007809,Functional,24239.36
6205,7160,26,B-009044,Non-Functional,15764.48
6206,8106,9,B-010239,Pending Construction,19779.0
6207,9948,25,B-012590,Non-Functional,12042.78
6208,13746,6,B-017400,Pending Construction,14966.52
6209,4538,22,B-005792,Functional,6954.96
6210,3765,10,B-004799,Functional,
6211,14267,9,B-018045,Non-Functional,20724.35
6212,3832,27,B-004884,Pending Construction,
6213,145,24,B-000188,Non-Functional,8438.45
6214,2804,26,B-003551,Non-Functional,7249.78
6215,8530,11,B-010775,Functional,
6216,286,9,B-000374,Non-Functional,
6217,13142,2,B-016635,Non-Functional,7644.96
6218,15573,12,B-019660,Pending Construction,8463.88
6219,10768,20,B-013648,Functional,
6220,9196,31,B-011623,Pending Construction,15658.03
6221,2261,14,B-002873,Non-Functional,
6222,5653,2,B-007176,Functional,18720.48
6223,5319,8,B-006766,Functional,15013.17
6224,4868,10,B-006212,Non-Functional,11723.97
6225,2811,16,B-003560,Functional,17688.75
6226,7522,15,B-009492,Functional,14063.18
6227,13554,31,B-017158,Non-Functional,15957.18
6228,14911,20,B-018843,Functional,11515.79
6229,7959,28,B-010053,Non-Functional,21553.66
6230,7566,22,B-009547,Pending Construction,16717.47
6231,6960,35,B-008802,Functional,17398.23
6232,3941,10,B-005023,Pending Construction,11649.04
6233,3132,22,B-004002,Functional,7808.94
6234,11501,16,B-014541,Functional,13789.99
6235,8901,18,B-011241,Non-Functional,13803.12
6236,15798,14,B-019942,Pending Construction,7363.91
6237,14137,34,B-017878,Non-Functional,6420.67
6238,5362,6,B-006814,Pending Construction,22616.01
6239,7185,16,B-009076,Pending Construction,20720.47
6240,7498,28,B-009463,Non-Functional,13658.97
6241,3694,6,B-004710,Pending Construction,
6242,15044,30,B-019002,Non-Functional,11321.76
6243,7720,8,B-009750,Non-Functional,9074.45
6244,15261,15,B-019276,Pending Construction,5096.05
6245,6873,20,B-008693,Pending Construction,
6246,8870,6,B-011206,Non-Functional,12160.4
6247,3753,20,B-004783,Non-Functional,17853.16
6248,141,15,B-000184,Pending Construction,21248.36
6249,4066,27,B-005178,Functional,
6250,12107,10,B-015304,Functional,16517.32
6251,8425,29,B-010643,Non-Functional,18855.1
6252,12888,4,B-016310,Pending Construction,8203.94
6253,10955,25,B-013883,Functional,21342.28
6254,12152,10,B-015365,Non-Functional,
6255,5904,7,B-007474,Non-Functional,14592.93
6256,14377,34,B-018182,Non-Functional,14823.52
6257,8659,23,B-010936,Pending Construction,9953.81
6258,11200,27,B-014185,Pending Construction,10558.54
6259,4270,16,B-005451,Non-Functional,7305.9
6260,11126,33,B-014095,Pending Construction,20058.36
6261,15839,14,B-019992,Non-Functional,6181.91
6262,1466,3,B-001898,Non-Functional,6932.78
6263,2256,14,B-002868,Pending Construction,21381.55
6264,406,23,B-000534,Pending Construction,14258.64
6265,8541,33,B-010788,Non-Functional,6006.58
6266,10292,2,B-013031,Pending Construction,23932.25
6267,1874,13,B-002407,Non-Functional,8481.47
6268,14505,19,B-018339,Non-Functional,20236.66
6269,15629,1,B-019729,Non-Functional,19177.57
6270,15498,29,B-019568,Non-Functional,7877.18
6271,14807,23,B-018716,Non-Functional,14220.38
6272,13825,32,B-017493,Pending Construction,16391.42
6273,11718,32,B-014818,Non-Functional,18352.95
6274,919,6,B-001176,Non-Functional,20945.33
6275,5212,32,B-006642,Functional,7312.71
6276,9257,32,B-011703,Non-Functional,10522.07
6277,12896,25,B-016320,Pending Construction,10377.49
6278,10019,4,B-012683,Pending Construction,19970.29
6279,12078,35,B-015263,Functional,5949.94
6280,9985,10,B-012639,Functional,18318.16
6281,6482,15,B-008191,Non-Functional,15912.09
6282,4139,21,B-005273,Pending Construction,16134.01
6283,8124,22,B-010259,Non-Functional,17250.83
6284,9664,12,B-012231,Non-Functional,24456.23
6285,5724,14,B-007259,Pending Construction,12200.84
6286,3380,8,B-004324,Pending Construction,21627.08
6287,9491,17,B-012008,Functional,8901.39
6288,9306,32,B-011769,Pending Construction,14939.41
6289,7600,35,B-009591,Pending Construction,5630.72
6290,2138,14,B-002728,Pending Construction,20983.74
6291,1906,23,B-002444,Functional,6695.81
6292,1662,1,B-002146,Pending Construction,9728.45
6293,524,21,B-000685,Functional,8480.4
6294,93,12,B-000125,Non-Functional,14897.38
6295,8320,14,B-010508,Functional,11942.48
6296,7075,9,B-008940,Pending Construction,21372.11
6297,3371,9,B-004311,Non-Functional,9682.06
6298,3310,11,B-004230,Non-Functional,5785.97
6299,1241,19,B-001599,Pending Construction,17336.02
6300,4908,20,B-006257,Pending Construction,5546.42
6301,15227,20,B-019226,Functional,19523.83
6302,9015,10,B-011390,Functional,21601.82
6303,14852,26,B-018769,Pending Construction,11651.57
6304,15103,3,B-019071,Non-Functional,18680.92
6305,4806,23,B-006127,Pending Construction,13376.18
6306,12058,8,B-015242,Non-Functional,18915.62
6307,5986,26,B-007586,Functional,12489.0
6308,3336,6,B-004265,Non-Functional,7266.76
6309,8494,4,B-010737,Pending Construction,18831.62
6310,14561,24,B-018409,Non-Functional,13154.38
6311,14739,26,B-018629,Non-Functional,
6312,6120,35,B-007749,Non-Functional,22902.39
6313,2073,34,B-002647,Non-Functional,23795.07
6314,7378,11,B-009316,Pending Construction,12468.85
6315,833,11,B-001069,Non-Functional,13512.61
6316,9729,31,B-012313,Functional,20115.22
6317,12353,19,B-015619,Non-Functional,11078.2
6318,4652,16,B-005939,Pending Construction,
6319,3596,22,B-004589,Non-Functional,8841.3
6320,6605,18,B-008353,Functional,15072.23
6321,14043,4,B-017763,Pending Construction,13175.24
6322,11674,24,B-014765,Non-Functional,15781.29
6323,9371,6,B-011858,Functional,10911.55
6324,6877,21,B-008697,Non-Functional,20557.88
6325,14868,31,B-018795,Pending Construction,12474.39
6326,2280,12,B-002895,Pending Construction,20895.66
6327,14206,27,B-017971,Non-Functional,11428.82
6328,3771,8,B-004809,Pending Construction,7421.56
6329,8645,9,B-010916,Pending Construction,14882.7
6330,5537,11,B-007028,Functional,24927.27
6331,6250,5,B-007908,Functional,
6332,2920,20,B-003707,Functional,22810.68
6333,13848,4,B-017519,Functional,16194.45
6334,15781,27,B-019922,Pending Construction,18647.71
6335,13446,1,B-017021,Pending Construction,11900.7
6336,9699,34,B-012276,Pending Construction,7451.99
6337,9825,5,B-012437,Functional,17888.95
6338,5241,12,B-006676,Functional,20247.26
6339,5901,13,B-007470,Functional,15316.48
6340,7751,19,B-009785,Functional,15324.64
6341,9780,21,B-012383,Non-Functional,16283.09
6342,7279,31,B-009191,Non-Functional,8753.98
6343,3498,20,B-004470,Non-Functional,10454.23
6344,6432,28,B-008126,Pending Construction,13730.67
6345,11430,32,B-014456,Non-Functional,6152.88
6346,4262,31,B-005440,Pending Construction,24296.5
6347,295,15,B-000389,Functional,10534.62
6348,6497,11,B-008213,Pending Construction,21436.48
6349,6681,22,B-008456,Non-Functional,9101.5
6350,1705,15,B-002203,Pending Construction,21080.57
6351,10623,20,B-013454,Functional,11285.47
6352,13177,21,B-016680,Non-Functional,20174.39
6353,4851,1,B-006190,Pending Construction,
6354,2422,19,B-003066,Non-Functional,10010.16
6355,1393,2,B-001801,Non-Functional,22380.93
6356,5601,21,B-007113,Functional,11888.98
6357,4286,35,B-005471,Functional,16252.78
6358,8160,14,B-010307,Non-Functional,22044.73
6359,6101,28,B-007725,Pending Construction,13361.58
6360,407,28,B-000535,Pending Construction,
6361,13045,9,B-016518,Non-Functional,5867.12
6362,8197,35,B-010354,Non-Functional,9360.1
6363,12968,13,B-016410,Pending Construction,9124.07
6364,11463,3,B-014495,Non-Functional,
6365,14661,15,B-018526,Functional,11006.23
6366,820,33,B-001053,Non-Functional,6443.93
6367,14843,18,B-018759,Pending Construction,
6368,9639,18,B-012202,Non-Functional,
6369,2952,22,B-003752,Non-Functional,17203.79
6370,15466,35,B-019528,Non-Functional,10802.87
6371,15584,17,B-019673,Non-Functional,9296.1
6372,2204,18,B-002805,Pending Construction,13267.62
6373,13271,32,B-016793,Non-Functional,5706.45
6374,3109,2,B-003965,Pending Construction,10209.88
6375,898,9,B-001149,Functional,20124.22
6376,9189,24,B-011615,Functional,18699.97
6377,6105,23,B-007729,Functional,22122.06
6378,13651,4,B-017278,Pending Construction,12532.48
6379,15001,18,B-018953,Pending Construction,7527.31
6380,9847,27,B-012464,Functional,18165.11
6381,8339,16,B-010534,Functional,18874.35
6382,9134,15,B-011540,Non-Functional,12507.45
6383,1428,31,B-001845,Pending Construction,17969.38
6384,10785,31,B-013669,Non-Functional,8315.25
6385,3628,24,B-004628,Non-Functional,21500.35
6386,7195,1,B-009087,Functional,18914.16
6387,10752,7,B-013629,Non-Functional,19500.39
6388,15007,14,B-018961,Pending Construction,6755.85
6389,5163,2,B-006577,Non-Functional,21364.02
6390,9976,1,B-012628,Functional,20133.32
6391,15184,26,B-019169,Pending Construction,12847.97
6392,5720,14,B-007253,Pending Construction,20860.76
6393,11017,12,B-013962,Non-Functional,6961.79
6394,5606,21,B-007118,Pending Construction,22228.72
6395,11809,15,B-014928,Pending Construction,
6396,7474,23,B-009438,Functional,9917.0
6397,8289,35,B-010466,Functional,19304.94
6398,12015,14,B-015189,Pending Construction,12964.13
6399,15339,18,B-019371,Functional,10879.7
6400,1173,34,B-001503,Functional,6652.69
6401,9937,24,B-012578,Non-Functional,6317.3
6402,6182,33,B-007824,Functional,7163.31
6403,97,8,B-000132,Non-Functional,10508.05
6404,10962,2,B-013892,Functional,19671.72
6405,13614,17,B-017230,Pending Construction,10968.04
6406,7776,2,B-009820,Pending Construction,19863.58
6407,5522,17,B-007006,Pending Construction,6607.15
6408,2792,11,B-003537,Pending Construction,21260.17
6409,15312,21,B-019336,Non-Functional,
6410,5833,34,B-007391,Pending Construction,
6411,13675,28,B-017312,Pending Construction,21727.24
6412,3579,6,B-004564,Functional,12358.59
6413,108,22,B-000144,Pending Construction,22317.71
6414,6338,17,B-008013,Functional,18942.07
6415,6491,31,B-008203,Non-Functional,
6416,1697,27,B-002195,Non-Functional,13209.28
6417,8744,23,B-011047,Non-Functional,20620.97
6418,7375,11,B-009312,Non-Functional,18280.73
6419,7694,17,B-009717,Functional,7107.21
6420,3111,18,B-003967,Pending Construction,10768.46
6421,13056,28,B-016530,Functional,10008.31
6422,14365,26,B-018167,Non-Functional,18517.76
6423,5987,32,B-007587,Functional,
6424,813,19,B-001046,Non-Functional,9491.47
6425,3054,4,B-003882,Non-Functional,20990.4
6426,8273,5,B-010449,Functional,14046.52
6427,3999,33,B-005095,Functional,13555.98
6428,516,9,B-000675,Pending Construction,24822.11
6429,8069,21,B-010192,Non-Functional,9111.0
6430,4734,27,B-006038,Pending Construction,12438.52
6431,555,7,B-000721,Non-Functional,7694.03
6432,1828,11,B-002354,Non-Functional,10891.77
6433,11702,16,B-014801,Functional,22296.84
6434,3582,32,B-004571,Pending Construction,13679.08
6435,8866,20,B-011202,Functional,14289.82
6436,14698,2,B-018572,Non-Functional,10114.26
6437,12519,25,B-015841,Functional,
6438,10000,27,B-012662,Functional,22511.69
6439,11692,3,B-014788,Pending Construction,17311.62
6440,5717,23,B-007250,Pending Construction,8826.1
6441,10674,9,B-013525,Pending Construction,9235.52
6442,2425,25,B-003069,Functional,14633.6
6443,14542,7,B-018386,Non-Functional,6340.11
6444,12202,11,B-015430,Functional,
6445,14310,32,B-018098,Pending Construction,
6446,7735,8,B-009769,Non-Functional,22877.07
6447,4899,9,B-006245,Functional,12839.23
6448,9047,4,B-011427,Non-Functional,11735.18
6449,12370,13,B-015646,Pending Construction,17776.05
6450,10307,20,B-013048,Pending Construction,5155.17
6451,10721,11,B-013594,Non-Functional,22899.93
6452,8686,1,B-010975,Functional,14654.25
6453,6788,30,B-008586,Non-Functional,15760.59
6454,5256,1,B-006694,Non-Functional,6363.39
6455,917,7,B-001172,Non-Functional,
6456,4431,28,B-005653,Non-Functional,11340.81
6457,11243,1,B-014234,Non-Functional,8702.63
6458,2175,17,B-002773,Functional,24853.87
6459,12230,8,B-015464,Non-Functional,23912.15
6460,360,18,B-000475,Pending Construction,13604.26
6461,5324,4,B-006772,Functional,11607.95
6462,10536,35,B-013342,Pending Construction,7374.56
6463,9365,18,B-011851,Functional,24051.49
6464,3974,6,B-005062,Non-Functional,15181.4
6465,2165,20,B-002762,Functional,9378.05
6466,2520,2,B-003195,Functional,8694.73
6467,10189,27,B-012899,Non-Functional,8873.42
6468,2048,18,B-002619,Functional,20731.44
6469,12019,6,B-015194,Functional,9564.3
6470,1492,18,B-001931,Functional,21029.06
6471,11069,20,B-014031,Pending Construction,17275.9
6472,13870,35,B-017548,Functional,5225.65
6473,7145,35,B-009025,Functional,
6474,12451,35,B-015753,Functional,20500.55
6475,8394,9,B-010605,Pending Construction,8427.07
6476,13028,5,B-016493,Pending Construction,11502.46
6477,14750,17,B-018641,Pending Construction,21064.55
6478,12266,2,B-015506,Non-Functional,10581.49
6479,5475,3,B-006955,Non-Functional,12754.88
6480,10370,20,B-013133,Pending Construction,8927.98
6481,13452,15,B-017028,Non-Functional,8521.24
6482,363,27,B-000478,Non-Functional,20691.45
6483,7958,3,B-010052,Functional,
6484,15235,7,B-019237,Functional,8339.58
6485,8389,5,B-010599,Pending Construction,7069.98
6486,10587,10,B-013406,Non-Functional,21600.3
6487,13302,24,B-016831,Pending Construction,5491.4
6488,8779,23,B-011101,Functional,5208.36
6489,6747,12,B-008541,Pending Construction,
6490,14450,27,B-018273,Pending Construction,
6491,134,16,B-000175,Non-Functional,11864.66
6492,12257,24,B-015495,Non-Functional,20955.57
6493,3110,8,B-003966,Non-Functional,22335.69
6494,9715,17,B-012297,Functional,23839.7
6495,8002,31,B-010110,Functional,20985.08
6496,12070,9,B-015254,Non-Functional,
6497,2814,9,B-003566,Functional,23583.6
6498,1937,27,B-002480,Functional,17961.26
6499,1930,22,B-002471,Functional,23229.49
6500,2509,2,B-003179,Pending Construction,9461.33
6501,3883,23,B-004952,Non-Functional,15919.56
6502,7416,21,B-009369,Pending Construction,23743.2
6503,12081,6,B-015268,Pending Construction,14637.28
6504,5845,18,B-007405,Non-Functional,16884.21
6505,9142,22,B-011548,Non-Functional,17419.95
6506,2156,25,B-002750,Functional,19549.59
6507,5824,13,B-007381,Functional,13016.83
6508,7409,31,B-009359,Functional,14548.63
6509,161,31,B-000210,Non-Functional,6621.24
6510,6615,17,B-008366,Functional,
6511,15038,11,B-018995,Non-Functional,6160.06
6512,9292,11,B-011749,Non-Functional,6207.39
6513,13688,12,B-017328,Pending Construction,6357.24
6514,15743,16,B-019873,Functional,8883.65
6515,8787,9,B-011112,Pending Construction,15280.51
6516,10204,3,B-012919,Functional,7848.85
6517,15819,27,B-019967,Pending Construction,14043.48
6518,13209,13,B-016716,Non-Functional,16154.98
6519,6833,27,B-008642,Non-Functional,9698.74
6520,11307,2,B-014315,Non-Functional,16455.36
6521,14871,29,B-018799,Pending Construction,7857.82
6522,10264,31,B-012997,Non-Functional,18457.88
6523,13009,13,B-016463,Non-Functional,17836.15
6524,13748,32,B-017403,Functional,11961.65
6525,6998,8,B-008849,Non-Functional,7981.1
6526,4919,1,B-006268,Functional,5944.5
6527,578,7,B-000753,Pending Construction,21518.27
6528,14269,4,B-018048,Non-Functional,7371.04
6529,429,11,B-000564,Non-Functional,10528.08
6530,3167,18,B-004052,Non-Functional,8051.5
6531,15439,17,B-019494,Functional,18297.94
6532,9774,7,B-012374,Non-Functional,13030.96
6533,7789,27,B-009833,Pending Construction,5606.35
6534,3198,19,B-004094,Pending Construction,23922.29
6535,13294,22,B-016823,Non-Functional,15058.08
6536,12001,17,B-015172,Non-Functional,21379.59
6537,11618,25,B-014695,Non-Functional,11417.29
6538,9496,19,B-012015,Non-Functional,6607.89
6539,14592,28,B-018441,Non-Functional,
6540,2737,8,B-003464,Functional,23650.81
6541,551,30,B-000717,Pending Construction,5609.42
6542,4145,9,B-005279,Pending Construction,7820.76
6543,9674,33,B-012243,Pending Construction,8511.84
6544,4937,12,B-006290,Functional,21976.84
6545,15576,31,B-019664,Pending Construction,21948.64
6546,14065,32,B-017791,Pending Construction,
6547,1788,35,B-002305,Functional,9260.08
6548,1564,4,B-002022,Pending Construction,20440.23
6549,15055,12,B-019016,Pending Construction,
6550,12156,19,B-015370,Functional,14919.42
6551,1571,12,B-002030,Pending Construction,24572.07
6552,747,28,B-000960,Functional,12294.27
6553,10509,33,B-013309,Pending Construction,8006.71
6554,14055,10,B-017777,Functional,16213.99
6555,2666,10,B-003379,Pending Construction,
6556,15823,10,B-019973,Pending Construction,6611.05
6557,474,25,B-000617,Functional,
6558,10311,5,B-013054,Pending Construction,9065.29
6559,3030,11,B-003850,Pending Construction,12765.91
6560,8831,6,B-011160,Pending Construction,15961.11
6561,7067,20,B-008929,Functional,8591.55
6562,13139,29,B-016632,Non-Functional,19378.14
6563,6493,33,B-008207,Functional,9901.55
6564,8408,5,B-010623,Non-Functional,12766.12
6565,4983,31,B-006346,Functional,9867.23
6566,10835,13,B-013728,Non-Functional,23050.15
6567,865,19,B-001104,Functional,14904.73
6568,7892,10,B-009969,Non-Functional,12982.37
6569,13280,19,B-016805,Non-Functional,13704.24
6570,5444,6,B-006916,Non-Functional,16006.64
6571,3651,20,B-004656,Functional,6019.64
6572,7595,23,B-009583,Pending Construction,13069.74
6573,12265,34,B-015504,Pending Construction,21532.27
6574,14425,19,B-018245,Functional,11906.03
6575,9758,34,B-012353,Functional,17892.96
6576,2485,8,B-003155,Pending Construction,13504.8
6577,9692,32,B-012268,Non-Functional,20443.52
6578,4892,2,B-006238,Pending Construction,21624.9
6579,3911,7,B-004988,Pending Construction,
6580,10977,8,B-013909,Functional,10522.49
6581,8931,29,B-011279,Functional,9162.97
6582,11856,10,B-014992,Non-Functional,21740.03
6583,2079,14,B-002655,Pending Construction,20077.03
6584,14853,18,B-018771,Non-Functional,17143.79
6585,10920,24,B-013841,Functional,12975.85
6586,2007,9,B-002568,Non-Functional,9055.92
6587,4374,5,B-005579,Functional,12174.93
6588,6271,26,B-007937,Non-Functional,23305.26
6589,7950,6,B-010043,Pending Construction,18210.55
6590,1119,9,B-001437,Functional,17375.3
6591,14158,12,B-017907,Pending Construction,9778.6
6592,598,32,B-000779,Non-Functional,7833.09
6593,15171,24,B-019152,Pending Construction,
6594,11252,5,B-014245,Non-Functional,16893.23
6595,5412,23,B-006876,Functional,8106.87
6596,2246,5,B-002857,Non-Functional,21147.39
6597,9385,5,B-011875,Functional,10176.02
6598,3029,7,B-003849,Functional,18294.59
6599,10459,13,B-013244,Functional,12017.05
6600,1127,32,B-001447,Functional,18180.71
6601,1606,1,B-002077,Functional,12321.59
6602,5116,17,B-006515,Functional,5715.86
6603,6398,19,B-008084,Non-Functional,20028.87
6604,10199,1,B-012912,Non-Functional,17905.91
6605,9062,23,B-011450,Pending Construction,19343.75
6606,4188,28,B-005341,Functional,13728.97
6607,12029,1,B-015207,Pending Construction,23120.94
6608,13228,5,B-016737,Functional,18836.41
6609,13773,34,B-017431,Pending Construction,
6610,1755,21,B-002261,Non-Functional,17273.96
6611,3962,8,B-005049,Functional,19229.53
6612,14348,9,B-018144,Pending Construction,8404.54
6613,11513,34,B-014557,Pending Construction,17301.84
6614,15196,10,B-019186,Non-Functional,23082.52
6615,6499,23,B-008216,Pending Construction,21965.69
6616,3430,13,B-004382,Non-Functional,8309.26
6617,6584,24,B-008324,Functional,23639.79
6618,4682,10,B-005977,Functional,8796.48
6619,11774,24,B-014885,Non-Functional,22915.2
6620,14482,16,B-018310,Non-Functional,22461.64
6621,2040,31,B-002608,Non-Functional,22693.77
6622,7258,9,B-009163,Non-Functional,17671.6
6623,11094,16,B-014059,Pending Construction,
6624,3796,22,B-004837,Functional,13569.36
6625,7579,24,B-009562,Non-Functional,14554.34
6626,7874,28,B-009945,Functional,6743.79
6627,12331,22,B-015596,Non-Functional,24945.44
6628,14394,16,B-018206,Functional,
6629,14073,1,B-017799,Non-Functional,24505.49
6630,14355,28,B-018153,Non-Functional,14405.85
6631,5627,28,B-007143,Functional,23818.79
6632,5570,26,B-007071,Functional,11254.27
6633,10899,20,B-013811,Non-Functional,24392.75
6634,4079,23,B-005195,Non-Functional,14471.92
6635,10120,32,B-012811,Functional,16145.26
6636,12909,7,B-016338,Functional,17064.06
6637,3317,30,B-004240,Functional,21977.02
6638,13802,32,B-017467,Pending Construction,7489.45
6639,12148,29,B-015361,Functional,7096.5
6640,14084,29,B-017813,Non-Functional,23726.87
6641,11384,29,B-014404,Pending Construction,24046.18
6642,13724,5,B-017372,Pending Construction,11590.59
6643,13049,4,B-016522,Pending Construction,15975.54
6644,15541,5,B-019617,Non-Functional,7451.26
6645,2648,12,B-003357,Functional,7188.9
6646,7074,8,B-008939,Functional,9874.36
6647,7725,9,B-009756,Pending Construction,6232.4
6648,7880,13,B-009956,Functional,24985.36
6649,12072,5,B-015256,Non-Functional,
6650,1162,22,B-001490,Functional,8761.64
6651,3587,35,B-004576,Non-Functional,13771.42
6652,14015,24,B-017725,Non-Functional,17565.34
6653,12105,5,B-015302,Non-Functional,8040.76
6654,1108,30,B-001423,Functional,11637.29
6655,10838,31,B-013731,Non-Functional,
6656,1567,7,B-002025,Non-Functional,16453.23
6657,7469,4,B-009431,Pending Construction,23628.05
6658,10221,30,B-012939,Pending Construction,20940.44
6659,15822,33,B-019972,Non-Functional,
6660,2621,13,B-003325,Non-Functional,21646.51
6661,7419,14,B-009373,Non-Functional,19061.85
6662,1474,21,B-001909,Pending Construction,14590.35
6663,2808,15,B-003556,Functional,17594.36
6664,15667,28,B-019778,Pending Construction,10797.31
6665,11961,12,B-015121,Non-Functional,5405.16
6666,11353,34,B-014370,Non-Functional,7407.89
6667,2932,25,B-003723,Functional,24880.39
6668,11738,4,B-014840,Pending Construction,7724.62
6669,4195,10,B-005355,Non-Functional,9440.13
6670,14816,19,B-018725,Pending Construction,10654.53
6671,447,31,B-000585,Functional,7876.57
6672,5547,24,B-007039,Non-Functional,
6673,12887,34,B-016309,Pending Construction,8056.66
6674,28,22,B-000038,Non-Functional,19444.12
6675,12016,4,B-015191,Functional,17649.58
6676,3438,1,B-004391,Pending Construction,17377.79
6677,8147,5,B-010286,Pending Construction,17523.35
6678,9649,3,B-012213,Functional,5164.49
6679,2589,7,B-003287,Non-Functional,24118.23
6680,10034,24,B-012703,Functional,19404.09
6681,2035,30,B-002602,Non-Functional,17356.97
6682,3136,13,B-004006,Non-Functional,
6683,9616,20,B-012169,Functional,17372.17
6684,8570,18,B-010823,Non-Functional,15786.91
6685,1411,8,B-001822,Functional,24494.63
6686,10463,5,B-013248,Pending Construction,
6687,11412,26,B-014436,Non-Functional,12328.08
6688,2004,8,B-002565,Functional,24357.89
6689,650,17,B-000842,Non-Functional,16468.99
6690,1006,23,B-001294,Non-Functional,8713.08
6691,15128,13,B-019100,Functional,20339.11
6692,6844,14,B-008656,Functional,6737.96
6693,6033,28,B-007642,Functional,19092.66
6694,9918,23,B-012553,Functional,21474.32
6695,14931,1,B-018869,Functional,12420.78
6696,13381,5,B-016932,Functional,24870.32
6697,14594,27,B-018443,Functional,8523.9
6698,11669,19,B-014755,Pending Construction,15998.83
6699,13978,10,B-017681,Functional,5013.2
6700,1804,28,B-002323,Non-Functional,14377.75
6701,4816,30,B-006142,Non-Functional,13501.35
6702,7988,4,B-010095,Functional,14040.42
6703,12724,13,B-016098,Functional,8744.21
6704,8632,34,B-010896,Pending Construction,14237.69
6705,3598,30,B-004592,Functional,10068.37
6706,206,3,B-000274,Non-Functional,12411.16
6707,1525,8,B-001977,Non-Functional,23992.66
6708,8976,24,B-011337,Pending Construction,16861.43
6709,13808,4,B-017473,Pending Construction,6988.82
6710,1307,9,B-001685,Pending Construction,22379.0
6711,13163,23,B-016663,Pending Construction,20720.82
6712,8232,6,B-010395,Non-Functional,16757.67
6713,11184,23,B-014164,Non-Functional,17088.39
6714,3809,1,B-004853,Pending Construction,
6715,11750,34,B-014857,Non-Functional,23336.42
6716,15613,33,B-019711,Pending Construction,7098.13
6717,4605,33,B-005881,Functional,17573.88
6718,5125,1,B-006525,Functional,23566.9
6719,1911,24,B-002450,Functional,
6720,6496,34,B-008212,Pending Construction,17153.72
6721,2097,6,B-002679,Non-Functional,9733.28
6722,4446,21,B-005670,Non-Functional,20018.39
6723,854,13,B-001092,Non-Functional,8411.43
6724,4654,12,B-005942,Functional,9398.74
6725,3514,23,B-004487,Non-Functional,6733.51
6726,14478,33,B-018305,Pending Construction,11073.9
6727,7269,7,B-009177,Non-Functional,20254.19
6728,3098,34,B-003944,Pending Construction,13668.73
6729,4392,16,B-005604,Non-Functional,
6730,5593,6,B-007101,Non-Functional,11835.49
6731,14287,15,B-018071,Functional,11464.8
6732,541,19,B-000706,Pending Construction,22570.96
6733,12349,17,B-015615,Non-Functional,6339.9
6734,1524,21,B-001975,Functional,20211.35
6735,14061,5,B-017784,Functional,
6736,11142,33,B-014112,Pending Construction,20765.11
6737,8308,2,B-010492,Functional,22353.29
6738,4482,25,B-005716,Pending Construction,12580.58
6739,1296,1,B-001672,Pending Construction,23626.33
6740,5189,11,B-006616,Non-Functional,17875.88
6741,3364,32,B-004303,Pending Construction,14802.96
6742,15773,35,B-019911,Non-Functional,19927.4
6743,6975,21,B-008821,Non-Functional,24791.38
6744,8664,22,B-010942,Functional,24462.01
6745,6299,3,B-007969,Pending Construction,20805.93
6746,5360,16,B-006811,Non-Functional,24904.39
6747,5880,21,B-007444,Pending Construction,21857.67
6748,15451,6,B-019510,Functional,18819.32
6749,5563,6,B-007063,Functional,9219.62
6750,6620,13,B-008371,Functional,16268.72
6751,3550,27,B-004526,Functional,15198.19
6752,5878,25,B-007442,Pending Construction,11208.06
6753,8464,17,B-010697,Functional,17448.82
6754,7774,24,B-009813,Functional,23292.4
6755,12757,4,B-016142,Functional,12895.32
6756,637,29,B-000828,Functional,17620.37
6757,14349,13,B-018146,Pending Construction,
6758,9979,12,B-012632,Pending Construction,17163.1
6759,10820,2,B-013709,Functional,22665.67
6760,4798,21,B-006119,Non-Functional,13719.06
6761,13361,11,B-016908,Non-Functional,8167.96
6762,10087,16,B-012770,Non-Functional,21081.36
6763,14685,5,B-018556,Functional,16786.06
6764,11406,16,B-014430,Pending Construction,12242.73
6765,4647,10,B-005932,Non-Functional,12151.86
6766,14046,9,B-017766,Functional,15397.12
6767,10532,2,B-013338,Functional,20827.72
6768,13454,10,B-017031,Functional,20391.91
6769,344,9,B-000455,Functional,22684.16
6770,8103,26,B-010235,Functional,8910.42
6771,962,12,B-001235,Pending Construction,18909.03
6772,6598,5,B-008341,Pending Construction,12523.32
6773,11847,26,B-014976,Non-Functional,17500.61
6774,8781,3,B-011105,Functional,
6775,6921,1,B-008757,Non-Functional,20568.11
6776,6673,32,B-008444,Pending Construction,10708.75
6777,2046,24,B-002617,Non-Functional,12177.79
6778,12927,33,B-016359,Pending Construction,12341.05
6779,13821,2,B-017489,Pending Construction,
6780,13277,9,B-016802,Non-Functional,10133.64
6781,934,18,B-001198,Non-Functional,6164.68
6782,12158,30,B-015373,Functional,16771.5
6783,10877,19,B-013785,Functional,16496.66
6784,6390,27,B-008073,Non-Functional,21346.73
6785,427,14,B-000561,Pending Construction,5070.92
6786,1689,18,B-002186,Functional,11412.16
6787,12835,27,B-016238,Functional,7387.96
6788,6767,8,B-008564,Pending Construction,24037.76
6789,13488,17,B-017072,Functional,9741.85
6790,5365,7,B-006818,Pending Construction,15270.47
6791,1555,8,B-002010,Pending Construction,18574.47
6792,9434,5,B-011934,Pending Construction,12763.37
6793,7551,31,B-009529,Non-Functional,24254.35
6794,4088,13,B-005208,Pending Construction,10921.05
6795,5002,23,B-006368,Functional,9008.3
6796,14679,21,B-018550,Pending Construction,19372.98
6797,2906,17,B-003691,Functional,14439.45
6798,13243,25,B-016756,Pending Construction,17744.28
6799,12674,19,B-016040,Functional,9794.01
6800,15331,34,B-019360,Functional,8780.77
6801,14667,13,B-018536,Pending Construction,13523.2
6802,8194,14,B-010351,Pending Construction,12328.42
6803,15263,11,B-019278,Functional,12182.12
6804,8047,31,B-010167,Non-Functional,10593.07
6805,10135,19,B-012830,Non-Functional,19359.46
6806,4059,35,B-005170,Pending Construction,10641.57
6807,219,7,B-000295,Non-Functional,22858.46
6808,10301,17,B-013041,Non-Functional,15856.89
6809,7314,23,B-009237,Functional,23174.8
6810,1709,3,B-002208,Non-Functional,23010.47
6811,3715,27,B-004740,Non-Functional,17581.9
6812,10547,16,B-013356,Pending Construction,19510.62
6813,1287,27,B-001661,Pending Construction,8761.6
6814,12858,6,B-016274,Functional,
6815,14222,6,B-017994,Non-Functional,22322.6
6816,9640,23,B-012204,Non-Functional,17526.6
6817,14609,5,B-018461,Functional,23749.86
6818,1029,23,B-001319,Non-Functional,15602.69
6819,7118,30,B-008993,Functional,22779.53
6820,5621,30,B-007135,Functional,7154.71
6821,3318,21,B-004242,Non-Functional,13207.82
6822,4268,32,B-005448,Functional,24869.62
6823,8131,16,B-010267,Non-Functional,7299.28
6824,8312,22,B-010497,Functional,11864.52
6825,8810,28,B-011135,Non-Functional,19638.2
6826,1098,25,B-001411,Pending Construction,12334.9
6827,8608,1,B-010864,Non-Functional,12860.71
6828,5081,34,B-006471,Functional,23540.57
6829,2409,33,B-003053,Non-Functional,10702.81
6830,4809,33,B-006131,Non-Functional,6837.03
6831,844,10,B-001082,Functional,20645.77
6832,364,13,B-000479,Non-Functional,15480.09
6833,3356,8,B-004294,Non-Functional,21097.6
6834,809,29,B-001042,Functional,13528.75
6835,2029,6,B-002595,Pending Construction,
6836,1886,30,B-002422,Non-Functional,13773.69
6837,15836,29,B-019989,Functional,
6838,6131,35,B-007761,Functional,13084.3
6839,3978,5,B-005066,Pending Construction,9295.07
6840,1213,12,B-001559,Pending Construction,10716.14
6841,3892,4,B-004963,Pending Construction,19082.61
6842,3629,27,B-004630,Pending Construction,12336.94
6843,16,25,B-000021,Functional,6470.17
6844,2105,3,B-002689,Non-Functional,
6845,2109,31,B-002694,Non-Functional,21323.72
6846,1473,25,B-001908,Functional,17217.83
6847,1303,17,B-001680,Functional,20893.37
6848,12840,15,B-016245,Non-Functional,
6849,11449,5,B-014479,Non-Functional,22339.96
6850,6607,16,B-008356,Non-Functional,16092.85
6851,1374,13,B-001775,Pending Construction,
6852,1498,2,B-001941,Non-Functional,17383.67
6853,14354,2,B-018152,Non-Functional,21221.21
6854,7589,11,B-009575,Pending Construction,
6855,15460,29,B-019521,Functional,6638.1
6856,8924,7,B-011271,Non-Functional,24137.8
6857,1457,33,B-001885,Functional,6076.51
6858,15738,5,B-019868,Pending Construction,6423.8
6859,1900,28,B-002437,Pending Construction,
6860,398,30,B-000526,Non-Functional,21001.5
6861,14479,31,B-018306,Pending Construction,24093.18
6862,179,21,B-000232,Non-Functional,
6863,12094,25,B-015287,Pending Construction,15251.7
6864,1444,23,B-001866,Pending Construction,
6865,10998,21,B-013939,Pending Construction,18718.99
6866,13927,5,B-017622,Pending Construction,14520.82
6867,5587,7,B-007094,Functional,23557.67
6868,12862,22,B-016278,Pending Construction,8563.0
6869,9844,26,B-012459,Functional,18665.31
6870,5466,11,B-006943,Non-Functional,20205.42
6871,9215,23,B-011645,Non-Functional,9161.77
6872,6622,34,B-008374,Pending Construction,8462.7
6873,4123,28,B-005252,Pending Construction,9267.35
6874,3361,25,B-004299,Non-Functional,19789.08
6875,10871,12,B-013777,Functional,6704.38
6876,10956,9,B-013884,Functional,18738.35
6877,6845,7,B-008658,Pending Construction,24497.97
6878,2568,2,B-003260,Functional,24739.14
6879,11477,4,B-014514,Pending Construction,
6880,12759,18,B-016144,Functional,22085.83
6881,12920,1,B-016351,Non-Functional,14735.46
6882,6652,23,B-008418,Pending Construction,
6883,9549,26,B-012080,Functional,9258.15
6884,7782,15,B-009826,Functional,19048.43
6885,10747,4,B-013624,Pending Construction,16805.3
6886,1535,11,B-001988,Non-Functional,24760.17
6887,2340,12,B-002966,Pending Construction,18540.15
6888,14646,15,B-018508,Non-Functional,
6889,5691,34,B-007216,Functional,11099.39
6890,8327,32,B-010518,Non-Functional,9279.7
6891,14701,7,B-018578,Pending Construction,14247.97
6892,6043,23,B-007653,Pending Construction,17886.83
6893,13862,10,B-017539,Non-Functional,7535.12
6894,10795,21,B-013680,Non-Functional,19175.35
6895,831,21,B-001067,Functional,23760.35
6896,12095,12,B-015289,Functional,18572.98
6897,388,22,B-000513,Functional,9969.51
6898,8130,31,B-010266,Functional,21808.78
6899,5490,15,B-006971,Non-Functional,18907.4
6900,5811,7,B-007368,Pending Construction,
6901,6669,2,B-008438,Non-Functional,16814.25
6902,13229,1,B-016738,Non-Functional,9149.41
6903,4387,29,B-005598,Non-Functional,21059.93
6904,12380,9,B-015660,Non-Functional,11575.72
6905,5732,27,B-007267,Pending Construction,
6906,5334,30,B-006782,Pending Construction,16138.73
6907,7080,19,B-008947,Pending Construction,7410.42
6908,2438,32,B-003088,Pending Construction,12413.23
6909,9792,18,B-012396,Non-Functional,19231.11
6910,11594,14,B-014660,Functional,20181.08
6911,10040,13,B-012710,Functional,8700.56
6912,11303,2,B-014310,Non-Functional,12759.3
6913,5008,32,B-006374,Non-Functional,16903.47
6914,11226,3,B-014215,Pending Construction,12456.42
6915,6549,14,B-008277,Functional,16530.44
6916,4001,1,B-005097,Functional,11643.45
6917,5181,1,B-006605,Functional,14251.08
6918,1989,16,B-002547,Non-Functional,16312.34
6919,2372,18,B-003007,Non-Functional,5697.64
6920,548,31,B-000714,Pending Construction,18647.35
6921,10549,3,B-013358,Pending Construction,24810.45
6922,12064,33,B-015248,Pending Construction,21619.49
6923,5259,4,B-006697,Pending Construction,18071.17
6924,11900,10,B-015049,Pending Construction,5540.27
6925,2675,33,B-003389,Pending Construction,19176.25
6926,9326,23,B-011798,Pending Construction,8649.29
6927,6103,30,B-007727,Functional,9908.05
6928,5991,13,B-007592,Functional,12542.17
6929,3331,31,B-004259,Pending Construction,22207.34
6930,15409,28,B-019458,Non-Functional,23271.02
6931,3803,32,B-004846,Pending Construction,6091.9
6932,9677,30,B-012247,Functional,9489.39
6933,1873,28,B-002406,Pending Construction,19590.23
6934,12660,26,B-016024,Functional,17946.4
6935,336,24,B-000446,Pending Construction,7015.36
6936,7690,12,B-009712,Functional,22854.45
6937,7500,12,B-009466,Functional,18025.07
6938,8617,12,B-010877,Functional,12440.99
6939,6145,14,B-007779,Functional,18356.94
6940,13278,24,B-016803,Functional,14629.15
6941,2865,3,B-003632,Pending Construction,24108.81
6942,14677,31,B-018547,Functional,18397.68
6943,5359,4,B-006810,Non-Functional,8938.61
6944,9608,13,B-012160,Non-Functional,
6945,13413,8,B-016978,Non-Functional,9630.33
6946,6501,33,B-008218,Non-Functional,5931.31
6947,15597,9,B-019688,Non-Functional,18058.49
6948,7034,5,B-008888,Pending Construction,12450.59
6949,3551,9,B-004527,Pending Construction,
6950,5145,16,B-006551,Pending Construction,13508.35
6951,6045,32,B-007655,Functional,
6952,10694,9,B-013556,Pending Construction,24317.94
6953,5209,31,B-006638,Non-Functional,20750.49
6954,9339,26,B-011812,Functional,9265.57
6955,7693,29,B-009715,Pending Construction,11624.17
6956,10385,4,B-013154,Functional,23838.56
6957,3116,7,B-003973,Pending Construction,7057.52
6958,3350,8,B-004285,Functional,10307.05
6959,10347,6,B-013104,Non-Functional,7940.28
6960,12467,13,B-015776,Non-Functional,6018.36
6961,8186,15,B-010342,Functional,24272.12
6962,2022,15,B-002586,Non-Functional,24522.86
6963,12147,13,B-015360,Functional,9432.79
6964,14905,33,B-018837,Non-Functional,7791.0
6965,1232,33,B-001588,Non-Functional,15823.32
6966,13080,31,B-016563,Pending Construction,9133.03
6967,13881,27,B-017561,Non-Functional,16049.69
6968,215,34,B-000291,Functional,22187.85
6969,13380,12,B-016931,Pending Construction,18794.4
6970,1069,33,B-001371,Non-Functional,7219.02
6971,995,20,B-001280,Non-Functional,17449.46
6972,13137,11,B-016629,Functional,
6973,5599,33,B-007110,Pending Construction,5528.43
6974,9341,18,B-011814,Functional,7988.3
6975,9829,35,B-012441,Functional,8087.74
6976,14652,18,B-018516,Functional,
6977,469,7,B-000611,Pending Construction,12054.02
6978,12626,28,B-015983,Pending Construction,15871.45
6979,4335,6,B-005529,Non-Functional,19408.87
6980,13567,29,B-017175,Functional,20714.02
6981,12203,18,B-015431,Functional,7021.83
6982,6574,14,B-008311,Functional,15601.28
6983,6700,1,B-008477,Functional,
6984,3022,1,B-003842,Pending Construction,20161.17
6985,9298,32,B-011757,Pending Construction,14454.07
6986,8743,34,B-011046,Functional,6842.79
6987,7220,11,B-009118,Non-Functional,10123.21
6988,4778,26,B-006095,Pending Construction,
6989,14517,3,B-018356,Pending Construction,20598.39
6990,1953,23,B-002506,Functional,22238.3
6991,5703,19,B-007230,Functional,
6992,11471,26,B-014505,Pending Construction,21338.88
6993,14179,7,B-017932,Non-Functional,21292.56
6994,14023,9,B-017734,Non-Functional,14701.3
6995,13212,26,B-016720,Non-Functional,
6996,8837,5,B-011167,Pending Construction,11671.53
6997,15356,23,B-019394,Pending Construction,19975.14
6998,155,27,B-000203,Pending Construction,8643.15
6999,7016,35,B-008868,Pending Construction,10578.39
7000,6324,13,B-007996,Functional,15500.35
7001,15684,13,B-019799,Pending Construction,24632.65
7002,746,13,B-000959,Non-Functional,7574.44
7003,3980,3,B-005070,Pending Construction,24729.31
7004,14524,33,B-018366,Non-Functional,5311.42
7005,9718,9,B-012300,Pending Construction,12033.03
7006,4991,30,B-006355,Non-Functional,15671.75
7007,9296,3,B-011754,Functional,24942.68
7008,8240,30,B-010408,Pending Construction,20851.44
7009,14124,15,B-017861,Non-Functional,14793.72
7010,7444,9,B-009399,Pending Construction,7154.37
7011,222,10,B-000298,Non-Functional,20116.69
7012,7239,12,B-009142,Functional,17069.64
7013,7290,32,B-009205,Functional,11633.95
7014,9666,8,B-012234,Functional,22841.59
7015,7187,30,B-009078,Pending Construction,
7016,2313,18,B-002932,Pending Construction,22899.13
7017,4508,27,B-005751,Pending Construction,7023.36
7018,700,14,B-000899,Non-Functional,22352.4
7019,15204,19,B-019197,Functional,21198.23
7020,13254,9,B-016767,Functional,16541.73
7021,577,5,B-000752,Pending Construction,14242.22
7022,9973,7,B-012624,Functional,10976.23
7023,7793,1,B-009837,Pending Construction,9752.16
7024,14788,12,B-018689,Non-Functional,6829.27
7025,10390,30,B-013159,Functional,7959.52
7026,13424,33,B-016992,Functional,15632.92
7027,6473,27,B-008179,Non-Functional,9583.51
7028,10415,14,B-013193,Pending Construction,17249.95
7029,8966,17,B-011325,Non-Functional,10772.01
7030,1936,27,B-002479,Pending Construction,10184.86
7031,11068,17,B-014030,Non-Functional,18877.65
7032,6573,31,B-008310,Functional,19280.68
7033,775,30,B-000999,Functional,11201.93
7034,2637,26,B-003343,Pending Construction,22922.52
7035,13318,10,B-016851,Non-Functional,10542.54
7036,13671,5,B-017308,Pending Construction,5547.63
7037,11472,9,B-014506,Functional,10722.58
7038,9495,5,B-012014,Non-Functional,18966.28
7039,7657,20,B-009671,Non-Functional,21104.16
7040,12517,34,B-015838,Non-Functional,6719.81
7041,1289,3,B-001664,Pending Construction,
7042,11060,32,B-014017,Non-Functional,
7043,9849,27,B-012466,Non-Functional,21211.24
7044,10554,13,B-013364,Pending Construction,18110.4
7045,4231,28,B-005406,Functional,23433.64
7046,13147,19,B-016641,Functional,10242.34
7047,2751,13,B-003484,Pending Construction,21664.19
7048,7332,31,B-009259,Pending Construction,13513.24
7049,2636,6,B-003342,Non-Functional,20575.82
7050,8943,27,B-011294,Functional,12163.57
7051,12366,16,B-015642,Non-Functional,21077.49
7052,4693,26,B-005991,Non-Functional,13732.24
7053,13795,4,B-017459,Pending Construction,12152.69
7054,7492,15,B-009457,Functional,12178.06
7055,1190,24,B-001525,Functional,23349.14
7056,15500,18,B-019570,Non-Functional,15751.2
7057,2963,24,B-003764,Pending Construction,15020.21
7058,14917,26,B-018851,Pending Construction,10029.82
7059,14368,10,B-018170,Pending Construction,17857.72
7060,3564,12,B-004544,Pending Construction,23988.3
7061,868,8,B-001107,Non-Functional,13150.12
7062,14656,9,B-018520,Functional,9798.97
7063,8335,2,B-010528,Functional,
7064,13430,20,B-017001,Functional,19446.87
7065,1933,34,B-002474,Functional,
7066,6863,8,B-008681,Non-Functional,
7067,12875,34,B-016295,Pending Construction,
7068,13376,30,B-016925,Functional,23239.84
7069,12648,20,B-016010,Pending Construction,15569.27
7070,15724,33,B-019850,Non-Functional,8701.45
7071,3370,24,B-004310,Pending Construction,10102.15
7072,5965,23,B-007552,Pending Construction,21165.0
7073,6761,10,B-008556,Pending Construction,
7074,5728,28,B-007263,Non-Functional,12090.23
7075,10411,1,B-013187,Pending Construction,14575.72
7076,6836,31,B-008645,Pending Construction,23704.37
7077,13153,21,B-016649,Functional,13493.27
7078,4838,15,B-006172,Functional,13683.59
7079,2470,14,B-003127,Functional,6961.56
7080,1875,35,B-002408,Non-Functional,21571.05
7081,9900,30,B-012533,Functional,
7082,9703,9,B-012281,Pending Construction,8152.0
7083,7902,11,B-009985,Functional,13691.6
7084,3340,13,B-004270,Non-Functional,17865.32
7085,10104,6,B-012792,Non-Functional,7185.73
7086,15569,22,B-019653,Functional,13075.84
7087,9502,12,B-012021,Pending Construction,12366.68
7088,13757,34,B-017412,Pending Construction,11052.15
7089,12489,35,B-015805,Functional,
7090,3900,24,B-004974,Pending Construction,7478.87
7091,10181,11,B-012886,Functional,23069.89
7092,7972,34,B-010070,Non-Functional,12575.37
7093,3103,4,B-003953,Pending Construction,
7094,11196,10,B-014177,Pending Construction,16815.34
7095,10758,16,B-013638,Non-Functional,21130.57
7096,7294,27,B-009212,Non-Functional,15222.9
7097,1997,26,B-002556,Functional,21238.0
7098,12093,24,B-015286,Non-Functional,8978.72
7099,7483,25,B-009447,Pending Construction,7760.52
7100,10251,33,B-012977,Non-Functional,13016.47
7101,2498,13,B-003168,Functional,16610.31
7102,863,13,B-001101,Non-Functional,9061.84
7103,23,5,B-000030,Functional,21124.88
7104,1409,25,B-001820,Pending Construction,15299.77
7105,2033,27,B-002600,Pending Construction,16981.54
7106,2910,16,B-003695,Functional,24009.46
7107,14470,19,B-018296,Pending Construction,7240.39
7108,2750,14,B-003483,Pending Construction,18105.36
7109,9891,27,B-012520,Pending Construction,11927.34
7110,13067,18,B-016544,Non-Functional,9943.36
7111,10866,21,B-013769,Pending Construction,21989.69
7112,14836,33,B-018751,Non-Functional,8274.1
7113,15581,24,B-019670,Pending Construction,15480.71
7114,8107,35,B-010240,Pending Construction,23524.65
7115,4499,34,B-005741,Pending Construction,15733.8
7116,12588,32,B-015931,Pending Construction,8970.0
7117,8104,12,B-010237,Functional,12127.98
7118,14338,5,B-018131,Functional,5471.55
7119,5192,2,B-006619,Pending Construction,21491.03
7120,9187,12,B-011611,Functional,19440.6
7121,8370,16,B-010576,Non-Functional,18215.69
7122,7629,34,B-009631,Non-Functional,16498.89
7123,11036,3,B-013986,Non-Functional,11775.48
7124,5375,2,B-006830,Pending Construction,21103.9
7125,7692,32,B-009714,Pending Construction,
7126,10816,15,B-013704,Non-Functional,14042.15
7127,5440,35,B-006911,Non-Functional,20737.25
7128,7083,33,B-008950,Pending Construction,15833.92
7129,14898,21,B-018830,Non-Functional,
7130,2882,31,B-003652,Functional,
7131,10950,9,B-013877,Non-Functional,15155.63
7132,7565,26,B-009546,Non-Functional,16198.45
7133,6479,10,B-008188,Pending Construction,6359.16
7134,11765,11,B-014873,Pending Construction,12906.54
7135,12290,28,B-015540,Functional,14791.59
7136,2559,5,B-003248,Pending Construction,7589.75
7137,10304,13,B-013045,Non-Functional,16265.71
7138,806,8,B-001038,Non-Functional,17945.03
7139,12870,15,B-016287,Pending Construction,9354.81
7140,12634,2,B-015993,Functional,7658.57
7141,1206,23,B-001547,Pending Construction,18179.13
7142,3192,21,B-004086,Pending Construction,15721.97
7143,13960,2,B-017659,Pending Construction,10171.27
7144,7237,3,B-009139,Functional,9612.62
7145,11400,13,B-014422,Non-Functional,11306.14
7146,1095,26,B-001406,Functional,20217.39
7147,13985,24,B-017690,Non-Functional,
7148,5280,10,B-006722,Functional,8420.2
7149,4457,10,B-005685,Non-Functional,13193.84
7150,12074,26,B-015258,Non-Functional,7135.2
7151,7000,10,B-008851,Functional,11651.72
7152,1140,35,B-001463,Non-Functional,11424.72
7153,6532,28,B-008259,Non-Functional,11950.04
7154,14144,19,B-017888,Non-Functional,
7155,5908,24,B-007480,Functional,7810.19
7156,468,6,B-000610,Functional,5983.3
7157,14286,11,B-018070,Non-Functional,19228.44
7158,13883,33,B-017563,Non-Functional,9170.38
7159,14769,34,B-018666,Functional,16818.22
7160,11042,27,B-013996,Functional,13611.16
7161,6688,4,B-008463,Pending Construction,18357.01
7162,12139,33,B-015350,Pending Construction,20746.17
7163,15636,18,B-019739,Pending Construction,
7164,14680,20,B-018551,Non-Functional,22808.87
7165,15362,1,B-019402,Non-Functional,12082.75
7166,757,35,B-000974,Pending Construction,8083.52
7167,8987,34,B-011352,Functional,10536.3
7168,8699,5,B-010993,Functional,6615.56
7169,5998,12,B-007600,Non-Functional,9197.43
7170,15366,6,B-019407,Functional,22383.66
7171,2433,30,B-003081,Pending Construction,
7172,9955,10,B-012600,Non-Functional,21344.71
7173,13472,19,B-017053,Functional,21305.02
7174,6937,28,B-008777,Pending Construction,13358.92
7175,15233,25,B-019235,Functional,5393.76
7176,5955,32,B-007538,Pending Construction,10925.08
7177,7949,12,B-010042,Pending Construction,22788.15
7178,893,13,B-001141,Non-Functional,18716.54
7179,7242,27,B-009145,Pending Construction,9525.52
7180,2596,17,B-003295,Non-Functional,6428.21
7181,8011,34,B-010123,Functional,22002.96
7182,5092,5,B-006483,Pending Construction,12728.2
7183,13735,31,B-017384,Pending Construction,13949.35
7184,9982,19,B-012636,Functional,21579.28
7185,11925,10,B-015079,Pending Construction,14275.25
7186,10439,20,B-013219,Functional,10814.26
7187,11867,12,B-015005,Non-Functional,10661.02
7188,15384,2,B-019431,Non-Functional,16382.91
7189,5139,4,B-006542,Non-Functional,24133.65
7190,11370,9,B-014388,Non-Functional,17483.04
7191,15778,35,B-019918,Pending Construction,20455.71
7192,11653,1,B-014738,Pending Construction,13683.33
7193,4872,5,B-006216,Non-Functional,15525.33
7194,12466,3,B-015774,Functional,16550.64
7195,11045,10,B-014000,Functional,21051.84
7196,14427,34,B-018248,Pending Construction,9874.94
7197,6457,26,B-008160,Functional,10717.55
7198,9526,7,B-012054,Pending Construction,9475.24
7199,7530,17,B-009503,Non-Functional,23986.98
7200,7966,26,B-010061,Pending Construction,12931.5
7201,13493,7,B-017078,Functional,8583.62
7202,1375,26,B-001776,Functional,24649.96
7203,8286,12,B-010462,Non-Functional,7467.97
7204,5102,33,B-006497,Functional,
7205,5368,18,B-006821,Non-Functional,16134.28
7206,11622,20,B-014700,Pending Construction,19097.42
7207,6538,14,B-008265,Functional,
7208,8650,15,B-010925,Functional,9733.42
7209,7438,24,B-009392,Non-Functional,9841.26
7210,7001,6,B-008852,Non-Functional,16776.81
7211,3032,28,B-003854,Non-Functional,9500.42
7212,13828,8,B-017496,Pending Construction,
7213,1176,16,B-001507,Functional,
7214,14386,29,B-018194,Functional,19661.12
7215,5690,15,B-007215,Non-Functional,15403.87
7216,8287,13,B-010464,Non-Functional,23118.45
7217,3522,22,B-004496,Pending Construction,5357.85
7218,1364,3,B-001758,Pending Construction,16088.12
7219,11288,7,B-014291,Functional,18492.01
7220,14786,18,B-018687,Non-Functional,23632.78
7221,13559,21,B-017166,Pending Construction,17052.82
7222,15514,22,B-019587,Non-Functional,18389.83
7223,2553,14,B-003238,Non-Functional,21820.35
7224,2543,26,B-003226,Non-Functional,23475.16
7225,11039,12,B-013993,Pending Construction,18253.96
7226,7451,25,B-009407,Non-Functional,20519.11
7227,1659,1,B-002142,Pending Construction,10933.54
7228,14693,15,B-018566,Functional,9786.51
7229,337,4,B-000447,Pending Construction,8148.06
7230,6537,5,B-008264,Functional,
7231,13078,28,B-016561,Non-Functional,8625.03
7232,2314,11,B-002933,Non-Functional,
7233,1950,17,B-002502,Pending Construction,6706.62
7234,5376,12,B-006832,Pending Construction,20483.72
7235,15027,35,B-018983,Functional,8189.61
7236,14080,25,B-017808,Functional,11640.28
7237,7028,10,B-008881,Functional,6411.74
7238,13643,5,B-017267,Functional,9122.54
7239,6187,15,B-007832,Non-Functional,12206.65
7240,98,20,B-000133,Functional,
7241,12127,31,B-015334,Pending Construction,
7242,11996,12,B-015166,Pending Construction,8371.48
7243,10357,7,B-013115,Non-Functional,
7244,9227,26,B-011663,Non-Functional,
7245,8972,1,B-011333,Functional,16485.25
7246,470,8,B-000612,Functional,13826.52
7247,12756,1,B-016141,Pending Construction,11335.34
7248,15012,24,B-018966,Functional,18680.56
7249,14758,9,B-018650,Pending Construction,5665.28
7250,14660,8,B-018525,Pending Construction,15093.42
7251,8429,14,B-010651,Functional,19845.25
7252,15775,19,B-019914,Functional,24942.23
7253,5539,8,B-007030,Functional,
7254,423,11,B-000554,Non-Functional,10867.16
7255,272,12,B-000358,Functional,9043.0
7256,4692,2,B-005990,Non-Functional,23605.25
7257,10969,9,B-013899,Functional,23473.96
7258,13226,33,B-016735,Non-Functional,21451.69
7259,3862,22,B-004924,Functional,9183.54
7260,8189,28,B-010346,Pending Construction,13218.88
7261,8728,14,B-011030,Pending Construction,5952.12
7262,7434,14,B-009388,Pending Construction,
7263,2533,24,B-003210,Non-Functional,20418.52
7264,7215,17,B-009113,Non-Functional,8153.62
7265,11234,2,B-014225,Non-Functional,21502.1
7266,4616,10,B-005894,Functional,
7267,14333,1,B-018126,Pending Construction,9670.84
7268,15503,4,B-019573,Pending Construction,6102.66
7269,14449,27,B-018272,Non-Functional,
7270,2686,28,B-003400,Functional,21885.12
7271,6502,30,B-008221,Functional,5616.13
7272,12814,7,B-016214,Pending Construction,6544.7
7273,14812,18,B-018721,Functional,15141.66
7274,4613,20,B-005891,Non-Functional,9424.64
7275,6868,29,B-008688,Functional,18320.81
7276,14322,9,B-018112,Functional,8238.27
7277,5454,1,B-006927,Pending Construction,5602.42
7278,2185,1,B-002784,Non-Functional,16101.75
7279,10997,28,B-013938,Non-Functional,15964.6
7280,4303,28,B-005492,Non-Functional,14497.62
7281,12359,34,B-015630,Functional,17965.5
7282,766,29,B-000988,Functional,17678.96
7283,15046,10,B-019004,Non-Functional,7224.72
7284,14321,16,B-018111,Pending Construction,9794.57
7285,12957,3,B-016398,Pending Construction,
7286,10391,25,B-013161,Pending Construction,17609.28
7287,11826,25,B-014952,Non-Functional,5330.22
7288,9337,2,B-011810,Non-Functional,8173.8
7289,15065,3,B-019028,Pending Construction,15271.54
7290,15429,12,B-019483,Non-Functional,17474.22
7291,6124,21,B-007753,Functional,14601.39
7292,8142,17,B-010281,Non-Functional,18365.24
7293,2546,3,B-003229,Functional,14343.68
7294,1640,18,B-002118,Functional,7033.43
7295,15154,2,B-019132,Functional,15580.62
7296,7802,32,B-009848,Pending Construction,10980.97
7297,546,23,B-000712,Functional,17473.08
7298,13160,12,B-016658,Non-Functional,6282.17
7299,8193,25,B-010350,Non-Functional,15457.66
7300,6099,1,B-007723,Functional,21032.07
7301,685,10,B-000884,Pending Construction,24052.94
7302,9909,15,B-012543,Non-Functional,23999.62
7303,5861,7,B-007423,Functional,
7304,1217,20,B-001563,Functional,20659.64
7305,3603,34,B-004597,Functional,20908.63
7306,10981,17,B-013913,Functional,
7307,14417,22,B-018236,Non-Functional,14985.81
7308,15330,15,B-019358,Functional,19891.53
7309,6875,31,B-008695,Functional,24752.56
7310,10253,35,B-012979,Pending Construction,9232.06
7311,12930,24,B-016363,Pending Construction,8825.95
7312,2294,31,B-002911,Pending Construction,8240.59
7313,2702,32,B-003419,Pending Construction,13110.79
7314,2770,22,B-003508,Pending Construction,18022.48
7315,6082,5,B-007703,Pending Construction,16719.21
7316,11118,1,B-014084,Non-Functional,8311.39
7317,11660,22,B-014745,Pending Construction,24673.91
7318,10319,35,B-013065,Pending Construction,12652.57
7319,11587,20,B-014653,Non-Functional,15464.03
7320,7790,20,B-009834,Functional,
7321,4672,25,B-005962,Functional,23421.97
7322,765,8,B-000985,Functional,23738.74
7323,9162,26,B-011577,Functional,24324.37
7324,7005,29,B-008856,Pending Construction,
7325,25,6,B-000033,Functional,
7326,8857,1,B-011192,Pending Construction,5394.6
7327,6313,14,B-007985,Functional,22891.57
7328,1316,15,B-001697,Non-Functional,9953.0
7329,8812,6,B-011137,Non-Functional,5227.35
7330,14045,9,B-017765,Pending Construction,14363.59
7331,1494,35,B-001934,Pending Construction,18552.9
7332,12172,17,B-015389,Functional,5172.93
7333,15009,13,B-018963,Functional,24778.53
7334,11725,35,B-014825,Functional,7093.25
7335,4121,27,B-005250,Pending Construction,19247.21
7336,7968,22,B-010063,Non-Functional,10138.01
7337,11099,24,B-014064,Pending Construction,9919.81
7338,11085,10,B-014047,Pending Construction,13622.33
7339,7134,23,B-009013,Non-Functional,6626.18
7340,9925,8,B-012562,Pending Construction,18389.92
7341,10931,6,B-013855,Functional,23410.79
7342,14850,22,B-018767,Functional,10314.77
7343,6115,19,B-007744,Pending Construction,19154.66
7344,745,34,B-000958,Pending Construction,17257.61
7345,9263,13,B-011710,Pending Construction,16330.6
7346,15515,26,B-019588,Pending Construction,21412.31
7347,6058,23,B-007673,Functional,18376.38
7348,14753,2,B-018644,Functional,14015.42
7349,11151,28,B-014122,Non-Functional,5831.02
7350,8412,6,B-010627,Functional,9815.82
7351,15445,11,B-019501,Pending Construction,13628.16
7352,12162,7,B-015377,Functional,17644.89
7353,3499,29,B-004472,Pending Construction,20567.24
7354,10081,34,B-012761,Pending Construction,19911.45
7355,6723,30,B-008506,Pending Construction,20295.68
7356,1771,20,B-002283,Non-Functional,5892.31
7357,7910,32,B-009996,Pending Construction,7297.8
7358,4586,30,B-005860,Non-Functional,9098.33
7359,14182,8,B-017938,Functional,5458.77
7360,7808,31,B-009855,Functional,18825.85
7361,3660,26,B-004665,Non-Functional,6140.36
7362,14364,16,B-018165,Functional,7558.94
7363,171,7,B-000221,Functional,21709.39
7364,5022,9,B-006392,Functional,
7365,9815,35,B-012425,Non-Functional,9354.95
7366,11598,27,B-014668,Pending Construction,11345.93
7367,14033,11,B-017750,Pending Construction,17337.04
7368,7569,2,B-009550,Functional,16133.31
7369,9601,26,B-012148,Non-Functional,18475.55
7370,9575,34,B-012111,Non-Functional,15410.86
7371,3097,7,B-003943,Functional,12011.27
7372,12743,25,B-016124,Functional,17584.39
7373,5785,14,B-007331,Non-Functional,8179.01
7374,9657,18,B-012222,Pending Construction,
7375,4292,8,B-005478,Pending Construction,20020.9
7376,4296,22,B-005482,Pending Construction,13809.25
7377,2059,8,B-002632,Non-Functional,10153.86
7378,808,20,B-001040,Functional,6361.7
7379,13333,23,B-016868,Pending Construction,17576.83
7380,10934,14,B-013858,Pending Construction,15437.62
7381,718,25,B-000925,Functional,8806.52
7382,8455,25,B-010687,Non-Functional,16523.51
7383,2186,11,B-002785,Pending Construction,14666.15
7384,5688,35,B-007212,Functional,18094.9
7385,10653,10,B-013497,Pending Construction,5028.58
7386,1420,12,B-001832,Pending Construction,22249.99
7387,13740,35,B-017392,Pending Construction,22154.49
7388,5028,15,B-006400,Pending Construction,12954.97
7389,15023,28,B-018979,Non-Functional,6393.07
7390,11706,15,B-014805,Functional,5664.94
7391,8692,34,B-010984,Pending Construction,22879.7
7392,6203,15,B-007849,Non-Functional,16384.07
7393,12033,4,B-015212,Functional,11908.56
7394,7420,11,B-009374,Functional,18932.3
7395,6554,3,B-008286,Functional,7376.68
7396,3486,19,B-004455,Non-Functional,18547.33
7397,7873,34,B-009944,Functional,21423.34
7398,14801,25,B-018705,Functional,10486.28
7399,930,31,B-001192,Functional,14224.28
7400,13714,31,B-017360,Pending Construction,18599.28
7401,3484,32,B-004453,Pending Construction,
7402,12200,34,B-015428,Non-Functional,17646.54
7403,12456,35,B-015759,Non-Functional,11088.08
7404,10302,1,B-013042,Functional,23283.02
7405,13840,35,B-017509,Functional,17273.47
7406,2789,33,B-003533,Non-Functional,17937.68
7407,2795,25,B-003541,Functional,18137.93
7408,5194,17,B-006622,Functional,10581.55
7409,11909,9,B-015060,Non-Functional,22827.33
7410,14430,7,B-018252,Non-Functional,16039.21
7411,2583,19,B-003276,Functional,12421.54
7412,8279,15,B-010455,Pending Construction,13488.83
7413,11320,25,B-014332,Functional,13318.17
7414,2538,30,B-003217,Pending Construction,8616.39
7415,7679,25,B-009698,Functional,13186.04
7416,8922,8,B-011269,Non-Functional,16920.88
7417,11827,22,B-014953,Functional,13736.2
7418,12916,1,B-016346,Pending Construction,24655.17
7419,3010,21,B-003823,Pending Construction,16437.56
7420,9920,35,B-012555,Non-Functional,6857.77
7421,9991,22,B-012647,Functional,9199.37
7422,9915,9,B-012550,Pending Construction,11861.8
7423,14672,24,B-018542,Pending Construction,24176.77
7424,3398,17,B-004345,Non-Functional,7827.97
7425,9013,1,B-011388,Functional,14710.55
7426,13293,27,B-016822,Pending Construction,6118.69
7427,10397,5,B-013170,Pending Construction,15738.12
7428,12816,4,B-016216,Pending Construction,23379.11
7429,4781,30,B-006098,Functional,8977.63
7430,14291,16,B-018075,Pending Construction,15974.39
7431,4853,30,B-006192,Functional,9686.18
7432,2787,33,B-003531,Pending Construction,16364.86
7433,14063,27,B-017787,Functional,12433.35
7434,9416,26,B-011911,Functional,17153.2
7435,15243,6,B-019251,Pending Construction,17866.5
7436,2146,2,B-002740,Functional,16245.85
7437,5952,35,B-007534,Pending Construction,11529.33
7438,14727,1,B-018613,Non-Functional,12993.11
7439,505,14,B-000659,Pending Construction,
7440,11520,9,B-014567,Pending Construction,5302.31
7441,4174,32,B-005323,Non-Functional,
7442,3195,32,B-004090,Pending Construction,19399.05
7443,6483,7,B-008193,Non-Functional,13714.59
7444,14025,21,B-017736,Pending Construction,18344.59
7445,15368,27,B-019409,Non-Functional,16171.4
7446,14864,23,B-018787,Functional,22966.12
7447,6885,5,B-008706,Non-Functional,16362.04
7448,7377,24,B-009315,Pending Construction,11373.6
7449,12595,3,B-015939,Non-Functional,17533.29
7450,5489,16,B-006970,Non-Functional,20852.84
7451,1330,5,B-001713,Pending Construction,17862.29
7452,6678,32,B-008452,Pending Construction,7568.48
7453,3563,34,B-004543,Pending Construction,
7454,11396,21,B-014418,Non-Functional,22708.65
7455,9754,13,B-012347,Pending Construction,18325.04
7456,15740,13,B-019870,Pending Construction,15398.17
7457,4850,12,B-006189,Non-Functional,7996.34
7458,12656,11,B-016018,Pending Construction,14957.14
7459,9455,29,B-011960,Non-Functional,18744.93
7460,13313,3,B-016844,Non-Functional,8575.06
7461,10873,5,B-013779,Non-Functional,12494.46
7462,4273,15,B-005454,Non-Functional,20939.97
7463,86,4,B-000117,Functional,12025.47
7464,4348,35,B-005544,Functional,16473.24
7465,341,27,B-000452,Pending Construction,21097.48
7466,11159,14,B-014134,Non-Functional,7511.37
7467,12219,18,B-015449,Pending Construction,8717.98
7468,15464,13,B-019526,Pending Construction,9257.94
7469,12050,16,B-015232,Non-Functional,14830.35
7470,13769,34,B-017427,Functional,22396.69
7471,13475,7,B-017056,Pending Construction,7225.29
7472,4987,14,B-006350,Functional,
7473,1453,13,B-001877,Non-Functional,24796.99
7474,2202,24,B-002803,Pending Construction,8276.27
7475,2466,27,B-003123,Pending Construction,11903.2
7476,11895,10,B-015042,Functional,16159.08
7477,981,10,B-001262,Functional,13249.35
7478,6315,11,B-007987,Functional,9132.48
7479,10052,1,B-012724,Functional,13641.03
7480,12115,10,B-015316,Pending Construction,7645.9
7481,11278,34,B-014277,Pending Construction,11447.14
7482,14317,17,B-018106,Non-Functional,
7483,2281,10,B-002896,Pending Construction,22160.2
7484,6851,4,B-008664,Pending Construction,
7485,8219,24,B-010378,Functional,14650.71
7486,606,30,B-000790,Pending Construction,24502.46
7487,8258,1,B-010432,Pending Construction,21874.82
7488,5945,7,B-007526,Non-Functional,14016.56
7489,12808,11,B-016204,Pending Construction,22986.69
7490,9087,20,B-011484,Functional,14816.69
7491,13739,13,B-017390,Non-Functional,22863.02
7492,2065,10,B-002638,Functional,24371.22
7493,1155,7,B-001483,Functional,20456.11
7494,1998,24,B-002557,Pending Construction,22337.88
7495,1081,20,B-001390,Non-Functional,11984.49
7496,12009,20,B-015180,Non-Functional,11927.71
7497,1615,19,B-002089,Functional,20293.06
7498,11781,35,B-014893,Functional,22849.74
7499,5604,9,B-007116,Non-Functional,19108.46
7500,10483,28,B-013276,Functional,
7501,14553,3,B-018400,Functional,24724.54
7502,4403,9,B-005617,Pending Construction,8584.93
7503,998,7,B-001283,Pending Construction,14834.69
7504,2255,9,B-002867,Functional,
7505,3976,28,B-005064,Pending Construction,6923.08
7506,13784,24,B-017445,Non-Functional,17809.83
7507,5504,30,B-006986,Non-Functional,5407.09
7508,14706,6,B-018584,Pending Construction,23585.07
7509,11145,15,B-014115,Non-Functional,
7510,3146,5,B-004022,Functional,21857.84
7511,7376,24,B-009314,Pending Construction,12784.63
7512,243,26,B-000321,Pending Construction,21926.77
7513,15219,29,B-019216,Pending Construction,23095.1
7514,3245,19,B-004150,Pending Construction,11756.68
7515,13245,8,B-016758,Pending Construction,
7516,2791,12,B-003536,Non-Functional,23732.45
7517,8377,19,B-010583,Pending Construction,6358.06
7518,12302,26,B-015559,Pending Construction,20721.59
7519,2282,7,B-002898,Pending Construction,16839.49
7520,1719,4,B-002219,Non-Functional,
7521,10118,19,B-012809,Pending Construction,6856.54
7522,3605,35,B-004600,Functional,
7523,5082,13,B-006473,Functional,
7524,1221,10,B-001568,Functional,18422.55
7525,6064,20,B-007681,Pending Construction,18145.52
7526,3691,15,B-004706,Non-Functional,10951.79
7527,9344,16,B-011819,Functional,17316.23
7528,14544,2,B-018388,Functional,15115.06
7529,13794,5,B-017458,Functional,21908.19
7530,13599,8,B-017215,Functional,7909.22
7531,11722,17,B-014822,Functional,15708.05
7532,8938,30,B-011288,Non-Functional,24469.55
7533,5536,29,B-007027,Non-Functional,20693.87
7534,6160,11,B-007798,Pending Construction,21935.79
7535,15617,17,B-019716,Pending Construction,9981.04
7536,5410,26,B-006874,Non-Functional,
7537,189,8,B-000248,Pending Construction,14053.93
7538,12221,32,B-015452,Pending Construction,16168.8
7539,8998,6,B-011367,Non-Functional,10831.74
7540,12234,17,B-015469,Non-Functional,22133.08
7541,13912,20,B-017607,Pending Construction,16271.41
7542,12384,2,B-015666,Pending Construction,10010.87
7543,5349,27,B-006799,Functional,8796.75
7544,10833,16,B-013726,Functional,19230.13
7545,12414,28,B-015707,Functional,7879.31
7546,10916,35,B-013833,Non-Functional,18724.19
7547,4330,14,B-005523,Pending Construction,7465.09
7548,3727,18,B-004754,Functional,5410.81
7549,5122,32,B-006522,Non-Functional,13215.27
7550,1642,15,B-002120,Pending Construction,
7551,12269,31,B-015512,Pending Construction,10390.15
7552,13678,10,B-017317,Functional,18180.77
7553,6914,21,B-008748,Non-Functional,10139.34
7554,4336,4,B-005530,Non-Functional,9884.31
7555,8941,19,B-011292,Non-Functional,6695.66
7556,1534,4,B-001987,Pending Construction,22781.65
7557,10096,10,B-012779,Non-Functional,24729.21
7558,1209,5,B-001552,Functional,
7559,2153,33,B-002747,Functional,22134.7
7560,7868,29,B-009938,Non-Functional,23325.46
7561,9610,14,B-012162,Functional,20003.13
7562,1999,10,B-002558,Pending Construction,16406.15
7563,5971,35,B-007558,Pending Construction,6588.36
7564,4669,3,B-005958,Non-Functional,20196.27
7565,4894,33,B-006240,Functional,19106.89
7566,4769,20,B-006085,Pending Construction,
7567,15821,11,B-019971,Pending Construction,9093.66
7568,10551,17,B-013360,Functional,24069.65
7569,1017,28,B-001305,Functional,16437.14
7570,8049,15,B-010169,Non-Functional,21943.09
7571,9959,27,B-012604,Non-Functional,7784.13
7572,4518,21,B-005763,Functional,23999.99
7573,15143,24,B-019118,Pending Construction,5971.35
7574,5924,16,B-007500,Pending Construction,6563.31
7575,11209,19,B-014196,Pending Construction,14701.17
7576,7691,31,B-009713,Pending Construction,5701.36
7577,14964,6,B-018911,Non-Functional,12315.02
7578,1048,24,B-001341,Non-Functional,5049.43
7579,11459,28,B-014491,Pending Construction,21478.31
7580,14495,7,B-018329,Non-Functional,9823.98
7581,8195,34,B-010352,Functional,8010.53
7582,9921,14,B-012556,Functional,
7583,8285,18,B-010461,Pending Construction,10059.38
7584,709,5,B-000912,Functional,15968.55
7585,5152,28,B-006564,Functional,11178.42
7586,6070,15,B-007688,Pending Construction,23682.24
7587,13673,18,B-017310,Non-Functional,23359.34
7588,10423,32,B-013203,Non-Functional,5251.39
7589,5110,8,B-006509,Non-Functional,
7590,3541,14,B-004517,Functional,
7591,11376,23,B-014395,Pending Construction,17433.8
7592,8624,30,B-010885,Functional,16557.09
7593,2400,30,B-003044,Functional,19576.62
7594,2493,9,B-003163,Non-Functional,17693.91
7595,11502,24,B-014543,Functional,16047.51
7596,14814,13,B-018723,Functional,7023.61
7597,905,12,B-001157,Functional,
7598,2600,13,B-003302,Pending Construction,19803.75
7599,9270,29,B-011720,Functional,18883.5
7600,14624,14,B-018481,Functional,14525.48
7601,5210,13,B-006640,Pending Construction,19096.85
7602,5715,18,B-007246,Pending Construction,
7603,7158,1,B-009042,Non-Functional,9287.09
7604,6119,12,B-007748,Pending Construction,23008.19
7605,6283,18,B-007951,Non-Functional,23989.56
7606,10687,21,B-013546,Non-Functional,8925.22
7607,12733,32,B-016108,Functional,19030.26
7608,1625,5,B-002099,Pending Construction,15820.28
7609,14567,29,B-018415,Pending Construction,8618.61
7610,11205,30,B-014192,Pending Construction,9650.94
7611,6309,35,B-007979,Functional,21078.4
7612,12165,33,B-015380,Pending Construction,18152.6
7613,594,2,B-000773,Non-Functional,11737.2
7614,15345,4,B-019377,Functional,18064.45
7615,10348,21,B-013106,Functional,8459.23
7616,4104,22,B-005229,Pending Construction,13610.53
7617,6146,8,B-007780,Non-Functional,8894.24
7618,13841,26,B-017510,Non-Functional,7253.74
7619,13379,24,B-016929,Pending Construction,19921.96
7620,13019,8,B-016483,Pending Construction,23584.08
7621,13227,24,B-016736,Functional,11504.0
7622,15363,14,B-019403,Pending Construction,24235.77
7623,10337,29,B-013088,Pending Construction,20865.15
7624,13305,4,B-016834,Pending Construction,13472.65
7625,2569,3,B-003261,Non-Functional,22333.62
7626,3333,11,B-004261,Functional,
7627,3863,9,B-004925,Functional,6924.07
7628,4486,23,B-005720,Functional,8839.58
7629,13351,29,B-016893,Pending Construction,10098.65
7630,2602,10,B-003304,Non-Functional,12555.23
7631,13787,5,B-017450,Functional,21487.56
7632,9463,5,B-011970,Non-Functional,24889.83
7633,10994,12,B-013935,Functional,14052.35
7634,14191,25,B-017950,Non-Functional,11880.09
7635,4050,25,B-005160,Pending Construction,12242.04
7636,1045,23,B-001337,Functional,24189.74
7637,10656,3,B-013501,Non-Functional,15673.97
7638,7076,11,B-008941,Functional,12471.73
7639,15351,34,B-019386,Non-Functional,23588.62
7640,359,35,B-000474,Non-Functional,6776.6
7641,13321,1,B-016855,Pending Construction,17755.68
7642,4299,3,B-005488,Pending Construction,14291.4
7643,9312,32,B-011777,Pending Construction,22466.46
7644,4439,17,B-005662,Functional,20490.48
7645,13383,16,B-016934,Functional,11614.96
7646,4930,9,B-006281,Functional,19954.0
7647,13283,21,B-016810,Non-Functional,24874.65
7648,3994,6,B-005089,Pending Construction,8993.63
7649,950,16,B-001220,Functional,7771.31
7650,15300,16,B-019323,Non-Functional,18673.46
7651,11918,8,B-015070,Pending Construction,11168.26
7652,4417,31,B-005636,Pending Construction,9186.07
7653,11592,9,B-014658,Functional,18293.86
7654,1511,10,B-001960,Non-Functional,15335.33
7655,1629,4,B-002103,Non-Functional,11138.11
7656,2580,24,B-003273,Non-Functional,8896.74
7657,13528,34,B-017123,Functional,21693.25
7658,2125,32,B-002714,Non-Functional,20550.93
7659,12352,17,B-015618,Functional,15125.3
7660,12376,15,B-015655,Functional,8636.28
7661,13003,17,B-016452,Functional,19293.61
7662,5433,34,B-006904,Non-Functional,15962.3
7663,3510,34,B-004483,Functional,14641.96
7664,12937,19,B-016371,Functional,15480.0
7665,7003,27,B-008854,Non-Functional,19734.75
7666,7759,15,B-009796,Non-Functional,23806.78
7667,10651,9,B-013495,Functional,
7668,11931,20,B-015087,Pending Construction,17749.52
7669,11264,17,B-014262,Non-Functional,19092.74
7670,13518,11,B-017110,Pending Construction,6571.88
7671,876,11,B-001120,Functional,18044.6
7672,5528,8,B-007017,Functional,13394.34
7673,268,18,B-000354,Pending Construction,12690.66
7674,4396,4,B-005610,Pending Construction,17239.46
7675,65,29,B-000092,Pending Construction,24703.63
7676,5823,31,B-007380,Functional,15301.66
7677,3338,2,B-004268,Functional,20377.78
7678,1126,1,B-001446,Pending Construction,
7679,9309,22,B-011774,Non-Functional,10767.74
7680,4639,8,B-005923,Pending Construction,22621.58
7681,46,24,B-000065,Pending Construction,5817.24
7682,14955,23,B-018899,Pending Construction,
7683,2286,34,B-002902,Pending Construction,11846.5
7684,2898,2,B-003681,Functional,18727.28
7685,6776,29,B-008573,Functional,6164.93
7686,8483,6,B-010724,Non-Functional,8551.89
7687,8478,19,B-010716,Pending Construction,15685.56
7688,7658,25,B-009672,Pending Construction,5305.89
7689,11792,35,B-014908,Functional,6838.3
7690,3751,2,B-004781,Non-Functional,8002.57
7691,11177,24,B-014157,Pending Construction,21084.63
7692,7063,6,B-008924,Non-Functional,5149.71
7693,12998,21,B-016446,Non-Functional,7038.99
7694,14942,12,B-018882,Pending Construction,13711.33
7695,9689,21,B-012265,Functional,18370.3
7696,6514,8,B-008235,Functional,21839.84
7697,1784,10,B-002301,Functional,8275.63
7698,7395,11,B-009343,Pending Construction,20732.71
7699,9541,15,B-012071,Non-Functional,22032.47
7700,10978,34,B-013910,Functional,15034.47
7701,9545,12,B-012075,Pending Construction,16780.95
7702,13637,15,B-017260,Functional,13711.47
7703,11728,6,B-014829,Non-Functional,21360.46
7704,8985,27,B-011348,Pending Construction,12963.55
7705,15712,11,B-019832,Pending Construction,16643.16
7706,8992,32,B-011359,Pending Construction,8700.68
7707,1914,26,B-002453,Functional,5314.84
7708,8353,7,B-010555,Non-Functional,8166.92
7709,13838,16,B-017506,Non-Functional,13369.9
7710,6456,34,B-008158,Non-Functional,10901.63
7711,13777,21,B-017436,Pending Construction,6290.76
7712,1023,7,B-001312,Non-Functional,11849.48
7713,151,22,B-000198,Functional,9173.41
7714,3158,14,B-004040,Non-Functional,
7715,11997,17,B-015167,Functional,23798.07
7716,3479,12,B-004447,Pending Construction,24027.47
7717,1960,22,B-002514,Pending Construction,17149.66
7718,1576,25,B-002037,Pending Construction,23144.72
7719,410,31,B-000538,Non-Functional,11058.28
7720,4929,7,B-006280,Pending Construction,22548.76
7721,4456,13,B-005683,Functional,
7722,2855,27,B-003617,Non-Functional,21339.89
7723,14791,20,B-018692,Functional,14929.78
7724,405,23,B-000533,Pending Construction,22073.96
7725,12209,13,B-015437,Non-Functional,13421.37
7726,7733,8,B-009766,Pending Construction,23394.29
7727,12389,32,B-015673,Functional,11123.68
7728,4170,17,B-005317,Non-Functional,6686.86
7729,9788,34,B-012391,Pending Construction,24981.58
7730,4219,10,B-005390,Functional,
7731,8023,5,B-010136,Non-Functional,
7732,15293,5,B-019312,Functional,6915.13
7733,677,25,B-000874,Pending Construction,8141.22
7734,8292,26,B-010470,Pending Construction,
7735,3087,19,B-003931,Functional,24757.94
7736,6982,14,B-008830,Non-Functional,17042.74
7737,13531,3,B-017128,Functional,6730.25
7738,3709,10,B-004733,Non-Functional,
7739,11758,4,B-014866,Non-Functional,15306.04
7740,6352,21,B-008030,Non-Functional,15352.84
7741,8577,22,B-010830,Functional,24880.02
7742,480,25,B-000624,Functional,14123.9
7743,9167,22,B-011585,Non-Functional,20439.9
7744,12597,18,B-015943,Non-Functional,5270.76
7745,4023,27,B-005127,Functional,21007.27
7746,11509,34,B-014552,Functional,8108.22
7747,8585,19,B-010840,Non-Functional,16652.1
7748,8007,20,B-010117,Pending Construction,8551.13
7749,9563,31,B-012097,Functional,10967.52
7750,8187,12,B-010343,Pending Construction,22013.24
7751,3131,6,B-003996,Non-Functional,9581.08
7752,13542,10,B-017142,Non-Functional,15512.12
7753,948,24,B-001217,Pending Construction,18916.89
7754,5577,29,B-007080,Pending Construction,16472.17
7755,5978,27,B-007570,Pending Construction,13173.43
7756,12941,23,B-016376,Non-Functional,6244.83
7757,13055,16,B-016529,Non-Functional,16110.81
7758,608,21,B-000793,Non-Functional,12123.67
7759,15442,17,B-019497,Non-Functional,23849.3
7760,4553,30,B-005814,Pending Construction,23174.92
7761,5255,17,B-006693,Pending Construction,10872.66
7762,1070,29,B-001373,Pending Construction,17719.5
7763,14595,26,B-018444,Pending Construction,20151.24
7764,4824,22,B-006152,Pending Construction,23026.69
7765,3574,20,B-004557,Pending Construction,21281.04
7766,7205,32,B-009098,Functional,
7767,12730,27,B-016105,Pending Construction,20738.94
7768,2736,19,B-003463,Functional,20584.66
7769,8856,6,B-011191,Functional,7052.74
7770,14328,7,B-018121,Pending Construction,19660.86
7771,13263,10,B-016780,Non-Functional,8569.04
7772,2823,25,B-003577,Non-Functional,13530.06
7773,1721,7,B-002221,Pending Construction,6589.46
7774,8708,5,B-011003,Non-Functional,23665.82
7775,3817,12,B-004861,Functional,22053.7
7776,10611,7,B-013435,Non-Functional,6042.94
7777,2344,8,B-002973,Pending Construction,
7778,9281,18,B-011736,Functional,
7779,3168,23,B-004054,Non-Functional,8184.07
7780,7019,22,B-008871,Non-Functional,24764.98
7781,14128,32,B-017868,Pending Construction,24723.69
7782,8511,1,B-010755,Functional,21230.68
7783,9528,1,B-012056,Pending Construction,11729.16
7784,7780,22,B-009824,Functional,17180.82
7785,2119,21,B-002708,Non-Functional,18161.16
7786,4596,32,B-005872,Pending Construction,23579.66
7787,11174,12,B-014152,Non-Functional,5756.72
7788,11703,5,B-014802,Non-Functional,12713.0
7789,14384,33,B-018189,Pending Construction,9420.15
7790,14168,17,B-017918,Pending Construction,16305.12
7791,15806,13,B-019951,Pending Construction,8957.27
7792,14838,9,B-018753,Non-Functional,22163.28
7793,13342,25,B-016881,Functional,17500.3
7794,5265,17,B-006704,Pending Construction,7558.64
7795,2763,23,B-003501,Pending Construction,14457.56
7796,14729,27,B-018615,Non-Functional,13610.65
7797,8936,35,B-011286,Non-Functional,
7798,6042,11,B-007652,Pending Construction,5191.79
7799,13736,21,B-017386,Pending Construction,12809.81
7800,8911,29,B-011257,Functional,15266.68
7801,3506,9,B-004479,Functional,5635.55
7802,4346,24,B-005542,Non-Functional,15068.47
7803,8456,11,B-010688,Pending Construction,23019.56
7804,6430,2,B-008123,Functional,20513.33
7805,6591,15,B-008334,Pending Construction,12259.67
7806,14135,19,B-017875,Pending Construction,24248.75
7807,7509,12,B-009475,Functional,17698.19
7808,5113,24,B-006512,Pending Construction,7786.4
7809,14956,33,B-018900,Functional,8051.99
7810,2051,7,B-002622,Non-Functional,21415.52
7811,633,4,B-000823,Non-Functional,7437.5
7812,13827,27,B-017495,Non-Functional,19934.34
7813,5917,19,B-007490,Pending Construction,6195.46
7814,6202,31,B-007848,Pending Construction,12028.27
7815,1236,11,B-001593,Pending Construction,8146.35
7816,4637,15,B-005920,Pending Construction,17993.18
7817,253,8,B-000333,Functional,9700.9
7818,3512,29,B-004485,Pending Construction,24781.11
7819,14075,17,B-017801,Pending Construction,18777.24
7820,11117,19,B-014083,Functional,14029.08
7821,10620,6,B-013451,Functional,
7822,1727,29,B-002228,Non-Functional,19419.57
7823,10572,13,B-013382,Functional,
7824,13033,34,B-016501,Non-Functional,6343.17
7825,13364,1,B-016911,Non-Functional,7904.24
7826,10821,33,B-013711,Functional,23657.43
7827,2069,23,B-002643,Pending Construction,17548.94
7828,9252,6,B-011697,Functional,22451.16
7829,4100,15,B-005225,Functional,16896.38
7830,4190,11,B-005344,Non-Functional,24232.53
7831,2434,23,B-003083,Pending Construction,
7832,7905,29,B-009989,Functional,24292.89
7833,13154,7,B-016651,Non-Functional,14056.66
7834,2889,34,B-003664,Pending Construction,16993.45
7835,832,18,B-001068,Functional,24340.81
7836,8739,7,B-011042,Pending Construction,12482.77
7837,10505,10,B-013305,Pending Construction,5658.49
7838,13822,27,B-017490,Non-Functional,21970.36
7839,522,35,B-000683,Non-Functional,8380.0
7840,6068,12,B-007685,Functional,18273.96
7841,8168,6,B-010320,Functional,
7842,11612,1,B-014688,Non-Functional,16946.85
7843,9141,21,B-011547,Functional,24463.04
7844,8978,5,B-011339,Functional,10337.21
7845,14259,9,B-018035,Functional,6742.53
7846,4924,7,B-006274,Pending Construction,
7847,11284,24,B-014286,Functional,11842.39
7848,10524,21,B-013328,Functional,9542.19
7849,2084,16,B-002661,Functional,10527.46
7850,10296,18,B-013035,Pending Construction,7502.93
7851,3261,21,B-004172,Pending Construction,21686.83
7852,2359,12,B-002993,Pending Construction,8276.96
7853,13596,7,B-017212,Functional,18325.62
7854,2122,26,B-002711,Functional,7371.17
7855,6854,18,B-008668,Non-Functional,15917.49
7856,14019,23,B-017729,Non-Functional,24949.39
7857,13029,16,B-016495,Functional,10243.61
7858,3048,27,B-003873,Pending Construction,
7859,12337,23,B-015602,Non-Functional,16792.16
7860,4087,21,B-005207,Pending Construction,21192.73
7861,5053,2,B-006432,Functional,
7862,12647,22,B-016009,Non-Functional,17973.86
7863,13743,11,B-017397,Non-Functional,22558.14
7864,14637,13,B-018498,Non-Functional,20195.73
7865,5276,35,B-006715,Pending Construction,14459.39
7866,7887,20,B-009963,Pending Construction,23758.72
7867,5182,1,B-006606,Pending Construction,21250.12
7868,13353,15,B-016896,Non-Functional,24682.82
7869,11683,24,B-014778,Functional,24659.27
7870,1068,23,B-001369,Functional,17638.66
7871,9253,8,B-011698,Functional,22620.21
7872,2398,9,B-003042,Functional,17249.6
7873,803,18,B-001035,Functional,8345.44
7874,6743,22,B-008537,Pending Construction,20452.41
7875,11059,13,B-014016,Functional,
7876,742,30,B-000955,Non-Functional,9906.56
7877,1855,22,B-002387,Pending Construction,10629.17
7878,13899,19,B-017588,Functional,9336.65
7879,14784,35,B-018684,Pending Construction,12900.56
7880,4041,24,B-005151,Pending Construction,12170.08
7881,14151,24,B-017897,Pending Construction,16862.12
7882,15769,30,B-019907,Non-Functional,12083.46
7883,978,5,B-001258,Non-Functional,18999.64
7884,5447,31,B-006920,Pending Construction,23859.51
7885,11201,22,B-014186,Non-Functional,12628.02
7886,8825,9,B-011152,Non-Functional,22458.91
7887,13309,2,B-016840,Functional,
7888,10481,8,B-013273,Non-Functional,17467.97
7889,1890,12,B-002426,Functional,5771.11
7890,5973,30,B-007561,Functional,7938.15
7891,1274,2,B-001645,Functional,5910.08
7892,10968,12,B-013898,Functional,
7893,13357,22,B-016902,Non-Functional,12633.93
7894,7858,9,B-009925,Pending Construction,14910.7
7895,2530,8,B-003206,Non-Functional,
7896,1593,30,B-002059,Non-Functional,8576.68
7897,7099,30,B-008971,Pending Construction,16583.01
7898,9832,11,B-012445,Pending Construction,13634.62
7899,15400,31,B-019449,Pending Construction,22621.82
7900,10946,35,B-013872,Non-Functional,8761.0
7901,3468,22,B-004432,Non-Functional,
7902,5039,18,B-006416,Functional,19494.17
7903,14829,34,B-018743,Pending Construction,10818.93
7904,8988,25,B-011353,Functional,19687.47
7905,665,16,B-000858,Non-Functional,17840.07
7906,13576,12,B-017186,Functional,6468.06
7907,9501,4,B-012020,Non-Functional,21868.95
7908,6567,2,B-008303,Non-Functional,23446.93
7909,9198,10,B-011626,Functional,19137.37
7910,8531,2,B-010776,Non-Functional,7449.11
7911,12088,12,B-015278,Non-Functional,16319.38
7912,10897,25,B-013808,Non-Functional,16373.64
7913,290,4,B-000379,Non-Functional,10147.65
7914,11066,32,B-014026,Non-Functional,23814.02
7915,11247,21,B-014239,Pending Construction,15114.87
7916,13508,3,B-017096,Non-Functional,24353.25
7917,13893,13,B-017581,Functional,18623.01
7918,7436,12,B-009390,Pending Construction,22120.11
7919,11135,35,B-014105,Pending Construction,11724.52
7920,10142,10,B-012839,Functional,10678.02
7921,1227,26,B-001579,Pending Construction,20801.52
7922,9123,2,B-011528,Non-Functional,11115.27
7923,9826,34,B-012438,Pending Construction,19846.99
7924,6153,26,B-007789,Pending Construction,22639.19
7925,15497,7,B-019567,Non-Functional,21097.48
7926,13872,25,B-017550,Non-Functional,7630.43
7927,10115,4,B-012805,Non-Functional,20344.75
7928,10809,14,B-013696,Non-Functional,15552.69
7929,6125,31,B-007755,Pending Construction,16923.81
7930,12787,30,B-016179,Non-Functional,20581.65
7931,358,34,B-000473,Functional,10931.74
7932,1590,3,B-002056,Non-Functional,20307.58
7933,15003,34,B-018956,Functional,6877.47
7934,1067,32,B-001368,Functional,7031.5
7935,13968,9,B-017669,Functional,
7936,2017,16,B-002580,Functional,8494.06
7937,7002,22,B-008853,Functional,15730.07
7938,11962,3,B-015122,Non-Functional,9563.51
7939,8745,10,B-011048,Non-Functional,17564.49
7940,2413,32,B-003057,Non-Functional,15721.04
7941,8072,19,B-010195,Pending Construction,11295.42
7942,6915,7,B-008749,Non-Functional,15282.77
7943,8513,23,B-010757,Non-Functional,13800.35
7944,10605,13,B-013427,Non-Functional,6018.29
7945,13420,5,B-016987,Non-Functional,7383.42
7946,9058,7,B-011445,Non-Functional,14156.17
7947,2249,19,B-002860,Non-Functional,15765.42
7948,9869,6,B-012491,Functional,23292.11
7949,12192,2,B-015418,Pending Construction,5958.03
7950,7155,34,B-009039,Pending Construction,20916.4
7951,8852,5,B-011186,Non-Functional,18597.73
7952,4580,29,B-005854,Pending Construction,18490.84
7953,10479,20,B-013268,Non-Functional,14860.71
7954,610,34,B-000796,Non-Functional,16256.42
7955,7037,21,B-008891,Non-Functional,14509.61
7956,15337,24,B-019369,Functional,17494.97
7957,871,18,B-001112,Functional,10137.24
7958,13979,12,B-017682,Pending Construction,10657.27
7959,7702,28,B-009727,Pending Construction,13965.52
7960,5974,30,B-007563,Non-Functional,6828.81
7961,7967,12,B-010062,Pending Construction,8211.88
7962,12125,15,B-015331,Functional,13201.26
7963,4356,1,B-005552,Functional,13058.12
7964,285,2,B-000373,Non-Functional,
7965,12763,16,B-016149,Pending Construction,10253.23
7966,4102,29,B-005227,Functional,23670.38
7967,15160,27,B-019140,Non-Functional,10538.02
7968,9648,34,B-012212,Pending Construction,23456.04
7969,10283,3,B-013019,Functional,24065.09
7970,13645,23,B-017269,Non-Functional,19955.58
7971,13103,13,B-016589,Functional,11267.74
7972,15509,18,B-019580,Pending Construction,6566.99
7973,7711,30,B-009737,Pending Construction,12485.63
7974,6270,24,B-007935,Non-Functional,23050.29
7975,3036,5,B-003859,Functional,22062.94
7976,10185,32,B-012891,Functional,
7977,7254,9,B-009158,Pending Construction,15630.14
7978,10924,13,B-013848,Functional,18676.34
7979,9816,13,B-012426,Non-Functional,11656.22
7980,1768,23,B-002280,Functional,24031.71
7981,14464,13,B-018289,Functional,13304.2
7982,14778,9,B-018675,Pending Construction,
7983,8306,2,B-010490,Pending Construction,9775.28
7984,3786,25,B-004826,Non-Functional,9376.46
7985,8361,28,B-010564,Pending Construction,17575.76
7986,13653,16,B-017283,Functional,17855.35
7987,12220,25,B-015450,Functional,21725.24
7988,12712,9,B-016083,Functional,14254.06
7989,1683,29,B-002176,Functional,18377.05
7990,7654,2,B-009668,Pending Construction,8837.31
7991,8325,22,B-010513,Pending Construction,
7992,9949,6,B-012591,Functional,22688.5
7993,15748,27,B-019878,Non-Functional,24100.41
7994,874,19,B-001116,Functional,8532.74
7995,2926,1,B-003716,Functional,5139.0
7996,9928,3,B-012567,Non-Functional,13953.95
7997,8027,34,B-010142,Non-Functional,13217.27
7998,15029,7,B-018985,Non-Functional,
7999,484,22,B-000633,Pending Construction,16841.76
8000,13221,6,B-016730,Functional,21538.38
8001,13391,32,B-016947,Pending Construction,8786.22
8002,15704,12,B-019820,Functional,11092.88
8003,13796,34,B-017460,Non-Functional,24132.14
8004,2346,23,B-002975,Non-Functional,17807.75
8005,1600,18,B-002071,Functional,12922.51
8006,4151,24,B-005292,Non-Functional,
8007,15722,20,B-019846,Non-Functional,16196.12
8008,3693,6,B-004708,Non-Functional,7468.93
8009,1841,9,B-002368,Functional,23864.5
8010,2582,24,B-003275,Non-Functional,10895.58
8011,5036,24,B-006412,Non-Functional,7240.78
8012,5743,28,B-007281,Non-Functional,12222.67
8013,4683,17,B-005979,Pending Construction,21525.52
8014,8967,14,B-011328,Non-Functional,19759.32
8015,9285,19,B-011742,Functional,14802.6
8016,13274,31,B-016796,Pending Construction,5616.72
8017,11495,11,B-014535,Functional,20082.36
8018,247,4,B-000327,Non-Functional,19032.83
8019,10041,19,B-012712,Pending Construction,10495.17
8020,4113,5,B-005241,Functional,17396.46
8021,2162,27,B-002759,Functional,
8022,442,2,B-000580,Functional,22191.76
8023,12106,11,B-015303,Non-Functional,16924.01
8024,8841,34,B-011172,Functional,18975.12
8025,3262,3,B-004173,Non-Functional,13467.54
8026,12126,11,B-015332,Pending Construction,11036.95
8027,1225,33,B-001574,Non-Functional,6995.08
8028,7553,20,B-009533,Non-Functional,6232.48
8029,12598,21,B-015944,Non-Functional,5081.85
8030,13384,19,B-016935,Pending Construction,
8031,6462,10,B-008166,Pending Construction,11564.4
8032,4075,22,B-005190,Functional,13974.75
8033,10351,7,B-013109,Non-Functional,8475.41
8034,5397,9,B-006858,Non-Functional,9050.92
8035,13468,29,B-017048,Pending Construction,14623.83
8036,11493,27,B-014533,Functional,18528.01
8037,949,22,B-001218,Functional,5867.47
8038,8474,23,B-010711,Functional,23200.82
8039,112,13,B-000148,Pending Construction,9204.19
8040,14603,35,B-018455,Pending Construction,23462.46
8041,4699,19,B-005998,Non-Functional,8977.3
8042,1921,13,B-002460,Pending Construction,7826.93
8043,7049,1,B-008906,Pending Construction,11952.25
8044,880,9,B-001125,Pending Construction,6942.73
8045,11531,30,B-014581,Non-Functional,
8046,3681,6,B-004695,Pending Construction,7771.26
8047,12259,2,B-015497,Non-Functional,13158.55
8048,8256,29,B-010429,Functional,16212.7
8049,4065,19,B-005177,Functional,19397.78
8050,12346,17,B-015612,Non-Functional,18221.03
8051,3960,1,B-005047,Functional,9376.18
8052,15258,21,B-019273,Functional,7756.69
8053,11797,1,B-014914,Pending Construction,10163.93
8054,843,15,B-001080,Functional,14061.35
8055,14252,20,B-018026,Functional,
8056,4875,18,B-006220,Non-Functional,19826.42
8057,9791,23,B-012395,Non-Functional,
8058,3543,1,B-004519,Pending Construction,13891.34
8059,8110,9,B-010243,Pending Construction,
8060,3043,27,B-003868,Non-Functional,12032.48
8061,9250,16,B-011695,Functional,22137.85
8062,6100,25,B-007724,Pending Construction,5390.33
8063,13363,11,B-016910,Non-Functional,13041.45
8064,7489,21,B-009453,Non-Functional,12193.15
8065,1256,13,B-001623,Non-Functional,11766.29
8066,2349,7,B-002979,Functional,13263.4
8067,4758,8,B-006071,Pending Construction,13410.42
8068,4962,26,B-006321,Pending Construction,23896.74
8069,7698,23,B-009723,Functional,18542.02
8070,14686,31,B-018558,Pending Construction,14602.21
8071,15076,6,B-019042,Pending Construction,11582.87
8072,10840,19,B-013734,Functional,9974.33
8073,4040,17,B-005149,Non-Functional,8684.16
8074,8105,10,B-010238,Non-Functional,21908.03
8075,14648,25,B-018512,Pending Construction,22386.74
8076,2756,20,B-003492,Pending Construction,21365.54
8077,15522,7,B-019597,Non-Functional,16144.21
8078,9875,29,B-012498,Non-Functional,22975.91
8079,6406,35,B-008095,Pending Construction,
8080,11603,13,B-014675,Non-Functional,11873.98
8081,1464,17,B-001896,Non-Functional,
8082,5111,26,B-006510,Pending Construction,14440.83
8083,10437,23,B-013217,Functional,20716.68
8084,3972,27,B-005059,Pending Construction,18342.21
8085,10151,16,B-012849,Functional,8524.45
8086,3403,5,B-004351,Non-Functional,5038.86
8087,11418,14,B-014444,Non-Functional,
8088,3001,10,B-003813,Non-Functional,7958.4
8089,1262,15,B-001631,Functional,19713.28
8090,9975,7,B-012626,Pending Construction,15661.87
8091,5958,29,B-007541,Pending Construction,16533.78
8092,6541,26,B-008268,Pending Construction,8820.57
8093,1074,35,B-001380,Non-Functional,14631.72
8094,9280,5,B-011732,Functional,7428.98
8095,14938,1,B-018876,Pending Construction,7723.79
8096,1741,25,B-002245,Pending Construction,
8097,5372,30,B-006826,Non-Functional,21863.73
8098,11646,1,B-014727,Functional,21714.5
8099,10881,15,B-013790,Pending Construction,19266.82
8100,4016,29,B-005117,Functional,12129.32
8101,10122,29,B-012814,Pending Construction,10534.88
8102,7896,32,B-009977,Pending Construction,21678.15
8103,428,34,B-000562,Functional,10377.09
8104,589,2,B-000768,Functional,24739.95
8105,11749,4,B-014855,Non-Functional,8944.35
8106,7143,12,B-009022,Functional,18527.42
8107,13574,33,B-017183,Functional,6996.56
8108,1427,3,B-001844,Functional,
8109,527,28,B-000688,Functional,
8110,11160,15,B-014135,Pending Construction,14571.53
8111,13875,15,B-017553,Functional,19968.45
8112,14803,17,B-018709,Pending Construction,21552.93
8113,3329,14,B-004257,Non-Functional,22035.33
8114,12440,14,B-015741,Non-Functional,5986.52
8115,13963,24,B-017662,Functional,13190.58
8116,10461,12,B-013246,Functional,14184.4
8117,4673,35,B-005963,Pending Construction,21738.83
8118,9009,11,B-011383,Non-Functional,10259.98
8119,7955,13,B-010048,Pending Construction,20157.32
8120,5630,3,B-007146,Pending Construction,17376.45
8121,11586,28,B-014652,Functional,6751.81
8122,12328,19,B-015592,Pending Construction,
8123,6380,11,B-008061,Pending Construction,19327.85
8124,8182,6,B-010337,Functional,17400.03
8125,10308,17,B-013050,Pending Construction,14259.7
8126,7004,33,B-008855,Pending Construction,17678.33
8127,1135,22,B-001458,Functional,6332.42
8128,8552,28,B-010801,Non-Functional,
8129,12407,35,B-015696,Functional,21408.96
8130,5584,23,B-007091,Pending Construction,12088.75
8131,7486,7,B-009450,Pending Construction,6014.29
8132,14915,35,B-018849,Functional,13009.53
8133,13282,21,B-016808,Pending Construction,19802.11
8134,14606,19,B-018458,Pending Construction,
8135,3189,24,B-004080,Functional,20987.72
8136,12672,28,B-016038,Functional,8155.95
8137,122,25,B-000160,Pending Construction,15644.34
8138,12652,14,B-016014,Non-Functional,20452.27
8139,2144,30,B-002738,Pending Construction,17039.88
8140,996,19,B-001281,Non-Functional,6940.55
8141,6252,8,B-007910,Pending Construction,
8142,7300,27,B-009219,Non-Functional,17779.02
8143,14339,16,B-018132,Pending Construction,
8144,13760,5,B-017417,Pending Construction,
8145,7070,7,B-008933,Functional,10563.66
8146,2682,33,B-003396,Non-Functional,
8147,9316,22,B-011784,Pending Construction,16398.8
8148,11886,13,B-015032,Non-Functional,9731.29
8149,15765,23,B-019898,Pending Construction,7173.68
8150,144,13,B-000187,Non-Functional,20898.95
8151,14533,26,B-018376,Functional,24814.12
8152,8296,20,B-010475,Non-Functional,19975.11
8153,12499,35,B-015817,Functional,18707.41
8154,10783,13,B-013667,Non-Functional,9709.66
8155,11314,4,B-014324,Pending Construction,16209.64
8156,6656,30,B-008422,Non-Functional,15473.98
8157,8571,16,B-010824,Pending Construction,21164.76
8158,1603,17,B-002074,Non-Functional,24503.12
8159,15838,3,B-019991,Functional,19610.36
8160,13126,32,B-016617,Non-Functional,10595.04
8161,14004,6,B-017713,Functional,5394.16
8162,4812,11,B-006136,Functional,6165.75
8163,15248,34,B-019257,Non-Functional,5939.28
8164,14120,8,B-017857,Pending Construction,12058.26
8165,2001,34,B-002562,Pending Construction,14994.24
8166,4974,15,B-006335,Functional,18068.74
8167,12501,17,B-015819,Pending Construction,6852.61
8168,7250,2,B-009154,Pending Construction,20242.1
8169,267,32,B-000353,Non-Functional,21425.96
8170,15435,21,B-019490,Non-Functional,18660.24
8171,11144,32,B-014114,Pending Construction,22221.28
8172,1323,9,B-001705,Pending Construction,11933.03
8173,12363,27,B-015634,Non-Functional,20030.81
8174,3989,16,B-005081,Non-Functional,18058.17
8175,8584,14,B-010839,Functional,15891.81
8176,7183,23,B-009073,Non-Functional,23673.8
8177,11023,14,B-013970,Non-Functional,24363.46
8178,10058,9,B-012731,Pending Construction,5742.44
8179,6707,25,B-008484,Pending Construction,20719.61
8180,5693,18,B-007219,Non-Functional,21082.8
8181,6800,30,B-008602,Pending Construction,11197.68
8182,11810,10,B-014929,Functional,
8183,2437,14,B-003086,Pending Construction,
8184,14091,11,B-017822,Non-Functional,10532.36
8185,9747,15,B-012336,Non-Functional,13729.91
8186,8136,13,B-010273,Pending Construction,16625.78
8187,11880,28,B-015023,Pending Construction,24445.14
8188,5087,17,B-006478,Functional,10788.74
8189,6008,28,B-007611,Pending Construction,10635.81
8190,12764,33,B-016150,Functional,15613.07
8191,1691,24,B-002188,Functional,21195.23
8192,9866,2,B-012487,Pending Construction,18296.63
8193,11844,31,B-014973,Non-Functional,22634.06
8194,1472,30,B-001905,Non-Functional,18432.91
8195,13406,9,B-016966,Pending Construction,
8196,14901,7,B-018833,Functional,15642.74
8197,5285,18,B-006727,Pending Construction,20135.07
8198,14981,15,B-018931,Pending Construction,
8199,3928,33,B-005009,Pending Construction,9118.46
8200,10648,4,B-013489,Pending Construction,6755.23
8201,15142,21,B-019117,Non-Functional,5386.32
8202,15014,5,B-018968,Functional,8430.03
8203,14010,21,B-017719,Non-Functional,5107.6
8204,3081,22,B-003922,Non-Functional,10396.49
8205,7302,16,B-009221,Functional,16538.93
8206,972,31,B-001250,Pending Construction,8867.77
8207,2229,22,B-002837,Non-Functional,19835.97
8208,2188,7,B-002787,Functional,15369.9
8209,2435,5,B-003084,Pending Construction,16230.67
8210,14051,2,B-017771,Functional,7930.48
8211,11744,25,B-014848,Pending Construction,23417.52
8212,14476,15,B-018303,Pending Construction,21718.11
8213,723,21,B-000930,Functional,6779.23
8214,8057,9,B-010177,Functional,10262.19
8215,6097,1,B-007721,Functional,8541.2
8216,4584,17,B-005858,Pending Construction,12421.6
8217,11842,4,B-014970,Functional,24585.29
8218,4632,3,B-005913,Non-Functional,21971.9
8219,7755,23,B-009791,Pending Construction,11657.79
8220,6290,15,B-007958,Non-Functional,
8221,7699,7,B-009724,Pending Construction,16351.06
8222,379,25,B-000499,Functional,19480.7
8223,5056,24,B-006436,Pending Construction,23082.31
8224,2710,20,B-003428,Pending Construction,10161.4
8225,9633,28,B-012196,Functional,10722.49
8226,534,19,B-000696,Non-Functional,22644.87
8227,5175,17,B-006595,Pending Construction,14618.68
8228,12491,21,B-015808,Pending Construction,24020.84
8229,5765,18,B-007305,Non-Functional,18155.92
8230,2973,30,B-003775,Pending Construction,11856.57
8231,11620,32,B-014697,Pending Construction,11583.67
8232,11489,9,B-014527,Functional,6377.4
8233,1195,26,B-001533,Non-Functional,24870.92
8234,1479,11,B-001917,Pending Construction,12492.06
8235,11922,3,B-015076,Non-Functional,21536.03
8236,6671,8,B-008440,Functional,18468.91
8237,8653,30,B-010929,Functional,5965.35
8238,2529,11,B-003205,Functional,14557.17
8239,12689,15,B-016056,Pending Construction,6368.19
8240,14376,26,B-018181,Non-Functional,24292.53
8241,3896,10,B-004970,Non-Functional,20264.49
8242,8348,8,B-010544,Functional,21539.19
8243,11155,26,B-014128,Pending Construction,13029.84
8244,9246,4,B-011689,Non-Functional,9185.1
8245,15075,8,B-019041,Pending Construction,16983.25
8246,1848,21,B-002377,Pending Construction,
8247,15201,33,B-019193,Non-Functional,
8248,5614,23,B-007127,Functional,7659.87
8249,7169,9,B-009056,Pending Construction,11030.48
8250,15370,9,B-019412,Pending Construction,
8251,2670,26,B-003383,Pending Construction,23840.16
8252,12736,14,B-016112,Non-Functional,9688.3
8253,1876,15,B-002409,Functional,20586.23
8254,14630,12,B-018490,Pending Construction,10842.25
8255,11852,4,B-014985,Non-Functional,21053.0
8256,2311,6,B-002930,Pending Construction,13218.93
8257,13571,12,B-017180,Non-Functional,18422.44
8258,13803,31,B-017468,Pending Construction,24395.01
8259,7581,1,B-009564,Pending Construction,20553.46
8260,10083,30,B-012763,Functional,13201.38
8261,3142,15,B-004016,Functional,15269.68
8262,8891,35,B-011229,Pending Construction,10468.51
8263,1792,15,B-002309,Pending Construction,22230.68
8264,12481,12,B-015794,Functional,7700.66
8265,10825,13,B-013717,Non-Functional,
8266,3352,27,B-004287,Pending Construction,23847.19
8267,10376,7,B-013141,Pending Construction,6056.84
8268,6676,28,B-008449,Non-Functional,6160.9
8269,10617,34,B-013446,Pending Construction,23439.78
8270,3848,30,B-004904,Pending Construction,10099.37
8271,3929,7,B-005010,Non-Functional,10131.49
8272,6300,13,B-007970,Non-Functional,9807.31
8273,12460,21,B-015767,Functional,7653.96
8274,15054,1,B-019015,Pending Construction,21217.74
8275,6889,33,B-008710,Pending Construction,23149.9
8276,5632,7,B-007149,Pending Construction,16957.09
8277,6973,1,B-008818,Functional,8751.06
8278,7908,34,B-009994,Non-Functional,8652.57
8279,13495,14,B-017080,Pending Construction,
8280,5452,30,B-006925,Non-Functional,17965.12
8281,15354,30,B-019392,Non-Functional,9194.09
8282,2909,29,B-003694,Pending Construction,17272.29
8283,13287,11,B-016815,Non-Functional,
8284,2209,2,B-002810,Pending Construction,22569.51
8285,7435,5,B-009389,Pending Construction,22579.68
8286,1839,7,B-002366,Pending Construction,18148.69
8287,5019,24,B-006389,Functional,21963.08
8288,9056,5,B-011442,Functional,16328.81
8289,6383,3,B-008064,Non-Functional,17581.55
8290,13592,21,B-017208,Non-Functional,
8291,9192,14,B-011619,Pending Construction,7943.65
8292,14900,12,B-018832,Functional,8202.56
8293,11216,30,B-014204,Pending Construction,15986.97
8294,6561,25,B-008296,Functional,19758.47
8295,7191,8,B-009083,Functional,16075.48
8296,1301,3,B-001678,Functional,8014.26
8297,11823,5,B-014945,Pending Construction,19391.1
8298,6751,5,B-008545,Pending Construction,18141.1
8299,15188,23,B-019175,Non-Functional,5842.16
8300,3810,10,B-004854,Pending Construction,22545.01
8301,3519,6,B-004493,Non-Functional,22528.31
8302,10842,24,B-013738,Functional,18926.49
8303,2757,22,B-003493,Pending Construction,7091.05
8304,14721,29,B-018603,Non-Functional,7769.36
8305,8904,21,B-011246,Pending Construction,19209.79
8306,2135,12,B-002724,Pending Construction,21659.51
8307,12046,12,B-015226,Non-Functional,23317.22
8308,11602,6,B-014674,Pending Construction,14605.91
8309,12797,32,B-016190,Pending Construction,21792.07
8310,15700,1,B-019816,Non-Functional,7645.28
8311,11175,11,B-014153,Non-Functional,8876.68
8312,15807,9,B-019952,Functional,14051.73
8313,6269,20,B-007932,Functional,23845.88
8314,781,11,B-001007,Non-Functional,22138.23
8315,44,33,B-000063,Non-Functional,13619.17
8316,2524,21,B-003200,Non-Functional,21308.24
8317,5348,16,B-006798,Non-Functional,8604.64
8318,12643,33,B-016003,Pending Construction,13078.45
8319,11225,32,B-014214,Pending Construction,12517.89
8320,11843,18,B-014971,Functional,17598.79
8321,2171,28,B-002769,Non-Functional,17896.22
8322,4866,14,B-006210,Non-Functional,15092.77
8323,721,7,B-000928,Pending Construction,20546.86
8324,4215,31,B-005386,Pending Construction,12999.75
8325,10288,32,B-013024,Functional,19547.0
8326,4713,2,B-006013,Functional,
8327,6077,13,B-007696,Pending Construction,22448.3
8328,13908,34,B-017602,Non-Functional,24675.15
8329,10028,31,B-012695,Non-Functional,9003.95
8330,1073,10,B-001379,Functional,9542.39
8331,5251,23,B-006687,Pending Construction,10743.2
8332,10312,32,B-013055,Non-Functional,8479.83
8333,3508,20,B-004481,Functional,11887.1
8334,3311,12,B-004231,Functional,5300.5
8335,5871,18,B-007434,Pending Construction,14185.11
8336,8534,5,B-010780,Pending Construction,
8337,10633,9,B-013467,Pending Construction,10766.28
8338,961,33,B-001234,Pending Construction,21835.42
8339,13728,3,B-017376,Pending Construction,20945.99
8340,12006,1,B-015177,Pending Construction,15743.21
8341,13500,12,B-017085,Pending Construction,6916.69
8342,13450,3,B-017025,Non-Functional,9851.21
8343,4470,13,B-005699,Pending Construction,16752.5
8344,6472,22,B-008178,Non-Functional,20121.96
8345,8864,30,B-011200,Functional,22795.93
8346,684,9,B-000883,Pending Construction,18256.83
8347,5546,6,B-007038,Pending Construction,18387.1
8348,14953,19,B-018896,Functional,20895.19
8349,10667,8,B-013515,Non-Functional,11639.37
8350,3126,12,B-003990,Non-Functional,7046.27
8351,15338,32,B-019370,Pending Construction,6965.6
8352,385,5,B-000510,Pending Construction,23122.15
8353,11452,14,B-014483,Functional,19942.91
8354,14933,26,B-018871,Non-Functional,22501.45
8355,9229,18,B-011666,Functional,19793.72
8356,3769,26,B-004806,Non-Functional,20976.34
8357,4547,25,B-005806,Functional,13737.52
8358,1825,33,B-002351,Non-Functional,21031.54
8359,14211,14,B-017978,Pending Construction,16739.38
8360,8912,8,B-011259,Pending Construction,14487.97
8361,8099,5,B-010229,Pending Construction,7171.28
8362,8224,5,B-010384,Functional,
8363,11986,4,B-015151,Non-Functional,13527.74
8364,3573,17,B-004556,Functional,7470.83
8365,6376,13,B-008057,Functional,22410.32
8366,7668,27,B-009683,Non-Functional,18588.32
8367,628,33,B-000817,Non-Functional,14036.03
8368,7208,31,B-009102,Functional,8569.37
8369,1021,31,B-001309,Pending Construction,15209.89
8370,4438,27,B-005661,Functional,15940.07
8371,6590,7,B-008333,Pending Construction,14244.51
8372,11596,12,B-014663,Functional,6754.41
8373,7822,32,B-009872,Functional,24136.24
8374,2799,26,B-003545,Functional,14767.35
8375,7310,18,B-009233,Pending Construction,
8376,9722,23,B-012304,Pending Construction,10907.04
8377,8811,12,B-011136,Functional,7992.94
8378,15726,35,B-019852,Pending Construction,15777.71
8379,10035,4,B-012705,Pending Construction,16894.21
8380,2173,4,B-002771,Pending Construction,12908.87
8381,10588,32,B-013407,Non-Functional,
8382,11599,3,B-014669,Functional,23213.5
8383,1037,34,B-001329,Pending Construction,14727.56
8384,5679,32,B-007203,Non-Functional,8463.92
8385,2169,5,B-002766,Functional,16517.99
8386,10297,30,B-013037,Non-Functional,17075.17
8387,13719,16,B-017365,Functional,22592.29
8388,12663,21,B-016027,Functional,7465.48
8389,1722,18,B-002222,Functional,21225.31
8390,12084,32,B-015272,Pending Construction,19409.71
8391,1630,23,B-002104,Functional,13955.58
8392,8572,11,B-010825,Pending Construction,24880.64
8393,3125,14,B-003988,Pending Construction,21531.77
8394,4738,4,B-006044,Functional,9613.06
8395,8192,14,B-010349,Pending Construction,21830.87
8396,8074,1,B-010198,Pending Construction,18125.99
8397,2181,15,B-002780,Functional,24257.04
8398,5789,30,B-007336,Functional,13783.42
8399,10980,10,B-013912,Pending Construction,22990.85
8400,12322,29,B-015585,Pending Construction,10354.85
8401,14497,24,B-018331,Functional,13872.99
8402,443,25,B-000581,Pending Construction,
8403,10760,4,B-013640,Pending Construction,10110.45
8404,4435,25,B-005657,Non-Functional,9399.02
8405,11494,29,B-014534,Functional,23305.17
8406,11899,10,B-015047,Pending Construction,7329.2
8407,725,31,B-000932,Pending Construction,22273.95
8408,213,1,B-000289,Functional,7265.31
8409,14143,6,B-017887,Functional,22292.89
8410,15224,11,B-019222,Functional,5092.53
8411,11866,18,B-015004,Pending Construction,5472.1
8412,5141,25,B-006544,Functional,6608.84
8413,12101,7,B-015297,Functional,14255.75
8414,8725,35,B-011025,Pending Construction,18431.97
8415,715,6,B-000921,Pending Construction,7706.48
8416,2339,26,B-002964,Functional,8352.15
8417,2442,22,B-003093,Non-Functional,21770.75
8418,6846,25,B-008659,Pending Construction,24943.21
8419,15359,21,B-019398,Non-Functional,
8420,13275,28,B-016799,Functional,23242.19
8421,9987,22,B-012642,Non-Functional,
8422,10841,28,B-013737,Functional,9835.49
8423,7620,35,B-009616,Pending Construction,5081.18
8424,9980,35,B-012633,Pending Construction,19166.13
8425,10893,9,B-013802,Non-Functional,11821.77
8426,7504,11,B-009470,Functional,16622.07
8427,52,13,B-000075,Non-Functional,6949.89
8428,912,12,B-001164,Non-Functional,14834.22
8429,13220,27,B-016729,Pending Construction,24046.38
8430,9105,24,B-011506,Non-Functional,6810.9
8431,9743,14,B-012331,Non-Functional,21509.59
8432,7575,7,B-009557,Functional,14356.15
8433,5622,27,B-007136,Pending Construction,22733.17
8434,8910,32,B-011254,Non-Functional,19610.96
8435,8517,35,B-010762,Non-Functional,19481.98
8436,14821,32,B-018733,Pending Construction,6659.53
8437,14460,8,B-018284,Functional,10875.29
8438,7265,28,B-009170,Non-Functional,8751.2
8439,616,31,B-000804,Functional,6288.2
8440,12571,5,B-015907,Non-Functional,18427.14
8441,1834,10,B-002361,Pending Construction,5584.11
8442,4035,23,B-005143,Pending Construction,
8443,9254,29,B-011699,Pending Construction,7432.42
8444,7381,13,B-009322,Pending Construction,21992.26
8445,1145,4,B-001469,Functional,8455.31
8446,12947,22,B-016382,Functional,23092.3
8447,5735,7,B-007271,Non-Functional,17782.31
8448,9044,26,B-011422,Non-Functional,13790.18
8449,5684,1,B-007208,Functional,12415.51
8450,14674,23,B-018544,Pending Construction,8543.56
8451,3389,9,B-004334,Pending Construction,18656.12
8452,2034,20,B-002601,Non-Functional,5057.66
8453,1793,30,B-002310,Non-Functional,22825.19
8454,629,34,B-000818,Functional,10088.55
8455,2800,15,B-003546,Non-Functional,13310.27
8456,13956,35,B-017654,Pending Construction,24079.58
8457,12742,6,B-016123,Functional,24612.5
8458,462,28,B-000602,Functional,
8459,9377,33,B-011866,Pending Construction,
8460,13713,29,B-017359,Pending Construction,19947.9
8461,7439,14,B-009393,Pending Construction,21819.79
8462,4594,16,B-005869,Non-Functional,6423.88
8463,13397,21,B-016953,Functional,17551.97
8464,13431,35,B-017002,Non-Functional,8472.68
8465,14039,31,B-017757,Functional,6569.86
8466,6137,17,B-007767,Functional,15905.22
8467,8654,9,B-010930,Pending Construction,
8468,5292,15,B-006735,Functional,21825.16
8469,14083,30,B-017811,Pending Construction,16114.93
8470,5942,35,B-007523,Non-Functional,12146.48
8471,4503,25,B-005745,Pending Construction,21351.61
8472,14731,13,B-018617,Non-Functional,7694.36
8473,4721,32,B-006023,Pending Construction,20780.93
8474,10248,21,B-012974,Functional,24917.12
8475,11398,20,B-014420,Functional,16455.9
8476,10389,3,B-013158,Non-Functional,21059.34
8477,4011,4,B-005110,Functional,18875.13
8478,6815,15,B-008619,Non-Functional,6256.15
8479,14819,29,B-018730,Functional,14822.64
8480,3102,15,B-003952,Pending Construction,
8481,2170,11,B-002768,Pending Construction,18105.44
8482,14198,5,B-017959,Pending Construction,21620.05
8483,4667,19,B-005956,Non-Functional,9937.71
8484,8200,8,B-010357,Non-Functional,17707.74
8485,12315,32,B-015577,Pending Construction,16905.84
8486,2473,19,B-003132,Functional,6055.74
8487,1772,10,B-002284,Non-Functional,17953.87
8488,3197,9,B-004092,Pending Construction,11534.93
8489,5753,9,B-007293,Pending Construction,
8490,9219,25,B-011651,Non-Functional,13347.71
8491,14978,9,B-018928,Functional,20680.4
8492,10911,23,B-013826,Non-Functional,9769.34
8493,850,22,B-001088,Pending Construction,
8494,2267,7,B-002879,Pending Construction,7791.86
8495,5219,26,B-006650,Pending Construction,21049.89
8496,5633,29,B-007150,Non-Functional,7925.9
8497,10487,8,B-013282,Pending Construction,
8498,4992,16,B-006356,Functional,8980.07
8499,8238,29,B-010401,Functional,19005.01
8500,7715,24,B-009745,Pending Construction,24360.37
8501,495,31,B-000649,Pending Construction,14682.59
8502,15545,33,B-019623,Pending Construction,7575.78
8503,2159,10,B-002754,Non-Functional,
8504,4829,20,B-006159,Non-Functional,17657.75
8505,2453,22,B-003106,Pending Construction,14436.77
8506,1459,25,B-001889,Pending Construction,11289.04
8507,752,21,B-000967,Pending Construction,24318.31
8508,8284,30,B-010460,Pending Construction,22503.86
8509,5457,1,B-006932,Functional,7928.92
8510,12802,29,B-016198,Functional,14816.15
8511,13747,5,B-017402,Functional,7163.69
8512,8509,28,B-010753,Functional,7277.78
8513,11065,23,B-014025,Non-Functional,7373.04
8514,12537,27,B-015866,Functional,5862.23
8515,11685,35,B-014780,Pending Construction,14444.0
8516,10788,6,B-013672,Pending Construction,19187.41
8517,3675,28,B-004688,Functional,20399.57
8518,8537,2,B-010783,Functional,24408.54
8519,10797,5,B-013682,Functional,11379.66
8520,14713,31,B-018593,Pending Construction,12253.98
8521,13340,19,B-016878,Pending Construction,22724.33
8522,11394,8,B-014414,Non-Functional,21283.47
8523,8550,24,B-010799,Functional,5052.73
8524,1818,10,B-002341,Functional,14653.07
8525,15253,21,B-019265,Pending Construction,19527.47
8526,8121,3,B-010256,Functional,6842.44
8527,8480,28,B-010720,Pending Construction,24233.35
8528,15479,34,B-019545,Non-Functional,15478.28
8529,11291,5,B-014295,Pending Construction,10042.39
8530,8141,19,B-010280,Non-Functional,12574.36
8531,11658,25,B-014743,Pending Construction,12256.51
8532,3930,1,B-005011,Functional,16379.0
8533,5035,9,B-006411,Non-Functional,8184.15
8534,7197,5,B-009089,Functional,15352.54
8535,2929,3,B-003720,Functional,7563.47
8536,1353,28,B-001746,Pending Construction,
8537,7267,31,B-009175,Non-Functional,5349.79
8538,11134,20,B-014104,Pending Construction,7804.06
8539,13453,22,B-017030,Non-Functional,15716.87
8540,1499,4,B-001942,Non-Functional,17375.35
8541,14176,22,B-017928,Functional,22553.25
8542,9598,13,B-012145,Non-Functional,14486.12
8543,14419,22,B-018238,Non-Functional,14725.23
8544,5055,4,B-006434,Functional,16244.48
8545,13410,10,B-016973,Pending Construction,11448.1
8546,5492,7,B-006973,Non-Functional,14653.59
8547,12699,8,B-016068,Non-Functional,
8548,2951,3,B-003751,Non-Functional,16191.51
8549,14323,8,B-018113,Pending Construction,10308.49
8550,3214,29,B-004116,Functional,5055.99
8551,15272,31,B-019289,Non-Functional,11871.91
8552,10591,6,B-013410,Non-Functional,12475.57
8553,7568,9,B-009549,Pending Construction,10983.05
8554,10179,31,B-012883,Pending Construction,11860.97
8555,11934,25,B-015090,Functional,8200.27
8556,15546,23,B-019626,Non-Functional,17770.6
8557,1484,32,B-001923,Non-Functional,15081.87
8558,11040,31,B-013994,Functional,14360.35
8559,2112,13,B-002699,Pending Construction,15388.55
8560,15681,16,B-019795,Non-Functional,15249.91
8561,10582,2,B-013397,Functional,23332.04
8562,14973,14,B-018920,Non-Functional,21384.45
8563,6500,21,B-008217,Non-Functional,21163.62
8564,10001,32,B-012663,Non-Functional,19338.96
8565,8237,10,B-010400,Non-Functional,8724.13
8566,2790,12,B-003534,Pending Construction,15971.91
8567,11688,15,B-014783,Pending Construction,7996.9
8568,13935,25,B-017630,Functional,
8569,5775,29,B-007318,Pending Construction,11513.09
8570,1034,6,B-001324,Non-Functional,7848.34
8571,3708,22,B-004732,Pending Construction,6177.04
8572,1895,24,B-002431,Non-Functional,11034.83
8573,3802,27,B-004845,Non-Functional,5040.39
8574,3932,1,B-005013,Pending Construction,16630.14
8575,8554,14,B-010803,Functional,5127.61
8576,5911,16,B-007483,Non-Functional,11344.76
8577,14631,33,B-018492,Functional,19676.49
8578,1245,4,B-001606,Functional,14027.59
8579,5928,33,B-007504,Functional,21368.09
8580,6022,5,B-007628,Pending Construction,19726.85
8581,270,9,B-000356,Functional,14437.52
8582,3281,23,B-004193,Non-Functional,18653.76
8583,11324,25,B-014337,Pending Construction,
8584,12137,8,B-015348,Functional,22969.96
8585,13958,33,B-017656,Non-Functional,6533.76
8586,4754,5,B-006064,Pending Construction,
8587,8071,5,B-010194,Pending Construction,18779.19
8588,8243,28,B-010414,Pending Construction,8852.75
8589,2292,11,B-002909,Non-Functional,7505.58
8590,11293,10,B-014298,Functional,13313.97
8591,8188,31,B-010344,Non-Functional,11992.97
8592,15360,25,B-019399,Pending Construction,
8593,14060,32,B-017782,Pending Construction,8228.44
8594,686,19,B-000885,Functional,15271.77
8595,9080,6,B-011477,Functional,17490.24
8596,9736,35,B-012322,Non-Functional,9606.88
8597,353,33,B-000466,Functional,14871.67
8598,10374,34,B-013138,Functional,23260.1
8599,12768,6,B-016155,Functional,17323.74
8600,92,8,B-000124,Pending Construction,15865.75
8601,14209,24,B-017974,Pending Construction,14696.71
8602,6825,3,B-008630,Pending Construction,16415.83
8603,2152,8,B-002746,Functional,19494.19
8604,1112,19,B-001429,Functional,10634.37
8605,2488,2,B-003158,Pending Construction,5690.06
8606,2638,2,B-003344,Functional,6621.71
8607,11616,3,B-014693,Non-Functional,23832.11
8608,13396,16,B-016952,Pending Construction,
8609,51,19,B-000073,Functional,21273.92
8610,15502,8,B-019572,Pending Construction,19075.87
8611,12642,6,B-016002,Functional,12041.56
8612,6191,28,B-007837,Functional,18671.4
8613,14092,10,B-017823,Functional,8146.38
8614,11983,3,B-015147,Pending Construction,6788.46
8615,3113,31,B-003970,Pending Construction,10830.38
8616,3899,9,B-004973,Non-Functional,17830.32
8617,7374,6,B-009311,Functional,
8618,12075,8,B-015260,Functional,8036.78
8619,6597,27,B-008340,Pending Construction,18522.24
8620,9073,4,B-011467,Pending Construction,24675.87
8621,9996,2,B-012658,Non-Functional,
8622,3279,9,B-004190,Pending Construction,
8623,5800,1,B-007354,Non-Functional,12514.37
8624,9442,21,B-011943,Non-Functional,
8625,5999,16,B-007601,Functional,13956.16
8626,3408,1,B-004358,Functional,11670.15
8627,7470,29,B-009434,Functional,
8628,2223,35,B-002831,Pending Construction,5904.39
8629,5619,24,B-007133,Pending Construction,22737.88
8630,5834,28,B-007392,Non-Functional,9484.02
8631,1408,13,B-001819,Functional,21797.26
8632,10818,7,B-013706,Functional,17357.79
8633,3118,17,B-003977,Pending Construction,22585.75
8634,2317,14,B-002937,Non-Functional,17727.65
8635,8101,9,B-010232,Functional,5282.53
8636,15434,8,B-019489,Pending Construction,
8637,6808,30,B-008611,Non-Functional,13874.84
8638,7491,6,B-009456,Non-Functional,
8639,7091,26,B-008958,Non-Functional,
8640,3330,5,B-004258,Non-Functional,15660.25
8641,15799,4,B-019944,Pending Construction,8908.45
8642,4621,15,B-005900,Functional,14024.92
8643,6173,28,B-007813,Functional,22764.74
8644,968,10,B-001242,Non-Functional,15074.78
8645,6659,31,B-008425,Pending Construction,9985.28
8646,9786,18,B-012389,Non-Functional,16256.67
8647,13977,29,B-017680,Pending Construction,18928.66
8648,11046,25,B-014001,Functional,16424.26
8649,3920,7,B-004997,Pending Construction,18049.94
8650,10564,4,B-013374,Functional,14815.78
8651,882,20,B-001127,Pending Construction,12882.03
8652,15334,11,B-019366,Functional,12432.25
8653,9543,19,B-012073,Pending Construction,12137.65
8654,7123,6,B-008999,Pending Construction,22693.87
8655,6882,24,B-008703,Pending Construction,19489.74
8656,13167,35,B-016667,Functional,16082.66
8657,12967,32,B-016409,Functional,11373.59
8658,15641,9,B-019746,Non-Functional,14466.11
8659,6604,27,B-008352,Pending Construction,23969.31
8660,12267,34,B-015508,Functional,14644.84
8661,6123,32,B-007752,Functional,11265.64
8662,9069,7,B-011460,Non-Functional,12186.34
8663,3322,19,B-004247,Pending Construction,16467.12
8664,7296,15,B-009214,Functional,5155.08
8665,9172,24,B-011593,Pending Construction,17754.76
8666,5228,34,B-006659,Functional,12428.33
8667,8658,11,B-010934,Functional,14208.39
8668,13435,7,B-017006,Pending Construction,21696.73
8669,5042,6,B-006421,Functional,19962.24
8670,8580,7,B-010833,Pending Construction,5978.63
8671,5242,9,B-006677,Non-Functional,21189.67
8672,6319,8,B-007991,Pending Construction,13248.79
8673,5245,25,B-006680,Non-Functional,18164.28
8674,11469,3,B-014503,Non-Functional,24300.95
8675,3749,20,B-004779,Functional,16357.63
8676,10918,17,B-013837,Non-Functional,14508.29
8677,328,10,B-000430,Functional,9204.92
8678,7382,1,B-009324,Pending Construction,23260.72
8679,2836,35,B-003592,Pending Construction,7182.04
8680,7021,33,B-008873,Pending Construction,13749.66
8681,185,15,B-000242,Functional,9660.98
8682,12692,17,B-016060,Functional,
8683,13211,3,B-016719,Non-Functional,23623.86
8684,2343,14,B-002972,Non-Functional,14953.73
8685,13600,14,B-017216,Pending Construction,8418.57
8686,5231,27,B-006664,Pending Construction,5777.07
8687,10987,27,B-013923,Functional,6819.48
8688,1401,14,B-001810,Functional,5775.56
8689,6550,18,B-008279,Non-Functional,7642.75
8690,9665,4,B-012233,Functional,14131.81
8691,3358,1,B-004296,Functional,22129.16
8692,3894,25,B-004965,Pending Construction,16300.36
8693,754,33,B-000970,Functional,21200.57
8694,7977,10,B-010078,Functional,13055.61
8695,15260,7,B-019275,Pending Construction,11847.09
8696,2078,11,B-002654,Pending Construction,16301.42
8697,4552,13,B-005813,Pending Construction,14080.33
8698,891,8,B-001138,Functional,13265.81
8699,10477,23,B-013266,Non-Functional,24781.38
8700,4677,17,B-005968,Pending Construction,5466.22
8701,8439,31,B-010666,Non-Functional,20888.87
8702,10683,10,B-013541,Pending Construction,
8703,1707,4,B-002205,Non-Functional,
8704,727,21,B-000934,Functional,19435.63
8705,7794,2,B-009838,Non-Functional,22659.19
8706,9314,5,B-011779,Non-Functional,24871.42
8707,8716,20,B-011013,Pending Construction,5964.17
8708,4711,6,B-006011,Non-Functional,24415.5
8709,3622,29,B-004622,Pending Construction,23512.9
8710,11037,24,B-013987,Non-Functional,12480.69
8711,3249,21,B-004156,Functional,7925.5
8712,3063,32,B-003895,Functional,8401.36
8713,10550,19,B-013359,Pending Construction,12828.12
8714,180,19,B-000233,Non-Functional,23026.56
8715,5927,31,B-007503,Functional,22230.05
8716,10595,20,B-013417,Functional,
8717,1338,3,B-001727,Non-Functional,9932.91
8718,11248,17,B-014240,Non-Functional,18270.58
8719,10684,17,B-013542,Pending Construction,20161.84
8720,10923,24,B-013846,Pending Construction,23566.6
8721,8442,18,B-010670,Non-Functional,8136.95
8722,5805,35,B-007359,Pending Construction,23959.81
8723,6557,14,B-008291,Pending Construction,14498.33
8724,326,33,B-000428,Pending Construction,15920.66
8725,10822,25,B-013713,Functional,15479.45
8726,10726,22,B-013599,Pending Construction,14320.59
8727,12390,25,B-015674,Functional,
8728,13133,25,B-016625,Functional,11085.82
8729,9574,34,B-012110,Non-Functional,20669.79
8730,431,35,B-000566,Non-Functional,20175.17
8731,7878,29,B-009953,Pending Construction,8615.72
8732,10031,3,B-012700,Non-Functional,
8733,5024,30,B-006394,Pending Construction,5186.4
8734,13090,10,B-016574,Non-Functional,
8735,26,5,B-000034,Functional,6067.75
8736,3169,17,B-004055,Non-Functional,21349.47
8737,2014,21,B-002575,Functional,7758.02
8738,6171,24,B-007810,Non-Functional,22077.19
8739,2734,31,B-003461,Pending Construction,21058.25
8740,636,30,B-000827,Non-Functional,18275.75
8741,5628,23,B-007144,Non-Functional,21099.42
8742,15666,2,B-019775,Pending Construction,
8743,3230,32,B-004134,Functional,10682.37
8744,3554,34,B-004530,Non-Functional,15222.42
8745,14633,30,B-018494,Functional,20563.14
8746,9872,12,B-012494,Functional,
8747,12092,33,B-015285,Pending Construction,14780.05
8748,7367,22,B-009301,Functional,13677.66
8749,11904,34,B-015054,Non-Functional,21252.91
8750,536,11,B-000699,Functional,17044.46
8751,10558,2,B-013368,Non-Functional,
8752,7593,15,B-009580,Pending Construction,8264.37
8753,3793,10,B-004834,Functional,21834.72
8754,7017,33,B-008869,Functional,13617.06
8755,10386,24,B-013155,Functional,24707.82
8756,1238,17,B-001595,Functional,15706.79
8757,8547,3,B-010796,Pending Construction,6173.44
8758,1084,8,B-001393,Non-Functional,5050.55
8759,10299,10,B-013039,Pending Construction,
8760,7454,15,B-009410,Non-Functional,9996.17
8761,6229,2,B-007882,Pending Construction,20803.23
8762,5445,12,B-006917,Non-Functional,7166.28
8763,3242,10,B-004146,Functional,22965.83
8764,14870,6,B-018797,Pending Construction,8151.13
8765,15426,27,B-019480,Functional,16724.51
8766,1641,10,B-002119,Non-Functional,11122.17
8767,13273,3,B-016795,Functional,7403.51
8768,8445,6,B-010674,Functional,24012.47
8769,13367,17,B-016916,Functional,11417.85
8770,13641,12,B-017265,Pending Construction,19136.21
8771,4253,14,B-005430,Pending Construction,21150.9
8772,6928,3,B-008764,Non-Functional,11304.57
8773,4726,6,B-006028,Pending Construction,7930.48
8774,11115,7,B-014081,Pending Construction,18646.38
8775,11836,7,B-014963,Pending Construction,18598.05
8776,12256,1,B-015494,Functional,10515.34
8777,8769,12,B-011088,Non-Functional,11987.38
8778,4082,33,B-005201,Pending Construction,18644.72
8779,3686,34,B-004700,Functional,14402.18
8780,15564,29,B-019647,Pending Construction,9923.3
8781,7360,23,B-009293,Functional,8002.2
8782,9336,15,B-011809,Pending Construction,5834.52
8783,3695,16,B-004712,Functional,
8784,10090,2,B-012773,Non-Functional,19085.16
8785,10406,16,B-013182,Pending Construction,21093.35
8786,7042,15,B-008897,Pending Construction,21040.59
8787,12570,27,B-015905,Functional,10056.91
8788,2547,26,B-003230,Non-Functional,24999.32
8789,451,26,B-000589,Functional,21039.79
8790,1306,27,B-001684,Functional,23199.02
8791,14670,18,B-018539,Non-Functional,19224.08
8792,567,28,B-000738,Pending Construction,8738.64
8793,6801,8,B-008603,Non-Functional,
8794,14442,1,B-018265,Pending Construction,7643.14
8795,676,31,B-000872,Non-Functional,10986.95
8796,9599,15,B-012146,Functional,6841.29
8797,14520,30,B-018362,Pending Construction,
8798,7020,13,B-008872,Pending Construction,23969.04
8799,14993,15,B-018945,Non-Functional,8709.61
8800,8665,16,B-010944,Pending Construction,17755.89
8801,15614,16,B-019712,Pending Construction,15341.2
8802,15668,6,B-019779,Pending Construction,21457.25
8803,12332,34,B-015597,Non-Functional,22000.93
8804,12110,11,B-015309,Non-Functional,
8805,2631,32,B-003337,Functional,
8806,8262,10,B-010436,Pending Construction,9861.6
8807,11664,5,B-014749,Pending Construction,9265.88
8808,345,3,B-000457,Non-Functional,18316.81
8809,14424,20,B-018244,Pending Construction,10670.07
8810,5305,18,B-006751,Pending Construction,23274.08
8811,1149,16,B-001475,Pending Construction,
8812,5549,12,B-007043,Functional,16074.02
8813,1971,6,B-002527,Non-Functional,7751.16
8814,15310,35,B-019334,Functional,14300.1
8815,2970,13,B-003772,Pending Construction,21665.64
8816,4344,33,B-005540,Functional,10893.58
8817,13270,12,B-016792,Non-Functional,7323.12
8818,11923,9,B-015077,Pending Construction,20238.72
8819,5592,15,B-007100,Functional,11647.6
8820,5058,25,B-006438,Non-Functional,12453.51
8821,1996,17,B-002554,Pending Construction,22052.17
8822,7437,24,B-009391,Functional,9940.33
8823,14085,6,B-017814,Non-Functional,
8824,7397,34,B-009345,Functional,19099.06
8825,7941,10,B-010031,Functional,9629.4
8826,8711,25,B-011006,Pending Construction,16538.95
8827,14723,4,B-018609,Functional,17315.33
8828,14757,34,B-018649,Non-Functional,12027.02
8829,12205,3,B-015433,Pending Construction,
8830,3416,34,B-004366,Non-Functional,
8831,14974,35,B-018921,Functional,
8832,13988,6,B-017694,Functional,14490.82
8833,15473,18,B-019537,Pending Construction,20567.15
8834,252,12,B-000332,Functional,5040.31
8835,13188,28,B-016693,Non-Functional,14824.87
8836,568,26,B-000740,Non-Functional,
8837,6588,25,B-008331,Pending Construction,12208.67
8838,12980,10,B-016424,Non-Functional,6987.11
8839,13670,14,B-017307,Functional,5064.09
8840,2269,6,B-002882,Functional,12389.57
8841,4777,9,B-006093,Non-Functional,5510.69
8842,3801,5,B-004844,Non-Functional,
8843,13043,14,B-016513,Non-Functional,16836.35
8844,5464,30,B-006941,Functional,21101.17
8845,15572,10,B-019658,Pending Construction,14358.38
8846,3770,2,B-004807,Functional,19751.53
8847,5950,23,B-007532,Non-Functional,11902.25
8848,7706,4,B-009731,Pending Construction,23008.79
8849,10252,2,B-012978,Functional,23289.6
8850,13729,33,B-017378,Functional,
8851,6234,33,B-007889,Pending Construction,17572.44
8852,15048,3,B-019007,Pending Construction,
8853,6002,10,B-007605,Functional,5577.35
8854,10143,3,B-012840,Functional,19081.19
8855,333,11,B-000440,Pending Construction,11750.22
8856,2299,4,B-002916,Functional,14289.45
8857,5877,24,B-007441,Non-Functional,
8858,2107,12,B-002691,Pending Construction,
8859,13063,21,B-016538,Functional,7854.44
8860,13842,12,B-017512,Non-Functional,23416.06
8861,7562,29,B-009543,Functional,13120.07
8862,14233,25,B-018007,Non-Functional,21489.89
8863,15119,22,B-019091,Pending Construction,14659.63
8864,14231,25,B-018004,Pending Construction,11604.36
8865,9910,13,B-012544,Pending Construction,14109.83
8866,9151,23,B-011560,Pending Construction,19997.06
8867,15637,20,B-019740,Non-Functional,
8868,4363,12,B-005562,Functional,24510.0
8869,12752,21,B-016137,Pending Construction,10705.42
8870,14763,25,B-018657,Functional,14219.47
8871,14643,21,B-018505,Non-Functional,19474.19
8872,10984,7,B-013918,Functional,9513.73
8873,11093,7,B-014058,Functional,12640.74
8874,1027,33,B-001317,Pending Construction,24152.24
8875,3475,28,B-004443,Pending Construction,
8876,1992,13,B-002550,Functional,21958.08
8877,4957,14,B-006314,Pending Construction,18155.52
8878,15842,15,B-019996,Pending Construction,21303.59
8879,6435,22,B-008129,Pending Construction,20626.83
8880,3659,5,B-004664,Pending Construction,17213.43
8881,11796,1,B-014913,Pending Construction,6793.77
8882,8581,13,B-010835,Pending Construction,19837.79
8883,15039,26,B-018996,Functional,14636.06
8884,13674,24,B-017311,Non-Functional,22164.99
8885,10440,14,B-013220,Pending Construction,13253.19
8886,8604,30,B-010859,Functional,9622.26
8887,9602,14,B-012151,Non-Functional,10352.53
8888,4026,23,B-005131,Functional,14058.72
8889,6219,16,B-007869,Functional,15915.66
8890,5699,20,B-007226,Functional,22406.61
8891,3083,32,B-003925,Non-Functional,17038.77
8892,234,24,B-000312,Non-Functional,21187.43
8893,6507,11,B-008226,Non-Functional,14575.01
8894,14793,18,B-018694,Non-Functional,5943.38
8895,4702,13,B-006001,Functional,16831.07
8896,10756,17,B-013634,Pending Construction,12580.17
8897,8817,18,B-011143,Functional,
8898,3440,33,B-004394,Pending Construction,14367.69
8899,2881,20,B-003650,Pending Construction,12203.69
8900,573,23,B-000746,Pending Construction,22158.73
8901,4047,4,B-005157,Pending Construction,23605.02
8902,4709,32,B-006009,Pending Construction,11737.04
8903,6521,26,B-008245,Pending Construction,
8904,9050,29,B-011431,Non-Functional,9465.83
8905,14268,6,B-018046,Functional,9661.5
8906,5038,5,B-006415,Non-Functional,5632.01
8907,2487,15,B-003157,Pending Construction,21258.38
8908,13020,11,B-016484,Functional,10253.69
8909,1647,13,B-002126,Functional,12592.59
8910,4802,24,B-006123,Functional,
8911,9981,16,B-012635,Non-Functional,23917.58
8912,10519,35,B-013322,Non-Functional,
8913,5089,9,B-006480,Functional,10723.96
8914,4521,13,B-005766,Non-Functional,
8915,12039,26,B-015218,Functional,
8916,6218,30,B-007868,Functional,18580.66
8917,10808,22,B-013695,Non-Functional,22117.62
8918,11783,18,B-014898,Non-Functional,13495.31
8919,58,11,B-000083,Functional,20346.44
8920,11764,23,B-014872,Pending Construction,12761.97
8921,4732,14,B-006036,Functional,18010.89
8922,9770,25,B-012370,Pending Construction,17857.08
8923,1686,25,B-002180,Pending Construction,5636.5
8924,5099,2,B-006493,Non-Functional,14280.05
8925,14192,12,B-017952,Pending Construction,23328.21
8926,2177,4,B-002776,Non-Functional,
8927,10091,21,B-012774,Non-Functional,11452.04
8928,4984,32,B-006347,Functional,17624.99
8929,7263,5,B-009168,Non-Functional,7177.81
8930,13782,9,B-017442,Non-Functional,19092.41
8931,1974,22,B-002530,Non-Functional,5078.83
8932,12483,30,B-015797,Non-Functional,18959.82
8933,9506,20,B-012028,Pending Construction,
8934,1823,6,B-002348,Pending Construction,
8935,2274,7,B-002888,Functional,5570.61
8936,11937,8,B-015093,Functional,17250.22
8937,15175,13,B-019157,Pending Construction,15562.97
8938,14516,13,B-018354,Pending Construction,15766.57
8939,5527,7,B-007015,Functional,13154.12
8940,9808,32,B-012417,Pending Construction,8895.25
8941,15628,9,B-019728,Pending Construction,6674.81
8942,11375,28,B-014394,Functional,15089.18
8943,11858,19,B-014995,Pending Construction,24566.01
8944,13590,10,B-017204,Functional,9162.88
8945,10468,15,B-013254,Pending Construction,20411.55
8946,7931,8,B-010020,Non-Functional,5884.58
8947,14507,9,B-018342,Functional,22409.02
8948,13839,23,B-017507,Functional,6288.61
8949,620,27,B-000808,Non-Functional,22432.43
8950,13075,5,B-016556,Pending Construction,23973.15
8951,2991,32,B-003800,Functional,15914.77
8952,15270,29,B-019287,Pending Construction,17269.14
8953,8198,33,B-010355,Pending Construction,8466.42
8954,1690,6,B-002187,Non-Functional,11586.94
8955,8100,16,B-010231,Functional,19605.38
8956,4202,1,B-005364,Functional,5489.64
8957,2534,5,B-003212,Pending Construction,8041.9
8958,10395,28,B-013168,Non-Functional,20878.09
8959,9952,5,B-012594,Functional,11682.69
8960,2060,10,B-002633,Non-Functional,11054.73
8961,1824,26,B-002349,Pending Construction,21827.3
8962,14215,26,B-017983,Pending Construction,24907.13
8963,8977,11,B-011338,Pending Construction,12636.55
8964,10394,20,B-013164,Pending Construction,22588.28
8965,11116,13,B-014082,Pending Construction,9009.97
8966,14775,23,B-018672,Pending Construction,17021.91
8967,7926,34,B-010015,Non-Functional,12884.64
8968,3523,29,B-004497,Functional,
8969,11778,6,B-014890,Functional,22869.15
8970,4788,33,B-006107,Pending Construction,6319.47
8971,11035,5,B-013985,Pending Construction,22303.79
8972,1908,19,B-002446,Non-Functional,15228.09
8973,7252,29,B-009156,Functional,
8974,13973,23,B-017675,Pending Construction,5664.98
8975,4994,19,B-006358,Functional,13831.24
8976,14894,13,B-018825,Pending Construction,9868.94
8977,6580,23,B-008319,Functional,6590.25
8978,11032,4,B-013982,Non-Functional,15876.75
8979,6136,31,B-007766,Functional,23855.25
8980,10606,19,B-013429,Non-Functional,24437.35
8981,11006,35,B-013949,Pending Construction,11189.99
8982,9468,34,B-011977,Non-Functional,5044.56
8983,12284,29,B-015532,Pending Construction,13029.78
8984,10056,12,B-012729,Pending Construction,20145.05
8985,14761,14,B-018654,Pending Construction,
8986,10037,27,B-012707,Non-Functional,17633.61
8987,4420,20,B-005639,Pending Construction,18643.97
8988,7386,11,B-009330,Functional,
8989,7335,25,B-009264,Non-Functional,15383.07
8990,6577,9,B-008314,Functional,8755.55
8991,3642,2,B-004643,Functional,15781.5
8992,13465,35,B-017045,Functional,10436.8
8993,7152,22,B-009036,Functional,19315.73
8994,4884,24,B-006230,Functional,6297.21
8995,40,17,B-000059,Pending Construction,17257.75
8996,8776,22,B-011097,Pending Construction,11017.76
8997,12449,32,B-015751,Non-Functional,13146.51
8998,13943,4,B-017640,Non-Functional,16682.06
8999,4500,24,B-005742,Functional,18097.07
9000,8497,5,B-010740,Non-Functional,19507.79
